module,control_id,n_genes,matching_pass,rejected_proposals_before_acceptance,mean_matching_distance,max_matching_distance,module_z_expression_difference,module_z_detection_difference,set_signature
NaV,0,6,True,0,0.05960475845525215,0.15118916137977587,-0.018340091833415784,-0.014148116073486428,0753d70c3ff08add3356f6c133c3216bf3bee5304359abf397e33949ca53b8a4
NaV,1,6,True,0,0.04894269053054522,0.11449836519738889,-0.009042464545578444,-0.008157472330658999,8a707a244c87392f77732f7d99bd4c70df327235d360dbcd5f7c9a2c941dfff3
NaV,2,6,True,0,0.032629925585052094,0.06263451106232339,0.02052749821703337,-0.0021668285878311266,bdea20fb00d973c1d397b9192dcd047f36ce6995c324edf5a8e1df8e75947d2e
NaV,3,6,True,0,0.05054696025567698,0.11157365464252551,0.035184062343378564,-0.014530497588985947,9842e6663b928a296d58a72e317817bd156739d1b79d8a9c318d6290c9c6b0e1
NaV,4,6,True,0,0.04908433512449043,0.11006517043909053,0.04293190766012045,0.002294289092998003,074a243b0df9da9da4b6864e200cfc91d40f439fa98b32378b83efa23e111a01
NaV,5,6,True,0,0.052714038522655576,0.16383661261164606,0.028611697297654892,-0.009814458897823952,97896181080847c7e634c6032038b032f9b31323304bf1cabac6e132d8bc224c
NaV,6,6,True,0,0.04189735861004048,0.13799852140944094,0.02317522042108866,0.003186512629163696,0f608d492094f55c79444cdc4cbd973b1f7219ff86c0f03db79b99ebd54023ee
NaV,7,6,True,0,0.024657180939849463,0.06206712633515784,0.002907195076530922,-0.013510813547653377,774730af7ac18ac4bb4a8f9630f74a3770ad45985213994ef260d3baeba65e35
NaV,8,6,True,0,0.0423391225099304,0.07591371597076713,0.0026508970468881454,-0.007392709299659517,9a2f52181aae6fbc2c2a25a07fa8a3b3e91781ae40a47f29160eb10e6aff71ec
NaV,9,6,True,0,0.05643898567960007,0.12074763577966907,-0.019124888175816146,-0.007010327784159998,1ec10f79b5d7a0bebaf55aa20875db4839ad8818805a8316b9746358b1e04b6d
NaV,10,6,True,0,0.036173304547855153,0.11873918108058192,-0.01707472687962075,-0.007392709299659517,f792d0ceabfa8f38862897149d55f8c76dd297c311fb79a8c06d28fa4d9b952e
NaV,11,6,True,0,0.04895588115165806,0.11745930479359774,-0.03147769441368453,-0.011726366475321992,d2bea5d1eaf0ae9fd751edbbaefc0b40e470ebe1b7edeb5f776c98e824d37c17
NaV,12,6,True,0,0.04966156133543639,0.12952116264895905,-0.005701044012658807,0.006118104247994083,44413085ea5fb0f7c072c26e58fb10c9e0942cec8926dcd41d37eb0d3b56e034
NaV,13,6,True,0,0.05093633304425368,0.12885941126638337,-0.028117875039674,0.014657958094152601,640f28db60def77c792b5686e0bd6bbad27f3ab279981b910fab0a0904f6663c
NaV,14,6,True,0,0.04941828135233889,0.1046637869097196,-0.005994976356920478,0.01911907577498173,834b07134758748619ef910a7195214435889f6c1ad5f7aa3a09e2505b1b36d4
NaV,15,6,True,0,0.05250951525344322,0.11004831662291784,-0.038570883742098605,-0.0026766706084973,3abd0fafd7bb256df957a2d8290fea43fb5c0e90e535629098a2ede5c71a3fac
NaV,16,6,True,0,0.05871897434928419,0.15295273481193025,0.02369451366987496,-0.010069379908156817,22ac6a51068aa59c34b3ff8925e4090d3792f50357dd7bdf9535c14e9a4537f2
NaV,17,6,True,0,0.029381442263085016,0.05557662897038804,0.01217675151466735,-0.010579221928823213,74faf58721aa1bab1df6dcb06e7c299c10436a8fb67afee1a1f1081dd1fb5d7c
NaV,18,6,True,0,0.03390947657310837,0.08941411968172532,0.023122297144244186,-0.008539853846158518,a77e3a3e5f2ade90fee6153ff1c7eaaff9ceab9ab1f30db2ac9c4ed6d2ba9081
NaV,19,6,True,0,0.05408692101448254,0.165687561337557,0.018748879960787113,-0.0034414336394965606,9c7303f1e88f61f946a43aaf66bf720c5b00bd4e0f794c99a31bec895e271cec
NaV,20,6,True,0,0.032105897727715715,0.10702607483928395,-0.02086506437445168,0.001656986567164953,333686aebf6e1b2dc1e578e4da8b1850033872e2ba1b975a8a3a6990a0700b0d
NaV,21,6,True,0,0.025878815623375514,0.05667740160558956,0.008830511887147008,-0.012491129506321252,106b549467967e80014ab0e47df84f05d9288cd8d35134bc2d33859af0f7a9c3
NaV,22,6,True,0,0.05015599410890396,0.1405830125217426,0.020282850253720675,-0.00981445889782373,5d4cd86d58e59e0d5c218a5a3f1428bf41fae88890c33f71f73e846fed9fbf85
NaV,23,6,True,0,0.03586029912924078,0.08028279282785616,0.010669369666429951,0.005863183237661218,9da747484a675c67d276fe29e996524f17a0075fa78f498affe3f9bfb993acb9
NaV,24,6,True,0,0.048691649861115655,0.16888120543060528,-0.037767036646614294,-0.013000971526987648,4318ba4b67546a137afb52726f378b03562d81a40015881d6d3f0669338377a3
NaV,25,6,True,0,0.05295105194763069,0.10371060129142136,0.011168131456184671,-0.0010196840413325692,ce56f4ade9ede264c3e97b892bc9b863438c19cbf8772b47a0a7bf2980e871b5
NaV,26,6,True,0,0.05049856717694306,0.12059395711759363,0.03549630691864181,-0.012746050516654561,027c987af71676c788c055362dd63af1774bac2e40a5ffbc404f9c339b3624f9
NaV,27,6,True,0,0.04089533384343309,0.08791641178401906,0.009296334256842398,0.009177156371991346,7f84d0547f44debe402a731f0dfb79c92e46fb49ea1d1bc8bddb6fbb65bf1a2a
NaV,28,6,True,0,0.05119263973979562,0.12752167171736534,0.036334499382712604,0.005480801722161477,5901a7895d118a0d704b0370d5d3e074d6844e0c36264c33e0c68d4bb68f5b77
NaV,29,6,True,0,0.044085089173014035,0.12952116264895905,0.018129175817311882,-0.001019684041332125,58640ae645646ac9e70d3cd70365d1a6e0444ab99a555a6bac263974829fc8d8
NaV,30,6,True,0,0.0301956656052367,0.05429838964768359,-0.009619179325522476,-0.0014020655568320883,e552bfa0ef23931b08a9460a80ff0945e603be01f6e4897f31c3cde85ef2d5de
NaV,31,6,True,0,0.04385902694380198,0.10785114077179622,-0.00580971007805875,0.004206196670496265,d64fff76806da8c65a92b0cd79707bbdeb380a89b7cc71a19cc3c2ae87241f23
NaV,32,6,True,0,0.045425906633160866,0.0917570369946462,-0.011364324807907611,-0.0016569865671651751,6ea51b78e50cdef4db221f58b017b6ecf1a31d32b822f21c0e92ee06faf759e3
NaV,33,6,True,0,0.0410936163797079,0.07700690738318236,-0.0008515038047030021,-0.016697326176817295,c97a6c0f7d44b3e06d6115baeffdb98048deefe16616016d48642e0f70e6bb22
NaV,34,6,True,0,0.04858583791818816,0.08766466236000221,-0.019209525651384673,0.016952247187150382,9d6ffac9e2745d0ab13312daeb5c64e6663de627c37c3e8b6a5b0b7f69e71f88
NaV,35,6,True,0,0.05887540164800969,0.12960578517270718,-0.050992698622485566,-0.002294289092998003,b05d34130c725a39a14a6d8fa19170df7a2c26a7d2efef0d7075eca2762c9938
NaV,36,6,True,0,0.05276389745019097,0.165687561337557,0.02045241921366614,0.010961603444322954,55bcd5d6451cb3c25a10e64e2752e81294024e4a79aedb54a01c4ab2c08e3dc4
NaV,37,6,True,0,0.04636083797668817,0.11745930479359774,-0.02053244694199252,-0.010834142939156077,8c9caf841643d72d77e97fb846200f558569cf0ad1ad8c166f5579269590a7fa
NaV,38,6,True,0,0.051753969299344484,0.11687437201501462,-0.032781144890261515,0.0026766706084977443,62c95c3206befd3ccb1baeeb436b179b6b513baa82b5c652ac629905fbf687a3
NaV,39,6,True,0,0.04757322448186466,0.139419367870219,-0.040622239423433903,-0.0011471445464987795,65176faa20ac9c59dd22eae4140479967fb0d0acc9ce65175c27171eaa546cb5
NaV,40,6,True,0,0.03866034356400077,0.073451994561613,0.01015126890770901,0.0020393680826646943,409affefd167b8b3b444b00ee618f595670d3a7e8961e31053e4a166ce83d6ac
NaV,41,6,True,0,0.045816451852075224,0.10702607483928395,-0.008070562333150955,-0.013893195063153119,1a82a861b3accc61c8ba5d3680c660da44ecec2d8eba2daf2246dc2f3a2243c4
NaV,42,6,True,0,0.029815727898378438,0.08500415139259122,-0.011161583837823175,-0.00866731435132495,4c7798cb7ebd86650480cca333ea5c217987bd1fa1d01f755f196be039bca6fc
NaV,43,6,True,0,0.0443084663673022,0.13597859432316858,-0.024413373151438655,-0.015677642135484948,a1eca31e4df5736057d042a9fa24e8666cbdb0a1c4951e5414dfe04ec840ad36
NaV,44,6,True,0,0.03486157589044083,0.08766466236000221,-0.02095578875101567,0.0059906437428276504,0fa1b604281e74e81fd90cc424fe933e610f82b703125dde8fd841c27739294e
NaV,45,6,True,0,0.03751954160923566,0.10207590421132513,-0.009503983868035526,-0.015167800114818775,f3a359b04a5d592aa9143fc9cfcfc993193efcd1a43f67656d7ed5a532ea281d
NaV,46,6,True,0,0.05776512676096829,0.165687561337557,0.031047975701893993,-0.009941919402990163,1d19111b14419e63a22007f5f35a079a34c805bed5e09712dbea567ed99c2d27
NaV,47,6,True,0,0.05443240905692135,0.13211773110282976,-0.020015032604498995,0.0007647630309990383,b552bed031757fb059ac150c52095445e606f12f3c5adebd5df11914427cf8f4
NaV,48,6,True,0,0.051943249352897826,0.1179197983104904,-0.008728338529731205,-0.020776062342146684,da37e9f6aeb9d91e878b8e187d32eaa4e3afa9c4158dbd478172d0f8860f11d2
NaV,49,6,True,0,0.041474788932677496,0.09844575593769574,0.029767987237433458,-0.012618590011487685,59178af3c3006587dc30a713a0921598a9d055aada828522597952fa2b88c0fc
NaV,50,6,True,0,0.023711476788026428,0.06432237642919793,-0.015550285427648802,-0.010069379908157039,1cc3648c369f4501d4e6ebcec2f4ac5545b0fdac767dc29076464d879824b460
NaV,51,6,True,0,0.03943515541483086,0.08028279282785616,0.024824957138903425,0.004333657175662697,efc4630818b220b7702942879e682b6d855e6350b00aa2c339bd66934540d0ac
NaV,52,6,True,0,0.032643174143217525,0.09280403490059867,-0.004831909839053461,-0.015550181630318294,b0f9d5c97008338afa54d030573ad20b7952ebbdaf12c475c7150a27ba555117
NaV,53,6,True,0,0.04705364867867612,0.10882273101035064,-0.0340783602666872,-0.012618590011487685,3b3c90ea7f636e97f783519815f7f61a31a51713adc7194e4b05adb391f4c560
NaV,54,6,True,0,0.04881770796383245,0.1405830125217426,0.040114711656480395,-0.0026766706084973,6797d2b11f09a118663a7eeb3ebd8693e24a038c276bd782384321249e45a9e2
NaV,55,6,True,0,0.040832835158791686,0.11687437201501462,-0.03049418357588518,-0.00892223536165826,230c6172714acb4da62c0ef13a93e482d8771fe22389d84a8bca34826d84c4a5
NaV,56,6,True,0,0.04999697877216842,0.12952116264895905,0.004537573433616826,-0.004333657175662475,9187c97d54bfe44f5b3a33c42bd264b99d2fc41daca627635363d58d3b82f18a
NaV,57,6,True,0,0.05987483361774731,0.15295273481193025,0.043486184042921705,-0.00828493283582521,e66f881fc8843026c1be528de29801b62f9756056e5e37268ee529f6e15f8760
NaV,58,6,True,0,0.04478300169000183,0.09142365309352325,0.0161316461326535,-0.0173346287026499,ae72f7536ef8030d1b0642aeaa5f26ab2267eb39e48d0e76a4315636a4914f6a
NaV,59,6,True,0,0.037801839932373515,0.06608581287803933,0.0116636695806287,-0.024217495981643022,39ced8514488c9438ba57806766172e057cfa090b251c606abcad87299601c3c
NaV,60,6,True,0,0.035543117902625314,0.08346331489639494,-0.02097735127344391,-0.0216682858783126,f91849ac65ed33673f72e9e48b5ec904d68b93ff7929a950cacd56925efdbd59
NaV,61,6,True,0,0.05640668473411484,0.165687561337557,0.020750628899095958,-0.012873511021820772,89aea03cef09769d53cdd8a26adc371ce6ec2ee590ee6ce924a960fe65e397cc
NaV,62,6,True,0,0.026371437739826222,0.04890920800268117,0.01399729058060517,0.006627946268660256,ad91fd023b84ec57ce14389add003999350238ec224bcfb23c9335dd72310f45
NaV,63,6,True,0,0.03434471727891179,0.08020964955443562,-0.022903484578988387,-0.0059906437428276504,b25c2f04731989cb45d7ef4b5b14cfe18a142176b948c6dd3774a2aa892fd013
NaV,64,6,True,0,0.04102274418943544,0.0889251794408749,0.000769085915538481,0.009177156371991124,a94fbe268243d83cec79d4ed7ba10286a9672bc66bb9b12ce5d8abf34684beaf
NaV,65,6,True,0,0.046466356286827104,0.1654087840654657,0.0017308474134718477,-0.02957083719863851,1dc24e7877c5111a6a3f716e93781a1887e7c7fa991f885cf183062df0ef4631
NaV,66,6,True,0,0.03937581630691104,0.10882273101035064,-0.014417521428892854,-0.006755406773826689,cbe49c9303508302ed38962af6f6be48454b426fb325ef589ad3c9c43fcd759e
NaV,67,6,True,0,0.050516733336176456,0.16888120543060528,-0.026840920280693625,-0.01274605051665434,22c1afaadb007fd880c4384b9664540742b4e0612b0aa55759fecb4124352c55
NaV,68,6,True,0,0.054458606793348345,0.12960578517270718,-0.022007363069325603,-0.004588578185995784,e660bbc689a355ff488f3adfbeb38a1e18bec6641932ccd4864ae1b3ce1c14c8
NaV,69,6,True,0,0.05698577710085031,0.12108567317427019,-0.005985448783898395,0.011853826980488869,920b8223506c1afb2c4a578ff3cd656c6d6921ca924c9411861cb8b5a13c3bf6
NaV,70,6,True,0,0.047292447542495085,0.09821455865077934,0.030202378860515466,-0.01134398495982225,87e0fd6b08d3582f6b709242d92937bf32b45e45e7cba0f23df13030182906bd
NaV,71,6,True,0,0.06094350077959765,0.16455582700382973,0.01571350435399732,-0.002931591618830165,425865879d9412852531fd1ef8aac8776e82cf8ed1036921e53efa0c93a9187c
NaV,72,6,True,0,0.05282515562421974,0.1196241549876689,-0.02139168168747152,-0.018609233754315335,0f213d3b5fe5c58fd5051330daca0a1e9da3bcf3b092e9fb77679db762ae8bb0
NaV,73,6,True,0,0.04028330759055018,0.11449836519738889,-0.02956838144118734,-0.00828493283582521,13868179073fd7929e179692e765843377ba8b2e0001c37e9e5f37b8758a77b3
NaV,74,6,True,0,0.051848427872270265,0.1440390185003805,-0.03561045867520041,-0.010324300918489904,b58fe27c47680cc6e5be9447be1897022095a13dc36a112485997500bbf68cfe
NaV,75,6,True,0,0.04300432907700025,0.09692671962042013,-0.033018418586135745,-0.016824786681983728,013d4b4173058425556574b0da9ab14bebfe2bf17a40f8204e02366eb2deb1e3
NaV,76,6,True,0,0.032357314947742084,0.0574531223569689,0.004952138182361621,-0.015295260619985207,a689b4158f3e49e021357ef63665ea4871050690567f4c7a2cd44739f4461e79
NaV,77,6,True,0,0.04494855644182776,0.09904003881628609,-0.01047259518395216,-0.025747022043641543,799b0bdd4011aae90876a5a9f9544914acae0ec2a7c5243bfa8f0cd84bb3c390
NaV,78,6,True,0,0.03149861349576871,0.05388075916617074,-0.025705584472440757,-0.003951275660162734,81117a0dec8dc75568f4d3d3221b2521395221714399b11546560e6c3a77a99a
NaV,79,6,True,0,0.04373928983460718,0.08020964955443562,-0.010400481699420538,-0.006500485763493602,fdf357603437549d578834f5793df3db71d881806c61d767c4ec02c9f93e65ac
NaV,80,6,True,0,0.031022310283791977,0.058585271767274294,-0.002221397568476613,-0.005480801722161255,a1344f476b52b36e170c9dbf873170306bebc46df281d1146ec10f07cc0b00c2
NaV,81,6,True,0,0.041512404190783565,0.08788178054574697,-0.005218807062028041,-0.02574702204364221,279c0a083cf34fdbafa67e222c6e7ed8d843fb3f3387b6c0f67380161a58321c
NaV,82,6,True,0,0.026451508648984295,0.0573607707966817,0.010963646271568539,-0.006755406773826689,6ad86208f113d8b8b5541a8ee7ae09a9e12547f7fda43eb5d46d75820a659e25
NaV,83,6,True,0,0.0495674781879778,0.14130231191088266,-0.03283802262135538,0.012618590011487907,2b86526c5f71a3fb9b508bed314b86b61403ab822c092cb6e669cf4123e733dd
NaV,84,6,True,0,0.04980164162935615,0.10702607483928395,-0.0033515556057350793,0.002294289092998003,7f186cbbb768587d136b6b372e3d03a91371237fa8de931d20264e50028c851c
NaV,85,6,True,0,0.041043053707369055,0.11426602618721714,-0.018272370822062456,0.011981287485655301,e44cc48073190854858917412c42952119e4004a54684e2c9bfc3076263a51c0
NaV,86,6,True,0,0.05174350971929129,0.11006517043909053,0.0011043495337759168,-0.011981287485655301,ae360300a75e155d4b1c8ca098b985dc0cdae2037489121fbc30fbabed3a6b70
NaV,87,6,True,0,0.0482231238054641,0.09435181187782887,0.011308652041547518,-0.00573572273249412,0d7546b3573b971735fce220cd1259341348cf9889309ed11b67fdd9236a4c99
NaV,88,6,True,0,0.06342981598357397,0.1678199249716693,-0.0389436889450856,-0.017971931228482507,56e99bf02ced10fd6635bb03fc89fb184b7b0f6151dea22b5c9868eef2418f23
NaV,89,6,True,0,0.020933988063911058,0.05520491955132267,0.010533659028148179,0.004588578185995562,fb11d3adb4a168094eb344d75ca2e561c59faee7b46c092fb7d64471182e32bd
NaV,90,6,True,0,0.05537514918265307,0.13270490026431866,-0.008523125737597503,-0.009432077382324433,5f5da6be22bc9cf37b0421d2faf11ab42ce13ec715c3923a3ff8c97b6546e1f2
NaV,91,6,True,0,0.041972051055691136,0.11426602618721714,-0.028378698069169817,0.0021668285878313487,ee271236b10738acce52bf8f925a2d3bbf4af6668d110147c44c166eec454617
NaV,92,6,True,0,0.053865325505318716,0.11745930479359774,-0.00977205310971474,-0.02957083719863829,1ae0862bb3b2ffc16be0dc638c9d793fce79f559f6bdcff6c872e47c67c86fe5
NaV,93,6,True,0,0.03268286608355219,0.057501516814303606,0.012231776129366878,0.018354312743982693,09aeddebf0afbd0d81260a593350c77f9e10f93c9db0330827edd75f8d959ba8
NaV,94,6,True,0,0.04760534080138556,0.12074763577966907,-0.015109518947382883,0.0014020655568320883,ab04acdfaf3fb194a443830ff148257a7626cbb1310af6bf9f3eecd5c1b73caf
NaV,95,6,True,0,0.05091057227345275,0.14071297770618668,0.010037104716633882,0.01236366900115482,70686cf08fc3613497defa62812d305c477b1f490c6e2b9cf6d7cb3beb49c304
NaV,96,6,True,0,0.04434029378503048,0.11023486966486598,-0.016471091396867976,-0.0008922235361659148,561a88d78aab4ddbdce307acd7e511a259ab91191f0813057e36cde7f13fcccb
NaV,97,6,True,0,0.028198910430145746,0.054931394553211714,-0.008394892277708621,0.00012746050516643237,49e1e00e8bbfa46c34060cc3d391074e50513d0e3ceed8ea477ac0b62e12a393
NaV,98,6,True,0,0.029444356449536902,0.06114933078743978,0.011541150500881114,0.0036963546498296473,ad19824dafe604770a9b2654f751f297712ec7ce90c5edbe27bb8cceec9882b2
NaV,99,6,True,0,0.045384317847959633,0.14130231191088266,-0.015111399354422517,-0.01389319506315334,41e5acaedac99cd6a97a57197e1cd894f165a4d91158be1803181cff5c1ead32
NaV,100,6,True,0,0.05459770612549303,0.16370979633198518,0.026938500642892826,-0.007137788289326208,536289a5e4b225e1a9ee214e105f1b174582a1269298ff6bf027d6f2e1f3b8ef
NaV,101,6,True,0,0.038777561899612865,0.11449836519738889,-0.014122059352208893,0.004970959701495525,eb7dc0e69e432340bf0a8ed0960d8e6caef97a1277794f2c634a7a288266cf95
NaV,102,6,True,0,0.0444820627560139,0.11873918108058192,-0.020887955987058948,0.012873511021821216,f2815ca48145efa5066428e46cdded0812754119e66588be756004cc6e1ba753
NaV,103,6,True,0,0.030870435770357117,0.04752104763980339,-0.0008696190512964552,-0.0031865126291634738,1ff18c2606c6e9cd8b399bf1e30d078e7e7636a0f8b05274d36f0c3e908c337e
NaV,104,6,True,0,0.05043226485318384,0.1009556447958483,0.015494264604413166,-0.01045176142365678,8e63d896a4587ae594327ccc87c25c810b9ef1d2eb42c7e09be0e577823010d7
NaV,105,6,True,0,0.028906939397459187,0.06357745488170401,0.012820337924673186,-0.006755406773826911,14de52df3d055228647e83d4ce8cac896378b52019a0f5262d1fb8328233144e
NaV,106,6,True,0,0.0632374691004287,0.165687561337557,0.03587373996348897,0.0010196840413323471,cf8b38c0ddaf2af699ca5ef34ba14fef8140577ebf6086ac19e076386d5d0f99
NaV,107,6,True,0,0.03293019762722188,0.06874550971772482,0.0070716238280557064,0.009941919402990607,11fb40a643a1d4f0ef7ed73a951b97f3ba17e5e79d037d6287134663e45be31e
NaV,108,6,True,0,0.05300343739203739,0.12842500837611895,-0.044509535530051325,0.023070351435144687,e20ca5ec36ad46752e80ac4d42a4556e3f9173e596863c2cef9c95e88d6786fa
NaV,109,6,True,0,0.018449591211844012,0.039205547506498725,-0.0046289187096757445,0.00777509081515948,7dbb704fa8aeaa4cc346d414c549d6c8cf58a00844766053f859e4c53da9b2ee
NaV,110,6,True,0,0.04291525704587786,0.11873918108058192,-0.031608273189386527,0.012491129506321474,2064ddb0baa64c6eea2bcaee9a3ea2a0357421fefcfda63299f2e9033c64c43d
NaV,111,6,True,0,0.044843982322872455,0.16383661261164606,0.019581704630287966,-0.01312843203215408,b4efbb4654f4f5e232dc89a23fc8f653f053bd5eb105cb0d9c1b75a83a2a331c
NaV,112,6,True,0,0.05637298646088249,0.13394628333172104,0.03633746709706687,-0.008794774856491383,84aa5601608dd9988eb5c2684ddeaeee737324d13270899aec9f657121e4849a
NaV,113,6,True,0,0.04870363933538075,0.16888120543060528,-0.03340273853160047,-0.003313973134329906,3c5db38f7e3c1e975b1a4fe5a25e265f5c41bc68f7f561434b8f782514f0b4fd
NaV,114,6,True,0,0.040687711463790445,0.10716250809707782,-0.014985374046283306,-0.0038238151549960797,2b11a51a6b66b1ee9c22c428fb72872ddb6893cd0de66ce21c3ab1e31a8ac03a
NaV,115,6,True,0,0.05316389688374379,0.13799852140944094,0.03184296923352159,-0.009941919402990607,d92ebe621164bfdb12bd68f87984ac5ccf94343f374f8e1822fce36568817354
NaV,116,6,True,0,0.024007698070978713,0.04457435934984114,0.01755390052231931,0.002931591618830387,fcedaca775dee0ec053e53a933674acbae3e3382106a0e59ef1c6b38a7976b2e
NaV,117,6,True,0,0.054394428652733195,0.13394628333172104,0.016217844662155922,-0.012873511021820994,ee6299b1228c3dc6bf60ddd73f8f3521068ea49925a11d20599dc17ae0eb72ee
NaV,118,6,True,0,0.02788006983680744,0.05691418155591078,0.017429106889630175,-0.004206196670495821,a929e1c2afad71472ef7b8d04eaceafbfd42bb5e654b63598343580126cb925e
NaV,119,6,True,0,0.05399138494021471,0.1718428471463477,0.026638824760515822,-0.02358019345581086,66363321bd2aecc7eaa547f13152f833e57485c0445c2ad5fd96d3f91e6513d8
NaV,120,6,True,0,0.029424774616329405,0.05796013859084248,0.001751553412398854,0.0034414336394967826,3aafd7ac3a667ddf34cd618c2ac3a8f0810b9a83fed0aa627b6f8e0c79b45066
NaV,121,6,True,0,0.04204602018296389,0.10555843169525822,-0.0076041292630142365,0.0028041311136637326,a0c3037d11d71afcdb078fdbac218a911d3c336c6b4b873eefd3e67272c1abe3
NaV,122,6,True,0,0.049918192839659224,0.1405830125217426,0.03995347846660269,-0.0021668285878313487,62375dcd27a560de5f6d8392bf87556d43b0fb6dd7bd647e571eba360907f349
NaV,123,6,True,0,0.05324007261366969,0.16697999894573198,-0.011847227969166152,0.006755406773827133,b5f43478034ccd85c60c13769a0b0c2eb3d5278929ac56ff0e7fc615d183d448
NaV,124,6,True,0,0.028942614189603404,0.05890408422578093,0.009085852030279451,0.02090352284731334,fa1cbd7f1fbe679f30f65cd515f7675565abba13f7ad0a591d4eebe0ede5b39b
NaV,125,6,True,0,0.03974777767610915,0.07337477378694975,-0.02887684254586942,-0.008157472330658777,f1b2f8d480a77e58ca9c3fed7c893869d9e3139a97e0861b48305e76dde52e98
NaV,126,6,True,0,0.04364104431452453,0.12518008627760163,-0.010666037469602596,-0.019756378300814337,3e5c725a2b7cfd718bceff6ab9bd03f603d5d099eef64a8f6b83b4d403e49d10
NaV,127,6,True,0,0.0525502052905743,0.165687561337557,0.046716937638148215,0.004206196670495821,4058f042277033a999c6659266cbd8d2853c0b976fb75ac87ea85690e1ceb24b
NaV,128,6,True,0,0.043928438122406495,0.10702607483928395,-0.037145323167969035,-0.012236208495988166,bdfb47e369ba134ccfed263a0e2d4b44d75a8580206345606e2512aadfeafe95
NaV,129,6,True,0,0.03066902036943005,0.060700921827561705,0.00884235552992485,0.01682478668198395,04c429d27e3b53dd6fe664df32669fcfbc26bb74b19a6324002439a659ffcde0
NaV,130,6,True,0,0.05433445657719203,0.12059395711759363,0.025237646398827085,-0.01274605051665434,bff4b385d822dff477c89c1c52eb00574a49f36d9e9e679781888cd5570e9f4e
NaV,131,6,True,0,0.05042266080713811,0.10839061718614013,0.0029643452710295115,-0.003313973134329906,bc90c64398921a19c41d969e753fbafc548eb307337f499d8db1b9774fc130b3
NaV,132,6,True,0,0.0486045745774956,0.1046637869097196,-0.005699195052455197,-0.010324300918489904,d4075c2b372ced8cecbf5d1d4fd609ada71e7a59e222c28292be559167bacd17
NaV,133,6,True,0,0.04996690040571292,0.11157365464252551,0.036738215640842675,-0.024854798507476072,f92b0c8defdff3d16c087deba0a3140212e83a500755751eeba394f5bbd12db2
NaV,134,6,True,0,0.04774979492193254,0.0848841310275922,0.041156663758173284,0.006627946268660256,0bff49138a7c249c5b1d0dd7b4bc20a53305338cacef6067883f6e94b8743e5e
NaV,135,6,True,0,0.038550378133543825,0.060700921827561705,0.004606333074930635,0.014148116073486428,0f9bcced1e3e2f3126767db615e5f4ad2a4e4c3374c5a35749de4d97f5a8a751
NaV,136,6,True,0,0.04189383414819739,0.12952116264895905,0.02268630541632488,-0.004970959701495081,26800ffc20bd37813f309301f7a618766fb426b8327eb75a823ab4c7f2a18519
NaV,137,6,True,0,0.0491697635530337,0.1126024276835479,-0.025802200264828823,0.0021668285878315707,40a8018431c9e3deec4789830a60c593f02d7bb4dfa3c99bd25a526520a16149
NaV,138,6,True,0,0.0381625370275001,0.10067505897329726,0.03431478598415705,0.0040787361653293885,08a820a588ad326fbf136333ec14ebc7bda644c10646be99f2fd472caaaaf855
NaV,139,6,True,0,0.05587044482412526,0.15118916137977587,-0.033021979312689576,-0.012363669001154598,b327f410cf10aec84d432675ba8c8d651dfc26567f2f3f919c67198c5947a9a3
NaV,140,6,True,0,0.05330056111436338,0.1126024276835479,0.009926558451198275,-0.003568894144663215,beed2de691d3066dd5658283bca300bb59caa1adf85fe50ab30ac82f3de80a4e
NaV,141,6,True,0,0.050413167419958195,0.09821455865077934,0.0003103854421504515,0.0015295260619985207,2a0ee0a491b043ed1f3bf6d9761c3bcae30cb76afd9ce2891c4df6e719e28028
NaV,142,6,True,0,0.04166242181093837,0.09142365309352325,0.0033697165851664934,0.0010196840413325692,d348b0be642fb95f99cdbbafb92687a48beabd02e8ab44789ad8da2b3be18a72
NaV,143,6,True,0,0.03387098687223747,0.056989538683321204,-0.009765780998925333,0.010324300918490348,4d4adcd955feb637e984eae3aaac7cd12ffe523c0f5a35a2d71a6051c88636b8
NaV,144,6,True,0,0.05161981126284443,0.11157365464252551,0.002315244010445916,-0.015422721125151861,812bec87e34a19fa86134d99700ffde86e31dcbdb6eedeb365f64a7c92c326b8
NaV,145,6,True,0,0.03986866567451605,0.08766466236000221,-0.0015574936584130672,0.010324300918490126,e048e50a61a38c87a5b530262c1b3bfc8e42591c594789799a095d1cdf45aec3
NaV,146,6,True,0,0.05322381414596475,0.12108567317427019,-0.03533149047389306,-0.020011299311147424,a6f86f40fae70301627ead135b77b85887dde44d788d30ef514c2469ae00caf1
NaV,147,6,True,0,0.0584089245782353,0.13799852140944094,0.03474944923201084,0.003186512629163696,a4b57d8eb9b4764c09aad86a1537baefb8660648f407fd959975d601f1f7c370
NaV,148,6,True,0,0.04287045140886526,0.10716250809707782,-0.028125795742857784,0.009177156371991346,4d28d59ebed8dcbca7bc2c43f3b05fb00ff2195b1acce393033cb12ed4003006
NaV,149,6,True,0,0.050759983658443524,0.1244730413428135,0.01793875364731745,0.00828493283582521,c73ce5e421be9fc8ee2c5490ce58054f4e8ca2ed58d9528a7475daf86792244e
NaV,150,6,True,0,0.04738452129757917,0.11972760854139157,-0.020817752371460774,0.004588578185996006,dc79329551f232df79f01ee38487b08c1f44f8e241d7d926e9f30f20745c1bf4
NaV,151,6,True,0,0.03285809576433039,0.060735363931588446,-0.004337923184121184,-0.022433048909311637,a3c79687679cbfd2d295fbb2430b9c8f76e0a4eb26dbbffc923e0ebd55b51b3e
NaV,152,6,True,0,0.04576805725353261,0.10956148584805615,-0.026000642318147804,0.000637302525832828,8d109afdb5f73acfd050b696c0738c328795d3accd40da49ad9fca302cfd03ac
NaV,153,6,True,0,0.031006252825175776,0.05619502836647786,0.02558209415239232,0.004333657175662475,3579d8cf6a6e038c6c22172fa717f16dfb7bb00fd616c434f6457e679d92eec1
NaV,154,6,True,0,0.02887560571502852,0.06000956576076645,0.008900629201543886,0.023070351435144465,2fe4a5fe15ac298ee6d76719518812c0f68c291afa3708036817c45b71e6d348
NaV,155,6,True,0,0.03973993980757787,0.1131904921710872,-0.01894521691616391,-0.002931591618830609,d47ae1c2f91cf148a24734476376243b2f770fde6d423c43ff1eb367a8ccc46e
NaV,156,6,True,0,0.032138621897798474,0.05451069996834714,0.0026968321129254846,-0.002294289092997559,24afd359b5462f8aa3e7480b193fae2742e77fcba98653bc68a28047704e4996
NaV,157,6,True,0,0.051729374422424625,0.15295273481193025,0.03428544300651026,0.026001943053975296,a541b415cec0e48896e807d59eca628b8c8d15c1f97e09cdc7d24f63185c1a4e
NaV,158,6,True,0,0.060049394175190694,0.17377264453972127,-0.03154052178491207,-0.003568894144663215,6882ca6960014dd819ccc31da1738fd03d875b7dc77b8441079381f3bd90a1df
NaV,159,6,True,0,0.062273044352365935,0.16997613848000426,-0.02646024752622589,-0.030590521239970636,e2af837afdd2b0588aa3a65c9de88045b3c9f925f7d29b1f17ab73680682accf
NaV,160,6,True,0,0.02896779261886623,0.06263451106232339,0.0046772168065900566,-0.009432077382324433,aa4c54cdeee361dcce9a5bac57a50e4bdfae3c6a33a93bb6592bc00241c0d5cc
NaV,161,6,True,0,0.03843699609437823,0.11006517043909053,0.010422295471917975,-0.009177156371991124,5c7f14a86a15e3441032bacf4ce018b40da99b81aa047adcea8f0a6e37ecf02e
NaV,162,6,True,0,0.046567758173969236,0.16997613848000426,-0.03428685256483277,-0.02523718002297559,5fbd775bc76e45da8d253c9c9e2be3a8db125d3e08e8cc1218a39d356b53a561
NaV,163,6,True,0,0.049905422358801486,0.09435181187782887,0.03262361614762499,0.022687969919644946,fd96e7daaf0218791497a09029c84255943e52fe59bd5e9de5f59ab7edff244a
NaV,164,6,True,0,0.0402465992984113,0.07649120502172921,-0.01852627177794841,-0.010324300918489904,bab35d86c5fdbc1fccf186413737514e3db1a9ff47aa83c1e52e4ebebf632f78
NaV,165,6,True,0,0.054225967397392466,0.14930196875981122,-0.016011300518641747,-0.01134398495982225,fef81a3f4d1c0d2fe60b2e535e66f437b1cf93aef1eb2708f6d91aa0ceff5618
NaV,166,6,True,0,0.03816204278287438,0.10224480916019416,-0.014938142735236859,-0.005863183237660996,2f4c250957d646cebe573bdb85489a66172205790f9810d2d882aa9fccf305eb
NaV,167,6,True,0,0.03084350353840397,0.06196456438405536,-0.014451132817503431,-0.014912879104485466,2dbb4e3b4887006cf4890d85bb711c02cebabcd993c33cce1ff1df429eb14e6c
NaV,168,6,True,0,0.04249540680995303,0.0921978344751905,0.014226434607910399,-0.010196840413323471,1b706714d7562bad6d897691edad8e5062885a7df77e062ad749dee7bb9010d7
NaV,169,6,True,0,0.03204956980928171,0.09481234049546144,0.00036735664347098407,-0.011343984959822473,b1f69fe4f583b76012142724e54bdeff1105fc45423645fe38d0f629019b26e9
NaV,170,6,True,0,0.04082614845915211,0.08539168212824308,0.00033878436825940383,-0.008539853846158518,6d8da6b363ce5ec46fe8aca48c0e7cb1fabf735922a925d617a943f6e5d8acfe
NaV,171,6,True,0,0.024203393635875817,0.05951932293770035,-0.002490086567842109,0.003823815154996524,7d7612f962bea55e261ec75c80aacaf4ccbfb8d7f955776846ade0890bc918ff
NaV,172,6,True,0,0.041873671751132435,0.15295273481193025,0.02619226731939639,0.0059906437428276504,65eea500fb38408a9c9eea5d066e5bf122cf219114aaaddb1bd7b2355eec9ab0
NaV,173,6,True,0,0.0442395667179444,0.12074763577966907,-0.017410542520568395,0.004206196670495821,6c74355cab8323f0310db1e9a0951556791f2ae03e096283b4185bd9d74afce9
NaV,174,6,True,0,0.04640028942027009,0.08500415139259122,0.010505275130143765,-0.02141336486797929,83098c30e057b4dd0f9dff1a826c45e6b568fd81219baeea505d2f63c8d8a2f1
NaV,175,6,True,0,0.048278276675172586,0.11745930479359774,0.0024224975773003976,-0.010069379908156817,f8c512a10feac9a900b6984cd19f1339d5a518825a36135d3beb258bfd72b397
NaV,176,6,True,0,0.03246711288162388,0.05429838964768359,0.005266566296562747,-0.000637302525832828,3ff750453e57df3e3230457fcd45f8f93f026dd030280063f954c25f09a78d48
NaV,177,6,True,0,0.05436909980387301,0.13799852140944094,0.028445736413089895,-0.01236366900115482,65c8faf0058d9613c7d0ef21d4773c9d4848d0b8d31790bf273d61eed8521a16
NaV,178,6,True,0,0.04162386500929461,0.07745772344150637,0.03130002981598912,-0.01911907577498173,8366c439977f5b8dd7c84a269083adca38fbedb80a2eb6e4293e43e17003d0f6
NaV,179,6,True,0,0.045423773073605504,0.10956148584805615,-0.021866790626289268,-0.010579221928823213,a41ee1bd38e6838a5fd0a4970ff8a5a72135e7242f79c790c313d4e320c16a5d
NaV,180,6,True,0,0.04140816048200457,0.130847393413204,0.016238616381753168,-0.005863183237660774,7a95bea3d0527bd28ca43194e680b51377785bedae6354d246bf0e53f6e16b99
NaV,181,6,True,0,0.05263912249978812,0.12842500837611895,-0.01847121190639367,0.0003823815154997412,f9e3e1304144ba8e9ee8bd8c16176b13a2a8ebc0b16f15fa7cbcc7feddb698c9
NaV,182,6,True,0,0.03306568062517117,0.06874550971772482,0.016575877164614283,-0.010834142939156521,6e28268db08e45b0134e7229d653b553d7e04f98fab70bc07b655fd8772a929f
NaV,183,6,True,0,0.031288993251062956,0.05418889563263246,0.017529026711077034,-0.010324300918490126,9276cbeeecae40b9c5289233169968d7e62df398cfb245dd6702b289184f7038
NaV,184,6,True,0,0.03126883644382016,0.05430487167743162,-0.0026980021594202874,0.009432077382324433,4aa94d2d8ba83ef583ba94cddc14df62ac1f23f222d5842cc7f06d81349abd2a
NaV,185,6,True,0,0.04284956127127957,0.09692671962042013,-0.008195670684357115,-0.0020393680826646943,68413518e09fd97ffe404dc59d7aefda589b8f311629c207319ab5290aa68412
NaV,186,6,True,0,0.04157855616355265,0.13270490026431866,-0.023724297134086747,0.0024217495981644355,9810c48cc354a587c642e33e39f528cf0eaa998fe316b49fad986556a8081e54
NaV,187,6,True,0,0.028404752982863782,0.05374980718207724,-0.018159720897044096,-0.0014020655568318663,9c8d5fd7b568024059e61e8d14048382d1abc33bacc796bcbb567a2594a67380
NaV,188,6,True,0,0.03915831475809722,0.1405830125217426,0.030015895203264975,0.003951275660162956,9adc490ed762a800e3fecc93b404bffc88819c5be5dbcb7ec82777e7869e5a3c
NaV,189,6,True,0,0.042443796083358555,0.1008021970683234,0.01068954291862978,-0.017462089207816778,e59b0daa03a0e937ca4520b2e991c66e6cec2c26b3aaa8309ad38f9a13ca0b7b
NaV,190,6,True,0,0.0404618333018652,0.10716049384515228,0.010948565729896664,-0.03212004730196938,98d4c038c0fc6667a4f76fd474196c5e5073b52af1c19a9b5d77920006589189
NaV,191,6,True,0,0.06258580901205095,0.16697999894573198,-0.020148763616289145,-0.009049695866824692,74a83e9df70f59b6a45192823f05979bf0e36c8cac515ef7e812ee9003ab145c
NaV,192,6,True,0,0.031996094480060286,0.07957090279255247,-0.011677715275683287,-0.013510813547653822,601965ad2c28a918d7dce86852d6c45f07c7f733867c2fa2e19553fd8fe634fe
NaV,193,6,True,0,0.03658505259006609,0.09075968808927366,0.012408994179444965,-0.013000971526987426,7949a11d8d7026bdb284dd7ac28b8e1120e7337dcf8436030609905604644cfe
NaV,194,6,True,0,0.03201793548575662,0.06000956576076645,0.0066266618918706666,0.024472416991976775,99f1979babf289c07bc1f89a255c050acd74c40dc2e56033a7bba56b91d168d4
NaV,195,6,True,0,0.03556143275799639,0.06494842880584516,0.01607411434615269,-0.0012746050516652119,346937f185eccb80f436f73b68d51b72f08b260e9c4f5391ed34576829078820
NaV,196,6,True,0,0.032070507832539806,0.06061603285383375,-0.0005450227327434831,0.003951275660162956,d7f8e53fc4e8a075a42aed31442dd0c08649f820558d675ffc37032ffb44fceb
NaV,197,6,True,0,0.047256582628648146,0.0889251794408749,-0.018257860296380546,-0.004461117680828908,d5948b4fe8b219701573d75b1febf434f101e7d3a7253134e54ad2bbf45fa5ae
NaV,198,6,True,0,0.036698322711205246,0.09279249722559194,0.017857803354251578,-0.005608262227327909,88581e824a06653d35f3a3733acd73058b6d48f272164eadc5ad7eea7d7da68f
NaV,199,6,True,0,0.04724695298938861,0.15295273481193025,0.028737688613482693,0.012363669001155042,23b6c8f282d008946b60d75b598d69bc8a86c2f6c00f83565d9e9a5b670c1655
NaV,200,6,True,0,0.03915467387118519,0.1179197983104904,0.010342233629763165,-0.004461117680828686,4c0c84f5aaec469542fa25750ad2c058f1fa2433b30b818731f821a77ca31b23
NaV,201,6,True,0,0.036817441632243784,0.09859624982394127,-0.018986191234049876,-0.004843499196328427,28bfc6ce8c0321baccf40c170f40109e4d64e62d5b2ba51618fe47df9ffe503f
NaV,202,6,True,0,0.028191854499806848,0.05796013859084248,-0.0021433673365349737,0.02205066739381234,0c2a128d052fbdef1a38af5ce8ed5f9a911148ad3d94dff89a5fb7cddf899946
NaV,203,6,True,0,0.027647939873881023,0.05216911169491251,0.0008068055259369267,-0.004206196670495821,c55b8b2eb9a5123f23e1dcadcaef07d3a730b2143a41a30474f6b6a81ae695c2
NaV,204,6,True,0,0.023018926246059473,0.07649120502172921,-0.02027249786715868,-0.004843499196328427,aa8e61b550e7130dc50417b6eb763e9022348f5a3b7ec80475857f50425cc2f7
NaV,205,6,True,0,0.05207572954263349,0.13799852140944094,0.025833831591023815,0.022560509414478735,b301dd4ae275e08ac698bd173e5192327e9cc8f6ecd5a4045d884bd041f09949
NaV,206,6,True,0,0.02862673597423503,0.058636005546898726,0.0005336401013824599,-0.01580510264065138,c83ad3c4ff31458e3891d7b170951c87c45e706d0be02b9300893e1e2aabeef0
NaV,207,6,True,0,0.04411449726616468,0.1126024276835479,-0.001427025199602916,-0.009941919402990163,708be9520a6e7672e56c111db3a0be7afeffa56127cdecaff62af4a411049480
NaV,208,6,True,0,0.03936493509934628,0.06357745488170401,-0.004215623777279243,-0.0008922235361656927,fe0d84d9b08f08b07583e33710479d16c9cd3fec80f2dbd34c4c1b4d86e5fb3d
NaV,209,6,True,0,0.037274487415798745,0.1107834140639568,-0.03309354163025269,-0.013255892537320513,84bb68f0a6fe018cbeb0cc1ad2520449d67e6e53aec6dcdb22797f9389838940
NaV,210,6,True,0,0.04059955560843621,0.07927997737786556,0.009635376017524067,0.01491287910448591,6c51bc6205ed69c26660ca4d58ab4eda2ae2b24719cec49f591a80d2886a6dc0
NaV,211,6,True,0,0.05616487552287713,0.1718428471463477,0.04256052428045187,-0.034286875889800505,7af00f030d6372a637e025a9289c1302217bf91bb3a472ee0b4382787ea142be
NaV,212,6,True,0,0.051592378426928154,0.12842500837611895,-0.042185144014317055,0.0011471445464992236,71c29a0c537ef8eb76346b5b7fd206878b3ac5a05f53dadacbac2c4adda67a33
NaV,213,6,True,0,0.03578939940478273,0.08788178054574697,-0.007940054309558686,-0.02587448254880842,e2a85d6206e797d9f31dc2c70adcc331d1a1552555f36ae36569f696ba14f9be
NaV,214,6,True,0,0.058009523063569185,0.1440390185003805,-0.018662766666458497,-0.010706682433989645,8adcc0f6818a706b8b44749e3776fdca1d183309d13589af6ef0a92c9d0e27fb
NaV,215,6,True,0,0.046854464824573595,0.11157365464252551,0.00853106109951507,0.0003823815154997412,6f21c3580ab95cd5b3309ed281bc18a94ce54b5b467e9470da1492db73cbab51
NaV,216,6,True,0,0.04320986198296765,0.08788178054574697,-0.02016466841668141,-0.009941919402990607,48684f7abf42f962e79d18f3ede8d5acbde29625dd844e95a4e5c926b5849c45
NaV,217,6,True,0,0.03052157265999714,0.06582624505708756,-0.02728461515274394,-0.004206196670495821,aef2db1e48899c641294a94a0e23471fab257f07d7e877061c9245997323791f
NaV,218,6,True,0,0.03563723912217557,0.05951932293770035,-0.00739594599991289,-0.014530497588985725,aa0ccad1aad3a6004081c2b3e9c230522a5700f4dda5d5596f4c751db5c223b4
NaV,219,6,True,0,0.03008683144219282,0.05796013859084248,-0.0038607872802312038,0.0028041311136641767,62e5f8e2d75167249e6bf97411edc41bd1d04cd2f534e4879e67f618ef3b872c
NaV,220,6,True,0,0.0423408605186745,0.09060175505754746,-0.02681415833818246,-0.020776062342146462,68fea486fa186755cd42a74d2dee0d90746ccc7c46bf8b1a36d470a292d2db51
NaV,221,6,True,0,0.034758033264426245,0.08662099628065675,0.0131265284154638,-0.0040787361653293885,c0ac1352d3d0d7deb560ea583c1e2cde170e9b3c6f50774446881e4f03c28ca7
NaV,222,6,True,0,0.032384199101881575,0.05397104239212837,-0.002987308433068936,-0.00904969586682447,bcfb0d67c20137dcd062b8f518adcf41f04f0f3e51c2afaef3c50be309f74f76
NaV,223,6,True,0,0.051183441147364256,0.10839061718614013,0.018228913265188496,0.004206196670496265,65f559324dfa1772ea240fa2295da928f863d8e6222814f09e100c3ef7dcf875
NaV,224,6,True,0,0.04439166763206731,0.10882273101035064,-0.016032244036916055,-0.011471445464988683,dc9bd60fc02e6f216b97fb3757b814406eb301d778497877be3e9b60b1e65a23
NaV,225,6,True,0,0.03038812932320845,0.05716085088576301,-0.02305003001966055,-0.004588578185995562,3d2c7a25e9ab53ec5c00fe77822fdf06b89f02de45eaaff4fa7684d44985da67
NaV,226,6,True,0,0.03922719844434231,0.09142365309352325,0.0058007139091134086,-0.007392709299659739,c97a77592c8ad6dc4e556b68fbb9ba11d31abef093e8fd8a3ec82b2704f64618
NaV,227,6,True,0,0.02511716496774972,0.05741601952418476,0.009534712981181581,-0.00713778828932643,fd3f67749a7873ac9968170151eb9a095a4e96596435a7140670ab02edd15ba4
NaV,228,6,True,0,0.0437596897111095,0.12059395711759363,0.00880648361799885,-0.01784447072331652,508690e2bc8dc3ad87e9ee7686c5eda41c35cf9a6668b721ed69ffd2fb210bac
NaV,229,6,True,0,0.034823074210638995,0.11004831662291784,-0.02937618244462259,-0.0008922235361659148,94455ce4eede34275bca7be8f6bac8215aaab22840246e061c50465c2a9a80ea
NaV,230,6,True,0,0.02995214520318622,0.10371060129142136,0.018175341137645518,0.009304616877157779,5dbbc56ff8d0d2099fbd50c4015cac5e192dfd08ece973b36ff17c5f885e085e
NaV,231,6,True,0,0.043110231532894026,0.1405830125217426,0.03504058083006245,-0.014785418599319033,30ded40d24c7fd445ec91c81412dd28941d4ef852f3cf1cbbed0c04b3631cdb4
NaV,232,6,True,0,0.05503117189006094,0.12074763577966907,-0.028230181063338522,-0.01606002365098469,828cf09c1f823139a13817f43ff86badf37e8ee29600380b30b67088fdcfe984
NaV,233,6,True,0,0.04752070467471802,0.10518739416581563,0.0009736884680218161,-0.0007647630309994824,6fae954c271c9bd614c56be0e01263667cea10fb2010e316fa305c2b922051bc
NaV,234,6,True,0,0.03942636065265624,0.0804938861898726,-0.009493889879206963,-0.008539853846158518,9f14c7d4bdd103b02b7f405eb0ff9f774266063ed21b6d47f8bca911343f5c75
NaV,235,6,True,0,0.059461253249211914,0.165687561337557,0.028750534978093212,-0.002931591618830609,5f8ef9e929a77c11d2da5d903612c60de981111fffba43652d17b0fc3fe51209
NaV,236,6,True,0,0.048843513073846045,0.12074763577966907,-0.010833022386960822,0.001911907577498262,23b20df9c4efbff8d680fe6336daa510aa4aa43d3ec9532113e427c3a9e401b3
NaV,237,6,True,0,0.03090676751150344,0.07980616414501371,0.009211549849549083,0.010324300918490126,bf505306e37165eee1caa5083454c540d4aed3a161e1b2481c14c10067c04cde
NaV,238,6,True,0,0.03748767788660046,0.10953433426352202,-0.010612631675833484,-0.01580510264065116,eecc895c43b977d856e3cdf413017f1642a255b017868bdaefdf2d6430f20c82
NaV,239,6,True,0,0.028232206340287332,0.058585271767274294,-0.0036639814608134813,0.0,ff35ab88f167cdc8685f1cdf83da0b1919768848f7bfd411aa32a4b70c4382f1
NaV,240,6,True,0,0.03496834192342058,0.05889146103938972,-0.012035279714556424,-0.01873669425948199,a8cc369b4914383a496f1cba78ae7b3fa07332898c1acc9bca10ce057818b14b
NaV,241,6,True,0,0.04183899800984891,0.12752167171736534,0.011797861285572253,-0.016060023650984467,3696faf3bb40fdc290eab33157cf987522596228871f2324facd2b1cd565ffc5
NaV,242,6,True,0,0.043913509089744736,0.09844575593769574,-0.008585078624345543,0.0034414336394967826,ceb0f4ea1e04a5acd16b7e1c23d3e79d2d3d2a9993d5cfc99734e39be2a03c2a
NaV,243,6,True,0,0.0582182715425368,0.13211773110282976,-0.009659626626344675,-0.0036963546498296473,53e959be3995893e1d52c32534b17a7ae2cd988205b1f455b8d3893bd2a8481c
NaV,244,6,True,0,0.052293037128584206,0.16942826520871607,-0.03197443816892709,-0.0012746050516652119,748fbdbdcb24e4b6f4ca41e368a2fbfbf2cedb951564c9720e39f00414e8ae92
NaV,245,6,True,0,0.04018862960620368,0.09979702085069202,-0.007074641847199636,-0.016314944661317776,7e9b91082366ac1067c5cae811e777e83b24bb847387a6b925d005db7a00e5c2
NaV,246,6,True,0,0.04577654053582631,0.12108567317427019,-0.027045038744288208,-0.016824786681983728,b20f968921476ca386b2ec54a14bc304320f910d69896552236cc716250c3e8a
NaV,247,6,True,0,0.061341831689276184,0.16383661261164606,0.011297922627976131,-0.028551153157306164,ba40be2cb78f23867c6efd4ed78e13c186ae109bccea5772ab771604aea4f5e9
NaV,248,6,True,0,0.03828097849178897,0.05889146103938972,0.012475822017667948,0.0059906437428276504,597a7bdab98a40bc92fa54310cbba455d2082b8bed0bf1909fad3720d9611781
NaV,249,6,True,0,0.041075571543189214,0.08448310144356017,-0.0034480209835150433,0.00968699839265752,4a212ddc6b40c6965f26db3fd0054ba54c27af624d88ab65b0cbafddc6c5fcf2
NaV,250,6,True,0,0.038803287793903726,0.11023486966486598,-0.019293279571916067,0.0021668285878311266,2bebc1426ac48b46acdead4f4931d910875d17ab3f5e6dd01a1c99957d9351a4
NaV,251,6,True,0,0.03514618189570634,0.06664511312233629,0.008324100915563015,-0.012491129506321474,176f13e81066ab82b4050fc70c68b16bb516aef5b92bfa34b3d2a4955dcc38c8
NaV,252,6,True,0,0.03825265882980392,0.07700690738318236,0.00011342436888361895,-0.011853826980488869,ce443e304a65be3a47acacac533231a9eb0e561ac345b02d4d372bb669efa85f
NaV,253,6,True,0,0.044023962700501684,0.08028279282785616,0.026827845227988867,0.005098420206661958,b1271f097470645682f5278c4f1a87508a4b472186098e65e0a56b161c9f8d6c
NaV,254,6,True,0,0.04032553719181043,0.10956148584805615,-0.012275533434982666,-0.0031865126291634738,a27106fd9bdeb732c616bf9fc14c21d204be83764f51d43c2d7889960486b1a5
NaV,255,6,True,0,0.05247900233446708,0.11449836519738889,-0.010856845182977803,0.0008922235361659148,22ee511753c69bc20c8399fad8a1718ba6c0470054a473708d8df1a937453a35
NaV,256,6,True,0,0.048024432490212175,0.1009556447958483,0.005589652548085855,0.0020393680826649163,4b95ec21ae926f56a7a49c4fe5de7ea4067bcd4e55129d5e9c03545d2d5901fe
NaV,257,6,True,0,0.04275821898980226,0.08028279282785616,-3.317306822414601e-05,0.0015295260619987427,4a944d40b7aee27977fb396365c38190a5bff0f76bc909878264a096d9618eb5
NaV,258,6,True,0,0.03131247786939712,0.05460719268375377,0.004748080497003038,0.007265248794493084,3a394a980259686e2091e3d7d515c11c3d3fb173c67cdda0bd4339f47c81f9e8
NaV,259,6,True,0,0.043335586956670086,0.09979702085069202,-0.01619543143471991,0.016569865671650863,0d3257970b5a7075fc867abd2b5029d8ef0ed9eb545e8843b38863f15093b767
NaV,260,6,True,0,0.039061920051542985,0.0921978344751905,0.031067172640810936,-0.009559537887490643,c7e3feb270849b068131a53bd6077b4814ab58cb5782a4dc3cd99e978872a89a
NaV,261,6,True,0,0.04622150499299212,0.10702607483928395,-0.021110209973207894,0.011726366475321992,82c29a850f8a650aca9eba3fd072067c030c86f5e66f861c5b7f2d0d114ff132
NaV,262,6,True,0,0.042731796026309325,0.11023486966486598,-0.021689835870172924,0.0034414336394965606,385342da90793750ccb7e0f8a90d042be6371a67cf023cea7175d799f24206f4
NaV,263,6,True,0,0.04320235057803993,0.11687437201501462,-0.028390338591509634,-0.002549210103330868,b567701b4023fadd2ad4cb235386fed4246ecf3d1eb37bb281e442069c63a994
NaV,264,6,True,0,0.044695891863618796,0.0921978344751905,0.010130629632955523,-0.01389319506315334,e66b99404d6e258f8735024e121f219ae3415de61918e409b4bf7932f22e3f68
NaV,265,6,True,0,0.04108008913123923,0.10716049384515228,0.00940436416446877,-0.02064860183698025,eff2f9aa314f0af2895b9a2520418cb3188348cb95b729062fc012cd8823227b
NaV,266,6,True,0,0.02271999019633082,0.04687045429059418,0.012848073656855252,0.0038238151549963018,73f663f4d5e2497dd6ce8f6d6fc33d4616d96f71cbabe5e53639e794375ad176
NaV,267,6,True,0,0.05625490797397866,0.16370979633198518,0.012581861314376663,-0.0005098420206661736,1cb6d8ac528b07b2dc4716d502cf0d19a4b184ee6f7ccf7390bfb1d6bbfc2e8d
NaV,268,6,True,0,0.04240963049994942,0.08972499618726065,-0.013900700703531443,-0.0030590521239970414,3c71d175f9d48f8eb406bceee0e49a5ab3407082d080c609118733176ce6d1b9
NaV,269,6,True,0,0.051333000486956874,0.1678199249716693,-0.02110603822769641,0.0024217495981644355,9167b74aeeff30baca84b0a8ef732d5664e1bd525557f3ab3b9fc8b96c7b28ae
NaV,270,6,True,0,0.041847672834294865,0.06727336567434535,0.007718431428141548,-0.008794774856491605,78e718a0cc82e3382e15d006ea0daf97a8868f652be052f1450fe1cac5a3f3c9
NaV,271,6,True,0,0.034632414782513804,0.09280403490059867,-0.016380987638171973,-0.020138759816314078,a7b0546ba74d237a3f4d37baed450be83a5f32d2e7a8715ebae1220ec333906b
NaV,272,6,True,0,0.04196492518159065,0.1048913570937925,0.015117926706681883,0.009304616877157779,13526972b5bcfdcd126ac38709e5c3fffc3c3275bc332dbe9376357ef8aaddce
NaV,273,6,True,0,0.048330897431999996,0.1718428471463477,0.03218953513592515,-0.03071798174513729,4dd30dfa89cacc55ae3f83a4ce8e546e8133adc08680d40ca933bc16b609a117
NaV,274,6,True,0,0.04040606152264089,0.07700690738318236,0.0023341568626606968,-0.0053533412169946,4de0efb232ed36588dd2aa830a34b1d429152d0c31b57424a9888a568e151971
NaV,275,6,True,0,0.03954883262988412,0.08788178054574697,-0.00876985483256787,-0.01236366900115482,17be599ffabee7b049b90da439d48278585565f773f84778187141a9367423a1
NaV,276,6,True,0,0.03125881583159698,0.060700921827561705,0.006346010749218145,0.003951275660162956,a5ac2991d64a44e2ccd9cc8de49daa11919ac6f0afae2199d546f0c2c3d1866c
NaV,277,6,True,0,0.04485706298368048,0.16697999894573198,-0.017032049183481,-0.007775090815159036,f4cc2662944c58fb5576253ad285f3ba7ca9c8c4c4f7e88e14b8f2f96f07888b
NaV,278,6,True,0,0.02907222185881202,0.049151027228423246,-0.006396403578353471,-0.0026766706084975223,70fce3f4d524b4251a16e09714584d29d428feb0184e8f6a973f1463e46d23e0
NaV,279,6,True,0,0.043038710638091275,0.12960578517270718,-0.0191347011487617,0.0026766706084975223,1970c9ef0b6ff9179411f2626c36a783edac4f618abe7997a29a00255a2947e7
NaV,280,6,True,0,0.0347294970049413,0.09692671962042013,-0.029526720813976448,0.0021668285878311266,fbf0b15bc291cf499a517e3948396f40c1919884ae41b973301b1399341974e7
NaV,281,6,True,0,0.044431879587127465,0.10716250809707782,-0.014722947500017458,-0.015677642135484726,08cb895d829bbb05f6852f3d75d512048289a95234197eb281164a48570a96ff
NaV,282,6,True,0,0.03468080836255116,0.09844575593769574,0.025308303133997567,0.004843499196328871,87d56baa94d8e2795b8ab3d0a0d48728338ef17aaaf15237b6349275a67cb9a5
NaV,283,6,True,0,0.045133942641394816,0.17377264453972127,-0.03517783438722688,0.0026766706084977443,1b9da7830b0bcee70b97f15a57f64519f4e4a20b58a0078efb19cc70eb5a7098
NaV,284,6,True,0,0.05206958894603992,0.09692671962042013,-0.0006907003412763846,-0.007392709299659295,5d1ba84209b8fb54e4ee6d73f6696a4e75fa174cbcf8cc5f61d48836ee85aa5a
NaV,285,6,True,0,0.04377152916482499,0.09101484635833001,-0.01113911903277054,-0.005735722732494342,1de78e2769f9b9bd438ea88030d57d974b9333e2ef06a5a133b98b1f25df122e
NaV,286,6,True,0,0.03880275746568145,0.12074763577966907,-0.033019641625612106,-0.00981445889782373,5993790fef906d5f55b2f20acf6a374c1fa51cf7ae2fe130fc95a1053c2a4f21
NaV,287,6,True,0,0.03714858950408934,0.08346331489639494,-0.019543988997885453,-0.019628917795647904,c5b48e709001be62be063090a953818d9c45cfbf6f6a5f423918db829516afe6
NaV,288,6,True,0,0.04750320516773402,0.11891535320058254,0.018140938495698755,-0.02064860183698025,5113825110ded318460550e9e4a5848f9360e3529aa54677ee571d64f28874fb
NaV,289,6,True,0,0.051673624607207064,0.15295273481193025,0.04526945246014291,0.0059906437428276504,7b7abbd67511d825796f0cf4111f78c3c4e36943c160d773d0be76cc38fb5172
NaV,290,6,True,0,0.060742337853353257,0.17377264453972127,-0.021719166334984052,0.01159890597015556,9d7c58685aa92d8bb8365a1305eed9a4ae1473a74a6f12365cd66f063d935693
NaV,291,6,True,0,0.04737699259755848,0.11086366192100353,0.011140234192642984,-0.0031865126291632517,45fc5bb0c8a93314751ef0db29337bdd71e126a409f602dd5769575ddc5daf9b
NaV,292,6,True,0,0.03537058840627935,0.08788178054574697,0.0038869808649841797,-0.02358019345581064,2cac0f3f9613328c5d26dd03c5317423113b3c4465d3e79ed960ac7170868fdb
NaV,293,6,True,0,0.026816207768940812,0.05900255506382067,0.009091088353262888,-0.009559537887490643,24638ac20b8ec327d638e62ec08a6e87d00597d9bd0255c05238e79dab75f59c
NaV,294,6,True,0,0.034728050745755294,0.05796013859084248,0.008432187116875767,-0.008157472330658777,e3e2eca8f23ef30c359e29a3b028c3242d431ce9216bbae1c41607d06678569d
NaV,295,6,True,0,0.05387852991879613,0.1179197983104904,0.006175489388322353,-0.018864154764648422,fbc790fa7fb2ab6ecb32a7600387bb3225770dfd31bedfdca3ef047614e91533
NaV,296,6,True,0,0.031991270473308,0.07700690738318236,-0.004422837808296887,-0.020393680826647165,fae81c11504b7f807401b6847af15922c520d5e11e0abd7777ecfb5998e90d2d
NaV,297,6,True,0,0.052638488271918825,0.10956148584805615,0.00408465898806698,-0.003568894144663215,6821e0f28b987705a6354dc35d72cb237e70555652fd66fcff854c9bcba56515
NaV,298,6,True,0,0.03774514945517045,0.07591371597076713,0.015571719040031518,0.0020393680826646943,5b40b5f79c877c54982a4eba80f35e03e05ed4e0929b15e683389c096e163839
NaV,299,6,True,0,0.03158300713611204,0.0574531223569689,0.005547845726450618,0.01606002365098491,335af941ae88ebaeacda6423aea27caaa8f6118fb2651c96b07f30c7960b3c1d
NaV,300,6,True,0,0.049716061042451944,0.11891535320058254,0.015106192484537706,-0.03683608599313137,b6399a4401b1ce2d75d145280e1afd28f94c56302d845beaedbfedebd01af6ee
NaV,301,6,True,0,0.05183434340246839,0.11891535320058254,0.026945398705244816,-0.03415941538463407,52dfe6049d0c915299e3f2d367f365cf4c30aa4e8a33348c77e44c12c1461492
NaV,302,6,True,0,0.031812473292456386,0.07980616414501371,0.011730888745706158,-0.00446111768082913,0a6cdbf7e772b0c781d01c84e0235627d941bea87e4c537de6e784cf18de5d77
NaV,303,6,True,0,0.04921753858598175,0.14130231191088266,-0.03141618285295866,-0.0010196840413323471,54ed8565bd2d3086bfd73c3dea4a600503a50d4d57744b147464e8ae625c9ba1
NaV,304,6,True,0,0.0423160622941616,0.13799852140944094,0.033224238961147456,0.01580510264065138,5b71d1480eab0d885dbe214cea57749c460a8040d7739ab1a0405e37c84e687d
NaV,305,6,True,0,0.03934762867839003,0.10658284741715392,-0.027074000307708346,0.007265248794493084,139732142afea891012f5783dd6f3bbdf7fd3c6be03690c778fc6b3915fbaf7c
NaV,306,6,True,0,0.047994573883926646,0.10398907423549104,0.02806625516494199,-0.008539853846158518,3f63ec53311d7d980a215653347fb8daee6267ac9befbdfba667c26c7aa38e6f
NaV,307,6,True,0,0.05208445845966011,0.1405830125217426,0.007190292648726615,0.004970959701495303,a053b0adaf4929e1f36bdb7ac3a328340b559f3287c5f6b2b426c7de322efcc4
NaV,308,6,True,0,0.04097882656064478,0.10658284741715392,-0.014696379135202609,0.015677642135484948,542ff70c25f25d7a3293e5c17880139393b6fb947d271c4dd30403086b7ff741
NaV,309,6,True,0,0.05210337004132059,0.11023486966486598,-0.029943704842227747,0.01720716819748347,3eb0665b60acc4c382e7b2ea8e717072fe48e7682d6f3e59bc97a0308a938d1a
NaV,310,6,True,0,0.04975664257123682,0.1405830125217426,0.023262146072281054,0.0019119075774980399,55a88f7b6d7b3e07ede995f3f01d7b2db482e263c1760f2a53bb057339340671
NaV,311,6,True,0,0.048561272550192436,0.130847393413204,0.0306131503465481,0.003568894144663215,aa873c541f2f956c1c6656082be2cb6e08ff5c58c5dca3de3a680e73ed6635a9
NaV,312,6,True,0,0.052232935975613626,0.13394628333172104,0.04014471290731292,-0.0021668285878311266,b46e5c4357e1adcd2fc3509b22d5cd86800a1823148eea62e20ffe8b9351445c
NaV,313,6,True,0,0.04246041760202283,0.16370979633198518,0.029086346199771462,0.0011471445464992236,d91db7966a892c101c4fbfa8ee266a87f50665162988d14ec732d1f29bb28cbf
NaV,314,6,True,0,0.03831800167406794,0.0617299401486916,-0.002378134287455591,-0.01236366900115482,cecad805d6aa385f5318d0d381499d6166dcf0ec2f8a25fb79f44431cd7511e0
NaV,315,6,True,0,0.041492017018500874,0.10555843169525822,-0.01568490044086812,-0.006500485763493602,7d2a4ae2e73a56bc5ff6e4d73275ab6de8cb351458f62bf3d297f1740829c889
NaV,316,6,True,0,0.0392592911075022,0.06263451106232339,0.03284916317467501,0.003823815154996524,4e5d73d75ad39d7157c788f2bd9d8a5f358d23a4f57813ac61539a4bf33011e2
NaV,317,6,True,0,0.05772949958426483,0.16942826520871607,-0.025597191613598635,0.018609233754315557,3016678c9638d86e5f4490dde65e4385f224fd2bcc76e074a6362096045b1e94
NaV,318,6,True,0,0.03799297211533057,0.0578066009735729,0.001435657829072401,0.0010196840413323471,b8c903aa8ed55ce380a59448c74cc79db37dd4d6f31d4477b69632c802d0c934
NaV,319,6,True,0,0.057783094015138155,0.11745930479359774,0.0008992517760384455,-0.030845442250303723,fbb6907d57224515d24c89f2b71acecae19117e50aa27ec608fa499cf505aa0e
NaV,320,6,True,0,0.05773304489394102,0.16370979633198518,0.05108636147566137,-0.012873511021820994,ead4f3967719d592e7124f1972129c47c77f68387df4ad77461a52d429f49969
NaV,321,6,True,0,0.04820406884795044,0.15295273481193025,0.01713240890153478,0.019628917795647904,e59f44d875ad016b89a904cf9924b682a61c020768b00d6d216dab52fef68d9c
NaV,322,6,True,0,0.053162352192802055,0.1126024276835479,-0.01559738612255157,0.004206196670496265,6ec4b5f56bedd090a52f4011088ccff6a7672f7c9656c3aeb11335b046ac45c1
NaV,323,6,True,0,0.05687653914977684,0.16888120543060528,-0.021407554718244848,0.024472416991976553,48d5e79de893b122e772082853d1b0b1b77778597e7e83faa5d1cbf80cb6d6a9
NaV,324,6,True,0,0.04774544124369449,0.11687437201501462,-0.02718442474781657,-0.011853826980488646,e4be4e8b21961d939167e9db59ce3c726ac8f95f105de34785a68a464abdf4a5
NaV,325,6,True,0,0.031184789853471506,0.056568468590732224,-0.009614535444012917,0.00713778828932643,3337d68ceed32663ae3bc9bd9ebd9801f009ed30a1937dd991bf942683ed3141
NaV,326,6,True,0,0.04605356216452736,0.12952116264895905,0.02172889144256729,-0.0026766706084975223,5c1a908668bfeba1464cd9ebca852dc4aa2f01b30a65d93af005873ce0e29eb6
NaV,327,6,True,0,0.03441102891412263,0.11157365464252551,0.009789513625922286,-0.0038238151549963018,6ee33b0356c0b7c15763fb4065e91c1ed403d6a2059d550ad4e83c2121e6d1ff
NaV,328,6,True,0,0.06085476472798457,0.1678199249716693,-0.01237203551402244,0.0033139731343303502,a827e18ed13056f86ee8f0ebbd778d351e6be360942f0737b4d449668854c552
NaV,329,6,True,0,0.047024853298227615,0.10365447223092779,-0.032381859661297696,-0.003951275660162956,7938495166fb9c2a6993de999d81199fb40dc1b59fbfdca31b740e18a7040261
NaV,330,6,True,0,0.04035754443585914,0.09628954512834134,0.0042901287028422885,-0.0059906437428276504,83121c43fa67a589d472fad6aec23da96f419e3800fcc467ef7f01dc714b010a
NaV,331,6,True,0,0.05316100972442042,0.11426602618721714,-0.04075862406958941,0.01491287910448591,8e18730be78e1b9539041638a3eef900e5bd95ba38add9f8959e4f354119b7b2
NaV,332,6,True,0,0.04014446489168718,0.09904003881628609,-0.009555855374389077,-0.011726366475322436,8eb8142e5702025c531193034fbc8d0412ba1d5b593cbdd87922102fbe5b3b5f
NaV,333,6,True,0,0.03785686485988352,0.1107834140639568,-0.013945921018243101,-0.00012746050516643237,1a9c6c571b40334dd03676d77df396f6d64a98a47be7646cbc8ee1bcbddb3b5a
NaV,334,6,True,0,0.02635791023710723,0.0633722324052362,0.00581449350826424,0.007775090815159258,8c2579ccd8fa20b101ba6b89e04ecba522423d20a949834ccf4281e69b313ad3
NaV,335,6,True,0,0.04254543158929905,0.09435181187782887,-0.005554739186278468,0.0033139731343303502,c19bee0eea344e445aede52a0d423eefe3ae539e98fc7aa6fe3a765e2b30a2de
NaV,336,6,True,0,0.057042171348809824,0.1126024276835479,-0.03163215080691395,-0.028678613662472374,0356a065e1a8fade6b9ded3495fc6d7420c6add70a18b7e6ce41c72395c4cdb6
NaV,337,6,True,0,0.04268002032496628,0.13211773110282976,-0.014912509492520432,-0.007010327784159998,dbc1427017c6fb0687be3862f224130270a270bb3adf8c754051452b02c7edde
NaV,338,6,True,0,0.025552346949016928,0.05227000515668357,0.014231038763821147,0.014785418599319256,696637c65e2a89cdfb309505154ed9bc7cc39ea4fcc304d395f7b287b0a07e49
NaV,339,6,True,0,0.028260745916320332,0.061320799356641004,-0.005774754574415342,0.005098420206661736,8c04d17fcf66b561f1a21b41ebea57591098526eb501677988c77193385fa8b4
NaV,340,6,True,0,0.04255798163941036,0.08875671675752157,-0.014390471314015274,-0.011089063949488942,96e4b691a960a69b36f3f8bc2a3d7d3b151075d36fd4b4f2e4756b6aa9a4536b
NaV,341,6,True,0,0.02707513785404832,0.04820538748858246,-0.0034385714261540024,0.007520169804826171,548bd34dea5d8236763c0e416808e894334805cde949e71f64be35188e594954
NaV,342,6,True,0,0.028151631665946166,0.05320049524520921,-0.008483438051726688,0.0006373025258326059,58f71e0b9c26b68e7d35658fc3cfc942e8d64a6a8346275a219f6b7f39f2258f
NaV,343,6,True,0,0.04328385820199026,0.10365447223092779,-0.014961030368717765,-0.03377703386913433,b94f112019e0caeab964d3eeb3cc1622cc5a6299515581572f0e9c808d65fa52
NaV,344,6,True,0,0.046645517709123174,0.12518008627760163,-0.024808791587200396,-0.022687969919644946,e3962ff2351254931678ce1f948762d495170bf1180102e4711ea99adbd5a0f1
NaV,345,6,True,0,0.046060232799296885,0.10518739416581563,0.0205105119637512,-0.00522588071182839,b7bc37698c11a07a7f1e835318b433d6559e80f80d80d36ed5419ba55a527bf0
NaV,346,6,True,0,0.04243265062344092,0.1048913570937925,0.009722028006348138,0.015295260619985429,c02a0c9560e0156176c946933eedf07bc3a1f3c561b0dbaf26faa08ed19a3fa1
NaV,347,6,True,0,0.04976750143063238,0.10067505897329726,0.038596440104190055,-0.005480801722161477,1d3d555102319e0e040f4b0abc5cc84a40d98bf798680400299b882625a6b8d0
NaV,348,6,True,0,0.043952420543777244,0.10716250809707782,-0.027022751306487347,0.0030590521239970414,86f8b99fffc55fbd06fd90043c5ad3c1ae736e1c25c370c0104e7348fc1141e8
NaV,349,6,True,0,0.038943922893705796,0.0804938861898726,0.022082522989746778,-0.01338335304248739,900750b230ce2980b56c7f0c1a4ee42455ccc0ea7dcb8fec9233dd34f2a5640b
NaV,350,6,True,0,0.050041927605687264,0.11449836519738889,-0.039646784377686206,0.00025492101033286474,2b684c5f5035368651215713851fb9e65b39a3ff7695840e99de48b26acbb12a
NaV,351,6,True,0,0.0486107692441955,0.12885941126638337,-0.01576390286573237,-0.01695224718715016,3664d2a9522b5460d633971c9f374a891163ca716740d5e3106d41b7c5c4e257
NaV,352,6,True,0,0.04904105474251713,0.17377264453972127,-0.01968527907177453,-0.001656986567164953,d8940bbed12dc78f93d6a4fd69204f5633089af4d4786e82707f71c4a58ddf9b
NaV,353,6,True,0,0.03853086684158987,0.08448310144356017,-0.010964253741019059,-0.008794774856491827,cb82b3dbbc6ac9ef9b3555db0db0e54c5dd3a195896596e52275bf01b2d7a59a
NaV,354,6,True,0,0.04509042569295175,0.09628954512834134,-0.023958247558622414,0.00254921010333109,d81c95cb1efbaf9dbb85d436377d109dbe54ea6f11ba250efd01ed0e99af8980
NaV,355,6,True,0,0.05332765001353582,0.10716250809707782,0.01068902327027299,-0.012363669001154598,5d571136f3594b980f656d5b06768771f1adde34ed1a5439f33184cbdc1a9138
NaV,356,6,True,0,0.039500859751962,0.08020964955443562,-0.009655190404863845,-0.007775090815159036,e7b8d4d8a7fecc342548cd7c3b1baa37ffa0a12719541bbfba8c0b2ff4145d28
NaV,357,6,True,0,0.04043443798992367,0.09844575593769574,0.015829540727574365,-0.00828493283582521,962557eb639c1bdb99a89c6ff53ab3d2ee08bac727b6adef27a88cf5f118309c
NaV,358,6,True,0,0.04757172277157623,0.1405830125217426,0.0321061971767731,-0.01682478668198395,e10f75bc795eae89be293b61988c048958486b04e8f1ca5686876af184e6bf7e
NaV,359,6,True,0,0.045492559703570946,0.11023486966486598,-0.02530264666772508,0.008030011825492345,2fffa635ecb21f217cb761c6e6a2c82adcee91e44005f2d2cd21da4e96dcb80a
NaV,360,6,True,0,0.050275832925827074,0.12059395711759363,0.006361918254968568,-0.012873511021821216,a75f7f2495007f39f3a12d496caa4951393137fe241994c5718e3277d32adc3e
NaV,361,6,True,0,0.04224117384845825,0.10716250809707782,-0.02809290166955969,-0.016569865671650863,f0f62e982225bbc122ddc08f627639771476b8c61348b78c5924437ff4f32abd
NaV,362,6,True,0,0.04439701447330041,0.11891535320058254,0.023549307282438203,-0.018226852238815594,f83c504d5c83d792a5ef5b2512fb714da6085605eaf821a14139af5b4ffc7c8e
NaV,363,6,True,0,0.03598780702833682,0.08346331489639494,-0.003018213236535283,-0.00038238151549951915,34696eeb02271754683468560e198f5f715da00d0e009023f60cf84d2ffdc8f5
NaV,364,6,True,0,0.039240811567291485,0.10839061718614013,0.019424551663996814,0.002931591618830387,793275006f0abff0cd7811d2bd18897f121d2cf42ec4dcf0bd704cf180db957b
NaV,365,6,True,0,0.031210906029261673,0.08573578721574694,0.003499163630418245,0.0026766706084975223,b133e96c1adc95df004db703e2af143a6d0cbc38bed016601737cae9aeaeb878
NaV,366,6,True,0,0.040691651232601427,0.08573578721574694,0.007076109937370845,-0.007392709299659517,00ca58eb3a9965db469cf4c19a99a6351487a4661f83bba0d0a2b79c046ad137
NaV,367,6,True,0,0.04839765006705424,0.12059395711759363,0.026050107032883574,-0.02510971951780938,72e7e60064cbe4a53c1e1c3c1741bcdd045b35100c33f51b9b6294266c54e751
NaV,368,6,True,0,0.053428571428007283,0.139419367870219,-0.017380692136871767,0.005098420206661736,807936da79711b42d559ce26bb23bb358000aa54c431c04816eb89e6554311a7
NaV,369,6,True,0,0.038001573665442566,0.10135828004604466,0.00737724633481629,0.01312843203215408,4bcf2ac8f4c706957efb354dfeea1753253091c1d351caf8ba5276d13e7ab6d0
NaV,370,6,True,0,0.05484565539832608,0.16888120543060528,-0.03938237961296598,-0.002931591618830165,7a4ad877eb9eb629511ea67410026269a8636c94e4eec90d809ef25fadd26654
NaV,371,6,True,0,0.0485398386584619,0.11004831662291784,-0.04364349051883232,0.001019684041332125,dc0507ca402fb22a55fd7882644b82f5aaf93d7f3ccbe9a5ad70f6c8a6a8e53a
NaV,372,6,True,0,0.03552799162165083,0.0889251794408749,-0.02299666530321609,-0.0031865126291634738,bfeb8c35a6350a44a5203b524748f02ad497644ecf63af835b66109917114f72
NaV,373,6,True,0,0.03982456563346349,0.10716250809707782,-0.020595549571017724,-0.013893195063153119,e73d395ab842cc3a39209e886c9f2d7464347ba97dde407c7c81401cdba6031f
NaV,374,6,True,0,0.03695927668595344,0.05951932293770035,0.003654201832193227,-0.01988383880598099,8ae22e53d46ac30554e0d3e95c1033e67dbc7f21b54da63ca36860b844f09e7f
NaV,375,6,True,0,0.038304382579915634,0.08028279282785616,0.007204147673629535,0.006882867278993565,4eaf5154680cf9255767bc6c2d718cbf464f59d59ee96d6c1b616c6633818ee7
NaV,376,6,True,0,0.04789951273060098,0.10956148584805615,-0.02779706551721217,0.004206196670496043,815a8bfaf53f45b9a782785696107248251fff6caa4daa44f89f4e19cd18929e
NaV,377,6,True,0,0.04066326143448439,0.09750059520802346,-0.020877760616813124,-0.009432077382324211,3f3a66cf158113d76ab7aa779bf222d1c812563257df8e32da24d0492ada41c6
NaV,378,6,True,0,0.030787021751755118,0.08573578721574694,0.0033878966193010562,0.00012746050516687646,3c7e9ac38c71dcd588f064ee2b2c1393821bb7795eaa7f75a03958fe7c4f168a
NaV,379,6,True,0,0.04949118630133283,0.11449836519738889,-0.04661655605816728,-0.009304616877157557,99e808149347013c1a571f80e976bde4cd0ffc2002f960fcac9d75e2a99d918d
NaV,380,6,True,0,0.044843615772556744,0.11426602618721714,-0.02429397641879305,0.01312843203215408,4bbb2a2079694c78dc4a5f3759bb2307e15954ccc9dc013155d944a4660ce7ba
NaV,381,6,True,0,0.04112843629883423,0.09750059520802346,-0.017134909273049725,-0.020776062342146684,d84c90058ccef3f0410c5d4a9d71a4c1e7e8f7fe88d047c71002553177529606
NaV,382,6,True,0,0.03163995956778984,0.05388075916617074,0.008709006992445145,0.0053533412169948225,f350ca7909009ad91e5ddc8d59bd693545a826b4d756ca93f83251ab296b7d72
NaV,383,6,True,0,0.04232150724571846,0.12074763577966907,-0.013819119028571691,-0.008157472330658333,89f94782fd84890f45ec06d7c393c9c84c2a83b8f4a223dda0dfa93fa35afbfe
NaV,384,6,True,0,0.04615008064397979,0.09844575593769574,0.01890716397672154,0.010324300918490348,d81879ea4070dfd30cea5061dd2f4f4e2ec328a96ac47c7125910e17ef484c76
NaV,385,6,True,0,0.04198701961349268,0.10953433426352202,5.947747790968627e-05,-0.025747022043641987,8c83a97e3698d9aa398501125768f6089522391a797989f6223116feacf2967a
NaV,386,6,True,0,0.02917133682416512,0.06000956576076645,0.0020019867068232777,0.0036963546498296473,718723ca13f9e200c2c296264b4fce355f66c3baed67bc1bbf752ac88df1903a
NaV,387,6,True,0,0.05423428834008966,0.16942826520871607,-0.02287845331024485,0.010069379908157039,2e860a42373f22f4e0869b984ffc30a49afff4f87ef50a3379f05597117bb1ec
NaV,388,6,True,0,0.053773231329528666,0.13799852140944094,0.010467291320517713,0.0034414336394967826,3fa929d73896371f8a90be02933aab014718e88dce37dea0ec1770ca58bdbc78
NaV,389,6,True,0,0.0427662145182121,0.13597859432316858,-0.011540262425052683,-0.011853826980488646,e068bcaa3f6de379dfd4d5196896415370933ba422656df7000bcbc047a7c9bc
NaV,390,6,True,0,0.039273395827746096,0.08020964955443562,-0.014809675482768458,-0.01274605051665434,c0fbb611bb63ce49fe860f2ba5f7dd40aea3c3996e88868aa49207b936a099b9
NaV,391,6,True,0,0.04805811450420048,0.12960578517270718,-0.012258378505970224,-0.009941919402990163,624a1ce78c7c8599304594f8c93dc64c4dbe5cf4ea5d6972954cbd270edfa789
NaV,392,6,True,0,0.04129366397935013,0.10555843169525822,-0.011338349661650593,0.006755406773826911,188d92c7c2fc2710151725022af30236e027a685b9023c9ae223c997560ad82f
NaV,393,6,True,0,0.03933380921398335,0.09142365309352325,-0.009381780719486255,-0.018226852238815816,6729652a9c439621633ad2c61ead0c9224d8a4195d6b00e714af98507b7ca366
NaV,394,6,True,0,0.0550529370459232,0.16370979633198518,0.025562008835732453,-0.0034414336394967826,4cc8b18b1d7d05b5f85dbddeac00262a1fa17f30ad14bb540dcb1689b233ac26
NaV,395,6,True,0,0.02758644313020077,0.045242174151374014,-0.009929085481042543,-0.022433048909311637,18ede6576dfea5febe25154ba62ec6e5e3b1c4e895da177b39a88df3844cd064
NaV,396,6,True,0,0.03596281315833524,0.09113173698615022,0.02116136654599443,0.01045176142365678,a9611504347d76de1ea04d2ea4d3d4075e46bcea2e05c1f6662e99abfa8f889c
NaV,397,6,True,0,0.03319373906070858,0.057370712209405345,-0.004308147773859128,0.0007647630309992604,677225329121a989ccd6917502b4d366bff178e8d744338576193fe32f31390f
NaV,398,6,True,0,0.05778949372029977,0.12885941126638337,-0.03435216475136649,-0.004206196670496043,4fa489ec274c089448e54fcdbed458a4464a1f2f53b99edefade873971ef5075
NaV,399,6,True,0,0.0460708101221558,0.09844575593769574,0.021747264371270614,-0.0036963546498294253,87f1f924e17bdff2fc774e9777fcb5fdf0da6685a80ed5dd1df0726c43c397b4
NaV,400,6,True,0,0.04340383787631035,0.10886627638750657,-0.001366284009284735,-0.018609233754315557,daba9f6cef778d6547fa011fe508b6103777f89a8b4f1e77447ae698577dc4cc
NaV,401,6,True,0,0.028839352725955822,0.09280403490059867,-0.011132323932939503,-0.009432077382324211,c983bde3e55b7cc2e12b28088b63f2765ca676fb1706af48b2affafadcd3d424
NaV,402,6,True,0,0.042116692490821006,0.08448310144356017,-0.009036508394097753,-0.008539853846158074,9781387891e4ca8f229d12adbb36248b47bb2387fb5949dd4addc162dfba0615
NaV,403,6,True,0,0.05090201569709495,0.11891535320058254,0.01249123298467536,-0.01835431274398225,5b3d25fc527b34268eb80f646b056a49c858647428567c8ec57518c1ccaed4b0
NaV,404,6,True,0,0.041763838760032174,0.0889251794408749,-0.02490754893527969,0.002294289092998003,ecdc25767f6ee8bfab95924cd6d3f5cc5df689204f7cc1b4a2f94cc68888f9e5
NaV,405,6,True,0,0.021545592545549528,0.03869359417958642,-0.005366677868897662,-0.0021668285878309046,ced4e33602af97c7fe483b462e66524bf1f1da6908b2f58abf5a5df2ba391ed2
NaV,406,6,True,0,0.042883754190662225,0.14071297770618668,0.015716907026708915,-0.004206196670496043,5829e5fd197b5d45053a1db1aaaffcfe889b22e93514fb93bf217bb51c11e48d
NaV,407,6,True,0,0.02990579667928237,0.060700921827561705,0.013003777782409465,0.012236208495988166,88eac588fb863ccc262a37af1760d2172bde4426456a67612d9c27e68bd2a6ff
NaV,408,6,True,0,0.049777591930765856,0.1179197983104904,0.019490549131556012,-0.010961603444322954,3234fd329569e0214d1074d703e4b00a4c6a1d31de676f53f5de6c0f1a373496
NaV,409,6,True,0,0.02803741537066874,0.05863055050842369,0.0009785860733049212,-0.011853826980488424,f250e2c52e3787e7a1eb370a41c84fac28dfd2f0494aa6b52188c95192b0434e
NaV,410,6,True,0,0.04130572449772592,0.062014476778798795,-0.00718925063262521,0.010196840413323915,d3d09203eed92f9b0a84d8b79926ecd86afd74c94854fddc4908ec628f342cb9
NaV,411,6,True,0,0.043982392610068505,0.1046637869097196,0.014281028793112105,0.008284932835825654,1757dc250051e5e5804cc5209bf640f71191558d293be9f1ca2e5d8de87861ca
NaV,412,6,True,0,0.04375524799678578,0.08448310144356017,-0.019331928292833478,0.027276548105640508,4b840f45ebb06eda100e5af9d6ac3c8e7c679c11559d140d738ef9bc7a38e878
NaV,413,6,True,0,0.04313698254426851,0.0889251794408749,-0.009860083749004378,0.010324300918490126,58cbf8a73377480fede20aada739b95bc8b9933cbc72ebc3f8a945175a304c65
NaV,414,6,True,0,0.052453790831716335,0.1244730413428135,0.048714268637884306,-0.0015295260619985207,f93f1734faba4dd123cbe92f9629cbe38e2fa19453923de2c9bb617aa64448f0
NaV,415,6,True,0,0.041535531969720395,0.07205875498680772,0.0141900074344532,-0.0016569865671651751,0ff150c5eead1a0de3851b29046ac0ce57faea03c66c38424f89c794bf5afcfe
NaV,416,6,True,0,0.05378478700778786,0.10398907423549104,0.03078425208351865,-0.001019684041332125,bf35dec2f26966f3a4f4b4b732cf0b35f93dbc5e5acc1f77c65397dbd81d7388
NaV,417,6,True,0,0.046039542501930146,0.12842500837611895,-0.03401806002082752,0.01121652445465604,a30c672c4041d840baf01f31a91791d01fdc2a219a8558a4e573c6e3fa178b11
NaV,418,6,True,0,0.0464051255878952,0.11745930479359774,-0.012896479794203053,-0.006755406773826689,74d74d73cfd4b52475e94a94f7d15c9c66d97d9af9c791213a715eeb94b72eeb
NaV,419,6,True,0,0.04118519254272012,0.1126024276835479,-0.036634919158996304,-0.006118104247994083,48bde8d4270e5c2fa17b5d0946767c2f685ae8390e258e0845c9df97723a3725
NaV,420,6,True,0,0.05991487477157664,0.15295273481193025,0.032079587782221974,-0.008157472330658555,084fde527f60c0814025092dc4ea8aed5125d1d58dc77a4b89c580a614135c4c
NaV,421,6,True,0,0.04278355308723931,0.12960578517270718,-0.005771865964635303,0.010706682433989867,e99b22b106999ad19647d29aa998e63841afc76c37797bdc79e434c4c0503a53
NaV,422,6,True,0,0.03295358021906624,0.0578066009735729,0.024137049155717794,-0.012363669001154598,0d6faeea984b9218c1887ac0b4e57e188f28d8221a3307abfcaa5df7abb6a81c
NaV,423,6,True,0,0.0333924792750508,0.0917570369946462,-0.029029115286180573,-0.004843499196328427,a31575b604c06f9de463ebcf82de81955ebe8ed8a3db3f996285ff8e114df02b
NaV,424,6,True,0,0.04851683405587665,0.11687437201501462,-0.013801942807535106,-0.002931591618830165,6cbd25e94a318b7531cc026d8a4c6c5afd744b632da462de1ad892f87454d1b5
NaV,425,6,True,0,0.025159829443040557,0.08788178054574697,-0.006246906490907644,-0.014530497588986169,289cd7000f5dcecfaa1c0377f5f683e9ef35734e023077125faf6c674d7793e6
NaV,426,6,True,0,0.05325751853913507,0.11687437201501462,-0.028862624647749024,-0.014148116073486205,31391bfe7ccbac66c6a7ce0e4af8fffd1d17dc9b683458a9e67460bd68a7d330
NaV,427,6,True,0,0.050735628224263855,0.10365447223092779,-0.012521518731395176,-0.006500485763493602,464ed3d8d2afc3b2fc4707595d8ee0aec06a76d7cd74928cebbfdf45d2e33583
NaV,428,6,True,0,0.055428745274577855,0.16997613848000426,-0.020907602961992122,-0.02587448254880842,a65e69ffa76a1cde2f8f1990e8adb57c2653801fb718e41eb8e0063206ec98ca
NaV,429,6,True,0,0.05437542983992776,0.12059395711759363,0.014151535519572267,-0.031100363260636588,ff4cec0cdfbf243ca1a0df94b342f06f69bccce5f0d763070542b40f765baa8f
NaV,430,6,True,0,0.038469885027422275,0.07980616414501371,0.002690616940398627,-0.00038238151549951915,a7c3e9b3b0ecc8a76021574f4baee3ce7bec122bb9f5d6f4e9392d2837ba4c44
NaV,431,6,True,0,0.03778990535141915,0.08875671675752157,-0.02195155154657802,0.005863183237661218,a3b42618e13a1121582f5dd9cc3fefedc29d149809bcf42ad8ea92ce82b43f39
NaV,432,6,True,0,0.036743414117508255,0.06246107045718141,0.013718928076546177,0.006245564753160959,c6a41585229665edc25af1bbb28d86895717701767edf2955b624856ef7b567c
NaV,433,6,True,0,0.04183322684881068,0.1196241549876689,-0.015735892891362235,-0.001656986567164953,032b9cd3ecda00626c4c0c16ad69ffd7bd854e2062972f863b41367c7186a76c
NaV,434,6,True,0,0.04696903948063477,0.11426602618721714,-0.013575306900790673,0.007902551320325912,5dab9102a1045337f40dcd25f59c79228bd29ff3e0b764759072be2bd701a952
NaV,435,6,True,0,0.029128736129484457,0.07155536423542294,0.013036975867127598,0.0059906437428276504,576240fc1209befe531596c6fa5f48ce0b79aaa039de32c860ff2b3a6e50a701
NaV,436,6,True,0,0.03868667884206435,0.08972499618726065,-0.0050792568411255345,0.0036963546498296473,1f55367c3e3eb11891429ca0f6330e82752ea460a914f9a35d1da9cb314739e2
NaV,437,6,True,0,0.031732575710119094,0.07980616414501371,0.0030986656336637886,-0.007265248794493084,6409c36f5f3cd4d31bf0b3edd2736b4a3620ef8c7e5d69a3fd3b800ab1ec2c62
NaV,438,6,True,0,0.03760288456479164,0.058585271767274294,-0.016975473270351538,-0.006245564753160515,f03df219c8258134b501516382c41e4a4aec1da7023b167c5cee922c26e8cce0
NaV,439,6,True,0,0.047728850129420484,0.10716049384515228,0.00513174532772398,0.0047160386911619945,7e7d1949692755d88faf6288f96b2291ecc2319d80f248b3ffe90ee902967763
NaV,440,6,True,0,0.03337087423454188,0.08028279282785616,0.0025123711496255474,0.01274605051665434,ac0e9d91aefff80c912e90d814c29b7a5f71902aed5b63f6d32e95bbb06d9b48
NaV,441,6,True,0,0.05276813883058195,0.12518008627760163,-0.006879597358101508,-0.01988383880598077,6f43e03fcbe1b63f180c6ef0c9f3143284c491ec802dcb340b4f4e2957181b3a
NaV,442,6,True,0,0.0419081205447987,0.09628954512834134,0.004038889779257815,-0.00522588071182839,e64a5020c49e23a7641d96122b10ccd1f67b63f992d29e005437d1280d215ccd
NaV,443,6,True,0,0.04543568206330592,0.09844575593769574,0.0016635848014132648,-0.010196840413323471,5c6f8feb70174c8574b69ddf0d587db09ab5864b4f550b760f1df1f9ed06e0e4
NaV,444,6,True,0,0.0367950639714056,0.0917570369946462,-0.01021827909160411,-0.011726366475321992,cd699a9e5cdfd2b07a284b0df3c5cad72a7f95835bd068be10e4a50f58af21f7
NaV,445,6,True,0,0.05783856392987044,0.16942826520871607,-0.041366350507534566,0.0008922235361656927,f804c9d25bcc36b0923abd3fb65a5daee31e3620cfe9c285351eb9127fe1ec31
NaV,446,6,True,0,0.0424905997705097,0.08766501518674227,-0.012470088366279164,-0.014020655568319773,248e0536ef60aaef365a12ace1c562c448b46811ef27d58e44d7a34b28bfec3a
NaV,447,6,True,0,0.03847425857058483,0.07337477378694975,0.005660551647401979,-0.007265248794492862,56252933aa0079c59bcc19c923aa0f290654fbf6107d413f1ef1e64b4d7a76f8
NaV,448,6,True,0,0.03970416465879472,0.09266178868133378,-0.0013435318676713326,-0.00790255132032569,1e01e7f82e101135104313dadc16148192cc5f545344ae4ad95d1fddfdaa0334
NaV,449,6,True,0,0.040742341041280224,0.08500415139259122,-0.022406625136848213,-0.014403037083819514,9b7156f63d02beba6e001adc03d984aa47079c46a85b5dcab1882b498552622c
NaV,450,6,True,0,0.05671007353076887,0.1678199249716693,-0.01227973326855425,0.018609233754315557,29aec0349647cf0b7644216927907b9f5898dcee936b308db070afad2156b3f9
NaV,451,6,True,0,0.021645922572945397,0.043496638337383146,-0.0012050008673099022,-0.009559537887491087,10c9652198d70a814eb800401b8f11fbe90953207b606d8c484534543f7f2562
NaV,452,6,True,0,0.03853160255289651,0.06047518089445461,-0.012430643111696504,0.00446111768082913,d8fdfa122740cd3ba26c9a50e0631172f2c7b7fb7d520d9c69416f82c86072ca
NaV,453,6,True,0,0.044927994765261596,0.1244730413428135,0.042325724358013295,-0.010961603444322732,f7c59825f9f7e117644d2d0aaf4ed237739f6e936ddb3fe5c143df239a2e54ee
NaV,454,6,True,0,0.029365948048282065,0.05894061863122138,-0.006270460441469838,-0.0015295260619987427,810636ae4a1dd4f3429f575278b1df30ca9f3f7d97eb02851ccb23ef9902e76a
NaV,455,6,True,0,0.039529398076235706,0.10371060129142136,0.02024977221819113,0.004843499196328871,87598c8dcb0af62a3a51b9681614d928a343f1ed0124d3ee6f7bb390aa651331
NaV,456,6,True,0,0.03187332483873287,0.07980616414501371,-0.001051951998973788,-0.004461117680828908,ef0a19ec9af88922924a42f5299acaea1f71ba2a898c73e5391cd7e9db391b67
NaV,457,6,True,0,0.04515572180753949,0.11086366192100353,0.011465100636115721,-0.004333657175662475,b71e203a3bd5c6f036053cfc084cf1d90a64afdc70160c3ddbd8a352742e217c
NaV,458,6,True,0,0.03471294563007786,0.06419138086944906,-0.006031851785574638,0.011343984959822917,062c92f93c3974eb8a380bcedc453c106158b36c86055604589a67075c607d8a
NaV,459,6,True,0,0.053857649715926686,0.10716250809707782,-0.01907589952853872,-0.007265248794493084,7334de8f6f2b48bfaacbd53532bf1a6218d9552fef7d85972e3cc0d70569b8c0
NaV,460,6,True,0,0.04061805593273712,0.10067505897329726,0.013592934433507509,-0.015677642135484948,d65bb7f8b1b02cbb6c7a41bd984a2ea9e8024f5b0b183884fbc4b69a1c4c129f
NaV,461,6,True,0,0.05577040565637376,0.13270490026431866,0.0006803259360772529,-0.00892223536165826,656f983ebbcba61a22bfebecc465bccab4e0a285c8091872fdee3dc83a31e7d1
NaV,462,6,True,0,0.039297103426774456,0.06727336567434535,-0.015185712205509683,-0.006245564753160515,89b5e18fcd4f71843a4d5ddef527158f251adfd3b0abe313a56e8f4075654cdc
NaV,463,6,True,0,0.045797437639280784,0.09230467982218311,0.014948641675712526,-0.019501457290481472,ec63c0a4f399a070a21742f0787b2c8514ffd5dc20d0925409cad0212b737042
NaV,464,6,True,0,0.036273735583237474,0.1107834140639568,-0.021282871830708316,-0.011981287485655301,12cc30d064f954861b7f3540c8e9671fb4e2a646a649b7d2deed46ff5f13ef88
NaV,465,6,True,0,0.040741919774778416,0.06494842880584516,-0.011050361852750434,0.0021668285878313487,d02bd66cb815757748aae848e92ff52d7dbff1b2c3efeb26e9c7dd15140379d5
NaV,466,6,True,0,0.03852062760043117,0.09435181187782887,-0.0002486544292383819,-0.011089063949489386,0c28e88ae8d5f26a567be662ce2fc6fbcfd369cfde22dd3b32958f1456880c69
NaV,467,6,True,0,0.05279735751637529,0.11687437201501462,-0.018323913624247457,-0.011853826980488646,2e3a898162cf9560aef7451276874f0fa81063f1956791b348eff2f16e32b159
NaV,468,6,True,0,0.041304327960997235,0.10163237640543914,-0.002578902193779209,-0.023835114466143725,405ff3259d7917f8820c11b6fc97268912b4950fb9b48c15cd5b06ec79c108d2
NaV,469,6,True,0,0.0497900427636861,0.16697999894573198,-0.025242824067351233,0.0020393680826646943,2245638b5709eaabeb321de4aef6f2e7dd58da33403db3eeb3502a2b66fff644
NaV,470,6,True,0,0.05244854386918174,0.12960578517270718,-0.002865028867119257,0.00828493283582521,58a4ca9e756d9d783e21bd3b9e85a89cbb58b6e336aa986dd46ff685208ca580
NaV,471,6,True,0,0.03920727646759587,0.09628954512834134,-0.021450092994842018,0.0031865126291634738,f0c195a284b4311d19af67c8d96fd3236bd9eb063091a7eca4f0ce16fe6d4037
NaV,472,6,True,0,0.04522200300103302,0.1179197983104904,0.01664671265549389,-0.0038238151549963018,0ba69f00c2f3bcd4a36269814b8cdcbd80f114562a378f60c62a430b7ba33ed5
NaV,473,6,True,0,0.05259408298336624,0.1196241549876689,-0.021973485114066493,-0.006755406773826689,5fd606ceba18a48505c52001c4a09e8f81551f57a49db255b9768b8693a86fb1
NaV,474,6,True,0,0.044717363539807826,0.08028279282785616,0.0010086344217725696,-0.001019684041332125,b9a43dd980a892d3615bcfbc78ca0277486dce245ae25ea14c43abb7fe9504f8
NaV,475,6,True,0,0.025358897992337554,0.05529954778712655,0.002285883810401179,-0.001019684041332125,32dc2700c4514486ce3a5eaba7e78efcc72cb30035bd010ce50de52dda634893
NaV,476,6,True,0,0.046552140302999874,0.13270490026431866,-0.044831638873091606,-0.0063730252583269476,3d10b44605bc4243d0d3f21537a8b20e7bd6c55dd34a23ba15da8055b82b7668
NaV,477,6,True,0,0.05512017546313622,0.16370979633198518,0.014200412854679545,0.007775090815159258,738109b9b7ec585e68d101b839dd65d8eee4a0b909766d1ea318aa49fbf9b21d
NaV,478,6,True,0,0.047426235061253125,0.12885941126638337,-0.02743574414310368,-0.009049695866824692,056bf37a7df320ed777b78185f3164b8249051bcf705bb226c0797b45a9dd4f4
NaV,479,6,True,0,0.0421115599560504,0.13211773110282976,-0.02281182662655734,0.010196840413323471,88dfb9bc691f30ab8abd85a719a77a5a925c40699c97a614d5d8e340266791ba
NaV,480,6,True,0,0.047573459594639184,0.0921978344751905,0.015568883204554629,-0.015932563145818035,5eccff5fb41362b438cd9322a33dbb3922fc51e165992cb9f1f963c6a1aeb9fd
NaV,481,6,True,0,0.03564780781073333,0.07957090279255247,-0.02442229002819163,0.0005098420206663956,dd64c091ff57026778d80af9090943ba9e17fa553cfe37af7e43df6592c0b81a
NaV,482,6,True,0,0.02274528182475344,0.04457435934984114,0.00638104560769337,0.007265248794493084,bc2c8e2d68650938d3100cfaff3b6931e961ffbbf2ec957ef525837f1f444d04
NaV,483,6,True,0,0.03354884895343216,0.08028279282785616,0.024317233674989946,0.0007647630309992604,5ed03d1b8331780385af85531018a2dd06e1ead975fadb7a610914e587bc68d3
NaV,484,6,True,0,0.03895725418790543,0.0695486007822715,0.021761849286222823,-0.02740400861080694,a23feaefeae4579bc1dd9d6ed064bb607393085ebe1657ac644f4e77b76e4647
NaV,485,6,True,0,0.057149591240921616,0.13270490026431866,-0.020980897461934767,-0.015932563145818035,be3885512f36e889a4d1895d249f2488a6e06b11188ccd9ca5a2ba1f88d134fc
NaV,486,6,True,0,0.053278931930346364,0.1048913570937925,0.007268190833466859,-0.005480801722161477,852e759a80244fe143985b8684660b8844681cc17ed24e1771f0d5efbbb5c98e
NaV,487,6,True,0,0.038929589814691724,0.0617299401486916,-0.021167986594952115,-0.015677642135484948,e6d6515dde26aa4d86b309811ca381973e5534c2b698fd399b93959ea5a137a5
NaV,488,6,True,0,0.0445303240406583,0.09142365309352325,0.010067315970446078,-0.027531469115973595,96b39eedde4a4d82374834bf75f11c42ccd74bead30d8bc89f1c83ae2a9c7578
NaV,489,6,True,0,0.03921478688611479,0.08020964955443562,-0.011326499181316674,-0.013383353042486945,b91a8be46966c42d928a65770822043e3799f2ed8c24cb16de30d250f97f4dfb
NaV,490,6,True,0,0.04111297573948202,0.08972499618726065,-0.0064357189200656695,-0.0034414336394965606,3bda6dc5eec19196258167e8e8276efa913af00245372ac3fa160f4649eb452b
NaV,491,6,True,0,0.04082906281002627,0.08662099628065675,0.000949270693523907,-0.014148116073486428,deee9cbf6a71e13f8acba4acd072d40b673af4ec63e5af2f4661d34db45b2b62
NaV,492,6,True,0,0.05371269901361308,0.10785114077179622,-0.0038325194609560853,-0.0007647630309990383,652cbe7cbdf0af329901abe8282e7cb9443754446ea2bc39a9ec736c2ca5641d
NaV,493,6,True,0,0.04339350562920655,0.0889251794408749,-0.035261321670313706,-0.004333657175662253,eb01197d97798ec9248642defcd9f9b42974d86cad0109fa9fc932f9c7dfe1de
NaV,494,6,True,0,0.055162945302291704,0.10953433426352202,-0.02928481687564055,-0.028678613662472374,fd7167adf5c4032770fe747a19a1c622cdbeb098c47b9385d8ecc861f86b508f
NaV,495,6,True,0,0.04356694665203036,0.07745772344150637,0.014244397864643155,-0.012108747990821733,c1ecb1331e38b267e71188897bf40758820c5f289fb98fe6a8c82c79776fdf38
NaV,496,6,True,0,0.04395945880769935,0.11972760854139157,-0.00641070801436916,0.006627946268660256,28f28426875b31d5043ec8eeabcc62e9894a7091da8a7255c20a4235760ed174
NaV,497,6,True,0,0.059643995737386594,0.1654087840654657,-0.02359071880311081,-0.01504033960965212,f0e9e8869426191e0b2da15d3b999c86cb2840ddcac0ee7bdb6bb60e7898ecbd
NaV,498,6,True,0,0.034774937066794985,0.09060175505754746,-0.02623217981393866,-0.014785418599319033,d9a4c5e69b9283b4b741e6735a672f447fd12c6da4bcf28755c40cc9c2aee323
NaV,499,6,True,0,0.02473698974959339,0.05451069996834714,-0.0023544403672171033,0.012236208495988388,911e2fff2b6c460c80f364c1be502df16dcbd7500d04e8768efb29fe2fe6cfc2
NaV,500,6,True,0,0.06174098311890428,0.16383661261164606,0.052103640436060195,-0.010196840413323471,72fadf0a2eb64c6ee1128ca791495a4b953cf3c1108b8a9c3aa2c3a6596513b5
NaV,501,6,True,0,0.05198883723149401,0.10371060129142136,0.009959118570067593,0.001656986567164953,897c0a5180da0f7e1bc6b05b353b6d25c62f681cbef3927a3922c55b0d8cd2ce
NaV,502,6,True,0,0.028179681714290746,0.06727336567434535,-0.004709795443229137,0.009049695866824692,ba65720828637d254e363a5299cd127f68cd7621e141728d048056aeff7c5aae
NaV,503,6,True,0,0.061259730272234435,0.14130231191088266,-0.03774982411642247,-0.025109719517808937,fe23500a4ec5b76efc19c824020f6e92b210e05b61e7026622443d23a04cb2d5
NaV,504,6,True,0,0.05434513095149582,0.16888120543060528,-0.013742016611522079,-0.006882867278993343,9b4824214450af72c20e1a170b4ea3c0d76149c6feb83dbb080740ee7383313e
NaV,505,6,True,0,0.03729139596718134,0.08791641178401906,0.008787987832348243,-0.010069379908156817,434079c900b18d1438ba5ac730618a89b9edc22ac77ffd36ddb3c260f30344a8
NaV,506,6,True,0,0.05232647578071412,0.14130231191088266,-0.0015132648765254775,-0.026384324569474593,1b6d0576da3bec85d5af5ccd73a764b2b3047eb9fd6166f27642eee0b0dcb30e
NaV,507,6,True,0,0.05198845195652028,0.13597859432316858,-0.030329640700551774,-0.0006373025258326059,da4f247c1f5776196b7822bc3a7160777a01ccc4062a51c590c28c1b284c88ae
NaV,508,6,True,0,0.05228631099858736,0.13270490026431866,-0.0336292113263017,-0.0014020655568318663,099114d940d93f9a311a6a148d70ee94685748bde25253144a59dc16025c6132
NaV,509,6,True,0,0.03840468661063065,0.08500415139259122,-0.010605621781174301,0.0015295260619985207,03a233a9802bb14609c4bfd44ffa035c0330a3c24ec6949bf63130e88f05a373
NaV,510,6,True,0,0.05183936118203328,0.11745930479359774,-0.03105341679761464,-0.006118104247994083,f96ae485fd0f17fd601861a81dd359718dcb8731e7037c730122199f025f3159
NaV,511,6,True,0,0.030011948133975484,0.07300939398598555,0.012681034265364044,-0.004970959701495303,1fd0bd38f3eedcac94961f7b40d4cb2821f1a40629e7f102e96660727f55e1e6
NaV,512,6,True,0,0.045316378525734065,0.11157365464252551,-0.008153965093211646,-0.009559537887491087,0399849ad4d406c3af766daac131852e8ddfac459abbb54a27a34fd14061b0c9
NaV,513,6,True,0,0.03772009474438812,0.08972499618726065,-0.02458915211690149,0.0053533412169950445,a2cfe625bc32cdaa5250f9a7c4b9f998cbd61db14825995cff87d00367622c66
NaV,514,6,True,0,0.045321000153826445,0.10956148584805615,-0.016211177992540904,0.0010196840413323471,93778cd4d1bfcd1137c07e7c415b19daded47a29f21e8e3701344fc4ee905126
NaV,515,6,True,0,0.05286921308722906,0.15118916137977587,-0.005070848211460088,-0.020011299311147424,11726caac303e0020fafa4bf358316370b59fdb4f744ae6914e0ca7276d1ba65
NaV,516,6,True,0,0.02528040711964069,0.057441013345148485,-0.010318582655673092,-0.019501457290481028,d05581464f52394e4a02b258ce7fb9545b19ff3dd25319b86eef5c1a482cdc7f
NaV,517,6,True,0,0.06191909883695836,0.16997613848000426,0.0032122377642174182,-0.03913037508612893,b8f6b3d0041bbee0f48e2fa936931614071d3a99dd188f5237951cb3c92d700a
NaV,518,6,True,0,0.04942285298979423,0.09266178868133378,0.01641842208594735,-0.005098420206661736,c83726cc5893d232cdcf1a98ac1ffbf5ddffc4d6e512f3975a9b9826c472b493
NaV,519,6,True,0,0.060435494364453855,0.15118916137977587,-0.04048598217205823,-0.001656986567164953,02f24bd3b045f8fc2dc431ee96d8cb207573777cf8224c7b72fd176597270880
NaV,520,6,True,0,0.050407474878420816,0.16697999894573198,-0.035927498390182055,-0.014657958094152379,e5ee6d8dd521b924374b678492fee4dd7f21b6524eb8226b56efb1e53a3f91ce
NaV,521,6,True,0,0.040329455019865165,0.11745930479359774,-0.021748363115689395,-0.006755406773826911,c03155008782a70bc307b479d2544e69325ba695be25c7f06ffca51462bcd93a
NaV,522,6,True,0,0.05050998471930788,0.16888120543060528,-0.016256210478378552,0.01045176142365678,01b9c2830e66f4ccb500b25a9cf71bd856ee8819d887d36ce508d07cb0d66ad4
NaV,523,6,True,0,0.042491497823427454,0.10224480916019416,-0.031216523752105596,-0.007902551320325468,6ad174076eaa2ede5eeddb22a1c1e78ede5a86967341819b1606c3ba2127fc5d
NaV,524,6,True,0,0.05578922995569754,0.1107834140639568,-0.0011696824243250248,-0.005990643742827428,52a1edc8610e1f36550c897603b16bcb387c52f8e5fcd67bb8b25a0540a63cd6
NaV,525,6,True,0,0.054130190240732484,0.12885941126638337,-0.025571504405572876,-0.0034414336394965606,a88b858c19ad9980e3d757a87bac77a8810a501275703fc8fe743d39e5b405a5
NaV,526,6,True,0,0.02477165466278078,0.07980616414501371,0.005413606819433481,0.00063730252583305,e3ae68012f6430b07bac6aaa7cd5acbd2bfcfe971d6bbac54d1d4dd60dcc1769
NaV,527,6,True,0,0.021660935270693005,0.04938979941175038,0.006291776125636694,-0.005863183237660996,8861677f22737f91de812d43aa09c3b80b80528a884c8f583f186053bd0c7e47
NaV,528,6,True,0,0.03195209829757308,0.06029140326062461,0.017509784016136898,-0.008794774856491605,22c4181c47ac489d96747e1c6f25622b1a1a97695b2d2a7000a7b332b194de8a
NaV,529,6,True,0,0.03812362274680752,0.08972499618726065,-0.0065318880586722194,-0.015677642135484948,8e84c8bf4ca627b1022fdbcbd76acf95a8b74cb9499979d99388d79ccee95b25
NaV,530,6,True,0,0.05125131177118222,0.14130231191088266,-0.030989907727237753,-0.012618590011487907,5ef03a66cc59880a830dd0a29f2c67217e62058c2cab047a7359e201bc935d26
NaV,531,6,True,0,0.040033558820510004,0.1131904921710872,-0.007420709552709015,0.005480801722161477,43a6aa7eceacbc611f809f6f08db6805a752f0c1a82b5ae3bb6dddffeb212248
NaV,532,6,True,0,0.04647234778164624,0.11004831662291784,-0.0043855585038630185,0.0011471445464990015,76f2134f3a1e3a29fc0b0f20892ba3336f691838b9a6afe4cef97bce5cbde762
NaV,533,6,True,0,0.03741221089814737,0.09844575593769574,0.02660615660226262,-0.012363669001154598,40c1ea9bf94376126874e9174fcd6d4dc2ab6a4dca06d41a29da739a1672c83b
NaV,534,6,True,0,0.05388629486957139,0.12960578517270718,-0.00471984219036381,-0.0036963546498296473,d14750180872924808a1f96776c5fb29a51cdd5edbb1c2ec9f89a8bab84bfeb1
NaV,535,6,True,0,0.041054296510699424,0.07700690738318236,-0.001967716313236778,-0.015677642135484948,3b7181224a50461e16da50387f0205da083a1ee356b0f26974965c2433955df5
NaV,536,6,True,0,0.051797216497524945,0.11891535320058254,0.031949156899730546,-0.02612940355914173,814d91947cbdba903cf88302c5d06bfa620477d5a2c7b78f116d9d3fcb8ffd19
NaV,537,6,True,0,0.04347510153995151,0.10956148584805615,-0.014071640285298281,0.000637302525832828,87b75069a6fdefa6d9474346bb3e36a3cff889b3ca9773bdc99ca5d260ce51d6
NaV,538,6,True,0,0.03238074537120959,0.058636005546898726,0.01825278712494738,-0.0020393680826646943,2667fc60e7ff760251e4e01891c29ae4f21d99241bc326f84458870249d7b4c4
NaV,539,6,True,0,0.04001071661569495,0.073451994561613,0.006369911701711306,-0.002931591618830609,17d2f172ebc1e5e79c4d3c04515c4abbf9c291ca388f7b7d8b9e9c2d396633fe
NaV,540,6,True,0,0.031785308706795655,0.08020964955443562,-0.0049137250207960115,-0.006245564753160737,9045b363784c9d43f1054984e393fd9ec2816a13aec208e59e30630905754bbb
NaV,541,6,True,0,0.037231286612683004,0.12752167171736534,0.02457648403981194,0.005863183237660774,4d3c0177da6f1a2a129b7a1c6dff723c6de50c81e07335812e6523e8cccb5e0e
NaV,542,6,True,0,0.026202725351009384,0.05894061863122138,0.010026161269327094,-0.010579221928823213,dd52832aa562696d26c7ea5a1a56b70a86bbea9903c3b2a6071dfb362066656a
NaV,543,6,True,0,0.03828648491349164,0.12059395711759363,0.012352705209839332,-0.017334628702650123,cd18175dcde1023513953ac72443902af45f11edcd84d30d99e434491f347f38
NaV,544,6,True,0,0.03900662763936017,0.07745772344150637,0.008960415072805539,-0.003951275660162512,88d69ea2d922b73f0067136aa6af6050c6a93ec8e068c8124dfb9b8d395d78be
NaV,545,6,True,0,0.05405816577083064,0.10882273101035064,-0.0056100250383332995,-0.024472416991976553,8a59326337c65e0307797398bb4a18f2bd8fa33b498f174d7805db362ffda610
NaV,546,6,True,0,0.04819527830141848,0.11426602618721714,-0.03057537426556234,-0.0012746050516652119,d9a1394cfa258129ca372f394d038eb5b9ee844e4f996cee7835d7aa2f925af1
NaV,547,6,True,0,0.061467150905213874,0.16942826520871607,-0.00061639824608406,0.0039512756601634,8b7265379221eef43491a6cf101bee04cec942734cb34874400fbcb31a1abf13
NaV,548,6,True,0,0.04229788520078023,0.09692671962042013,-0.012134988301856886,-0.01121652445465604,d3658fc255a3b704e3aed05ff39f769838cd322f7d1a2e2bc1fd50ba346d672e
NaV,549,6,True,0,0.05203442411681538,0.1440390185003805,-0.023397050500543637,-0.006245564753160515,45f1043ef26c0bd05ecd6c449a4f4e398a0f8551940f6ace282d4659cf3cf559
NaV,550,6,True,0,0.03763156796652655,0.11157365464252551,0.022977476695481114,-0.0047160386911619945,1b1386736b6ae5c019b86f3e24291b97d412a29f08033689e6f2c0c2499293a5
NaV,551,6,True,0,0.04146907838913929,0.09101484635833001,-0.02430803029455042,0.012236208495988388,3e0e5a6460b2508a3dd06550b75afbec9bea23249a664e3b1a3600aa558034c9
NaV,552,6,True,0,0.05235562300820301,0.1244730413428135,0.04326510751031387,-0.0040787361653293885,613324f3b4ff161d178a291dc6e137caae8227d1eb8b7c443bbbc951690c8a4d
NaV,553,6,True,0,0.04705062076145991,0.139419367870219,-0.00877848196207065,-0.009941919402990607,a72b9a68325ef5b212600f782a7e64739e7d9eb20311318fc3047c561f6d6324
NaV,554,6,True,0,0.054571963312287704,0.10163237640543914,-0.032122653717621574,-0.013765734557986908,10990a805d36f01fe2c043c35f1b0dbc6d26ae391419da1597b6a690a859a71d
NaV,555,6,True,0,0.04335055780071114,0.08819815009528753,0.013999945415986481,0.0026766706084975223,c14a3ea12ef95057f28474ee806a48bc04844fd40d8b91f2c5bf3e8fca5b59ba
NaV,556,6,True,0,0.029004259767604682,0.06664511312233629,0.013800767959933236,-0.02205066739381234,6907541fcc50b4216d32c64d119149d71db5137b21d3fc89bc02d3ca4c1a6709
NaV,557,6,True,0,0.055406666058099956,0.165687561337557,0.017869846832713865,0.013765734557986908,0e0128b7ad430b56008dd7f4dac7329d9ef9c02c722d40eb6f782ffe8fc9dc70
NaV,558,6,True,0,0.04547489367073926,0.11972760854139157,-0.024437170947945397,-0.005480801722161255,1e417c9edb32dcad9df3d671353d45877ac034aff39eb373736bfb0243c68e6d
NaV,559,6,True,0,0.05352035309747049,0.12885941126638337,-0.019751800568066358,-0.01873669425948199,c8c0c3ff55de533804ddce835f96158d980d6ff2891ac90477bd7d3b62c9885a
NaV,560,6,True,0,0.038784913962091966,0.07138264329372207,0.009269217163918153,-0.006245564753160737,e7bf9eba02cb0a8933c01d078c86e925805f34a648ed6fe5e9ea7a30dac23eeb
NaV,561,6,True,0,0.03553056967146028,0.09628954512834134,-0.011277592951813187,-0.02205066739381234,3ef8d20ed51f54145b6ea817604e0bfa371c07cff41d5758956da82634c80dbb
NaV,562,6,True,0,0.049484094425084967,0.1405830125217426,0.022701739238885743,-0.013510813547653822,f5efbae4b2a381518362ef726daaaffe68dde5584c5640e2f5c8dce155ade130
NaV,563,6,True,0,0.03463253825949333,0.06263451106232339,0.02455683294986999,-0.013383353042487167,cadbd47754d1d3f02e942412562752b37c28f9934b23fcd5fea8256d9e4b7a13
NaV,564,6,True,0,0.04128993133407675,0.09692671962042013,-0.0005329012721067006,0.0030590521239970414,0592bfbc69a97e028d0f7ddb547ede9602490831e14a70d200ce07d6d1d816e4
NaV,565,6,True,0,0.04968561653096432,0.09979702085069202,-0.020399627809101206,-0.0026766706084973,edb7769b002eab165df86a62f0975c83d6c03ea84bf9abffeb2932109921c21d
NaV,566,6,True,0,0.05151085240632105,0.1440390185003805,-0.021595949042173768,-0.011471445464988905,b66fd82bcf50412deae81fc1209a918f5b90f7dd690179fcb5d757c82d56cb03
NaV,567,6,True,0,0.02937164623431564,0.05227000515668357,0.011967848881141663,0.004588578185995784,816b6e3d6a7dd94234419ea191df23cd41acb4667024e472181c77ddcf9d5c70
NaV,568,6,True,0,0.02570716004021995,0.0512939756971336,0.004853604919819787,0.00637302525832717,6b298375f67971f495f345c754fbe3bff5d97229e0cdcc27827ed4a5fc3813da
NaV,569,6,True,0,0.036894635644604386,0.08964132341460601,0.020270214126912434,-0.010706682433989645,40c87ba97695c1895a1e9a947a6595a8c6677e3b9c868812a7908993147ea9f5
NaV,570,6,True,0,0.04787055858602545,0.09750059520802346,0.009538912591717574,-0.017717010218149865,c239c174f8f2d86b04ea1943c15c34c46dc4f2247cb76288f1086422b3c0b951
NaV,571,6,True,0,0.03601422631636139,0.08544270362708509,-0.009123650296316566,-0.010706682433989645,5e4a8d2f4d4c1f17fbf4920d7437f590bd7d4d3baa1948d1f607c306d246f30e
NaV,572,6,True,0,0.04023125926087593,0.0848841310275922,0.008210010684081226,0.006882867278993565,c1e43d9b1191bb0ef4d2769965e736ec1e320738d94d9e2fdda810b268852152
NaV,573,6,True,0,0.039743071069000664,0.11004831662291784,-0.014509048257479451,0.008794774856491827,a249be9915d7f260a60f5b5063f73fef1dcae9676aac6294813b213500fc4c05
NaV,574,6,True,0,0.03584144343103813,0.09142365309352325,0.01794292880695192,-0.012236208495988166,475e32b443a5e8b5a6832b51ee9de594ac54b15e12b766431c7d7e76262803f4
NaV,575,6,True,0,0.04917537017503528,0.11449836519738889,-0.0017435311464431003,-0.0040787361653293885,68064529fc90df7b23889d75a2683f93c5f807e24e64af5cd7f109606da5a24b
NaV,576,6,True,0,0.023205456282945874,0.05445508112300961,0.00978659301495588,-0.012108747990821511,9033d2923d6453dc45d2dd1046505096df2d3fd040753b163381666e33cfc479
NaV,577,6,True,0,0.03736249776091124,0.06727336567434535,-0.02339310308394138,0.005608262227327909,8c2a1b700198963eb3e59c5b6d4d9947084146b05089d1cda5a24b8e206d4fda
NaV,578,6,True,0,0.038071252022846606,0.1440390185003805,-0.02238068112557645,0.006245564753160959,88415f683f194d5c9e06cf25382daf0bb4bcbe78579fe3a00a2bb27bec7c7667
NaV,579,6,True,0,0.04335512737784825,0.08972499618726065,-0.008689365015541073,0.00012746050516665441,26c220f6e827081781bdd3f8271a423e853d52d756e5fd09d129033f2240b477
NaV,580,6,True,0,0.04610730067495918,0.139419367870219,-0.022727029582227276,-0.01121652445465604,aa160e81c005a3771b0e65bf52a209f22a7773dd65089baec72414692b1bd131
NaV,581,6,True,0,0.03927816671427243,0.10882273101035064,0.006486169704815747,-0.01758954971298321,93e5c44c4ddfd65a43fab5231db64b48187aaac23840bc913ee53fc78f5228f5
NaV,582,6,True,0,0.04441601152559969,0.09435181187782887,0.0063192615927940565,0.009559537887490865,2e727242ee7aaad5ee8bf4aa8ed609e2497ec3d9e9d2ce4671ebff7b25802d0d
NaV,583,6,True,0,0.04465462138894812,0.12952116264895905,0.007560881557372445,-0.005863183237661218,5748a66c815b94c1b4977601f920856255f2850d25ab1e0ccf90703e4bf03d6b
NaV,584,6,True,0,0.060364844835770974,0.1718428471463477,0.04281878002714201,-0.03709100700346446,b93bb8207c2ea52a5a353d49f7d2d31cdd497eb2978ef95fd2b065646ecccb5f
NaV,585,6,True,0,0.023395872663594882,0.06100193555289566,-0.01987482269979246,-0.0026766706084973,a7e01b7eec84ef4c6477d696baac2e5371ab229b31a541f9d17d1ac4dd8e2262
NaV,586,6,True,0,0.03786991212670667,0.09113173698615022,0.001358807068500667,0.00866731435132495,e566f1533eb8af987a5478e059c0393de1a4bed2cc14301f6ff2189f40473245
NaV,587,6,True,0,0.04161551249149397,0.0780089230125496,-0.013266534741599223,-0.007775090815159036,6b61a09613b395837743c49a8e16d252c7f9879d8b593308952516bd17d0f6fb
NaV,588,6,True,0,0.0417685880977624,0.09904003881628609,-0.019938063876983936,0.005225880711828168,5f1257b9c44f1e972d47016eddca59718793233467d47e696dd77f3993139e1b
NaV,589,6,True,0,0.0439770837054572,0.08791641178401906,0.017309712708959424,-0.0340319548794672,1e35d419a30e561328473ded51093619de2fa450a2712434c4256f82e295197d
NaV,590,6,True,0,0.04334059865690681,0.10716250809707782,-0.013988026058888048,-0.007010327784159998,f9f8d7303fb51ae5592fa12ec746609036230de9a629b4005df2463ac765120b
NaV,591,6,True,0,0.03869215437231935,0.12842500837611895,-0.021435880970275267,-0.0005098420206661736,956518d5a7263b21cb32e915861ea4ee46defa1fa54c58df5e5bf7e55bc8fa3a
NaV,592,6,True,0,0.04479404566026458,0.07649120502172921,-0.008480002223302918,0.01312843203215408,11bf139cb33ec02d14e298fd04c29ff8fd166a1068e6b33e9a473ddc516f01e0
NaV,593,6,True,0,0.03673868643769209,0.062275101161078456,0.0013797602992615676,-0.018864154764648422,c991ca0ce7bb37b42dc5d127ca671dbda1f0d697b895bef5269475061b183373
NaV,594,6,True,0,0.036690943669977306,0.07089615207590107,0.0033300054493143882,-0.007775090815159036,6d0c7b5e1f36432807330ba061e0014f1e06d9f200c9fa5951edcee4b95567cc
NaV,595,6,True,0,0.03725012569389082,0.09142365309352325,-0.0034554140395617328,-0.023452732950644206,d5d300b32f4274a31577bbc150e3d600061b56f0c9f266b23a9e6c4ec957198c
NaV,596,6,True,0,0.03796906680072156,0.08448310144356017,-0.009636351298191181,0.000637302525832828,88bdfcbed24512e305c59033f0eabd609b38dbc0a1049c7e821c3c0f7c685917
NaV,597,6,True,0,0.04488011693908112,0.11891535320058254,0.00729921067964634,-0.03530655993113285,d6729cef9eeed05b279b730f414ad97b4a17445f5a91d8f4808daa3b654aa83c
NaV,598,6,True,0,0.04502305914471567,0.11891535320058254,-8.216853571596516e-05,-0.024599877497143208,77d31cd268d70165bff79a10be0a88405e8cb327df6e4b5a1ad659a1478f3407
NaV,599,6,True,0,0.04483659344857042,0.12074763577966907,-0.03759403954758289,-0.00025492101033286474,7cca405795587cbeab4593e9267ef821fd8d6343e064189acacad3782ad22fa0
NaV,600,6,True,0,0.057240314990266834,0.1244730413428135,0.051034344091298145,-0.003951275660162734,ce943f877fefcd1b7982b66c29feb2cb6e7139c852263a82ced3ca34263a2637
NaV,601,6,True,0,0.03070204270012356,0.061815139109335594,-0.00476327865977888,0.009177156371991346,480201522f9807215f6a467c615a7ae82175694e73cae4984d3060060cf71a5a
NaV,602,6,True,0,0.045800769981731944,0.08500415139259122,-0.016607766705625915,-0.024599877497143208,3381755b31eab1fc8f4236e5ddcccceafbee0fb95a42568f358f6b15a5b0957d
NaV,603,6,True,0,0.04974510182315237,0.12960578517270718,-0.03799700704566522,-0.010706682433989645,210109edbbb1ff11b6249919e3849f01c4bb191cfb9d11b110f63c3c93bb16c6
NaV,604,6,True,0,0.03654625151517991,0.08544270362708509,-0.01889423926563527,0.0034414336394967826,b603bd4f6c9eb9508daa0d2d79466a10e4a0333b1aa273cc74c572b4fc04a9ed
NaV,605,6,True,0,0.04238953809557347,0.11972760854139157,-0.0287029158317047,0.006245564753160959,15781ec610a477a141fbe9ac33b18a6d45f0a99608aebae01ee05694506fa4fc
NaV,606,6,True,0,0.0460005691009402,0.12108567317427019,-0.024063248999768527,-0.008794774856491383,f34c611c9babb5bea87dfcb59ddbd0483a440655b96839a1222df93bd209185a
NaV,607,6,True,0,0.05766763172680628,0.1440390185003805,-0.01644446867111471,0.02064860183698025,d1d366b7c7ac5f3718dc71db657bfb9310f973a7645bb764dd9895157186eec4
NaV,608,6,True,0,0.03543415565307113,0.1008021970683234,-0.02347438594067386,-0.011216524454655818,e2a776c04015ad4b0a6303100271610c8c7e8c7c9e1f802d952a3a4ecb6d092e
NaV,609,6,True,0,0.047751018423667475,0.1440390185003805,-0.02647994824153521,0.009432077382324211,4fe25695a3634041b93ecff2677206e83befcb5053adc77022045badd4c4b5b8
NaV,610,6,True,0,0.036394744049801954,0.06357745488170401,0.030294080946514645,-0.005863183237660996,b2a8a1024bf16d9aba24f919e3c42db40587f2e93e6a7e6413e5c7eb5860bfe9
NaV,611,6,True,0,0.0409584446136878,0.09692671962042013,-0.00819980745984461,0.01045176142365678,7eac2300ca53e8d2abf350cab4020af5cc293ff250bf615c2033fc6d85363277
NaV,612,6,True,0,0.046406183064166155,0.10886627638750657,-0.025431091460714095,-0.00025492101033330883,5677e78cd1f4cc4414d8f96d58a5bf54b9be1b72885d6ef7b6e439727da654c8
NaV,613,6,True,0,0.052044009351197,0.16942826520871607,-0.015897091930855867,-0.002931591618830387,102cf8fac1ff384a3bb29418f101948a883622026454611c6d90755709bdc381
NaV,614,6,True,0,0.05476121646224338,0.130847393413204,0.046921076865412026,0.018864154764648644,a036f18ea57931c1ac9dda726526f82a0dd2021eaa432988df1fab384d827c51
NaV,615,6,True,0,0.03606227346578467,0.1131904921710872,-0.02361756550840477,-0.0031865126291634738,51a4b2f33d6f6c75abb0576261dbc2ba626b12c3bdb2384ff9f5e7e82aa6baa2
NaV,616,6,True,0,0.051567151917995074,0.13394628333172104,0.02152653770681523,-0.011853826980488424,62761d8e9a05ea562efe1efc772a6c97329b6c6e9a93dd6fc4c0a18b672cb451
NaV,617,6,True,0,0.04058521015133397,0.10518739416581563,0.00138725472904766,-0.00012746050516621033,7363adcf045f3dcf5446ff8c28840388c85764faf480ff4daa7be0d0671b5859
NaV,618,6,True,0,0.041540190411213325,0.09435181187782887,0.016322542655885952,0.014657958094152823,9caccf00bbfe877d97a2105f1e7dcc2273f01742ecfa89fbab10ad55c7c78dd2
NaV,619,6,True,0,0.039400475733011836,0.09859624982394127,-0.0010123097726792984,-0.0030590521239968194,b055d7d83c1d1fcd8e175ec0251cc319fc2443bef42c38153f106f2a05117b9b
NaV,620,6,True,0,0.04680576569441467,0.11086366192100353,0.04163535178220701,0.009177156371991346,add84c1e7e3b8f5dc91f3dcaa797ab3cf3687f4df949293cec6132d861573035
NaV,621,6,True,0,0.04281242806989893,0.13211773110282976,-0.011160399116149744,-0.009304616877157557,bf61cc62668ef2be1bc4e1a661196293eb4ba548ba14d7e80ae8fcacc73f4624
NaV,622,6,True,0,0.04260908237266153,0.10398907423549104,0.007390901987076592,-0.004206196670495821,78be83bf6afada6e62f13e73f24e03cad6bfda7ce95381549124cf16539c8550
NaV,623,6,True,0,0.04346779751132367,0.1196241549876689,-0.002737643715384319,-0.00446111768082913,dfbb3885966b62d44fb3380d7a7be14f9c10c99629be7f6d7612e41bafffe725
NaV,624,6,True,0,0.03283728525669244,0.10555843169525822,-0.010851577221137498,0.010069379908157261,cd46b54db456e42622813d02ebe037869f765c78ed4ad281353b59f0677ff88e
NaV,625,6,True,0,0.044635250941992465,0.08972499618726065,-0.008630275301879209,0.009941919402990607,c91b91cef417597a0f4b2379eaac459ec0e68914d326e2adf2ebfda40e997ea4
NaV,626,6,True,0,0.04637437386888866,0.1179197983104904,0.020804553979303142,-0.0076476303099926035,4ad9fc6feb510958b1539830ddc63fe3f15eca5f60a30033a1791b9efa08499a
NaV,627,6,True,0,0.02988889859182133,0.08875671675752157,-0.014948198358713416,-0.004461117680828908,35db900c8e6ece1912d6de09df0d0604905f9cae421f946cb1dc8033762938da
NaV,628,6,True,0,0.049185252424727544,0.11157365464252551,0.007411754785721092,-0.010706682433989645,55b91adfe518d9c527ae89cab2d452fd2a6d80b426b8db09c74959dadf9850df
NaV,629,6,True,0,0.047198412473765515,0.13211773110282976,-0.016742085533627105,0.006118104247994305,5b028ad48ab7e2bbd13f37b9fdbc0f4d238483b48bc46bbd2f306a4305420ca9
NaV,630,6,True,0,0.05147612550765467,0.16697999894573198,-0.02782537991313494,0.010706682433989867,aa3dfcca745c9329709ae010e95d67e8d5a7e494f60d132f645fcacb6aa03496
NaV,631,6,True,0,0.05635568963044191,0.14130231191088266,-0.04835394853103381,-0.021795746383479253,854cd65082f48b9f7ffc675da518d4cb7265b370aaaa4aac1b44ab2c047d39e1
NaV,632,6,True,0,0.05073306237875092,0.13597859432316858,0.003525661619676823,-0.006245564753160515,19ed566f09891d6461f80dbe851ef55b1ef9655894a69e6cb7fbaec74d475d9c
NaV,633,6,True,0,0.05775279199303007,0.10716049384515228,0.03435303705220516,-0.00012746050516643237,a0c44cc2d886ecf1349aa9870e2a5d503f8f411568763665d4330a43f9e80261
NaV,634,6,True,0,0.04097919299972432,0.13270490026431866,-0.02976062265187096,-0.01045176142365678,c7db84faef3b639ca03fc7360008ac42fb55436f280ca1b361dba7464a0ae407
NaV,635,6,True,0,0.03882845553304911,0.08819815009528753,0.01078234197996819,0.004461117680828908,5b117453a3099714b843081d02dc93f7245eb628f755f8080198f4e27c0b412a
NaV,636,6,True,0,0.04979981465205327,0.11687437201501462,0.006213080822242478,0.005225880711828612,8ec8a61e81469d3795427c6c6175976a8e9fef3ebb4200da291ef5e8b19773f9
NaV,637,6,True,0,0.04126653111433869,0.10882273101035064,-0.008151618213471323,-0.0024217495981642134,df1c527eddca5b06afaaaae7b3a522e7d8b9c8892a5811fa9ce2137b625cfe09
NaV,638,6,True,0,0.035246168095593985,0.08539168212824308,-0.01639961343155516,0.008794774856491827,edf4d2ff13da80842828f227957cc03bc7ab1b537c38fa1c9599f7c23ea20faf
NaV,639,6,True,0,0.029177693790450585,0.05365440528066864,0.00193154885829383,-0.014148116073486428,47718ce74f414b529d2be658dcde44a645235a8a4a64ce39229f2717c2035d42
NaV,640,6,True,0,0.04873050372805254,0.10785114077179622,-0.00664394252900391,-0.03492417841563311,234e1414b36f917316cb351b6e2ac7a1f2c31c1ec1d4494fedc193678e6bccc6
NaV,641,6,True,0,0.04600619130875089,0.10371060129142136,0.017837492633284935,-0.009559537887490865,9a148230834a95c2eeed4c467f994ecc94b4bf05ade0b8ed3fdfff87eca5605f
NaV,642,6,True,0,0.042831367976671364,0.0889251794408749,-0.0062141289233133,-0.012108747990821511,70d7016b8c9cdfcf590c6e922888ea44b4d92211db9bd606945a71a2c09013c7
NaV,643,6,True,0,0.04404725285707059,0.10716049384515228,0.021463265470062165,-0.025619561538475333,5b9086d18ada57a078fea3167ff3ff94ae2da363f7a9205d7738f4563509e4f2
NaV,644,6,True,0,0.034640021190262604,0.08972499618726065,-0.012351317427900854,0.004333657175662919,44b12e7e6b084fb60da7912f689d00de12168bb0b3dc9aa4c9c77f5555e8ed13
NaV,645,6,True,0,0.04639001094701172,0.10886627638750657,-0.011130879414609218,0.006373025258327614,998649f16752ec71c0ef52fac9f887e96cf3c855bdd2b765e776b100f18d9aea
NaV,646,6,True,0,0.056758656118197644,0.165687561337557,0.015802559898688617,-0.012873511021820772,34ccd77ade9f2d681a46096a97bf46b41487b8cb78d0079f01b86e60b936e50b
NaV,647,6,True,0,0.048184838482592064,0.08819815009528753,0.03739758745493971,0.02205066739381234,460ea67a6eb69732e81d144429a50beeaf38006e9ad30eeb0f70162734bde224
NaV,648,6,True,0,0.031468083561292215,0.06206532360576444,0.011439261869103268,-0.011981287485655079,e9997860f48dbdf6376f34a56b4ac0f0ed3e9c4498f20458823fc37b7f4dc55c
NaV,649,6,True,0,0.045556763370091034,0.12059395711759363,0.01874972737805969,-0.005735722732494564,e7ff0ff073e1b84f25140a0c5ca8e557d37abb1d745a117522e24586dfc1cb08
NaV,650,6,True,0,0.05930744530226856,0.17377264453972127,-0.008409637005938997,0.008412393340992086,c53c69ff032d7234e7cb35f757711b6dccbdee36ed0ff400f5155701c1b9dc55
NaV,651,6,True,0,0.050189040691217206,0.09859624982394127,-0.04140052655113369,-0.008794774856491605,4fac746e707c23112e08c92fb721ee727a1892ee8d6aab6a3a3a08593d9eb807
NaV,652,6,True,0,0.04981801666550778,0.15295273481193025,0.023104945955687795,-0.001656986567164953,7e8c916dab231b2842bc953085ee1c278743b2d4a07a236b15ac25eef7340a5d
NaV,653,6,True,0,0.025717526703632268,0.043647273506440626,0.00477928845147968,-0.013893195063153563,b7a067fb95d39244a1b60e59a15bf87020e8a5e885be8900774ecf5375be2133
NaV,654,6,True,0,0.04617795376994236,0.14930196875981122,-0.0372382876529338,-0.005735722732494564,17393cbcd8e85ca5662949f0ffb8b004b920b8c1114288187b266e8c23b0928f
NaV,655,6,True,0,0.04147430623785544,0.11004831662291784,-0.03098140274632266,-0.007520169804826171,6facc94b5b24540fdb572cc86b81e837740f0bc2976094782992275c79df08bc
NaV,656,6,True,0,0.034206090617047095,0.06254281577916718,0.00999285292023333,0.001274605051665656,8351f7446cf3119d41fa12b715b50874bb4f3db41c9bef579694ccd841c0c62c
NaV,657,6,True,0,0.04547693458818267,0.10953433426352202,0.00030574759063206614,-0.0135108135476536,9fdda791d283957e204143f8a0d647f17d60c71f2d3cd60d5f578fc142a9617c
NaV,658,6,True,0,0.034981053110661305,0.05682559055735184,-0.010787501662673948,0.013383353042486945,8f00c1a383f891b75203185cce21950f432f79aaa6dfda8efacfe9f66c801fe3
NaV,659,6,True,0,0.03909733757308832,0.1131904921710872,-0.030298368083813587,-0.004716038691162439,866d940fbd6e42ce1282a39a47eb6fc03b2a48af4b7eddf19ce74d99021c57ff
NaV,660,6,True,0,0.03390042505773337,0.09750059520802346,-0.0030711370076934585,-0.0173346287026499,49c6fe8e2e54c05dc5352cf5d7d828696f2efe51de88b90feeff644ca83020b9
NaV,661,6,True,0,0.0602365768346761,0.16370979633198518,0.03415693550956922,-0.0033139731343303502,3c26dc75266db353d79474fd3d0d261024346bc833624efb751e91686f1c60e8
NaV,662,6,True,0,0.03714479181759129,0.10716250809707782,-0.03309677833657254,-0.014020655568319995,ab3b76a4d138c1e318bf81b6c044ee7f75fad4bd914280a3ef7cfdf694340538
NaV,663,6,True,0,0.032907050093897966,0.08573578721574694,0.02159009208881324,-0.017079707692317037,129ec1203f8c759608e40c539523216b0c8364c55fd75ff3ca925b033db132be
NaV,664,6,True,0,0.04243345502570151,0.130847393413204,0.014096014844209748,-0.002931591618830387,fa84046b5213eb3c63498c0be9371a8c976724551dc81e0b3d49f03b6bc1a524
NaV,665,6,True,0,0.028522776475280207,0.06114933078743978,0.008631890822547117,-0.005863183237660996,6e7cda849c5b6940bf58405687221774d5d879c736693211e5bfd78614c3b1cb
NaV,666,6,True,0,0.04279607351120942,0.12108567317427019,-0.02289547038410178,-0.016314944661317554,41bc91068220f6a67664def6789e79be3c1de0a095b1a778c18f01a975b1e3d3
NaV,667,6,True,0,0.03338862440807846,0.06254281577916718,0.003058245088134015,0.003186512629163918,e7ac575bca8bdfd9c4c475aadd5e1f5660ba34a72a4b22aa9860023f258821ce
NaV,668,6,True,0,0.038447050077620844,0.09821455865077934,-0.0024921915808697737,-0.01312843203215408,00d6faf104dfabd8803e3ba28773eeabfcbde2430c6f6c14d5199eee374f22a8
NaV,669,6,True,0,0.046175142523077466,0.15118916137977587,-0.01747420502038577,-0.01159890597015556,00d23a3a1d964effb7f5e9434fab065d9cf6796b2152756dd257c3adde7bb986
NaV,670,6,True,0,0.05706399877321158,0.12885941126638337,0.0012117140299658935,0.02358019345581086,89ab1b0f836927471d30093c914ccd12d7ee12baa1381f9e6b75185eebbef329
NaV,671,6,True,0,0.051611685853940735,0.11086366192100353,0.0025926530944084814,-0.010579221928823213,41a3637e019519444251d3dee505e285434da8f83a11c2fafef03c636b858349
NaV,672,6,True,0,0.06049105892674469,0.16383661261164606,0.016765564447482895,-0.031227823765803464,fc2d7e90faf903eb9ef8e5954621ef222576be9fe53a972b41daf042c330141b
NaV,673,6,True,0,0.04286789046404508,0.0848841310275922,0.013658717969263545,-0.0038238151549963018,6e6595e33edc310f64ac24afac826281041a8d289f361883e4388644f95d8b33
NaV,674,6,True,0,0.028587089624500836,0.062275101161078456,-0.003942547145133313,-0.022433048909311637,e90f2cbc0f3d738d707f45f781aa0cbbd9d303729d9da780e565d52e12014640
NaV,675,6,True,0,0.05749177046494334,0.139419367870219,-0.02772138039182126,-0.012491129506321474,dc17026771fb747cbbc16dff7586f247f4603cf044ca3f48b8f3d25478c9c617
NaV,676,6,True,0,0.05509728829139352,0.17377264453972127,-0.015905734527481563,0.02319781194031112,17f64db993a8f43a28b198622e1d6a67be02d2c1ac5a782a754e7d0404f7e519
NaV,677,6,True,0,0.03518531860480545,0.06874550971772482,0.0017044575013729357,-0.003568894144663215,fa1f978611bd0ee28825620431517abd350583fc2743f9ef3b64280e6b53b425
NaV,678,6,True,0,0.04396324128578608,0.11157365464252551,0.026685723555663676,-0.015550181630318294,59e815c1debfa7e5080000e8767bf2432f65af38f1d042c0b3922b84b5c54da1
NaV,679,6,True,0,0.043893501289346104,0.10785114077179622,-0.011040966600641688,-0.0228154304248116,258e1214c80d1bdc5a42221ab0ccc485fd6f1c7a75abb15b3d6079b9e4ed57a6
NaV,680,6,True,0,0.0364146094061913,0.1009556447958483,-0.0032482243339642114,-0.009686998392657298,9cfb5ca109da3520e97c6949aa7b320f7b7c3762fb566c717c6a09abc0d49490
NaV,681,6,True,0,0.04097480506139777,0.07138264329372207,-0.009325178046296845,-0.0007647630309992604,5b7b3fc589c76fc7dab8ee89837f8ea934c9dc505692b1ab6c427883db93bfbb
NaV,682,6,True,0,0.04559523687949658,0.11687437201501462,-0.008871114556583404,-0.010579221928823213,9c0ef5ae3a51ce5d42e346dfba5ed6d17038de963728485f84a03c46b3468ca1
NaV,683,6,True,0,0.02838458892606961,0.08028279282785616,0.01821901839762452,0.00446111768082913,0bb6c84347ae9ff681244baf5d66aac43436098cf0975c98144922143b43f609
NaV,684,6,True,0,0.040729186333490555,0.06664511312233629,0.013052856806902602,-0.005480801722161477,53c0cd5335ac13aafb96d6916ba66eb0e9ed33a31d7e7e5c64ef078effc25ee9
NaV,685,6,True,0,0.0482901760271825,0.1196241549876689,-0.0041903575638466695,0.010196840413323471,0d832fbc90a26cc4f02dabcf684defbff845733a1c8b10e42adc94b6c1da6c42
NaV,686,6,True,0,0.033927492410060475,0.10956148584805615,-0.014035665916224405,0.01389319506315334,899859fc7f7f3001009fe1d392464cef01adbe78e6e60423404ad5694bd202f1
NaV,687,6,True,0,0.06143296457842323,0.17377264453972127,-0.026722730168972086,-0.010706682433989867,ce7261e8b122c094d3a104f0a87e5e886990b8f816f4654d66bfd2e33ed288eb
NaV,688,6,True,0,0.049799068440862126,0.13270490026431866,-0.031259760222067445,-0.02064860183698025,618f4dbedf971053dcd51dc4be0bf139753d539375d005d14e6e45957d899230
NaV,689,6,True,0,0.04692800186552218,0.13394628333172104,0.02779939838142198,-0.013638274052820254,c0d3755d2d8304d8790406f859ff3dc797fff7209f783ce0c2e7efe7fbd1972e
NaV,690,6,True,0,0.042909331875171236,0.08573578721574694,0.010929928214728601,-0.007520169804826171,b0fc453726a6aa62ec552f6c8db05b57e4e723361a95e92b8b375c17cb545b01
NaV,691,6,True,0,0.05252280385664138,0.139419367870219,-0.017086149292443453,-0.01606002365098469,b06bec68739ddfa1c877245b4ee836ba4909161a133bb57efac98a106be53836
NaV,692,6,True,0,0.04287768669046912,0.12960578517270718,-0.023494364471745577,0.0034414336394967826,6b9787b4f40df51118b1e65ac772cf12eabdfe1f4f5dd4c26fd226c7ceccf756
NaV,693,6,True,0,0.035998510329863946,0.10658284741715392,-0.016969040873147323,-0.007520169804825949,8f035ecdf45f2e984f618962cfca72e1ce49574041a06fc3f278114907f3f2e2
NaV,694,6,True,0,0.03409392325903408,0.08036557222907485,-0.02609182173680713,-0.0135108135476536,81cdc4be12a57e872e454e7027053501f4b19827f2446800016931d28bcae199
NaV,695,6,True,0,0.03359097498255363,0.11023486966486598,-0.018945980559350817,0.004588578185995562,07746a11acf7f30c6e0ca4486553f7f52faecbdbd1b02ba0dc7b085d7ce96337
NaV,696,6,True,0,0.049608297467097405,0.09821455865077934,-0.00815656819147037,-0.018481773249148903,c08832e15aafd0095b99f484afcdb9605957c11dd65ce3e7fc441e2a023ec649
NaV,697,6,True,0,0.027531431241405734,0.057836115362988195,0.007450185929111397,-0.019119075774981287,df7d9b24385ed495ad88b135539284bb4537dd76ab28fe2500437d7b6b7d4e75
NaV,698,6,True,0,0.05317911374625791,0.12108567317427019,-0.027573573447710054,-0.0003823815154992971,0e4326314d481df18262232520940baade1cd30b5b464f9c508426a83f9eb942
NaV,699,6,True,0,0.052787032798159154,0.11086366192100353,0.032585208475371275,-0.003951275660162956,d331996b3cd25faf4c40a1b3ca43780f3676718f8b65f5f05fedf66c2aabe85b
NaV,700,6,True,0,0.035086147743524046,0.09859624982394127,-0.0053736773121793036,-0.006245564753160515,eb7c465e7d9bedad21eacaf9a5527f0d4afb6c60b888b9a85f2129685a912d36
NaV,701,6,True,0,0.03383261498340379,0.08766466236000221,-0.015098541981616087,0.01338335304248739,a9b648c74716d47677f57600ef0a7fcc0e08513167a209f629854e577964f9ae
NaV,702,6,True,0,0.06079166338309094,0.15118916137977587,-0.04361448129374068,-0.00790255132032569,71de24f0be3b3745e3330e0cfdd205dbc825dddf0b53ebb7b6b4e5e31e045741
NaV,703,6,True,0,0.03292455650443107,0.0695486007822715,-0.0041061707227321165,-0.011853826980488424,6d66264242a85db529e51b35759f47b8c399c96c262e547a4993e55ec1a4dabf
NaV,704,6,True,0,0.03491943491521097,0.06000956576076645,0.020570811391717347,0.010324300918489904,2eac8b8088a46536ab3dadc804183a4ceda0e2e59b6c8aebc0ea0bf7ae28b38c
NaV,705,6,True,0,0.049645243436696296,0.13211773110282976,-0.02077834073839324,0.0076476303099926035,939ca5231dcb2eeff09a7e0e6f88719abfe5451fa97b0b45ba078be2277c05e7
NaV,706,6,True,0,0.03763131584782075,0.10207590421132513,-0.02919627660472024,0.008412393340992086,ba76f119a78c1ec5f9a2b06d34bb08e3d51dbc455f6998fd9fa4702c0b1fa30b
NaV,707,6,True,0,0.02895004056197412,0.06424747935579622,0.017282754033201675,0.008030011825492567,26b896a689d208c49cebc530363631038851c279e4da78693c9c03966cca4b15
NaV,708,6,True,0,0.04847219129172911,0.09821455865077934,-0.014131104822675766,-0.007265248794492862,45fd111d6c990e22aeaa1f1895cd0f8d9e9e082395095cdc4e4648ec16b72b2f
NaV,709,6,True,0,0.0405541546615581,0.11004831662291784,-0.015496297065557885,-0.0033139731343303502,a76b6b798fef5fcef6fe4815c7d37a63ff518f600dcb55e12f82b19d3c49af6f
NaV,710,6,True,0,0.05234944858073972,0.12074763577966907,-0.0197779690053852,-0.023197811940310897,4f6cef72d27d958aa3dfd5836c492c164f9b7ecf35af2e68bcaeec2b6e0c45dc
NaV,711,6,True,0,0.04007738645141295,0.0780089230125496,-0.014970050117628197,0.00713778828932643,f77cad26ab02e70c741bf607fd2fe840690fa9750e9bc88831b3c46d6c615bc9
NaV,712,6,True,0,0.05625872594028027,0.1126024276835479,-0.01727859405078691,0.007775090815159258,8e0a33763992963b45c863c0667d0774b7b63107bfdec8344d4dd55b5acb55ea
NaV,713,6,True,0,0.020507192215932977,0.0527001776299039,0.007827831225020176,-0.004333657175662253,07c5602d53d243f2dd2bd6c0ec44b0bbca52b9a76371da7559b4fd9bda03cbe1
NaV,714,6,True,0,0.038866582279744655,0.08448310144356017,-0.00857176278245575,-0.004333657175662475,8baa0287bb801df90407d7f0312f9386525ea9798521b602cb1cbb210aa26077
NaV,715,6,True,0,0.032330887145447886,0.07138264329372207,0.006541121235543512,-0.016187484156151122,7173bbfccd06da847b1c9a5c91d8c8abb81c1f7ca47d18ace88ab77c583aff74
NaV,716,6,True,0,0.03263304495534868,0.08020964955443562,-0.0258905397063407,0.0034414336394965606,35aff51f5a0645afec70f0ecedbee10d8862578ccf74db484aef57ba5545e62b
NaV,717,6,True,0,0.053221815963525376,0.14930196875981122,-0.04697802075637547,0.004588578185996006,f5f64c661a1d91b4131891fb4b3c1d66e6b5b914416c1cf669034d7b08b42207
NaV,718,6,True,0,0.05642125794515398,0.16455582700382973,0.019459406177243288,-0.019501457290481472,458eeacce701534aac24e63d9fbdf1ef081f5a7c5b2043b7ebc71caddd8f779b
NaV,719,6,True,0,0.041835280066618956,0.10702607483928395,-0.012571618708270949,-0.007010327784159998,483dcef121266cf5f1a37e847b283ad3c18f82ecffd068c0f79c6f43692898a4
NaV,720,6,True,0,0.031997939280662156,0.08964132341460601,0.023200644501911283,-0.009941919402990163,d9f35dc3f1660ad1b01766c3a0b1d1a289cc70d206e209076b88190157cc0ee0
NaV,721,6,True,0,0.04810204045931254,0.10398907423549104,0.03236058499794714,0.008412393340991864,a10f4eb4e39a0a2acecf72944fefebc6aa34c69bcb63e48f9bac1353736e8b65
NaV,722,6,True,0,0.05203685577266153,0.11449836519738889,-0.0034304240165259348,-0.008157472330658777,c725e1e53d310f1f4f63c2e28ab966db437eb8e02e4b96e3e5c0b9603e547868
NaV,723,6,True,0,0.03335604599943866,0.0617769418603135,0.007190801831873372,-0.0021668285878309046,384ee37d3f2a2616569778b3da4be35091c7dc4e73320fc55b7a7e9aab09c0d2
NaV,724,6,True,0,0.04454970818474569,0.08346331489639494,-0.002080878764983307,-0.01835431274398225,7ae3404bca08437226a6d1c79fa989807baef9da4f2fadc2d53890fe8aaa14db
NaV,725,6,True,0,0.04379920641346407,0.12074763577966907,-0.015387226134532028,-0.01797193122848295,d542d68259a2e6c336a441d26a780cfdb30ba75dac30ca3408fd893e86602191
NaV,726,6,True,0,0.028525041257175667,0.06047518089445461,0.018637437483878916,-0.00012746050516643237,37e54e9af9b087c237eeb2af03c6ba20ba2371d709e031f49a896fdc2d67a8ac
NaV,727,6,True,0,0.027724365712409934,0.06874550971772482,0.018018973095068613,-0.007520169804826171,8786debb443d5dbb8debb3750f26fccae47f3490f8bebca72cccc24382afc456
NaV,728,6,True,0,0.05576715100998517,0.165687561337557,0.02842834228333202,0.00777509081515948,ed730e026a4255a8a3bce1bdd70f957f88169613c0b2e4b17baaced2c1934758
NaV,729,6,True,0,0.04471335123153988,0.0889251794408749,-0.013667511724655412,0.011216524454656263,154e22d4bffb2e6d941313b65db73e180eaa1a3e0d111f55c52bfc62094cdec8
NaV,730,6,True,0,0.04681378541468114,0.130847393413204,0.005753436790956412,0.0015295260619985207,1204e81163e1239f8404de1435fe6dd576b4218af005429d5923d2910e0b6c3d
NaV,731,6,True,0,0.04958526543406744,0.13597859432316858,-0.0022216540721933242,-0.0012746050516652119,a43c76523ccfccc1816ba96f0c803bbee95ac0e2f9c2884f31984585db5e6dc2
NaV,732,6,True,0,0.03849779836893821,0.10716049384515228,0.01670912025893001,-0.007010327784159998,7e0e009f5a279f9ab14736a48d4f584f3ea161bdc4a3091ab604900d3a656ea3
NaV,733,6,True,0,0.043170358296782736,0.14071297770618668,0.014556114397723086,-0.003951275660162956,c36d46abafae48790f87d7f95fcbde9456fee3c367931ea4866131e1a46895d6
NaV,734,6,True,0,0.045570708158683526,0.0889251794408749,-0.01654963374743046,0.00866731435132495,8272958b10f8b480b321da5a0ada9175d83a4a8fc4e5daf9379429126bc06e12
NaV,735,6,True,0,0.027951034764718576,0.06263451106232339,0.011460673854869263,-0.010324300918490348,d728eb523159e0500e45c0d450dc0021a864e70a819b8f87eb1c9aff59572407
NaV,736,6,True,0,0.045943822222647555,0.09750059520802346,-0.006896251790094343,-0.016697326176817295,c04c0503cc8ee8d3f26140b5594059fd4cd024d8ec01c90f0480e300f0116f53
NaV,737,6,True,0,0.03610555979223043,0.10067505897329726,0.009032779530681267,-0.004588578185995784,1a0d636ea9f00ce34f88e216677aecf5f3ffb1a06da78dffa62a2bed485b7a80
NaV,738,6,True,0,0.03995806938024935,0.1126024276835479,-0.017050792243832102,0.011726366475321992,8118c119499e78f8299ddd65590ce2c5fc48f80344a82c96c75d9ba2dcf6f0db
NaV,739,6,True,0,0.043176259168924334,0.09230467982218311,-0.018874176756986438,-0.025747022043641987,6f9346ea3e0a5cc2affe86e5eb354008212268281bf97993323b26e3f71773a4
NaV,740,6,True,0,0.03800101442120523,0.10555843169525822,-0.014832755079498217,0.011089063949489386,7b8c08e1c60b8132aea7f3df787df6f86fb50c55cacd6bbc55fd31d1b0cb966e
NaV,741,6,True,0,0.0485585608613217,0.15118916137977587,-0.020568665796379948,-0.024217495981643244,1beea34df76ae73280cba22403c60abb63ed1acc3684ee6f0468acdfcd872714
NaV,742,6,True,0,0.06451511638527373,0.14930196875981122,-0.005214156825656513,-0.0031865126291634738,a94c88196db2700d18e52e3d9d5b236b7f861e4c3fe3e79e8e5ab89312e74f3e
NaV,743,6,True,0,0.048877719177554735,0.11426602618721714,-0.039453330813522536,0.009304616877157557,9b98a65836000d406ff20610c5fccd593d1f9a8fed3c9699b3a835028e03ce04
NaV,744,6,True,0,0.026475202471339998,0.08766501518674227,-0.006074681975196228,-0.0011471445464985575,2474f6fae6bfc5715c6cd71c8205822c83bc8b7cc1bc2bc4e2078204862e495c
NaV,745,6,True,0,0.035169919736947726,0.057370712209405345,-0.028415695801779828,-0.0005098420206661736,f0340dcf2ae19dc79609007e3cafa11ffb7fec0da5c443918fff941c35a70494
NaV,746,6,True,0,0.054075690497097616,0.12952116264895905,0.01435746945178229,-0.000637302525832828,42f71c1fdbefb2d1bdad17b76c70597c4cc8d3330cff4de82ffe77f0d9fb8f2e
NaV,747,6,True,0,0.062313836252190585,0.16942826520871607,-0.022559581503148518,-0.007775090815159258,3035f1169a113706bef8670e0643ed295fcae6651b438ed16317962fc5d3f06a
NaV,748,6,True,0,0.03811731252444441,0.09230467982218311,0.009669749707263975,-0.013893195063153119,b5c9894ad0746c7635a6cc8508691bb72e39e42ebfdd3d9e6b218284224eec87
NaV,749,6,True,0,0.04921055233165522,0.13270490026431866,-0.025384235529368304,-0.012108747990821511,4816f4d6ed814b8d9ea743e43ad2253981c49196c4fb6bd7f70542f4322047d9
NaV,750,6,True,0,0.03357569143377975,0.10839061718614013,0.007690180761602994,0.012363669001155042,99f33236e2ba5ca9bda6c7c9bdd41f0123a6f79cbf79d7f5b37ab0659ad50c13
NaV,751,6,True,0,0.03605881596030348,0.10785114077179622,-0.02201229342460409,-0.001911907577498262,bc708648fcd3d729c2bf4256a991324162a96692f0545d27cb6be6b4e5a69ce3
NaV,752,6,True,0,0.042634726077577983,0.09750059520802346,-0.02137271188111911,-0.024982259012642505,e9dae7d9181309f4ab487eb133256f79c46901f4a062c5ba52a92846a6b30b4f
NaV,753,6,True,0,0.05147740157992514,0.11873918108058192,-0.036660227732123296,0.002931591618830831,ed3d2e8d5a0afc887e65cfff5c97dc8533a7d45f6b90f8f8d70620528045df84
NaV,754,6,True,0,0.04607603276316447,0.09628954512834134,-0.0015396877889841676,-0.014912879104485688,f73119cc76a44f7980b99e0b8c83541d04f6c5db5569280049f9905e903a6d20
NaV,755,6,True,0,0.043100585373899276,0.11891535320058254,0.0058114918046610065,-0.013765734557986908,84ce8a13f3a5b5edf2a0a7a9fd85af3920c2d5f28eeb048e9bf520403219538f
NaV,756,6,True,0,0.04929691787696617,0.0848841310275922,0.0008332973632396712,-0.0053533412169948225,ee0ce193680f3f88c473a16969db71030973e72d285fdf5f9a55ff5648c04d12
NaV,757,6,True,0,0.04741485261112341,0.12518008627760163,-0.02051381174789424,-0.03454179690013337,e612883c2311355bb0d0dd8d9fd3ff53eb3b4495bad93158088ecbd70aaa8a8f
NaV,758,6,True,0,0.05351534329749707,0.16888120543060528,-0.020705642921089673,-0.003568894144663215,5e495d19516f9dace929c349b8b020a1839f6d4e3b214c905c5c21637b70ff73
NaV,759,6,True,0,0.05018287005066014,0.09859624982394127,-0.0066165164055587145,0.0017844470723316075,5df996a2d5d39d02e95afc172bad3465b63fb46fbc923a7a40263bc535621e8f
NaV,760,6,True,0,0.029340259206263417,0.05587458380640613,0.012225747681045673,-0.009814458897823952,dc7f309b74ee93813b9858e02b4cd95f63f203eabc422a3cf3b90581e7bdc942
NaV,761,6,True,0,0.051011682401153224,0.16997613848000426,-0.013220793050215285,-0.02128590436281308,08bb0e5edc3e8bf8813692941666d3e4053964a7d80c49507ee0a0257bb41025
NaV,762,6,True,0,0.025641140062919773,0.05089701016490803,-0.0050080591884005266,-0.007775090815159258,277d1ff5810bba2b4f7512237179e751cbe4bebc41727f74cf9d92328e5c72b0
NaV,763,6,True,0,0.027936889161993883,0.05291059077275496,0.006894081162333254,-0.009049695866824692,3223ac6cbaf47d6e83fa901004f5781a490e1d305e407d9bae094807bd1d7876
NaV,764,6,True,0,0.052230594867770784,0.1008021970683234,-0.026005653379375104,-0.03313973134330128,0694bae2b931c0777bb87e8bb8eb001ab470f52853e6d4544a17f8d39560c960
NaV,765,6,True,0,0.048219189763966164,0.1046637869097196,0.024585823848510824,0.005608262227328353,540f28ed0e5a1a2d5fcb756fa949b4a4530a5dbf22a41063bec7e7f62068aacc
NaV,766,6,True,0,0.03998296976112264,0.08964132341460601,0.009344390641941258,0.0036963546498300914,a4bd37cbccb60cd0f7115b3613948cac7995f6ee6a4dbfcfd8fc0b0e586b6b78
NaV,767,6,True,0,0.04866976573619857,0.09279249722559194,0.030319048180361463,-0.01491287910448591,4139d26c75c55f165230c07f4b6003e30f8a44cc0b44cb404cdf3e893c925f66
NaV,768,6,True,0,0.03141037144299479,0.061815139109335594,0.008425340173067397,0.02498225901264295,00d75f5c901a33494610d8b0154b1a405df6d353ac5b4c0d40971b9dad4fd1b1
NaV,769,6,True,0,0.0362324674792607,0.0889251794408749,-0.015940845879997,0.004333657175662697,5dc82efc7fe7bc532a19af3b80f131e7cb5f1484753bbcba9f99e3902f8d9720
NaV,770,6,True,0,0.03288886025816185,0.08788178054574697,0.004756430745128437,-0.0173346287026499,6fc951f6da0ccc8ff9f41ac0407a0d84775885cd16a4ff041cd549b3300a2bc0
NaV,771,6,True,0,0.03372837920135129,0.0891349664211694,0.022579890681925008,0.004970959701495303,43b58689274f28b6a0cc9dc2bab0ffe3f906f4201e56d23442456432bf5b522a
NaV,772,6,True,0,0.03656588281049748,0.06874550971772482,-0.006761161893670042,0.004970959701495303,4a4a19125d664d14a6995a138352f4268f4e867d565f0bd1c3bdadea103101a7
NaV,773,6,True,0,0.05220377996943377,0.11157365464252551,0.04065084444002287,-0.005225880711828168,69437ee05e8f02ac750e033ab8eba7423c96faa2845b11a119975166af40691d
NaV,774,6,True,0,0.0329622131682525,0.0891349664211694,0.0006230899341053142,0.0014020655568320883,85cda16cfc3aaa1ca87ec53423105a138895f13e6d48a138195ca840370c5487
NaV,775,6,True,0,0.032499718994613395,0.10518739416581563,0.008953876470751077,-0.013510813547653822,b7f79b36a39644720aeadbd446f830e369eb8eaeab8507a34655192f8af2d30b
NaV,776,6,True,0,0.050627706243862196,0.10839061718614013,0.005528488048772706,0.0003823815154997412,eaa745182cd7d62487a5807fd09214b68c615f0308eda667987cb04f4b550055
NaV,777,6,True,0,0.033789301701159735,0.09859624982394127,-0.019874872328043303,-0.003313973134330128,f0098806d0b090feed22c7ac6db6d51ce85441e7e9c3e8937f55cc01454d3747
NaV,778,6,True,0,0.029233088956050146,0.06738811974715504,0.0034137222755974417,-0.0028041311136637326,9f2f9cafa61a2b8b65afe62e621723d61c4b4f6d45fd7b0acc17ea06d5b69feb
NaV,779,6,True,0,0.03431665862913382,0.05625834723871765,-0.010831749334381913,-0.016697326176817295,cfdbc46302ba346863542fdc1b68238a7d228db93466a28c22ab7e34bfe334f4
NaV,780,6,True,0,0.05116473275219097,0.14071297770618668,0.019609156161405128,0.005863183237661218,619c8e14c0fcd5331c8ade0846e99e16e15989b4990b35be4d4346e9488384a4
NaV,781,6,True,0,0.04632483104254709,0.12952116264895905,0.022186362487258915,0.004843499196328871,4079e14bf9d026615bc412376c53a06619552da5d37ec56605e64125ecc44128
NaV,782,6,True,0,0.04043460220111076,0.08964132341460601,0.0011501135749596436,0.009559537887490865,096f6043fd86dc6b5d1bf72069474c7806196dca221b49269ab1c66f7c6fa197
NaV,783,6,True,0,0.030270886168046934,0.07138264329372207,-0.023521606740870782,-0.005480801722161255,a77927929bce195488f56a02d7b569943f74771c1b9787ae1d9fac23ecdda65d
NaV,784,6,True,0,0.038901021926126926,0.08964132341460601,0.015031650222592452,-0.019373996785314818,7a221cccbc5d40394231d22df1dfed4402f7c185fcd9296a75b623875d2e9a74
NaV,785,6,True,0,0.04789429469541965,0.12752167171736534,0.012344340507448148,-0.004588578185995784,b4c45d307c326c4babdbfdfaf7eb490644cd38ba3a75543b2a9d35d531718af1
NaV,786,6,True,0,0.055140384734604704,0.13211773110282976,-0.0015127926175850792,-0.0021668285878313487,1c7b5042cefb337d05ba10dd5403b09f24c0a5b293518dec760a7b06adf7464e
NaV,787,6,True,0,0.04148424554924671,0.08788178054574697,-0.005076917853413132,-0.021540825373145944,2110481c7bff66b25b60da8784473c1d76f8bd11bce66968f33eb28da084bbea
NaV,788,6,True,0,0.0417650618683612,0.09435181187782887,0.007154011817813055,0.012873511021821216,68ad9da7970bbeb425706811b60de8e61de5aedbf1fd34d68fb2794c7e3f0be7
NaV,789,6,True,0,0.032597919916566596,0.09101484635833001,-0.02248571311299452,-0.0014020655568316442,81f0016f233d4a4209491a2451bc9bdd98f87c528f53adf1daf477282bb63e50
NaV,790,6,True,0,0.047522115402530256,0.11687437201501462,-0.013594527572287962,0.000637302525832828,76d447fdb01809c5c1d653fb063b6f14fb7039f2739eb06d90248edea43b92a9
NaV,791,6,True,0,0.03445019652646416,0.07745772344150637,0.007697139398808339,0.002549210103330868,40957f9eb08fcbfa960fb7267514ab8c4217b35250f6cde8f15f4fd144c02a00
NaV,792,6,True,0,0.040237086783972406,0.10371060129142136,0.022752375053485707,-0.008539853846158518,b77fb99b142a2920d16f7f4e6cfb3b7b69bfb5c8459ac175b7be2a18ce76ac4b
NaV,793,6,True,0,0.03746842724365501,0.09435181187782887,0.002385327315606478,-0.0008922235361659148,96c09797dee1e5a10546a8edd7e7cb0297cc857432bac36acd1a0eab8f5debc9
NaV,794,6,True,0,0.06303654411190417,0.17377264453972127,-0.027794100825500045,0.012746050516654561,eeb9584a97810b4bb62410020fd4ab337a9489f7a4a04d34184f26f8b5b6679f
NaV,795,6,True,0,0.043472472803517646,0.07361140826213683,0.02413844377263885,0.011343984959822695,22afa91be6c9563a6963d9d16e6d5d1e4b2a1e185b1ae94af3dd52f737b6e868
NaV,796,6,True,0,0.03197534763430822,0.08791641178401906,0.012914458161440434,-0.014403037083819514,139be9e39f15a8094988ffa312da01eaf644f3ece44bfde0e60980dcbc67f71a
NaV,797,6,True,0,0.05740381600789716,0.165687561337557,0.021280583001068498,0.0189916152698153,9ac491c812d9c730f1307dfba449e8dbcbd033b8338a0d9cd728926c4773cb09
NaV,798,6,True,0,0.05957536754142592,0.17377264453972127,-0.028093818427973094,-0.014785418599319033,a726bf597c4bb598e530c5c7946ce50037b6c095ffb8fa57d785e9dc33e91009
NaV,799,6,True,0,0.04328559817965567,0.1008021970683234,-0.010271833265773411,-0.015932563145817813,35676957733d0151e572f227a5027db4213d3e8aec0b70ce902635114d280c51
NaV,800,6,True,0,0.042537963950414585,0.10882273101035064,-0.019535981705170125,-0.018609233754315335,6139dd8aba848765328dd4a84bce16f0cb895f30d2f1854211a829885befd673
NaV,801,6,True,0,0.030507097832023225,0.09113173698615022,0.02601666438803285,0.009941919402990607,012699b1ede75299d29e3717d33694a5f3a22c6e709bd3a64d86de9c0a4460bd
NaV,802,6,True,0,0.044493284850966826,0.1179197983104904,-0.0004731702620781597,-0.012491129506321474,cc519872ccd2d2cb83d0429f4c89b09ea89d5d74fccc5c5903e8622059b9ab12
NaV,803,6,True,0,0.04306611612140787,0.13211773110282976,-0.020623283513769408,-0.0026766706084975223,5da1f22c98e5152969a29687954699668f55389b37e75a9c8fcb5b90c3b1cfda
NaV,804,6,True,0,0.06137217044416594,0.14071297770618668,0.008594185137828836,0.00446111768082913,030f46646eb1c897247cd779488f661241540a55804454696d97ede8f2045ad7
NaV,805,6,True,0,0.0471605631561014,0.10716250809707782,-0.02349680763189199,-0.01427557657865286,897f2ad8531c2f1ea30566884c7264e4745967a03e0446332346a959f0ea4cdb
NaV,806,6,True,0,0.03587835386842508,0.06727336567434535,-0.01873940404311214,0.016952247187150604,23c093c15020f03b137eda65343e76992d6acbcfaf4319f70c5e8b152b8973d4
NaV,807,6,True,0,0.0362083915980404,0.1131904921710872,-0.013973134032351453,-0.012363669001154598,a8784274e44e795e7cbf9312c8826a9e608697efc0b0349d1f415757dcf62270
NaV,808,6,True,0,0.053375771713043134,0.11972760854139157,-0.0004245029170855119,-0.0014020655568318663,f0793a44209f00b44b1b8b4363c7c25d2c3ae8c62eeee3e766caedb1c2d8adf1
NaV,809,6,True,0,0.057309487585054386,0.14130231191088266,-0.026980979285429196,-0.012618590011487907,2fca4dd77fa4609aa0c6934f8e9981395e0391faadef756f224e1314e412cb66
NaV,810,6,True,0,0.046921413825755966,0.09692671962042013,-0.02030443385144265,-0.003568894144663215,0fa30a674a8d7993c463819e57ff95f1d45444a33ce9140e44107e2218ed6d71
NaV,811,6,True,0,0.029794255731278623,0.073451994561613,0.00818898228952114,-0.004716038691162439,d7f7bb5f23ec33d16caf21fba63da14bb57712e8592ea10477a159c55ba85fa8
NaV,812,6,True,0,0.04356331273916137,0.09628954512834134,-0.0246686173551236,-0.0040787361653293885,a9166e0fc591271fbcb40f56718dd8de60adf0944f00b735dce4b6fc3334487d
NaV,813,6,True,0,0.0391458543347265,0.07980616414501371,0.015443550715308785,-0.010324300918489904,1731dbfeb2986002e7ffd441e8b0839d92478840920cc5b7785295817ba4668b
NaV,814,6,True,0,0.032783860897863205,0.12108567317427019,-0.0258201681738619,0.003568894144663437,c60b34cdac8bc97ef74df26b8f00548184c00859394924ac7569773a67d1fc12
NaV,815,6,True,0,0.025962653187720716,0.0804938861898726,0.00690524185893393,-0.007775090815159036,7e3c75fc2ee14b3b93da8d939d8044ea97050c3977c1ddda240aed7078f84d72
NaV,816,6,True,0,0.0513074064123506,0.1196241549876689,-0.03755780330262404,0.0008922235361659148,2e67eb700a2cd1d0bda22e2053a389e3eecb415bc0f91ac47572bee617d84be5
NaV,817,6,True,0,0.05349155942865608,0.16888120543060528,-0.010197683557325643,-0.005735722732494564,84b7c5e7fdf6d54cd97a21547a364fb6125429aac20d216ab6ea0a53780a898d
NaV,818,6,True,0,0.043322455267861555,0.08972499618726065,-0.009432761260992795,-0.010579221928823213,62da239bab71d62db1acbaf1823275f3e07d17724302ba4565cbeda4e2463503
NaV,819,6,True,0,0.049489413963520607,0.11891535320058254,0.013354805293924965,-0.026511785074641248,9ffaa3a1a674f9e0efa37ceb4d80b11c6ae8044ddbde9b300e3b447b6d6cce6c
NaV,820,6,True,0,0.04917723817564192,0.1405830125217426,0.030208111094718992,-0.021285904362812857,939aea60923d95098bcc5d9f8f6abfa09c12b5b565c4524eca8b2c2c02892e42
NaV,821,6,True,0,0.032136334735372765,0.08941411968172532,0.0011836580707844657,0.0059906437428276504,fd28ee2c86917a12f4e68c8b7211ae87068f0f3b7b4ddddf3624d930b8568c02
NaV,822,6,True,0,0.04295935107436454,0.12952116264895905,0.015138366223468536,0.005735722732494564,4a34f9b51ceff6906d46f3f66f548053dc2a62d061bd1378ba97f5e1558c9f0f
NaV,823,6,True,0,0.039909160583315624,0.10702607483928395,-0.025722646861422227,0.010706682433989867,e4f090d96cb1feb83bffbeb0f4d0453af55491b22ed20d8434aae45b3ad42934
NaV,824,6,True,0,0.03248931221817557,0.05741601952418476,0.021824597201060225,-0.012491129506321474,cb2580cbc422832273c8ca58f7ab23ac7570e38278488ab8f5a622f990918711
NaV,825,6,True,0,0.030695888880605423,0.06874550971772482,0.016848211946298264,0.00522588071182839,7ad289371aacea220175a20dbe1e0b89218dc40d7a6ccd9f7959543f8d42abc9
NaV,826,6,True,0,0.0349078411249301,0.1126024276835479,-0.020821259123851465,-0.010196840413323915,60cd0d31a07253caa3cce7c0d9476d2f8f573ac14484d4733ccf659c77c33511
NaV,827,6,True,0,0.05543436596415938,0.165687561337557,0.03281487964762908,0.006627946268660478,16b6e8118e7e61a2943f4ceb6e67c246c1384693117a53da158f08117abea6d2
NaV,828,6,True,0,0.0414741991773113,0.10555843169525822,-0.014820928142904588,-0.00713778828932643,87afdba5f3929f408d1caaa266bad7904de73e001e1e90eb9a5243a2e9710918
NaV,829,6,True,0,0.055731703666635934,0.1179197983104904,-0.0033449385362080974,0.001274605051665434,597e6bf40e70842d2fc39cb000e6751c1313268e872f0bee633af8298d5abde0
NaV,830,6,True,0,0.056237006145893435,0.10702607483928395,-0.008236805247376466,-0.004206196670495821,ba8eef454e95799493db268d824935ce721d652b6a20fe903f93a14eaddbbce7
NaV,831,6,True,0,0.030426178534000887,0.04907394803668307,-0.008936248300941863,-0.005608262227327909,a07036aeffdc55082808a266c475c2e0e44d7925a832447cfe9d38ce3d9da6a0
NaV,832,6,True,0,0.02721723422389924,0.10207590421132513,-0.020983327342722458,0.002549210103331312,8e6113e7a9d828a7d735e5049e61d090cd7c556546b6a0901b87932c17623d6e
NaV,833,6,True,0,0.04575387093142267,0.12842500837611895,-0.028151582447280443,0.014912879104485688,c3f515a0c4b953fc11abd61ee607fa96524ef21fb2fa6f4455ef8f2dd792d6bd
NaV,834,6,True,0,0.034061206341294135,0.06492520910645201,0.008822500016174128,0.003823815154996524,7d47ed55953b26e8ffe8d5c4611306590204745929c77e06a6d480ee23832112
NaV,835,6,True,0,0.04419587535166972,0.11004831662291784,-0.009301693218780827,-0.00522588071182839,cfda3e15f6934c5bb397f1a882176d7f1610ca1ca2a52692b5b583ab4b2b4f87
NaV,836,6,True,0,0.046544664096187134,0.10956148584805615,-0.016294272588362135,0.009686998392657298,bd3b8b62a897f61761c8d1cbdcd3c2a259bda5593d08ad4e8f70b4464a05fed0
NaV,837,6,True,0,0.0402770925846972,0.11687437201501462,-0.02256392820694697,-0.012746050516654561,b0132f268f82167159f820c83be90989ae472fcaf90372ed36f2ac7fc95ed26a
NaV,838,6,True,0,0.03687813134021969,0.09101484635833001,-0.032334643208209446,0.003951275660162956,d51b4374750f2ae7518e6740f6c332ad787e84e8c63c47a39f75aadb2c281389
NaV,839,6,True,0,0.03895293553061786,0.10953433426352202,0.0028508328584819775,-0.005735722732494342,cd4ba0a5700b3bfb0a92dbe9399874cedca5434b3b15266ed16d2c8a70aaea93
NaV,840,6,True,0,0.027840890779654143,0.07138264329372207,-0.013303643978179291,0.004588578185995784,07889d74372c37c993f7d03766fd2303a37759141fc9ce9e0ecd8caac3e8089d
NaV,841,6,True,0,0.058684458167802774,0.16997613848000426,-0.013438490421462834,-0.041679585189460244,d55cb079c9ddad44852d16898c67431a6e173df85c033da72fdafee35cad6688
NaV,842,6,True,0,0.02780330621978448,0.10224480916019416,-0.022055137683229198,-0.0034414336394965606,0ff577f442c52278dee5807469c46f1093453c53cb84fc4bd77762d5525279f5
NaV,843,6,True,0,0.05762008419912479,0.12518008627760163,-0.012971046538610587,-0.02052114133181382,82fda266042b2abc24901c8fc1057acc5a86699ee55ae3fbb4908f59105fed0c
NaV,844,6,True,0,0.053597173096267214,0.10371060129142136,0.025080486047695194,0.0011471445464990015,a2af7bfb5cf7f4e6778d9e248104ca79227ab877277e1138b688e4037ba93d40
NaV,845,6,True,0,0.031130641160481906,0.05461403867642895,-0.004876439211707773,0.00713778828932643,e11042f7ca7e5272850a3ad5bb70af7548cacfe8ddc2033856b85247cdf8b0d9
NaV,846,6,True,0,0.06248642707994114,0.16455582700382973,0.014861899578166193,-0.02472733800230964,605e6a1790c7b14225df0404889a90b41ce722b83b211c3fc14faba4d081fd7c
NaV,847,6,True,0,0.04428138077792931,0.1244730413428135,0.013507649753146111,0.0031865126291634738,d9f0058678e745db5ad569c0b229368e537422ae0c6216c0ce9b934a9fb252f6
NaV,848,6,True,0,0.04801559367932042,0.09113173698615022,0.031954968224322755,0.005863183237661218,9b0c18c715e5777d7149242d2973530b0be6b41c6d62f8d1e59a690747a6f193
NaV,849,6,True,0,0.05897888167735688,0.16455582700382973,0.02155271335010811,-0.0024217495981642134,4d3590bb493f7e7b9a66ed6e0d26e1d99cafb11ab22e1aec70a26a066d6a7416
NaV,850,6,True,0,0.040463163005108584,0.09481234049546144,-0.0011004644776426709,-0.0020393680826649163,6e54b08ea38b7814eebc89b5f206cfb39659d7c576be249fc9e49cf8dcf6b782
NaV,851,6,True,0,0.052146445009964466,0.16370979633198518,0.03327687153118308,-0.0024217495981642134,a3d60f1b226ebe7c6f03eca66a5fd2c32cbc1b416dbdd18843666157d499adf2
NaV,852,6,True,0,0.039342984418574874,0.07089615207590107,-0.01063944914183268,-0.015040339609652342,fa8851477648c47f0fd3fdc667cb2bc107a1e8d485ce4f7dc88cbe5a6844b483
NaV,853,6,True,0,0.02534437679972028,0.04408761502608556,-0.020040803985771127,-0.0047160386911619945,789b2da11d40c2edc92607b7980d92dfbc1ae3e46a8fb2e9558420da562e96e6
NaV,854,6,True,0,0.06575187819100893,0.16697999894573198,-0.018074600359586412,0.003568894144663437,a3bfb023611e61c6faecf75f80fd43527b39cb56d810cf88d42005151fd7d6b7
NaV,855,6,True,0,0.03684515833678732,0.07980616414501371,0.022628676465287434,-0.010069379908157039,e63bd2399e91f3d658c48b00e0eb4d523fa3aa15f3cc40fa69d135e45dd1188f
NaV,856,6,True,0,0.05177537888401515,0.10349603278446737,0.01935275100897149,-0.0015295260619985207,57617238ccc9a267852f2e7a6d7bae4d60972ba96e7d3388d34c532ac35ddf63
NaV,857,6,True,0,0.038263164455849645,0.073451994561613,0.02114352034096134,-0.016697326176817295,83a8ac7f88692df0bbb20f751dc5dddde996b319b7e1628402b7cb40f006a8e8
NaV,858,6,True,0,0.05318965296068686,0.17377264453972127,-0.032833815029880586,0.022560509414478735,4111d274b992e4729de08eb767d4daf815a28a434caacfc60046038012f2ffcc
NaV,859,6,True,0,0.057989203116340766,0.13270490026431866,0.010640258353989296,0.0005098420206661736,495e9f260445a23d44cbb17c0cea4882c06d8cebb995df996e825a5b50c392e8
NaV,860,6,True,0,0.034662233885189374,0.06419138086944906,0.004454458962459773,0.024217495981643467,2990e0654aa354e54ee677ac564fe2706c76952924182ab3e44804462859fc93
NaV,861,6,True,0,0.03871011184059205,0.0921978344751905,0.02159784178102253,0.005735722732494564,6be2579c5b4ad5410a2c49feef2927ac9ae8f47360bc2c4e7d8bb8953552ba40
NaV,862,6,True,0,0.05344538340194791,0.13270490026431866,-0.011055700235273358,-0.006118104247994083,14b0f5fa0b5ba65ea9313ad3e3efbe1d1c3667bbc530279dca56913689671376
NaV,863,6,True,0,0.04359261314786613,0.07155536423542294,-0.004823028560542619,-0.021158443857646425,998d8ed83c5fb93c578013bbb3a0d1763f9789cf2b24af3eb62557dbabb841ef
NaV,864,6,True,0,0.032698258288428046,0.05648875829380118,0.00019031034406902236,0.00025492101033286474,e52681964a21135caec8f07bd6677aae15b5f8b7dcafec702ec47ac769739c93
NaV,865,6,True,0,0.03411923547321967,0.11449836519738889,-0.01311669377948066,-0.012108747990821733,ab2e54650b60a1ee84c53fb036d425a0ea281b1c9a46489477e59b1d01b4087d
NaV,866,6,True,0,0.04796952543304708,0.1048913570937925,-0.010138920726477041,0.009304616877157557,3fd2405c5e2d1f7b44d3c75c0f3b9fd01047f61fd3fae8d233c8b75b37d94f4e
NaV,867,6,True,0,0.05144320457144819,0.13211773110282976,-0.02043900359426498,0.014020655568319995,b1d7b02d798ce0b257099908cabb4c24f123fdc6cc4fa8793b95384e17149739
NaV,868,6,True,0,0.029602114064871714,0.09101484635833001,-0.007854181925411652,-0.005480801722161255,9f759216d8982aa18da3059e4d61a62a366bc1bb25dcea23a35fb3019119ab76
NaV,869,6,True,0,0.02838922574389995,0.09113173698615022,0.008678100820962431,0.0,226e809b314a821b4b4c9f7f85fb01cbc520692a4407917e7dc790357725bd50
NaV,870,6,True,0,0.04554364193981513,0.09750059520802346,0.006026033525393881,-0.027276548105640508,cfdb15e16e8903986ddebd9dcf91fd367aa48be56476c8fecde2fe04c4b0b92a
NaV,871,6,True,0,0.052236408764245595,0.12752167171736534,0.01189996157772999,-0.010324300918490348,8635a17120da3869ca350b3a1d19cc47b06c35c2591931e6fb31b7594903539e
NaV,872,6,True,0,0.04162377008751093,0.07155536423542294,-0.003626852973181549,0.0021668285878315707,3702d7ea096dcf25679a4cc200b3b0ced48b5858911ca7d5f9d7881b7a0b67d7
NaV,873,6,True,0,0.046551324945105034,0.11687437201501462,0.00092171948045916,-0.0076476303099926035,53fb40f87c7f54ecab2e68bff12558401708cd85cd69be48513cc160bedc33cc
NaV,874,6,True,0,0.04165833153084714,0.09101484635833001,-0.03019847920146601,-0.004206196670495821,cd1f1f746feafa84d34faf3800b631f50fc30d6fb40a8132e6049afc8dfad6b8
NaV,875,6,True,0,0.05215141158331,0.12960578517270718,-0.027531744320546503,-0.01606002365098469,339c61e5c94bd6ca351d82e6a1da5874e67072f7090b289f2842ea8a39eec1ee
NaV,876,6,True,0,0.032324496031738,0.08766466236000221,-0.0025284658736999255,-0.002294289092997781,0319814a8c4c37aa3adf32b1d07196c497ff28dd226e9a5dc128c7331525e216
NaV,877,6,True,0,0.030531860842932735,0.07980616414501371,0.02735330894891108,0.006627946268660256,477add097114475679ab237b421e86c5fa447e21e03a2bba3599265abf9da706
NaV,878,6,True,0,0.04510872563757248,0.0921978344751905,0.018906849860790942,-0.016824786681983728,97246c12c6543f9aeb2e0292ac17ef7e1f8429bb2df189c4a21744dad485e596
NaV,879,6,True,0,0.05553952284196329,0.10785114077179622,-0.039182360751378376,0.0014020655568320883,e78c080cfc8ad04097e65d340670899a6de9584f10fa59740c8b0c0ac57e8bfa
NaV,880,6,True,0,0.03756552148562444,0.0780089230125496,-0.008945364780573506,0.0016569865671651751,dc36a2d3d5a1871a7989c5e8de64dc6a6a54eb75c7d8bbe0a26375a4f3889ee4
NaV,881,6,True,0,0.052070675149425906,0.10716250809707782,-0.04573191415731204,-0.007520169804826171,f4c291ef2444e9b99e344b25cba91cfef56f3f092b8ac0653de5a7ca35362a0e
NaV,882,6,True,0,0.040914708462529426,0.12752167171736534,0.016127218937340704,-0.017844470723316075,c42e53f36633688b5d15516d1b97fcc91dde39a4f37eb73d3cbaebecf4e5b848
NaV,883,6,True,0,0.04095352706755485,0.1107834140639568,-0.024553189742932968,-0.008030011825492123,300dae8f775edd2111b7f644c2e16a8c765d4964844174d160f7080ecce1778d
NaV,884,6,True,0,0.04964927191168666,0.11426602618721714,0.008229938782365442,0.005863183237661218,43f61b3238045cdec2c002c4e96e54f94355c44bb252765d8812855f71a74cee
NaV,885,6,True,0,0.03704733148160724,0.062014476778798795,-0.0015804443197195983,-0.019628917795647682,f46566c8b5524174efddb0acf4f2f5a8411feada126ae85e5fab24a7360b4d72
NaV,886,6,True,0,0.04428616297133659,0.12752167171736534,0.02911896330980346,-0.022687969919644724,0364f6dde9781dc087153409cb80357754a62bdcaf5870ada158f85387adec75
NaV,887,6,True,0,0.041583409685312274,0.13394628333172104,0.01928184744703687,0.004588578185995562,9f962e471ba93125f81ae04dcfe3e6143eaa4abe960dcf0c2e576c4517664c01
NaV,888,6,True,0,0.0356748018429742,0.05951932293770035,-0.0145397270053933,0.00522588071182839,632e789bebde0c4af48a63a6a31b6d73d11cdae285c1296e37bdb6ad75932450
NaV,889,6,True,0,0.04720248749531452,0.10956148584805615,-0.028077828955010986,-0.00025492101033286474,f32145b0de64f425ecb58a1f5bfa25b582978baebd6237b04d49efe25702d1a2
NaV,890,6,True,0,0.029220235503849026,0.06196456438405536,-0.003678217547890883,-0.02409003547647659,74ad9d2b109171095cbf09828e9752990798277dadcaacbb29d5318bfb1416e1
NaV,891,6,True,0,0.03935815500505745,0.10555843169525822,-0.01535262562779982,0.010579221928823213,ed4fe97a7da11c98ca57370097cfd0e195f0522be3ede53a96bc412fe55e608c
NaV,892,6,True,0,0.03052972328051248,0.07138264329372207,0.0009471819291622108,-0.009559537887490865,065ba472b30ad2cc441e5db3ac4424be1f526e4fa09bbeb2205cc5bbf8fadd67
NaV,893,6,True,0,0.06147070868417064,0.16697999894573198,-0.012783283212800756,-0.005480801722161255,45ca9090146974cb5fee9c9ecf1f02b5cb6015d7907fa8ff3ff335e9c7a8aca6
NaV,894,6,True,0,0.03384202146898488,0.11426602618721714,-0.022283749125452168,0.005480801722161699,29844b2cdd20176cf20d3903614a01cc46692118cbd0ee47d955e5c5b7e4d8aa
NaV,895,6,True,0,0.026817682495062365,0.06206532360576444,0.015764122780394407,0.008157472330658777,64eca8630dbf197a56fe1efdbc05be6bdc5aed731041545282a2a5ec3048596d
NaV,896,6,True,0,0.030685280381200386,0.05202613595828813,-0.005530525911453532,-0.008412393340991864,9be02b8c8d8780ed8caf137ffafebf29416788fc6cc68ccb37a3fccc75b78e67
NaV,897,6,True,0,0.04985274373714016,0.11006517043909053,0.002971003005342032,-0.017334628702650345,d641b87ec344ab41965d1a3cd7f6646d3c8de94116c6d0db4c095b0c77a43694
NaV,898,6,True,0,0.04573210226156032,0.1131904921710872,-0.019523259803827964,0.005863183237660996,e274f7836a577d9eeac6beb15c040e3e2346b37d18b97a55698ec42b424417ed
NaV,899,6,True,0,0.02310575154624191,0.058585271767274294,-0.013692875832131524,0.0014020655568323104,c07d1de173a330f5f3725eadf8abdd1c9c679cd537ad82ed1fb8ec99c3064fb3
NaV,900,6,True,0,0.05707791115203493,0.16455582700382973,-0.0020712718732378566,-0.0030590521239970414,ad829c864600f34af1656fb40ab3826d7baf72a684cb8878403fba2d64a4d1db
NaV,901,6,True,0,0.04966006661022943,0.09435181187782887,0.03562033093480799,-0.0007647630309990383,f7674b22073b3a101fc655dc8f07d747058976025d0ff2447df60095a9b56675
NaV,902,6,True,0,0.029791959994288537,0.060369741286927577,-0.01295753530193311,0.012108747990821733,2832fe198074edcd58363b39a0fef93222317884775f9f494934ad2cee74df9c
NaV,903,6,True,0,0.049709587457731436,0.16997613848000426,-0.01756083154764898,-0.005863183237660996,4cc6f7a54457530e312dbb38f3a586d9165cda59a4e3fc04cec9d459eadb3a2c
NaV,904,6,True,0,0.06352170241632783,0.17377264453972127,-0.025476425557799276,-0.014403037083819514,65f52d28411dea4b88af9dbcb5c8a0662c3bef073416517e7b8d9fa97295b4d4
NaV,905,6,True,0,0.0485769648938631,0.16455582700382973,0.033724220377197245,-0.004461117680828908,61b2fd7efeafeea07731c80ca5238c4f07ca1948a5b184a23eab4b332372f50e
NaV,906,6,True,0,0.03344212671809196,0.08346331489639494,-0.009843560203441015,-0.013893195063153119,89dee3c8ce8f8e9da7c75c6909fb38bd323e652a5d261d86f5726fcfb999d47b
NaV,907,6,True,0,0.048642861241930714,0.09481234049546144,-0.0025193285324314196,-0.009304616877157779,8d8b2a276ebc47863d5ebb63fd3476ee8d31c4d8c5b06b8c33416b1f5b9f6df4
NaV,908,6,True,0,0.041698201416419674,0.08972499618726065,-0.03268670171067267,-0.012236208495988166,1ecd2796d5414f34598e4c15d877015a137711e9de230d9545a94074b8a3de5b
NaV,909,6,True,0,0.04446796883516366,0.09821455865077934,0.005388766774061082,-0.01644240516648443,3f29a31f351906fe09c75d62391b6dd11a911e6200f13ff7c068f3c321b357c3
NaV,910,6,True,0,0.0347437397973423,0.1244730413428135,0.021294762975617942,-0.007265248794492862,c98e9271cc745c1ad177eaed94e51159c4d4ba024dbd932fb554743f2d4ccaa3
NaV,911,6,True,0,0.03741964691352079,0.1131904921710872,-0.03023958975476515,-0.011726366475321992,d8b11e03ba1d36b075a0a82eff7c93c1e478a3e2e1fc7e6c351ba6cd08e927c9
NaV,912,6,True,0,0.05100898237061374,0.11004831662291784,-0.03163770579998104,-0.031992586796802946,bcf2cfebcb9bb8bf5edf1ad96d8f96c010fb5189e8ceb11e08b6e31a9351232d
NaV,913,6,True,0,0.038452284346190746,0.10702607483928395,-0.02699380034495591,0.005735722732494564,e50fd34237f19a5dba4e0ec8e847ce6cd63751d13a388239c91f54be81e9900e
NaV,914,6,True,0,0.03872786131772544,0.08788178054574697,0.004173820680009044,-0.01274605051665434,a1085e58fec2bf98ac54522cfbed441bd74750bbf2bf5fac83e8574763dbaff5
NaV,915,6,True,0,0.027987823686414632,0.05397104239212837,-0.004721447444065996,0.015550181630318516,0ecebd1095a7b20c5ce7e53acbd392414be85f97eb8379ea50a5df8c6ddf8f1e
NaV,916,6,True,0,0.05736252506866147,0.14071297770618668,0.010361964820704284,0.0028041311136641767,52a76829565ebddb61cdc8892a180016aea99fb94486a1725a8c3a8e3c8af7dd
NaV,917,6,True,0,0.04618934406474764,0.130847393413204,0.040864764425134315,0.008157472330658777,a0bb172c9f2a31c9cface2e7c4db00b4c9aecf3355bbff4572898f5a37eaf049
NaV,918,6,True,0,0.05738572126945917,0.15295273481193025,0.02227635236594039,-0.002549210103330868,c7b397d94be293a89dbf2ed572dcf690ab3744f80ec2037c9b5904172ca5258c
NaV,919,6,True,0,0.055855125740470725,0.15295273481193025,0.04120644419879094,0.005863183237661218,1bc4eb67b269740106d9f7d74c0c4dd530584279defed6f9d22ac67fdfac64e0
NaV,920,6,True,0,0.04842501329510715,0.13597859432316858,-0.02253885768262731,-0.002931591618830165,644c38ab327bb9c79e5533d00db003c36b77e20b6a62a115690b3ec3ddea90e9
NaV,921,6,True,0,0.037520662468944734,0.11004831662291784,-0.018691080454782183,-0.010196840413323471,07dba0a1d2dc18eb8977ebe7e946dc9bdef2afe2513238f422585d05b940858f
NaV,922,6,True,0,0.04416414034688457,0.08448310144356017,-0.004691066339422623,0.006500485763494046,55c1ca72d53d95cdd32892d8bf45e72ce7d191b329e986fb8180b8ec141d39ac
NaV,923,6,True,0,0.03868737118708989,0.06206712633515784,0.017522173799639162,-0.008412393340991642,aed026f6c7a2eee4d2a08d7b1946225de9dca21ccb0ddb26bcf8ea0737bd04bc
NaV,924,6,True,0,0.048399983003245196,0.10135828004604466,0.007923789132146863,-0.0028041311136637326,f1c93fbac66998ce41a2dfb78c6001d3cd125ae52ed03041bbeb149330c8535b
NaV,925,6,True,0,0.039015077083057355,0.10886627638750657,-0.009578251341818333,-0.01873669425948199,b74b30f8b6179021f13c91332348a1c2402d5a72e66b8a52d9b2274975e5296f
NaV,926,6,True,0,0.05336457499255707,0.13394628333172104,0.028388104554264437,-0.0010196840413323471,cc662fa3694c00b32345ef27f18f695ffd70a2d7596ab85daaaa2951bd73c9ea
NaV,927,6,True,0,0.03072069648838524,0.05881063958280207,0.012614863024200673,-0.0014020655568320883,26a38936877972679a542223f085450470a13810817866b106ca1ba7016eafe5
NaV,928,6,True,0,0.03145728140053161,0.058869891771300455,0.014697284916634024,0.009432077382324433,ee26e19714d1e72644ce0f804a6969a2b2179c39dbec91cde2d424b043621ec9
NaV,929,6,True,0,0.04340212354226312,0.08788178054574697,-0.007013060438636254,-0.019373996785314596,a282a4f990d62d13250fc410a7cda7a9b50ba0e883384f4858ec3034800056cf
NaV,930,6,True,0,0.030556405120694744,0.07089615207590107,-0.01557233894374166,0.004970959701495303,e430a977369e4ef8bb7a0195502d25d174a22ed5ac9cca54698774c6635850c4
NaV,931,6,True,0,0.03802562036895027,0.08964132341460601,0.021064967908177135,-0.010961603444322954,fa9a209244c0656099920ce998b511c4b385f804e87a2fc8b35dbf26a5e02dad
NaV,932,6,True,0,0.05313770013199245,0.1440390185003805,-0.017007707537984196,-0.005480801722161477,fd13ccdcb1ae20fa7238884ad9a6ab7bc45226a8ff19fd049e1180ad0d4b063f
NaV,933,6,True,0,0.03193700550964314,0.07745772344150637,0.011726916641666474,0.0005098420206661736,74ac17b95152af21dcd263ad9624bf64c1068af9cf0967cb819e90e8af7a8b47
NaV,934,6,True,0,0.04464205009538045,0.12952116264895905,0.01099797691518134,-0.00254921010333109,d423819dc0c733e5e9fd0b033c3c2f1a81d7c2fba186d369895b8e136dfe4a8f
NaV,935,6,True,0,0.02780867503178,0.045242174151374014,-0.01261063628533532,-0.006882867278993343,1cf7d86d5930d8d104d32364993a4434186c54c3c08afb7f93d3693848398466
NaV,936,6,True,0,0.04099328401629643,0.1718428471463477,0.021775864256627475,-0.013510813547653377,b2caabafc3f772e9d318e9755a35903b308b52cf2ae9eaab8659de814b15f6e8
NaV,937,6,True,0,0.05791018630234382,0.17377264453972127,-0.017696524477943676,0.0007647630309994824,47df9e1da55f04199e08a369afc0839e41dfb6f7ce8017fcbf4a70f8f6266c56
NaV,938,6,True,0,0.030142276922567154,0.053237405034895616,-0.002782345518880902,-0.009432077382324211,f0462e7e28b04bded4dd036c5c77ce64cdbf99fe0a4d13f6183646a2dd91f6c1
NaV,939,6,True,0,0.04780156950546452,0.10658284741715392,-0.00885696375654188,0.0026766706084975223,8b2fae393b65a5c38ef1b321f671b1122a2355d2485e4fe4dc30ebebffd20a72
NaV,940,6,True,0,0.040753429259338135,0.10163237640543914,-0.000801728132920454,-0.01835431274398225,a6c7d102a5350b1c5413c415f96c70f26e9aa3d355085faa83f5bc5d35a27b99
NaV,941,6,True,0,0.04222240439265997,0.09230467982218311,0.01096792795693946,-0.005098420206661736,0679bbff144f3b6f756e44b2dea1e5fe4714556ce4e81b573ec7d7626979368a
NaV,942,6,True,0,0.027077054684817446,0.060700921827561705,0.01016629443457262,0.0026766706084975223,57730f717b17e3a34bb6859985adebca1bc3c6af017b876a4dab92b1ca7ab954
NaV,943,6,True,0,0.040178897476569754,0.09230467982218311,0.0068235366805118325,-0.005863183237660996,ec3994f44e9f31276441667166625c84973b1697014f869d5f05bd62e098e100
NaV,944,6,True,0,0.04788051249464273,0.10785114077179622,-0.01098504076067286,-0.01644240516648421,43bfe8e00c126213b109b5202ac60b344d84543d6595cd9930bb5ad894932fd8
NaV,945,6,True,0,0.05198882343849673,0.1654087840654657,-0.0038402117906550792,-0.03212004730196938,f694ba15d88f1527244cceb7220b509f4f11b91ca7218ea2debff73675a17b26
NaV,946,6,True,0,0.04602976426410735,0.10398907423549104,0.022794788430293478,-0.0003823815154997412,0b0e7618aa608037786e05dcdd35c1dd9e09159c31818c0ff54175c0c7354f07
NaV,947,6,True,0,0.03724831176639546,0.09628954512834134,-0.028128412214599274,-0.018991615269815076,76e2cea47a8cdee08c4726c6c3a7f7705a5dfb139cc6aa4ee7d1f92512e2c7c6
NaV,948,6,True,0,0.033765153050436265,0.06114933078743978,0.022429427088122678,-0.016697326176817295,c06cdcb4eba913d6056fe7e29cf51b0d84c3f26c8c244fbcda1ac8054fd35460
NaV,949,6,True,0,0.04448004200393473,0.14071297770618668,0.00995093064474939,0.004843499196328649,b88f1848f36ee722d8b856d0614db76c96de4d497fb6901d00e4aaa7bd06aca0
NaV,950,6,True,0,0.03447590641266542,0.10135828004604466,0.026766030459263623,-0.002549210103330868,60cade68fffd16629222cec7470e27f1416717e4371e6a4271a2f9b461becf7f
NaV,951,6,True,0,0.052399956254805286,0.13597859432316858,-0.011809720676559055,-0.0030590521239970414,d43b61133fdd86a8152e62cb97ebc90db5507b6725532a9d70d7182ed9e9593a
NaV,952,6,True,0,0.03599954966695417,0.05897576144430733,-0.020804755670904562,0.004588578185995562,5da95fea3f1b56ce4425e91bd70d4c68c8f90d2710b303096d4ac9886996b15b
NaV,953,6,True,0,0.05628494434031304,0.10886627638750657,-0.0406420518618944,-0.011216524454655818,4f4522b91349a9dc205afab4758530f475e8c1833e8449a7b97ebb43476c6a3f
NaV,954,6,True,0,0.03767395895150572,0.10365447223092779,-0.019967779555695175,-0.029443376693471857,26c9e7940bb70105214d55069aafc5145d2b38813bfddf225dbaa8fcdf7e72b2
NaV,955,6,True,0,0.04242214880417928,0.09821455865077934,0.01057115498575012,-0.023962574971310158,014fd460574df7583f270d3ae85d0f1a5241eeddd8f7273ee9f2e035637d8473
NaV,956,6,True,0,0.051722035728001714,0.10398907423549104,0.03515242918584671,0.006627946268660256,04fc755a8fbaa238fd7b7b2789fd42be6620e26346db20df6c530996142bd707
NaV,957,6,True,0,0.04549282226981652,0.09280403490059867,-0.0057081070745392815,-0.013000971526987204,959700ead0f88873d2d930f8782e9ff46cdbc9f5b6ef48fa021c920db47954fc
NaV,958,6,True,0,0.04997632611792461,0.13270490026431866,-0.029058980841675686,-0.01057922192882299,dab89b84f8c289e2330731b65ae7f5b2afa8cd371dc3c0e2169b2c5e6a1860d1
NaV,959,6,True,0,0.041908991920350504,0.09279249722559194,0.0131506603930851,-0.008157472330658555,7d9b8145bff9d1b86d7791772725d86c4004ac15a57c2354ad11aef3292280b8
NaV,960,6,True,0,0.04768083982578256,0.11426602618721714,-0.025817807775333934,-0.024982259012642505,9a26431f7d1c873656ee4b9d7dcac84d701cc6f5d15c2b6621ddab546d4283b3
NaV,961,6,True,0,0.03167037343269838,0.05525155510737329,-0.005001468370840811,0.004333657175662697,80ec68753d6ba0862ec8df31a5aa56e74bec49f129392c6b6ede499e99fba04d
NaV,962,6,True,0,0.05221287394551854,0.139419367870219,0.0019587524920519073,-0.022560509414478513,6cf98340da0282a5491d42341e311d9fdaad2b70f12fb8781af637a3fad42c95
NaV,963,6,True,0,0.05567183040128073,0.1654087840654657,-0.019893533868119206,-0.037600849024130856,821b8231cd2c6c22cb2a5e296c9519bff2d829555028487c34a024ffd3591da2
NaV,964,6,True,0,0.03678040023118327,0.08028279282785616,-0.001297206588494415,0.0010196840413323471,9ce94328d3b4772eb1b6ccb1d94ddb47103bc55efef97bd26ed1095aa21a3520
NaV,965,6,True,0,0.05157946881259449,0.11745930479359774,0.0009393799732255737,-0.01096160344432251,2f20cdcc95e3da8d0572efc4106d33767cc0e422f0b91ca81b5a083cd9045389
NaV,966,6,True,0,0.04449446992447842,0.1244730413428135,0.010344191015541515,-0.012236208495988166,65bfdd3f4a840a76b70b6513105815bcc1de8c0b998d869eb8deb761a495dc8a
NaV,967,6,True,0,0.04850222694537906,0.16455582700382973,0.017357739740981426,-0.014785418599319033,06a0659057087184488af77ced499e2b0d5fcf9f401193996507d15102dbdb34
NaV,968,6,True,0,0.03869138390776291,0.0574531223569689,-0.00390534478950344,-0.005735722732494342,8538c603990ceb6cb2d234315d835777d9466b1c46846f234b859f970790c1e0
NaV,969,6,True,0,0.03429450037771637,0.0617769418603135,-0.0017325708396289663,0.010196840413323471,f1c7d12f221fd3da8c175431067848811743b34115a20c06572fa7d19a8fc155
NaV,970,6,True,0,0.030352739979644563,0.057836115362988195,-0.004688602138342102,-0.015677642135484948,5aa8c1b0ae3135d8f65f4714a2a39c302e13874f8ec4d869d17a4b384cf7488a
NaV,971,6,True,0,0.026528571148684555,0.06248157692103424,0.01608894647542547,-0.015677642135484948,302f467448ee5e240cb099c672b3377b86b40b6c80212f30f472e64640d79bac
NaV,972,6,True,0,0.043526504862290316,0.0780089230125496,-0.02922964970323516,-0.01656986567165064,ead383a0fa6d7a5aa1fb7daf739af377cf8a859496b574523ca96f50d497b3fb
NaV,973,6,True,0,0.035255124107320505,0.0848841310275922,0.01693156572979193,0.021158443857646425,c2af27b8880c853bf97f61c9f83b28ba5dcc0d7bbd93770f52ad891c9722a1c6
NaV,974,6,True,0,0.028587730333680377,0.08448310144356017,-0.00546203099091902,0.0016569865671656192,9d2fc3dc538539f2935008ca9e8d0d156f85b2340d18751285ada2ef677aefeb
NaV,975,6,True,0,0.03988865343072221,0.12842500837611895,-0.03303731638788454,0.0017844470723318295,4c5aa68192bc839f6b88cefd0979cd0fb47abb18ff1d6981168ca31fdd8fc942
NaV,976,6,True,0,0.028458686544426823,0.05971227836280333,0.006225462615680355,-0.001656986567164731,1a5148339be6b95ec97352a81cee94d7e1dabd2f0a23ee5001950ffbc3ff1890
NaV,977,6,True,0,0.04832924887467516,0.10371060129142136,0.008434628244012199,0.009814458897823952,cedd7ac5d677177b3529271a4f8c2512eced36a68bea5a5905533a4b3d52b240
NaV,978,6,True,0,0.04125892735895046,0.11449836519738889,-0.00833308575610614,-0.012236208495988388,038bdd3c00cb5eb5f6ca09b43f4b859f746eb22a0b83ea1c88ed34f586df11c9
NaV,979,6,True,0,0.0528199070425435,0.13799852140944094,0.048581101176060404,0.008030011825492345,00d3f3042ae4bec8a5253c07fc2771c56d1d7fb4078c8aa68dcc513d90f60b0a
NaV,980,6,True,0,0.03066034100289414,0.05734688188820323,0.0165997895402894,0.0008922235361659148,398d855c9b2d2fcf6ebc4673dfa34a325a2af5f75512c6ddda1a4ae1a3a084fb
NaV,981,6,True,0,0.019030647760559207,0.04350800766882612,-0.00044333279801311853,0.003568894144663215,7143796aec3b74b96eab856523d3ffae5a77a388ac7a3a5dead0a785c7c01337
NaV,982,6,True,0,0.037704494354667446,0.09859624982394127,-0.023659049044407965,0.009049695866824692,c2b1548afca5d818933f24e1d053a04af2d8eda058d167faa62e2d490ff13cde
NaV,983,6,True,0,0.055123793581654444,0.14071297770618668,0.024841690936822758,0.005863183237660996,41a6874d48311c824c6668b31856680962cdfa83dbbf509c9fbdbd0a8be1c63e
NaV,984,6,True,0,0.0453021004954971,0.11449836519738889,-0.0061119470487578376,-0.008794774856491383,5dd1334d93f977c523033f00249b2492f8d1e2603558c2d923517dc73488c471
NaV,985,6,True,0,0.04662919516410081,0.08788178054574697,4.023149188725483e-05,-0.014530497588986169,c40b82d74c584c925a525e6559a570f3c2212c681c5942c291c47a47a7af3395
NaV,986,6,True,0,0.0340801890931721,0.08448310144356017,-0.007666854644997834,0.013765734557986908,2d1124412974a92bced31524460f74b5de96cbbd9eeda6839ce0e0badf6bb030
NaV,987,6,True,0,0.05270051150316666,0.16942826520871607,-0.011186580861132,0.014530497588986169,690a06594291a6ae4720dfc04e9dfe336a368ffa110625096fa06fb7b656d3ed
NaV,988,6,True,0,0.025754621099879412,0.05293571737229345,0.015496248757648434,0.0015295260619985207,e8e0bc8e22561fffc3cc63e41819e2fef61d08b5e01d6716a4f339a476b666c6
NaV,989,6,True,0,0.03600729181264554,0.10886627638750657,-0.019372555620549514,-0.012491129506321252,80416a08747d151d78fd4b9190205f310019accfaa2bbb84ba93c19ee18f2ddf
NaV,990,6,True,0,0.03368011318894324,0.062275101161078456,-0.00903827235173571,-0.009814458897823952,b9005ee27bcfe8ce14666a6bfeb5113f91aa9ad9192c703cb96762de572bcf26
NaV,991,6,True,0,0.0341900233698676,0.07300939398598555,0.0039313702929963945,-0.012108747990821733,d3e0c89512a32a20dceedf11c6c934ab730d61bfa1f239e290dc46a792224155
NaV,992,6,True,0,0.03731152760170148,0.07649120502172921,-0.00448120879138636,0.0005098420206663956,dd1c0472af5becb189f13aec94878d9878915cd014c767497f1388e2fbd9b441
NaV,993,6,True,0,0.03401464281231013,0.11023486966486598,-0.004278793027223671,0.006118104247994083,cb03a8bb76a8e22d1602003add23752f8e148405ed60b8a685b909c23c1707e0
NaV,994,6,True,0,0.043345418370261124,0.1405830125217426,0.00854850632186177,-0.009432077382324211,6273ef4699bc4c99811874d3afd6370edf7f17084fc492a6cb092df8dc2126f3
NaV,995,6,True,0,0.04016121008948127,0.09266178868133378,0.023565215575114706,-0.0031865126291634738,4be18780fc1ac2767ba9493c2d8627c7b77988b67926d04fc7e8076a4bd304be
NaV,996,6,True,0,0.050115119466618514,0.14930196875981122,-0.044956904883807436,-0.008157472330658999,747b4a403ec7c5423f88fe7fd416d04a3bf9ff54acf5fd44cedb6e4bd12486dc
NaV,997,6,True,0,0.03538473421752631,0.06664511312233629,0.003750734580978854,-0.01988383880598077,04994656768d6b75f1528be5f4de3c7e6ac323a5cd3b593c0cdf257fcaf12af1
NaV,998,6,True,0,0.03962369035250261,0.09481234049546144,0.006375978477495714,-0.01134398495982225,fc1d61dbdac11f30ef53f8a0d420b7fa1c74ce25238d44234e84c58aa556bee8
NaV,999,6,True,0,0.06106659843664818,0.16888120543060528,-0.04239133789199112,-0.01274605051665434,abb545e6a4f91da3604c8c9f55e432968d719e74b999027b4238100b001f56e0
Kv,0,40,True,0,0.07316814158769262,0.24585497956204372,-0.005203714534899095,0.014358425907010974,77e65987be15b54d0fc40ac2b67217564a6d8f4289a0fc77516bd1cd9e661cc6
Kv,1,40,True,0,0.07076339826425858,0.23551538665333355,-0.01145638354138856,0.01850726535018199,374158469abe4987d9de4acb1ce7b6db16fcdcd929a4cbb2b9aca3a418869df1
Kv,2,40,True,0,0.08299048377219558,0.2680425435002875,0.003645816199922436,0.018277836440882322,d709f031e7ad2b78a664bb37405837488c3cb31d792f3f51c5f3dc76114faaa9
Kv,3,40,True,0,0.07749017123084363,0.24679554135760037,-0.011366789515489417,0.026326967342149676,d83e0354d0bfbe7c90baff92fc63b6840df661028e8015e4cea6446e5a0b0b66
Kv,4,40,True,0,0.0799844753716076,0.2963658309112904,-0.005848881249555182,0.028850685344447125,f441dc93b49cb556eac03551a8249d749190c018680c331264a71d9ac6a59ac5
Kv,5,40,True,0,0.07701865891563978,0.2974859775626043,0.005277670431719672,0.025218060947200693,668cad71f4287294aa3f8076d145e89177dc9e1f4ed887eedcffc3b4d8492d2b
Kv,6,40,True,0,0.07378383590030813,0.28774221966481917,-0.01607230131000148,0.0022560509414475405,aa087490e3e3f96f05e0cc0091e5a206d2057b586d247ed00a131f7c969b1bca
Kv,7,40,True,0,0.07370029929610304,0.2680425435002875,-0.012599282864451666,0.011108183025264284,0f4e31de425acde9fbc62f92c4704c9007e7d90cc794a53dacf61c05567a00fd
Kv,8,40,True,0,0.07073812736640353,0.24049549784751773,-0.017281034900676007,0.009980157554540292,be9c2f686dfdad217d889d75f415cf020ad7fba1f686e520c0ec26a535c68250
Kv,9,40,True,0,0.06312455131747291,0.1874516460728313,-0.0012825985291697872,0.025198941871425684,57b5acbfe2afab298174567a086446071e48374d1fc4d1d745f53e3964263d5f
Kv,10,40,True,0,0.06928406929374635,0.24585497956204372,0.005301484845269933,0.014606973892085873,fa94ea8b9ababe3203c6a2cc54f703d2442236e6fbec0cea9faf11bc8bb797a7
Kv,11,40,True,0,0.07693711033270059,0.3048600677484546,-0.004660198455067155,0.017933693076932822,1f37290a45b34643f088506a6ab5b1f1039be9aa8710e5ab8ea51965683c57a5
Kv,12,40,True,0,0.06607711096932965,0.22528719772759728,-0.0028927216322780502,0.013727496406436779,363438308bfcab3bda266119f965f9dbea26f8ba3028207ffce859cec3e53512
Kv,13,40,True,0,0.07278339281293955,0.24139323462626935,-0.0010088321214047902,0.02145160301952942,8365d9351e1d5c23749cccfa294fd700ab9df2278f6d3dbdaff148636ed2f7e2
Kv,14,40,True,0,0.07794109400197584,0.3117401455803947,-0.013417625620711693,0.029959591739396108,3f826fcd33155dee33b4082d8f4ab9004c668fd8417e509ab67317c84b0cea7d
Kv,15,40,True,0,0.0773904063748879,0.26582931842877333,-0.018786613714132372,0.023879725642952043,febde8976313148aeb7beaddf88157d2d74f753391af38ef37aaa293b5e90854
Kv,16,40,True,0,0.07425735573620665,0.25125229648365227,0.0038706058500350693,0.008909489311141106,cc11b8a84736f1d2de276b6a29dcb90c9de161857c1fadedb7132e5cfde45811
Kv,17,40,True,0,0.06741888080733156,0.2474520320884274,-0.004208784116168651,0.03131704611941977,5da439538caf019ddfaf2cc26d9535ab453d6dfa02c676d1c6f7c454ce19cb48
Kv,18,40,True,0,0.08122459673826395,0.2715173524897663,0.0015116551763327823,0.015295260619985318,1c9c413f36ef7ea04c9295e2ea356e8b45e5da25d44abdb4ebbc7e9bb4852984
Kv,19,40,True,0,0.07579606566586135,0.3007252312322635,-0.03196726664539784,0.020725078140079956,702f97382b666e4590d1e9d4307a254a295b81423d9e22503c8c3aaee766579f
Kv,20,40,True,0,0.07885439726363705,0.28774221966481917,-0.01753723138849761,0.022254604202078476,97678efee71fc557299c3a9f0c972adc678e2e8689c633426ade019df91bcdcb
Kv,21,40,True,0,0.07287992509299326,0.2906286789215694,0.007014900213625275,0.013421591194037075,378e317853f21df032f16d115dbdad66624023b0a21587c883227294c85d79a1
Kv,22,40,True,0,0.0712704276689435,0.24008190005876678,-0.010844944498031417,0.015390855998860142,0f6fc5d5f13c1524fb6ce374e3fcab016f0122f9c9011b92b977d1ae0f56a5cc
Kv,23,40,True,0,0.07611959544754562,0.23756973783448915,-0.013023881446315722,0.01657623869690894,9366e5945739f021065c077444b183fb4d23e6a64863d3494392a0431185bc1b
Kv,24,40,True,0,0.07526486860817369,0.23943166319852843,-0.02011797299639473,0.012446518329512934,59d6f1be03b9e8d1651faf1beaac7631fbdf039eadc763f8e2f6b07919beae98
Kv,25,40,True,0,0.06892361970261766,0.31450263440394816,-0.0010785232790948562,0.00982720494834044,aaa2a77f46952d9788cbc179a1f33b6ad2da81a8cc81310c8e2326dd59c79387
Kv,26,40,True,0,0.0730103250764373,0.23893184377411428,-0.021883390138409897,0.02393708287027685,40f3b0118003ac6cf5964c83565c59ff2d9c6527bc13773c362d4e6cd8f447ba
Kv,27,40,True,0,0.07302408745720353,0.2804931659525981,-0.0039973502210439715,0.009215394523541032,34fe048bd8b2205f0b851da4d2f1059970c1d4611f13beb3f6349bf1396dd89b
Kv,28,40,True,0,0.0701395252239548,0.28457814244485957,0.009929460376314259,0.01252299463261275,83ba6e84d72c80a64c5fbb6f45a88c3a52c0933c755485f55dd0941b2d7a3221
Kv,29,40,True,0,0.07592809948395772,0.3194416536969545,0.0014193923643450734,0.018621979804832045,1ac9255103bc7ba78eb1bb7a83811d7db46fb1502b25a706898c7ef3498a6a45
Kv,30,40,True,0,0.07340835459907938,0.25125229648365227,-0.004622696013442562,0.022388437732503097,00496e647aa7ff12d5c12945520bc05f40b2dcfdf03db1e6115bd57952abed13
Kv,31,40,True,0,0.07612095429549824,0.32696198263934123,-0.007166819024007509,0.026326967342149676,97c361fe353f2a3ec981b1a97cc0ab537a2611d6f090b216d1e89fcde9b27feb
Kv,32,40,True,0,0.07430342454997771,0.30145816702862127,-0.009311135388373915,0.02355470135477733,16546b4a8c351d0d56bef83d74da4a7d516755aea3d870993cd6a5d110182048
Kv,33,40,True,0,0.06939608191187555,0.31450263440394816,0.014356422858240903,0.02311496261195256,524d41b071760174577866d89d0d8be151e70e9d29fb970a6488a871f39f08e2
Kv,34,40,True,0,0.07850616077309175,0.2929342527502138,0.0011208268673197352,0.028430065677397587,ebe32921177a59395c8a7c5a08f23b5516ef2fed5772040733ddbec8678e3a4e
Kv,35,40,True,0,0.07072215840514162,0.21238343040324084,-0.00838256629829992,0.02049564923078029,c91fc8643a33acbd54431ba1f0ecb44c33e8d582ce13a442edae0a5da2241853
Kv,36,40,True,0,0.07241294024747318,0.24471445751354537,-0.010572839294054504,0.009291870826640847,38ec9852fe1fa06a256b9dc046aba3b57acf138ceb6691f7e38f36ad7055bb5c
Kv,37,40,True,0,0.07384578442437544,0.27878514561323114,-0.006887588708283765,0.005487174747419554,2a02820847e005ab5252f804f201c41e4dce853de56abc0e5a5a250cb6e678a1
Kv,38,40,True,0,0.07047576111026299,0.23756973783448915,-0.011560182506282768,0.014301068679685947,ff5c0e9ee7cd861ce1e713116eefcf7f34bc29e21f3b3c7256a70d6cb4426fb3
Kv,39,40,True,0,0.0716626663447642,0.272294670255898,0.008286348716967318,0.022981129081527718,a0668054a4df1e1a1692cae45147ac9f1c6242eb3181547d85773c331b3af45e
Kv,40,40,True,0,0.0758496794006002,0.2677917879564315,0.005136961847238775,0.01749395433410783,5a300202b9f8c2db214444cdef39608f556e27a26bdcc9166e58eb9b3ffc3c97
Kv,41,40,True,0,0.06980094921474381,0.2474520320884274,-0.003516333873526234,0.026154895660174815,a1d10a1c87937394e6d81e69872d1a8f12280d1808d728a3b60eea5b4b22fade
Kv,42,40,True,0,0.07216024582187948,0.20009264340213792,-0.0029160432161239314,0.011012587646389238,cd552ddf04b78dff6b9dda31a369cca7b947379f786185f76a04896bc48befe3
Kv,43,40,True,0,0.07552922187221199,0.22980587235098368,-0.029785625076030664,0.002141336486797818,2b8e7753d6106d64cc1d103b53f96f16cd66ff27e6302f7d74031f426a8ac1b2
Kv,44,40,True,0,0.07449719816576893,0.2486322520511887,0.00016295447210090686,0.03013166342137097,bdd1d173f45f27410b1cd926f7eaab17f92e579a8806f1000d85a0b45e3fed01
Kv,45,40,True,0,0.07003333919971531,0.25125229648365227,-0.022960566663314363,0.02529453725030073,5d39076f737efc5f23df48435e68859ab82752043763b85c95355f5f8baadef3
Kv,46,40,True,0,0.07804755771646169,0.29558751623001245,0.006195214943568894,0.025026870189450823,fbe50259b382a8033c83bce2adc6ee98870308b3f0014c4041d2e622714f3614
Kv,47,40,True,0,0.07490477702289004,0.271890191034008,-0.015285090123970946,0.023497344127452302,2cd6197ca99cc3c184c62a9b9c137396cdd692005f0c72aded16909209ef46c1
Kv,48,40,True,0,0.07515818726408999,0.3209105826688107,0.002825564465950059,0.014931998180260586,1b0140733fbeeabbf067d1e28c8114591af2bc34118b67f25030e7d44baea206
Kv,49,40,True,0,0.07153431478582847,0.22472035228405418,-0.007412247078249834,0.011050825797939479,e189632d89cdb5020ffc8768ed83a00a1015f56523fed61ec54b21f7d6d95f35
Kv,50,40,True,0,0.072812934611406,0.2621480942950633,0.003068742094404442,0.011261135631463914,f2ecd97c16fd1c8a964d7cd2feac21af21891c9891b588551d381154c06bc947
Kv,51,40,True,0,0.07560858700824316,0.32010164450657796,-0.01424278299749382,0.026307848266374667,e38ba0e350f043469d2a107fe4a2ae98a7588d23c60caef3ca152895415cf4dc
Kv,52,40,True,0,0.06933757846339422,0.288958716415636,0.0013477919034139418,0.01831607459243234,ef2a6ff5f29dd27cc377e192c99cdc71a87d7e3ae0a404a5976ce45a57eb0c50
Kv,53,40,True,0,0.07719464580152938,0.28341978007140994,-0.011912341213745181,0.015142308013785244,1f11f0993381b12f8e847688fb9b5a335910744e73469da94a68d3eccbd63b18
Kv,54,40,True,0,0.06542112197092577,0.23875563815931414,0.005293479832080283,0.017436597106783247,67e8a7a0e634bee2baf3ff56116989d52a789b788d21546e5c8841cd48cc9c83
Kv,55,40,True,0,0.07263429093776377,0.23893184377411428,1.3885230909949087e-05,0.020304458473030418,6d443150fd50e36a69475e8c0ec7d01537ad427749f3e0b2de536848835d62a8
Kv,56,40,True,0,0.0761019728403622,0.2253980756827929,-0.021354365984441737,0.019807362502880843,5b40a7ce16e9e9d796bf8e6c345a1971341b42cccc7e3aff0b62acea4c588890
Kv,57,40,True,0,0.08247749047653691,0.30308342640307767,-0.002984593240937139,0.005391579368544508,a4a4a5bed88f274f2087e3f3b11474e05bde8a1873cf7c7dd211228ffc59cff3
Kv,58,40,True,0,0.07036001328643915,0.26591451314211506,-0.009817897727236735,0.013153924133187167,5efe8bf10418be11dbe5ad7395a204e8407505eb4ad7b40e792bf05e50c775d4
Kv,59,40,True,0,0.07863509013402907,0.2621480942950633,-0.007646306305545192,0.012389161102187907,1e56ac4e461ed51e0b3dee1165321c1386ed7d731d56e56d17e8994b0f4040e2
Kv,60,40,True,0,0.07680607000338169,0.2253980756827929,0.005965723244215848,0.029749281905871228,a985a3b7bf5a9d941df2df113199e97e84256574e2e507c69a24ebf0307e098e
Kv,61,40,True,0,0.07259656283278151,0.27576340555292345,-0.0022996766524172596,0.014167235149261326,b1da5c011491f7273876c1655febb05deef5a23e61777e79c1231b02b25b1906
Kv,62,40,True,0,0.07541771027681524,0.3048409726212795,-0.003844515044701957,0.015887951969009717,fa9b30d30bd51625ad227ce9449ecd7dc10a30cedb7da0fc596ed8994205df5b
Kv,63,40,True,0,0.06546076117705935,0.23733108481918624,0.00462553406141919,0.010897873191739404,e4fce2e637abca61f856b8850642b24c7a818b7993a9e06e0ad75962416ce373
Kv,64,40,True,0,0.06801397997455937,0.26582931842877333,-0.004920174550563594,0.018201360137782285,c5283b937f9d3a35b485c4234781a49c50384951f362a5eb24120da598ff8184
Kv,65,40,True,0,0.07949128390628968,0.2929342527502138,-0.0008835177343915479,0.023994440097601877,bfc02e2859258be91d2c77681204419a8cce43f6acc37f928df9ea074b70153e
Kv,66,40,True,0,0.06931497668283405,0.2694742721418083,-4.0920994369031405e-05,0.03299952478761836,3bfb72c3a20bb453c4c68769d13af970554541a6a7ef461ef577bd269c813cd6
Kv,67,40,True,0,0.07054772384347972,0.20111846921623242,-0.008553094843315234,0.01158615991963885,dde82dd16fccc4ca3607e75c8774ebeecdb91fec7d7ca99c23a21789104335d0
Kv,68,40,True,0,0.07789910013114867,0.3005517315911548,-0.01844680786069075,0.015429094150409939,0fb70737f500f4201bc3c90e846794d62e85a648a53af73e8a0ba28dc396e0f9
Kv,69,40,True,0,0.07813912243786567,0.3206136461871349,0.0008777445677052853,0.014454021285885799,36d493448e9ef0b1fdfc8d30e9a3c561112018ab331aaf23c1697f41a533d33e
Kv,70,40,True,0,0.06993264265360721,0.2172718820417005,0.004835555155096705,0.022503152187153153,0b31c4bd92334d2d15e81604fb12b01464491f8bea1771c300052936cbd27869
Kv,71,40,True,0,0.07143438254582377,0.2628628196631236,-0.010479358662427884,0.0156011658323848,8a3bfe51823752bd45e83d6a1d6d9f640e3104e5a3d09dc7edb3d6205ad0bfb8
Kv,72,40,True,0,0.07882693644252897,0.3007252312322635,-0.01950698504595394,0.015027593559135188,17e26acc00d033708b96404b4c5feffd6133ff15eefe68143df2088a99a6e639
Kv,73,40,True,0,0.07388627094221897,0.31648314446384734,-0.007556257264279331,0.018430789047082174,53474382a99c45774ee541159fdf0d71ba6ef4005595a46de2b5fdbba691f44a
Kv,74,40,True,0,0.08024981875972295,0.3186220420237518,-0.005547173966171215,0.018813170562581694,5573cabc87dfc44b91e522c453ca35c9b954310cd5a894e0a98f7669a984e168
Kv,75,40,True,0,0.06982980235568595,0.2356590163538334,-0.0037644089103692213,0.0220060562170038,d2bf7c09feec491d59fc20dc6ec06f1df228d4914d565af41ec68e8f248994c7
Kv,76,40,True,0,0.07184299953060927,0.2449952628541929,0.004832893199324673,0.015390855998860142,a96fe19ae5e40f51d5e8170bf308ba74019b50d98e22c07dafa8e3246053f265
Kv,77,40,True,0,0.0732397385012511,0.271890191034008,0.0019233995563674444,0.026900539615399066,939f35a1683f11b476fed5738964a31e21be9f99f6431bf780f0008c5f9ef16b
Kv,78,40,True,0,0.0662263724802517,0.2600477994620288,-0.006922282730569274,0.018621979804831823,7779f8c50af1671cee59fa576fe66c2d7df4a0b86f072728faddf0fdde6f3773
Kv,79,40,True,0,0.07334005087714332,0.2124945153551459,-0.004803611135969943,-0.0055062938231947856,a7e61d68f68ec5a62253c7cf9a41f04232b949fdf101dea23d04a027e05e604d
Kv,80,40,True,0,0.07090235848559638,0.31648314446384734,-0.020466008411102576,0.02043829200345526,e748eb7a97ae3260dbf3b629c3a2e1f89e3e39623190790513212168b489849d
Kv,81,40,True,0,0.07008235530949292,0.3048409726212795,-0.017428022847836733,0.01099346857061445,ae33ba1a7529e3a95918e732a9d5e4de2425889b3d7e4052a180bdddede651aa
Kv,82,40,True,0,0.0648523224727598,0.32759612837737045,-0.022978632967124435,0.030800831073495405,dbb2521af7d4c1126055e5e21aa6ff4bed2b8fc7a2dbb52ff592d3a4c3811af6
Kv,83,40,True,0,0.06952144215134182,0.2440979234865601,-0.010899850416376422,0.018067526607357443,33c378bb9c5efdd1558b78c1dba1ee82643ced92cecb3ab7a93c568392303665
Kv,84,40,True,0,0.06575007769757871,0.19615807316182848,-0.02575083195147143,0.01215973219288824,5bf53e6f499d26312dc07f3c2c86c0208d70be39dabda485679fb23d42d6bd20
Kv,85,40,True,0,0.07178330410556066,0.28774221966481917,-0.015288881564766044,0.009999276630315301,33bf8488edd3370fd742d60c25673de74332495e50af854b4bc4e376985f7fe5
Kv,86,40,True,0,0.07313162970554635,0.22528719772759728,-0.004232359722074364,0.01888964686568173,d4dd24d199fe1dbb2db1b29ea653d2160d78721e91a59ee237f1ffbd10e160b2
Kv,87,40,True,0,0.061749412898096566,0.1983508745373708,0.00044497634907547656,0.01999855326063049,1dbf3b7d63818e07bfd44e78d45aa7d3a2bd2710ab13899fb91166ab01cebef2
Kv,88,40,True,0,0.07664273710367744,0.25050490610899306,-0.006915872894110775,0.010725801509764321,14a279f158e15069def5d2fcf44353e1694a054950768956ad8b447c258c60b4
Kv,89,40,True,0,0.073283478225368,0.2600477994620288,-0.00355524472107005,0.029213947784171856,118306a06a329ab58d7bff38bead4b99623ce918dc407841a756a5b0d160b28d
Kv,90,40,True,0,0.07168561955324934,0.2856239105167797,0.004253621902571059,0.008125607204366836,2fbb4b05c1c634ac277f84d335c28e735f19b9537ae0a40a226bf96e289da7ff
Kv,91,40,True,0,0.07520545751489247,0.316119650003397,0.014572019994161245,0.02198693714122879,9abae669b8203adb53faf7859b64d37079c27016137f100dc5dc8dd2140a8492
Kv,92,40,True,0,0.06710573549659246,0.2700403481124887,-0.0014791569314651642,0.004072363140070978,314e99d249924d296be9c56fabac5c384099a7c4d75d037ee0e6d8a34ee01da5
Kv,93,40,True,0,0.07394798941616328,0.2486322520511887,-0.022980457558505307,0.02546660893227537,6674b2e57109f1f8b38baaab575c2bc831879d36cd2d355e99c34909a565e24f
Kv,94,40,True,0,0.07477026106143139,0.3117401455803947,-0.00230787138193822,0.027168206676248752,7505b5f7bb7075325aadbb73ad9459b73dbd8332ad0897c92d7ae7db7a896ace
Kv,95,40,True,0,0.06527853100795865,0.21625229607250354,-0.0027505785418722173,0.02212077067165341,273fd306d81c3d44e4f4de72ee79af25e470c5fad974b1d553f0634c761dcb42
Kv,96,40,True,0,0.07029317887929346,0.2628628196631236,-0.009512931253950363,0.028640375510922245,affbb4eea75333626d45570ccb525a9cdd5ae70b841976855ddc527f85ea8d48
Kv,97,40,True,0,0.07351287639084159,0.19349700395785374,-0.00977724227878407,0.016786548530433598,f4bb7e90b9b3b0745eb3c4989e300abb95c310f082c081bf90327bb3cd6bf26f
Kv,98,40,True,0,0.07027441021389562,0.32010164450657796,-0.017201891864445873,0.019998553260630714,16c65a48836016d916876b98814d855b6984d960453303aada0e21dabb6f87d9
Kv,99,40,True,0,0.07275503827622923,0.2628628196631236,-0.023241780353108865,0.02797120785879803,5650892f2cac4b9b83909f2ed6b0099300c1d3277a66eaf1d4790a9e444403b4
Kv,100,40,True,0,0.07750971147629507,0.272294670255898,0.005698247107524423,0.0199220769575309,fbc45aafebcb5957aa2110dc26c1cdbb7741214c28657a1c5e080d654ec3b856
Kv,101,40,True,0,0.07847682107343647,0.31801345019431193,-0.00722713667155972,0.019042599471881583,cb790ceffede69d762eb05da97d738ff1b20462bffe726667e8e8b9db95f491f
Kv,102,40,True,0,0.07684475612443432,0.31225142828167596,-0.017755430696636765,0.02470184590127611,b63daa5b78ceed93653992385b9e10774f800beb3ebdf2d6e350dffe4e12fd5c
Kv,103,40,True,0,0.06743472558042811,0.26591451314211506,0.0009120483100693022,0.00999927663031508,e8499454bee534d3bc84f111e8c758d44b6b120633cb8eb9a86534108445cdf9
Kv,104,40,True,0,0.0731045103453801,0.3048409726212795,-0.005659583192631157,0.016040904575209347,94f5503ed6abd5637e29045bf8fb7cd666f8593e7275177d5266227b546c677a
Kv,105,40,True,0,0.07269165843291511,0.2449952628541929,-0.0079746590158285,0.01101258764638946,e41a607ae5695bd8c0cca9328f39b628abbe29ec8f4d215c4b7996354808acbf
Kv,106,40,True,0,0.06911551892205035,0.272294670255898,-0.0007239970801062867,0.02043829200345526,04e68508847c2586b92c87a6207b035f62d97a1158306bb7d62c9a654176061d
Kv,107,40,True,0,0.07573519599567594,0.195868339665769,-0.013101410731352292,0.0024663607749723093,08343d2d59c012ba3ac7e3e70ba67958de8a8c19c206bf9e688ff4010825ecb6
Kv,108,40,True,0,0.07331017913600477,0.29191205491835676,-0.022212053492548733,0.019405861911606315,3c2d088c644721bc8b3a37a3340d03e28b80f9c3942f3a7cbfeaabe96210729b
Kv,109,40,True,0,0.06790952555254127,0.29313729720306064,-0.020945372340458235,-0.003039933048222365,16504e8dfe7b2cda25bca49476a36bfb2f36b2af80b4e2bc859d8c2f6a7c22bc
Kv,110,40,True,0,0.07457737086414673,0.20993730370025254,-0.0055545561530259135,0.011108183025264062,d385f18146792323233cc6f34c343a0f5ae30f47a93ce78420f1780338460605
Kv,111,40,True,0,0.07053903685574832,0.22528719772759728,0.006202280382839653,0.012752423541912639,cb483e26c777e1dd5edc3297d7ca28bb60de137fbba579d5a660ccea99338035
Kv,112,40,True,0,0.0696267173624922,0.28008563316871304,-0.0034858029608182406,0.010897873191739404,71cd17d2b4c10b673cf5feb97d887cb525606321e8689d4a4e5dd17317dc9a1e
Kv,113,40,True,0,0.0748171661849085,0.24679554135760037,0.005022185421376557,0.019176433002306204,9a691ca9944416c2b489e2001aa2b0f6ddb36dbf430e97411ee0202d44db58c1
Kv,114,40,True,0,0.07297828961312738,0.30143602487275317,-0.015494645235419435,0.01747483525833282,fbb5c44465167afeecad7647f9f7af85822cc86b46fb98e74d4048ec511e1347
Kv,115,40,True,0,0.07050973285377589,0.27680784272083636,-0.011385181838271086,0.023267915218152635,f75602c1984218afcafb3944b00c68ee2abc6d05f93e3f2d2b8c91df1c7dcf15
Kv,116,40,True,0,0.07967237137065611,0.23102237420303545,-0.004971640642727815,0.019597052669356185,53f01204f15d527e961035c3f63ee706494d4fce6b15a9e6718e785f5bfbbd34
Kv,117,40,True,0,0.06274597964491388,0.272294670255898,-0.015710861008334298,0.01640416701493408,4ca04392bfcaae2fd9056f3f71422fb710cf506f7a274e0e1aa5d9bb8802f692
Kv,118,40,True,0,0.06751161304224955,0.22561080938584038,-0.013003264969668304,0.01848814627440698,220f50c7251fa7035bfb213b11d6e3d25ec870f61ff79d9a65e6910bfbc61deb
Kv,119,40,True,0,0.07214574364049098,0.24808270579452218,-0.010925538979049465,0.02548572800805038,ebf53b86537dd5eed3f7e2edc3ed59492e3b8cf94e990f61e704d8d12ebe68db
Kv,120,40,True,0,0.07277546527810419,0.3209105826688107,-0.014514933690469745,0.027072611297373927,20499bb08cc4453cd8fb0acc562acb12c5f9a05b0ba0437d3afa1bd6a5e14647
Kv,121,40,True,0,0.06772177019882636,0.28674461205574153,0.0030697212860293366,0.024663607749726313,a3481a4672a59fcf0aa2ac6eb591b988b3f34f687f5c8c08bc30a4d20b7270a3
Kv,122,40,True,0,0.08221231529391457,0.3081333739116113,-0.0071243632434332405,0.014931998180260586,1d9ef2870daac26ae2473de8b00556ab1971a4e551517b8ed284e050ea1ab5c0
Kv,123,40,True,0,0.06997586691393456,0.3186220420237518,-0.011739127289589923,0.010687563358214525,7c59d99aa3156413e9ffae80b3454bbaa537a57fca3c506f229ee9e5114dc357
Kv,124,40,True,0,0.07233579881942653,0.28008563316871304,0.012471174655950934,0.016079142726759366,6dce2d6bb24e9e8446c29a7a00b7aa5ebf4bf73974c26ec8d657453af4cd601e
Kv,125,40,True,0,0.07518568394548017,0.2680425435002875,-0.022380712933505187,0.01931026653273127,285d0ecd0af7491f18ddbb02d5f3f992d8aca7cf8a426c3382ff8f5ef02151da
Kv,126,40,True,0,0.07084395465565896,0.3131564012396502,-0.0016467164023690195,0.012331803874862879,8d6e60e83f07cbfac0ad575c8e71d53c6f70f51681f6c9238470e5b574d081c9
Kv,127,40,True,0,0.0707515943110266,0.21649104512844186,-0.0025666393259067277,0.02756970726752328,1e596e4080970807f8b75f93d278c64280ecfe151498b067df8bbf07cb8de16e
Kv,128,40,True,0,0.07047822870456552,0.2818796842390083,-0.006682041577039666,0.028238874919647716,602ce73dabff3a45a3e79369d47be24fedb35161fa57a7f0c3ca813bc69469df
Kv,129,40,True,0,0.0768701474603515,0.2635683796939857,0.0003514704325560114,0.022713462020678032,a7ae0ea3d9655353332de7325f908fc28f1b1054f0fb323565aaab4b42178a9c
Kv,130,40,True,0,0.0798793345606451,0.2779555889312816,-0.021043068937352416,0.015734999362809643,78649a422c28fda3c77a13beacdbbe357c74eed4e2307780b2ee61b793fdf4e1
Kv,131,40,True,0,0.07547084985829297,0.2486322520511887,0.0005693541976992122,0.01697773928818347,59835d9da4187d40105e00c33e1c93010056483455ad59604d502ebc066938f6
Kv,132,40,True,0,0.07912338800032385,0.3131564012396502,-0.014255870811562987,0.012408280177962916,d1cdcdb3824c2dd4ffcbb37389cef02481bb44ab5c6e2dc8fbf3298a0d1507ec
Kv,133,40,True,0,0.07555690980072458,0.23943166319852843,-0.0021169618747196584,0.010764039661314562,d696d95ce857c5374a697ca61b9513eb52ff40982e1bae938af3adfb8df470c6
Kv,134,40,True,0,0.0741685757008664,0.22215776916995794,-0.007387207827645126,0.02143248394375441,2ad6422e77a94f016e4aa159bb188b2e3940c2bcea76db99a3e891c7b28d111d
Kv,135,40,True,0,0.07331447240328917,0.32759612837737045,-0.012989572446006958,0.031106736285894887,88652f84a00f92d9de1436f713639337df1794d10f727550dfce1efbfce82235
Kv,136,40,True,0,0.06932240119481178,0.23551538665333355,-0.004404481403987859,0.012867137996562472,5d60df0a3a40ddbf9e0c50e3d507ea5db28e677193bcfb86b900063dd96ac39a
Kv,137,40,True,0,0.06959928275216344,0.2449952628541929,-0.020830380115196334,0.030208139724471006,39341141c5ca3afd70cff767e4f10005636c99c4913d74dacad203c7f550f0af
Kv,138,40,True,0,0.07114491261782448,0.22528719772759728,-0.012347853532522324,0.007896178295067169,e04ccd867ffa85c47513e69a4b1275f587b05704223a440bbf71c312699edf88
Kv,139,40,True,0,0.06748515412217994,0.2214967410933029,-0.006345365232670375,0.007685868461542289,1c1f6da6d91ab1b66fb02b24f3e6d432dd53b34df194cd734899337d85899543
Kv,140,40,True,0,0.07295989292342031,0.2486322520511887,-0.008725481594005435,0.0043209111251457655,8429a9b8d848803253cdc222a124414c7935f922762d4b3fb0fcb1eb9f19d5bf
Kv,141,40,True,0,0.07117999393169934,0.28674461205574153,0.0045177355278613884,0.02143248394375441,b389e443121708dc314cc0389aff4f4fc04221baa2fd3fcc5715846b86ab6451
Kv,142,40,True,0,0.0705499241173517,0.23224547494096198,-0.011607065615833134,0.0161938571814092,60d2932dfb8ed70dafee09b1d99dc741bed26c557387d48af5f6ab413e79e086
Kv,143,40,True,0,0.06428857200161878,0.2804931659525981,-0.0026581550902662343,0.009119799144666207,d67a8ba9007be80d736f6ebcd2eb00d9318848687bee69a28bc84faf59c1aca0
Kv,144,40,True,0,0.07617642511123587,0.31225142828167596,-0.012560098862760327,0.017455716182558256,0db36b6f7924acf7de533b6315978a5d78e39b3ba33d9d56debb603480b1d2ec
Kv,145,40,True,0,0.07289197077369187,0.2124945153551459,0.006835250171227214,0.019826481578655852,d2792913d39ccfd3dc56eba0ef96a9999fe0098b6487bb1de271ea0997481624
Kv,146,40,True,0,0.06959509675745486,0.23756973783448915,-0.0008851759970254225,0.022694342944903023,720031cd62ba2feec8e95f8b856be7290b830b9132e182c80ecc92237b6459aa
Kv,147,40,True,0,0.06767414809868247,0.32696198263934123,-0.008237420603051326,0.01749395433410783,582423db8cf74b69413b561935160e3b82bc1be9987694cf5709992187e18234
Kv,148,40,True,0,0.0716780093151433,0.2852132307742175,-0.013484161839102615,0.014148116073486317,800a9148cda399cf60a518e4bfd0ac520f2883c9b755d9e19d2e67c8afdc2fb2
Kv,149,40,True,0,0.07572069235320292,0.3048409726212795,-0.021051380391369,0.01061108705511471,bdb61822bd99f7a366f12ed56acf1700b48e4b8aab5b2f70293416c9cec2841e
Kv,150,40,True,0,0.07410825547283942,0.2635683796939857,0.000445175994653324,0.0179336930769326,ce06aa600598c8eadb8de78eb15163dd541cfbd482203f1efe90dce4d2778907
Kv,151,40,True,0,0.07366292351778199,0.3005517315911548,-0.029771576953166123,0.006251937778418815,562b6056cdab173d054e13a977a52881acf1683ba0bed79ea86218d38f8b02d7
Kv,152,40,True,0,0.07164722543027527,0.25125229648365227,-0.0014656308970386611,0.016652715000008755,09fbe9f6901cf80fefa19243b95bb4d8c990eee19de0f3357d2d5ed20bd27662
Kv,153,40,True,0,0.07410079450997464,0.22286322288508142,-0.004408199365423471,0.03166118948336927,b078c1e03bdf4359fe62951473952fc228461657466a46a0d81376c0019367c4
Kv,154,40,True,0,0.07966805518999329,0.29558751623001245,-0.0020606800014706383,0.016289452560284245,7271035158c663ba63b8feac373e21110c7cf0aad64b9a93e2d5ab7b87d88f5d
Kv,155,40,True,0,0.07193264734213053,0.316119650003397,0.005491423586764244,0.010228705539614968,64821ccae5866d7f6334d590afab4c8895b4d24fc2384bacc79a5f23c8faf01f
Kv,156,40,True,0,0.07316429310924936,0.2823092481042478,0.0008737561400673499,0.011452326389213785,af4acf2f659dbac59a2a17732cb1f55a6157aa164dbff96bd5cafd487e9da41c
Kv,157,40,True,0,0.07290652526862827,0.2600477994620288,0.003593073415107284,0.0214133648679794,fd4b1c665d6c969814ca66cae9cb49782249b6d316fdcf8d3e8a9b80f08f75d4
Kv,158,40,True,0,0.0786820468473244,0.2823092481042478,-0.013740345046627578,0.009769847721015634,e6791eaa6bc14c692270a281638ae75d1b37f3b741faa7e0999bcf163bece021
Kv,159,40,True,0,0.07137639447014787,0.2400123910022352,-0.025821925363198384,0.03112585536167012,029a4d92d881e6c1eecd3c46a2de056084af78695891948ef81d2d5212d2b2df
Kv,160,40,True,0,0.07366968305831363,0.26598383471044507,-0.013192260431020841,0.02296201000575271,cc5da0c70ce13dcb27f1950d9c63fbdace81eb084a19718d20649b2dbee56424
Kv,161,40,True,0,0.07408247357736097,0.29313729720306064,0.0027186216406573926,0.01483640280138554,e46ac5edbd9c6ec95ba3c10c80374925c000b4a06157b21e6cf2febea58f8632
Kv,162,40,True,0,0.07690261617089435,0.26582931842877333,-0.015733849167881786,0.024988632037900804,4b49f8e667ceb58b849f1f7ea2766b47e4bc83fae51dcab0b7af770d72ddaa79
Kv,163,40,True,0,0.0756139144323522,0.2838726270116313,0.008127840400551811,0.02101186427670465,894f7ffef4bb778b666f9409f13a0cf091f9b4b85e6af95edef9148084406a85
Kv,164,40,True,0,0.07407349218912607,0.3007171969389799,-0.025012900789904702,0.013096566905862361,14812f129e76d5535e8234920f500472a018e03206efce2eb303ec6fa4403b93
Kv,165,40,True,0,0.0720689446984106,0.25125229648365227,-0.020245447442812647,0.017666026016082914,415d9a6b8c94f75beef0e69212982f482560a02e2e2c56268fdeaadd38022217
Kv,166,40,True,0,0.06841467069746598,0.23893184377411428,-0.012451257168633711,0.010247824615389978,f8fbc0e780e1003cd792e3952216822352698c44423ac01729a19db8cd529610
Kv,167,40,True,0,0.07492698602600903,0.3048600677484546,-0.01983312105749646,0.00592691349024399,f5bdf7f3023e3586ca5165217fce121c836c5b327f2a0b5ed5c474ad9d7452bf
Kv,168,40,True,0,0.06780750526977716,0.272294670255898,-0.008639156574608231,0.019730886199780806,690095827a456e561fccda69934718f97d56eb923a84f77cbb3b6e1935fbefc0
Kv,169,40,True,0,0.0748709256916137,0.3048409726212795,0.0010289202256474894,0.019826481578655852,364ed6251bf8fa13a35460aa1b3d230f215dd5c83d646ef420390a5bf0151858
Kv,170,40,True,0,0.07700651229468772,0.3131564012396502,0.007532871291809684,0.021585436549954262,a00e528de2865b3f0493a19b08a7f876ec118cfbf63c1e5dc379def72185f5ac
Kv,171,40,True,0,0.07135965343558896,0.28341978007140994,-0.01625556550653595,0.02238843773250332,1824f1904b310fa0bcad38c599cb0d800fb89c8b388dd174071bfe6dd5eacdc8
Kv,172,40,True,0,0.07473258988618998,0.288958716415636,0.008287129553145922,0.01774250231918273,17a9c52a496a29a5a61895b71fd6f114062720b805f8a8df9b638065a145fddc
Kv,173,40,True,0,0.06933279113063169,0.2474520320884274,-0.006686244788583151,0.011414088237663766,aa68170448a5dbfc34d96c6b94488a5c33de85776c22f55c72006cf654ad18ea
Kv,174,40,True,0,0.07803086690598256,0.28341978007140994,-0.024199250208188472,0.011719993450063693,ab71e5ac2fdced5872a326e8bc7948f22fe43f8e46cbf22793506a8f78f4b8f3
Kv,175,40,True,0,0.07203887800100695,0.26598383471044507,-0.0008390746398145854,0.016652715000008755,54b72ad88a2e83d98945c7b6b4eb9ea1c66ebd6f34278230f78c7b8895b6bf73
Kv,176,40,True,0,0.0768320016725178,0.32759612837737045,-0.01731758386549842,0.00208397925947279,ddd33c749a73de4955cb80128da64f9f40d72b19d79bb4e8141549c627e632f4
Kv,177,40,True,0,0.07281307223449811,0.22619333929977972,-0.00553451392307891,0.006978462657868056,445ce677be5de0d38a6d06693b9fef06d7558c87bf9837ea96da71cb877448e0
Kv,178,40,True,0,0.07139831045501994,0.31801345019431193,-0.006888534985830752,-7.647630310003706e-05,df35c98a4e7e8209ba33ec13a4d30d6d1f2254163260cbe3544d08d5d4ffcefb
Kv,179,40,True,0,0.07530971441414507,0.24679554135760037,-0.010520728323506257,0.001185382698048465,0a459743cf2745f46b362ca2898741b692455a088c3d9080fbe189e620f0b734
Kv,180,40,True,0,0.07025295602195,0.25508105203905784,-0.0017570013807759466,0.019577933593581176,7ba4d04d0592058db87f1dc90f0f0b97d8447950eb0eaee8da6ed38ea1fe9f15
Kv,181,40,True,0,0.07674344013289605,0.26582931842877333,-0.019504374384469614,0.016136499954084393,04193bb5c6aed408d75a93597863bbdfc4b7ca7229007f293d2addc7a18afdd0
Kv,182,40,True,0,0.07794743772297996,0.31801345019431193,-0.005207880945673482,0.016098261802534375,0aea6c10ef97612769deea98ca6cf2c64e81db547344fcdc85c2960a229e3876
Kv,183,40,True,0,0.07052543295653946,0.2253980756827929,-0.006214153149612933,0.026001943053974963,ccb7512f387b23719c8d0c080c009aece26aafeeb076fe5b4f047354cb9edcf7
Kv,184,40,True,0,0.07825464205332457,0.2600477994620288,-0.014291498584644513,0.024338583461551377,c68d5fc028cefe54f69a0e2692842e36490f4b72ae66ee9cc7502a7f064d079e
Kv,185,40,True,0,0.06739406756848619,0.2744511884352102,-0.012550941776507951,0.015677642135484837,717aa474e397837a5b2a07aa1daa7ebfe0f65e15c40b5a194d1eb0601667839c
Kv,186,40,True,0,0.07206734541983831,0.18822825304018398,-0.0017763614231414149,0.002734027835822106,af35d88295d4856d69ad1c2324c80cf14b7c46d092c5d37f219da3603b5c282d
Kv,187,40,True,0,0.07152880372929012,0.2744511884352102,-0.011656600912229864,0.013421591194037075,e56ec991c181fc6bd346845df0f1a67d123252f35d3aaee033dc7f79762f287b
Kv,188,40,True,0,0.07603815208498241,0.2449952628541929,0.010334295648164238,0.022828176475328088,c8256fbc13c0338a8945618c76a3477a9897916d08d220896b782a5fb136c782
Kv,189,40,True,0,0.06590010764688645,0.2818796842390083,-0.010954774753716201,0.009387466205515671,31810f4ae842e3bb904cef9e2984190b3ddf0cc7a269dbdd2d43bb6c4eafb6a6
Kv,190,40,True,0,0.06178190507684087,0.288958716415636,-0.000972380179632637,0.01621297625718421,5498a02f13f3f450ba973b1acd81d99e09b5413cf22e8cc3cae6df22c6a08914
Kv,191,40,True,0,0.08090828609781495,0.2974859775626043,-0.014731440456517753,0.015314379695760105,057b688f627c9e41502679e7f5ef99d782cbc5941ae25c79f8a11f92053e43b4
Kv,192,40,True,0,0.07110878918347943,0.2253980756827929,-0.005326004388129135,0.02663287255454916,a528c544ade0ff7e1a9319888392630e1070163054ba5020035dd84ad038d34e
Kv,193,40,True,0,0.07608883496293949,0.3209105826688107,-0.013712254316655237,0.00751379677956765,cae7c02d7947cd9d28c306d7c0aae377a16619f4fb6bc102a9bfc31b2f01a999
Kv,194,40,True,0,0.06694823966829315,0.20847243945059257,0.005190135581844668,0.014970236331810605,1f1108ea151c04772e15fe811b45067cabe98acf255ed07e27a29d0f58ab67b9
Kv,195,40,True,0,0.07171928522527259,0.32010164450657796,-0.015088216966309576,0.013612781951786723,7bfdc48a98c13a34a261ea0788395c272f25df8a17cb695d636939c2aa116104
Kv,196,40,True,0,0.07331551757837049,0.2823092481042478,-0.008452779827947898,0.008546226871416596,2b0b75d1d5a7422309dac50c389fa2e6cd0297d15b1141efd8526f775fd92fc6
Kv,197,40,True,0,0.07359876331391314,0.266942675665842,-0.008932941724635102,0.013574543800236927,6eab02875c4287f8c040088a5618d0174ec2e8bb6106e4ac08b8e78fbbc1c4b8
Kv,198,40,True,0,0.07050438129054418,0.1983563135871365,-0.008819603346148286,0.019176433002306426,a7c6b20fe69f371c554a12cfb8fd0654fdda66ffbe39ed6b72f5a8c0b9567130
Kv,199,40,True,0,0.07988032707338169,0.24120082209758154,-0.01838310757649264,0.014931998180260586,2e166f70001e61d6c3eabefead0d466fb22e68034f75146c73775aab0a685270
Kv,200,40,True,0,0.0780226424373063,0.27878514561323114,-0.010955444517753321,0.005085674156144804,d873b0b68985db40b76ab6d8ef9a2199fee241935d5bd3c1cb8fb213bdddf615
Kv,201,40,True,0,0.07968202365435527,0.32010164450657796,0.010773848987108758,0.024759203128601137,6414602a013618fd511921edb151398891062425df633973819fe7c20a3773d2
Kv,202,40,True,0,0.07148977383956441,0.2963323380735714,-0.007746067869993212,0.0156011658323848,34fb877ebcdaa9c5d2118e80e6c0c609cc18f8768640cdd5a3fc61e19e10393e
Kv,203,40,True,0,0.07284240639224805,0.23224547494096198,-0.004252501046938306,0.022885533702652894,5f81b2c114b7e4384b192aef20dfb28d6c5b4b58c4533121b6747197a14eca93
Kv,204,40,True,0,0.06948611952248966,0.2600477994620288,-0.0008555817089017648,0.023631177657877145,4732418cb8fcef5603bd6536c305ea276e9d9aba837d36f739e1676b86798b53
Kv,205,40,True,0,0.07410953965908071,0.27947617878519715,-0.002561177727242736,0.027990326934572818,bbf05ef51658ec49bb6eafa51f6ccb94ae49a6f8fe87ec456efc189dba6a8f80
Kv,206,40,True,0,0.07231216676897508,0.22728086417001078,-0.006837767602780431,0.005907794414468981,d624215399861eb16709efd52d7add11f690325bf126be068bdb7e8abd09daec
Kv,207,40,True,0,0.07195867628177914,0.2906286789215694,-0.01169726443292518,0.011834707904713748,212ccd71468691edeed84cfdddf3c668817572299d84a816bd9711ce0401e2d2
Kv,208,40,True,0,0.07454018676509397,0.3117401455803947,-0.01609929253860809,0.01638504793915907,b366d0e40da0d9896084b30895a6ddc8b681a7c11768405fef7360a4d321bb78
Kv,209,40,True,0,0.06520736676828331,0.2838726270116313,-0.0028024652533751304,0.010821396888639367,de11ceb57de8197adb3ef1d28cbfb4b4495cc4b9b9ff293de0a3e1f42efd2925
Kv,210,40,True,0,0.07117782094385247,0.2974859775626043,-0.006420735729920413,0.013937806239961437,0d3b6209709ecc0f9d34a2f83ee3c7521df6dc47e8245744385d746ec1f64e96
Kv,211,40,True,0,0.07432665321161805,0.3081333739116113,0.007121684054151478,0.020992745200929863,ce214c3762472ee733b5e7e72597a8d8cbf0f49df1c37bd432f8f6f2714c1cc1
Kv,212,40,True,0,0.06318089548083457,0.2600477994620288,-0.012366561867603654,0.00751379677956765,433aedaa0cad6b426f1db614b892418d783f526d83762bb20568b3ee5c37334c
Kv,213,40,True,0,0.0695450622183755,0.23875563815931414,-0.004724179182570509,0.018048407531582433,dbe622fee2441e8db35826da717febe685cec3f698d3abcc03787f59bbd956e1
Kv,214,40,True,0,0.06924100267662259,0.31801345019431193,-0.026716903944738357,0.03535117110794095,45fce861452997ee33e1fe25add145d55e2d04f053b32ddb9bd960d097c225b7
Kv,215,40,True,0,0.07813417267869113,0.2708067772090017,-0.003705434072314162,0.018545503501732008,494122504b988d3e2d38f3ae97c00ca8c50aac114b06c3a37dd0cdacaeef0b3a
Kv,216,40,True,0,0.0653656478401491,0.2096445025978102,-0.0018306732661206304,0.019539695442031157,dad4920d822b028d4d63c5ecaf198b0fb32049a488377430bf2daba75f192ffd
Kv,217,40,True,0,0.06927768180917279,0.26366810768240395,-0.021242056769813056,0.009884562175665246,98662c4fa4d2a6f397dfe8fad0c37edeb6009953f05679d1852a6b8e935733b5
Kv,218,40,True,0,0.06406467949733984,0.1831099907209953,-0.0024461293859452393,0.022656104793353227,dabab84ba3d9e29cdf423e73e52e085ab8d60c6f9b466e8e132ca97350e6ed25
Kv,219,40,True,0,0.07329598078664477,0.23893184377411428,-0.012101813379374882,0.023898844718727053,6b7bcac6bbd275feeeb831c740bd35d4913a93aa4a2b335260f5e6ed68e8a586
Kv,220,40,True,0,0.07456357193647853,0.23733108481918624,-0.011254539194939461,0.011605278995413637,41b133b85fd0a535426c3ed03a488713048da6cd561a98a5597f58a57071200c
Kv,221,40,True,0,0.07366438658772864,0.2700403481124887,-0.024499041859003867,0.022292842353628495,64e472d71971c09bdba9025206252058bcbb102d9301fb1379a8259cc609a1e2
Kv,222,40,True,0,0.07147408202936847,0.24808270579452218,0.006022211864723737,0.011280254707238924,9044d656d28710ed65446dc700554ff711f0166e1f310146b1f95aaeaa559f53
Kv,223,40,True,0,0.07880577251693892,0.20992135405848467,0.004102460208100567,0.00846975056831678,601631cd0c4bd8a6ec5e59262424530274589f1847e2601e750b1a02ba9c1aac
Kv,224,40,True,0,0.06906991614428593,0.23943166319852843,-0.013022305151076496,0.0206103636854299,1fa6fcf2f11236701e50b1f7a1d4c6bf8acbf32c78342ba1bd0d7a50506b6ebd
Kv,225,40,True,0,0.07256097745482194,0.2286447123829227,-0.008516150269869627,0.01732188265213319,78341be6bf4d63864dbe41c8aa36f285b550cd8e3627469ccf951de1996529fd
Kv,226,40,True,0,0.07374936188465879,0.2708067772090017,0.005222590339193589,0.018029288455807646,35ab79813627552d509a7c223a5a6bff79840c04124cf9c4910e46e8ac8a50ba
Kv,227,40,True,0,0.06736339194760252,0.23893184377411428,0.007896858240449944,0.027053492221598918,ec7f81d1d6a17d73c6bd33ea5aa2649d119e5fc6d3b724638ade2e7b08a46af7
Kv,228,40,True,0,0.07361737066709209,0.3048409726212795,-0.01120314796369648,0.014683450195185688,c8af7a4fc8e3d41b8ad0a154b6320ceaaf003dfe50f68edd53aa0654a68c4750
Kv,229,40,True,0,0.07874711187551098,0.27576340555292345,-0.01867370554405179,0.01909995669920661,1cb23fb84f51580643a5786e394db4f4d3e9f9e9a8714ddf4cce822d592a8af7
Kv,230,40,True,0,0.06400280773733344,0.27134188289718536,-0.005210866072719478,0.014721688346735928,8064d312ad03aac74068e21b1c15d814caf67e47fa4c235f6832c060584f2d86
Kv,231,40,True,0,0.06792059548778491,0.25508105203905784,-0.0010465188665054193,0.011356731010338739,8a96539d0aea3077cf298634bef4831397de7a83dc52b7aa3cf957828ba578a9
Kv,232,40,True,0,0.06837702410231108,0.2823092481042478,-0.014404387836191468,0.022828176475328088,c2668f29f06b56a67afb7d16d4f3ec8d758718b9567e620e19b0b1f826c21870
Kv,233,40,True,0,0.07051573522797386,0.26582931842877333,-0.01500647423148882,0.016996858363958478,fdd4c1e45e30c708c2797cb33330b568bdd9f5da3dc4c4db416d0ef2debe406c
Kv,234,40,True,0,0.07705705266706016,0.23855844704674853,-0.0012687545201819361,0.01523790339266029,3984543de0c15680c97d226daa84fa7ce43519dc65155fdb20467ea0ad1a359c
Kv,235,40,True,0,0.06867124119236358,0.25508105203905784,-0.01657522246226284,0.004435625579795599,923cb067d73ce39a53f19c9405d3b5a1734af64a1fb5286b768c72897109c6c8
Kv,236,40,True,0,0.07099292947787283,0.2856239105167797,-0.010795923416632824,0.01929114745695626,5938aa2b558b1b175dafc815c63c2a725bf479718da0f6d071fd4889c6f3c87b
Kv,237,40,True,0,0.07568850328717427,0.27878514561323114,0.01013049014502232,0.020342696624580436,2c39bc0cc339490fde4b8d23ea69098ff929777b59e29262feafaec7608a84dc
Kv,238,40,True,0,0.07832613485480207,0.2906286789215694,-0.004968499586701647,0.016251214408734005,dc4c49d4f1b1587d0d00b02ad2cb7f8041bb15c050c8b6e73326cabea808337f
Kv,239,40,True,0,0.06440131956686757,0.254418118025699,-0.003229010275783928,0.02105010242825467,35ffd975bb1fee34dc90c4e2595fb14849fb380245db7a916919d4806bce5351
Kv,240,40,True,0,0.07173797596085527,0.25050490610899306,-0.007306333876845983,0.007265248794492751,afef2c99b1a7f218af1fddb4665ac37c6d11a18b90811c9185cfc787949cd9fb
Kv,241,40,True,0,0.07023623277213291,0.28457814244485957,-0.005819763128711797,0.006424009460393565,99141f098c4a3120083a75e823b001375ed6fcc8e816a745200e41de5d19f7b7
Kv,242,40,True,0,0.06598026879383441,0.3073298611389793,0.0002994944256042853,0.0167483103788838,9d646f2f0c5de476820c90dee4b45b5706e00c6528d4ccacb6da5a6b5ea267df
Kv,243,40,True,0,0.0711426950320381,0.30145816702862127,0.007715847566083234,0.029041876102197217,0032dd4ceb837f41e0bfec23205ea17c88a262e96dd3b679e445d3f66e47f0f5
Kv,244,40,True,0,0.07756802643063153,0.26366810768240395,-0.017586798157588346,0.020514768306555076,a6547ae0d407598e764be058aa37e0079eb2d9b884b706c369f6af05c85bb340
Kv,245,40,True,0,0.07010582938667163,0.28341978007140994,-0.014354887290398244,0.015754118438584652,8e494e5479b818fd263c1492878feba7220829b72159c159da08d63397b43569
Kv,246,40,True,0,0.07084321025386843,0.2345882112886334,0.0076134092707280665,0.019539695442031157,172711d5fd5d19b612474214b98d40efb3c1842daf5dfa0a33ea474b4ff2a5aa
Kv,247,40,True,0,0.07077918451420492,0.3048409726212795,-0.009699465034095578,0.015409975074635152,c97d6b9897351fcb9120ad3f81b6ee9d88f1b7be0f1fb14ceb7f2d8858057572
Kv,248,40,True,0,0.07475533174194847,0.25508105203905784,-0.018206332735126063,0.0217575082319289,6b6efd5edb81b2b4bef43538adc6f6ec7301b31a9350ea2b16f15bb9b72f4ed8
Kv,249,40,True,0,0.07310168038821455,0.30308342640307767,-0.023627734785505394,0.003326719184846616,b6f61643a7a2a03951c5392e43c8ccc74e567e63d3febc0d48aa567e07c1f099
Kv,250,40,True,0,0.06966041840641893,0.2110473608195445,-0.007754222670089961,-0.006710795597018815,10826ba9f24a723d97b6727f85195f546bd143b41985f7aff32a0cd96e97e86e
Kv,251,40,True,0,0.06894362442233797,0.2677917879564315,-0.0009286430366794995,0.017608668788757886,f3d15cf4fc3239e2088b6c70be4bcff9f1dedcb76713d978832433b0175d7c50
Kv,252,40,True,0,0.063597515588812,0.27947617878519715,-0.0014819240044108284,0.025045989265225832,8880828c30ee70d7006839a55409771e88f6a388e1f57a9b477b7535c0e5c1bd
Kv,253,40,True,0,0.067393090255846,0.2961024074842389,0.0028901626410662296,0.006443128536168574,995dc6764dee64f08cbd91a5297d6919f3c6c300940cf67a08614738e4691d5b
Kv,254,40,True,0,0.06992322183078019,0.25508105203905784,-0.0118901265500031,0.018985242244556777,eaceb23f22125734fec451be7a3d4666fd637c727495c90c7d2d8e5a21be396e
Kv,255,40,True,0,0.06989311116150947,0.20859341616669114,-0.014977696632089144,0.019558814517806167,5d28b53172c98aa7cd88dd91caf25edcd96bd7a27cbf2cb5dd2e27665694deed
Kv,256,40,True,0,0.06608250181789714,0.271890191034008,-0.019744484776258897,0.010916992267514414,1a65f8b4f34bec8b2814b3c1abc3b7484676f0b7a570e904d78b07a0f83f8f5a
Kv,257,40,True,0,0.08137510155138337,0.2440979234865601,-0.019194688524239334,0.01909995669920661,90a69a33e6b5417f3f07f8e8fcdd5ee67f5d7162f5342a2684f8ee7ae6dc5dd3
Kv,258,40,True,0,0.07344325059661941,0.2906286789215694,-0.0018090667622105983,0.025237180022975703,82dd57976783de31c68b720961ec2d2e806e6ee69f8132b85fd5beebf6106b34
Kv,259,40,True,0,0.07672739031009845,0.2449952628541929,-0.0009859975703301327,0.01693950113663345,a04bd46237eb03117b9462630e1be4102abc6510455fcd5271629a6f9c34e912
Kv,260,40,True,0,0.07408003094022593,0.3073298611389793,-0.011061560344966637,0.017991050304257405,843c60fefce4bb9ece22f3f1059f250d3402334e7e28055be91a15631cdcc6d0
Kv,261,40,True,0,0.07123663351996776,0.2852132307742175,-0.010973166352402641,0.0212030550344543,bca6ff713367b6ad5b621aecb39814fff6bd9f92d022c783056a22f3762e6d7f
Kv,262,40,True,0,0.08284825208456166,0.3007171969389799,-0.017778913519082895,0.016633595924233968,9eb8dbd596041cd32fc46264abe862b72c8047358866dbfdaa55d9ce400d84d4
Kv,263,40,True,0,0.06347081575186359,0.2700403481124887,-0.008978969262988024,0.018985242244556777,cabcb4c25a809d878b18f1a32c5009bb62c9eefdaa713500a9ca18781d37d66f
Kv,264,40,True,0,0.06610885170003569,0.254418118025699,-0.014282960638290376,0.022694342944903023,e261ab2c821ef48dd10a49e9e1df71e52ccabd9d53b49e8b01176fe4e382a75a
Kv,265,40,True,0,0.07188351548872213,0.23659133235230603,-0.007290924051797099,0.01445402128588602,b52c336f7ac10b8bbd6d3e86f7abec2a37adc84284b217e2c865a179212c3ee1
Kv,266,40,True,0,0.07432762054481439,0.26591451314211506,-0.026562944590510673,0.0156011658323848,1188d4a23b5761e5e5eb3c7e900328ea970f5c4d13f990b8c2ef2729c5002a9b
Kv,267,40,True,0,0.06897695352074372,0.32639266701833913,-0.003266389190464958,0.02491215573480099,1d4b16a45563e26df24d27311e2dc2ec29f4f7d4e6f12af067e5de5151efbb46
Kv,268,40,True,0,0.07902164502024264,0.22908277693416762,-0.002126371479325595,0.005563651050519591,9ae016740b9f4d5296ad7bd16577d2b7b06a8aaa33867c4ebf0140ac42bbcfcb
Kv,269,40,True,0,0.07122895075429299,0.2974859775626043,-0.003517896101433049,0.01716893004593356,a427be11feaee7ffb34c62f48202f691a09d033704a131851d8461bf6d41021e
Kv,270,40,True,0,0.07029602567990999,0.3073298611389793,-0.005332227331475092,0.005850437187144175,86eac3c424a6d01dfebee2e7ef855a9178c1ef35efbe7a15147dc074ce7f6b2d
Kv,271,40,True,0,0.0770828787273051,0.3048600677484546,-0.013950293356348453,0.01971176712400602,04aad68e3ef2d37b2bd604423abd2b968478f06e927bffa61c14b9755f82e04f
Kv,272,40,True,0,0.0766022685606871,0.3048600677484546,-0.02047945490492964,0.01676742945465881,e2bda22cf4710f23245b31ca8ed2588cba1983c6faaa979a861e3940f995d705
Kv,273,40,True,0,0.06934362184123295,0.2046355881148817,-0.010062609691781965,0.018545503501732008,4e05106b52f7fcad9ba4b92be7e3fb90c0a8173819cbc050b93e54dcd795d5cd
Kv,274,40,True,0,0.07685796022056628,0.208174074790124,-0.024581970612365778,0.01619385718140942,e44489a048f5d0511ec552c3d9753dc15bf50bb5853f3f01c24cb3d01dd738da
Kv,275,40,True,0,0.07092886091452791,0.2600477994620288,-0.007409361235773071,0.031737665786469305,b32b3e5a3a74a0d56c40849ceb3de87c5ddc60107ef10051bb7b318842469072
Kv,276,40,True,0,0.06659476939425482,0.20469510889203388,-0.0012159474863688846,-0.00013383353042506485,503a0677b3f883b37327cda0ec86c81e2542d534c0dd0c2afbe90f10d7d5d1f0
Kv,277,40,True,0,0.07410628296786381,0.20903490568793562,-0.017833099798093555,0.023841487491401803,cfc17cfa431205fc8c4a9fe8fda3b4295230128ed5bbab0d4d9fc12b9c62d58b
Kv,278,40,True,0,0.06872812432447964,0.2818796842390083,-0.026002316027253336,0.009081560993116189,54a749943f148150b4ad39195752bfbaac788440a297ba2c23e94b0f30afefc3
Kv,279,40,True,0,0.07301920686907687,0.30308342640307767,-0.013438856142621747,0.029175709632621838,ffe2c983483d57fa207e730ec929284dccbfad4eaf89faad03bbe72a75e3f4f6
Kv,280,40,True,0,0.07326894628521259,0.25125229648365227,-0.02166398330069974,0.012848018920787685,83edc31993a47a3a2adb47589837c08970a3bc907567011b6c05b893567bf88c
Kv,281,40,True,0,0.07474467133570442,0.2253980756827929,-0.01702429867587374,0.01661447684845896,1c850c0930f4b7de1d6ce8a9424b184aad1ad103e27f6181faa3315b824ba508
Kv,282,40,True,0,0.07462751876083437,0.3005517315911548,-0.025201256485001267,0.00575484180826924,96d4461ca1fca4dd08a52d0fd8fc778748b907735feb046d8750cc185762304f
Kv,283,40,True,0,0.06265737248861133,0.22221122208804905,-0.02240474733262765,0.006060747020669055,e72900d5a31576615b465b92bfaa1893cf13b4330182c9a6324b50a4a6296256
Kv,284,40,True,0,0.07214344321237531,0.2035911960972402,-0.0029259834762156434,0.013746615482211788,fc553b1b8d25fb3a4d09ff94a552a6fddd00046179a4e0384a8475d4c022949f
Kv,285,40,True,0,0.07667396524225821,0.28674461205574153,-0.008852670355529835,0.011509683616538813,21ae814b78313a38c34235aeba5fdb28271910eddc6a69b29a3ca19638a45c79
Kv,286,40,True,0,0.07522982004913484,0.2286447123829227,0.0037055093439866127,0.019329385608506278,4b3e5185f79158e9049370d28460af224100e1e7be450b1d97a075aac2899cae
Kv,287,40,True,0,0.07450140767742475,0.22759836450074306,0.011739674762506258,0.019042599471881583,6dece99a05681db6d149fb0b951e033b7c10ee351cc5eea6d4073e7dea4b679e
Kv,288,40,True,0,0.07075146155799543,0.26591451314211506,-0.02089015774395464,0.006997581733643066,f3ac2dab12673aeaee0f96708a514de7d31e73e1405e584db44e0a83e30e7794
Kv,289,40,True,0,0.0716723742858841,0.2253980756827929,-0.02096982132403502,0.01600266642365933,475990fb974c6bca7ead51c2020531cb60a768ecf4303c3324dbd74480ecb39a
Kv,290,40,True,0,0.0727450291594423,0.23224547494096198,-0.007438277736636634,0.001778074047073086,657104f383bf18cd87f77b2e64976188362d69963642f8a32e3297126ac3c24e
Kv,291,40,True,0,0.0691480550888808,0.21238343040324084,-0.016150627461276157,0.025944585826649935,16f3a31ec1867d6dad2ee141f876730e23b0d02b58fd5ac8a2bd7dea2848d5b6
Kv,292,40,True,0,0.07309250623938748,0.2286447123829227,-0.0008233611836825361,0.01252299463261275,00f3b67d0e560604363b758231dae22814a952772d7246c3ff4fb35ca39a0031
Kv,293,40,True,0,0.0787289421175228,0.21238343040324084,-0.004093088725195981,0.02470184590127611,cb699a7f90c07ce72bab4854a14005b1dbc5ac854ac78f127b78ff600c315eb4
Kv,294,40,True,0,0.07316904909345405,0.2680425435002875,-0.004845040611573204,0.013823091785311381,c2db7279baff0e0faa0650c5d4121f549ef818ea93dfd5e4dc53aff7b47ca46d
Kv,295,40,True,0,0.06559938089197948,0.30145816702862127,-0.0058883407403877985,0.015907071044784726,72af569c2263a608b8c2ef2618fdd47129687c861e7f4a2a342a44e574e00f95
Kv,296,40,True,0,0.07253552019663746,0.2628628196631236,-0.009578346620993994,0.01114642117681408,d4726a5eec7b74e2664798777dd892a2f82453d263da8d7cc88eac0124bc0635
Kv,297,40,True,0,0.07119113197513277,0.21999432966776614,-0.014012135765864464,0.023210557990827607,86ebb067ea547ca8d7e0a129426ca9eeb31811d1f4064f8c7b5d4aca349ff2bc
Kv,298,40,True,0,0.07473596778653419,0.26582931842877333,-0.0015413471965977088,0.01577323751435966,2aaf2c71ba681eff5859db4f3ca318885d6df73c103a061470dbceb470feed0d
Kv,299,40,True,0,0.0735505677101345,0.27680784272083636,-0.012529603038784254,0.0066916765212433615,58adee0d2ab525af3e84cd9dd1ba15597cf9c691b43876a1ed4a5fe12de00185
Kv,300,40,True,0,0.06475661416919268,0.21625229607250354,-0.006029392433036129,0.014148116073486317,24307902828db8b88b8965a49b22a05d921f5d447908f6e6d24fbcd418737c5e
Kv,301,40,True,0,0.06692596164765048,0.27947617878519715,-0.011009290470128885,0.02236931865672831,fa2927c3a7349aaf6848384ea642b8b852387d775ca3e2147fbe7a86e2eecb38
Kv,302,40,True,0,0.06729345949027762,0.23224547494096198,-0.007508572687115134,0.003173766578646542,3e4f34922c7e1ee69cca83c3e2a7698766c8149ee8116849f291be405390f440
Kv,303,40,True,0,0.06862662301564405,0.2929342527502138,-0.005422898376492125,0.027302040206673817,f41ae972a87eecc30b80b56b819be7c3437a3cdb376262b2535e8833486924fc
Kv,304,40,True,0,0.06950092478789974,0.2214967410933029,-0.02134907456933144,0.009119799144666207,779a63f399d6a5380ce35024b231b13e77cc09392a86d27e4830743ce0f9ddfe
Kv,305,40,True,0,0.07449937193345191,0.2635683796939857,-0.023361180029355166,0.018086645683132452,427d7c3df7c0bd5a43e929bf4cdc939b5b840167c8ce9f8e9937ab3072f8ca9b
Kv,306,40,True,0,0.06917850593346793,0.22710212217301148,-0.003368757813453138,0.022981129081527718,71affcd03d80b4dd059f99625ad92f174cb0ba11b2cb845f36d501fcca62931a
Kv,307,40,True,0,0.07317853056732357,0.2911614726227114,0.0006653385185970695,0.027129968524698733,c902e9ddf2fe58af8cce4f1bfab1c2257ab2aad53c8b77f2317b0a1c06c45593
Kv,308,40,True,0,0.07121775639273406,0.3073298611389793,-0.004631162862772875,0.016824786681983617,30dc65d5653f0b0f0ecb762aea1c03149aca7225b92ab8ced796c6696943766f
Kv,309,40,True,0,0.06949717206062653,0.3117401455803947,-0.014699309321975829,0.013823091785311381,5570c4fce8af48cdd67f0bdeaac98da8c5f407c5ede58a186c2a7c9c9866b95f
Kv,310,40,True,0,0.07673471208689475,0.31648314446384734,-0.004643326706857742,0.014989355407585392,764281497f712b2850e635754078affcf519630261b115e471a5ff2f4fe4b2ae
Kv,311,40,True,0,0.0742764253093459,0.26366810768240395,-0.016741450167256033,0.013937806239961437,08803a35cff5368aff1b41ea3d1819904ae5ba06fd10160d6e3336b13ae68d98
Kv,312,40,True,0,0.06821835702693142,0.20578918037934982,-0.010551793901248274,0.012828899845012676,c6de6b68e1913b84e68d1c21429ae4c6ee30d085c18a8752745ad45f1cf6ee79
Kv,313,40,True,0,0.07066967387190408,0.28774221966481917,0.00803742326213075,0.020801554443179993,335145660fa5716bd06246e3f73a5d93c27a4d465b53c83e7cb8e0612d3d00ab
Kv,314,40,True,0,0.06631187245047279,0.2852132307742175,0.00012710373022883914,0.015084950786460216,6dd83d4185583ceec69ea3d9e14c582a890ac51623501a3e32c7b24fec2bb305
Kv,315,40,True,0,0.0654550421887741,0.2596082051946417,0.0030786569250502716,0.014492259437435817,e6cd73fb22213172df9e74fd79dd5c9390ed3844b0613dbf6f8299765d653b76
Kv,316,40,True,0,0.06783682153105865,0.23893184377411428,-0.010552117590593824,0.022063413444328828,f6bd9931244465e052d4f23c04ecdd4817000a1f764eac957fe3d94a3a36a799
Kv,317,40,True,0,0.06604926175524448,0.2096445025978102,-0.014344772576586173,0.015964428272109754,b1cf6683b6c2c46cba3f08d46a025463fe840d524685724ab78dd0de2c308e2b
Kv,318,40,True,0,0.07298926972839752,0.31450263440394816,-0.004100768036908287,0.008182964431691864,7bd6a6e60af3ad3323d211b688110348421067f1c5a5d5d57e0c0ed11fe4c23c
Kv,319,40,True,0,0.07367482356274269,0.23087187935472436,0.0021339361409997704,0.0223501995809533,7f44c5f604e5c66cd19da99ed2181270c7ab3aa68de9975b0bfd1eedebb20ee0
Kv,320,40,True,0,0.06979243018667063,0.27576340555292345,-0.006425112640968678,0.022847295551103097,52be9516ef142b860116b04d3b9a599f584d9c747940c10637753dadb075fb3d
Kv,321,40,True,0,0.06941028496660905,0.2621480942950633,-0.007545010247502981,0.0023134081687725683,b2554421f0de5611d272790ed4026ed9296542b97e89a94939bbb44f9f41567b
Kv,322,40,True,0,0.0738237597273363,0.3007171969389799,-0.016221427148012335,0.015696761211259846,66678d6623c223ba83a373234edf56c4089ccee21722e26979060a13b1c7811e
Kv,323,40,True,0,0.06774018448343946,0.2561297979829555,-0.01968287169620897,0.012389161102187907,810e1914741eca6d4479aa65c51c618e834309a970cd3a8d01ce57e2fa84fd3b
Kv,324,40,True,0,0.06941345431666142,0.32759612837737045,-0.020397026078722957,0.010783158737089571,72c35231d16543ba6854a85e753d90442ac0c9904e1ea4e21a11156adbf65e88
Kv,325,40,True,0,0.07498535615109955,0.26582931842877333,-0.004217247554764159,0.012962733375437518,d89a650aec9c19e5e49185458cda924ff2609ad282d9425ef352d215abdd8e13
Kv,326,40,True,0,0.0692605939972208,0.25508105203905784,-0.015070461880194674,0.01871757518370687,b858d26b15c287eb3aa3b0883c8f330f8796b98e53b1fce98e150393eca0fd55
Kv,327,40,True,0,0.0755965691795353,0.2963658309112904,-0.015063795881252062,0.019673528972456,cb89080466a0abf513fda3e50dcfe290f41c112114381a9a9428bd264fa34b86
Kv,328,40,True,0,0.07272164104296305,0.25050490610899306,-0.02116282436866701,0.007169653415617927,f66ac854f2f7ad84ce1ab50441377d29161b07f808ee67ef1e56fb2e89550e86
Kv,329,40,True,0,0.0694139328913559,0.23943166319852843,-0.013924761055564838,0.021069221504029678,166decc4bf400012f813c8107eb0d87ccfbbf36d8de94cd7bd8f69dd7f55694e
Kv,330,40,True,0,0.07144050154726282,0.28674461205574153,-0.022864651864062946,0.020304458473030196,53ce473ef9a1b5aaf2d23659d9d4fa3d3bfdc200c03a366de6d9e5edeeb75d1b
Kv,331,40,True,0,0.07853983905884121,0.24049549784751773,0.007541747289860012,0.012542113708387537,3d52e0f4921c0bfba8ec3f8a1d4cf5a48438aa0517121bd33d7ac4c893b38232
Kv,332,40,True,0,0.078502884204897,0.25125229648365227,-0.02752295443218067,0.02141336486797918,5c5aa638c74530253e5e96ff6ddf4d18a16392a76116acb1f7e23cd9bf58f1e5
Kv,333,40,True,0,0.06894082233134592,0.2744511884352102,-0.0014320687741757876,0.008584465022966392,8bb0372dd72991800d34cb8673e59499e2e6b051550dbfc9710f7f90492bd5c4
Kv,334,40,True,0,0.07650827340920544,0.3081333739116113,0.0026212069973474694,0.005773960884044249,44b4f33699172dea71c7b8e016fee189c31b7be4f1bc3ad2aa4b09af8d7c617f
Kv,335,40,True,0,0.07354909292680772,0.23073073731837213,-0.01582668389119979,0.027149087600473742,67fa26d967dabf3cb1fc84b78a9618974a149160c0a216cb62f81644d982425c
Kv,336,40,True,0,0.07496652822589997,0.30143602487275317,0.0038679572963176145,0.02141336486797918,e1e055e7dbd42ef8b2f2be6cabfe8c45023a0f5c802fc8c66ce9c418c57ae826
Kv,337,40,True,0,0.07817991972130282,0.2852132307742175,-0.008144926635549332,0.020744197215854965,1f6e5010a9686d61b7868a740be102fc46f589905f454829a2feb8e4ee2f2e01
Kv,338,40,True,0,0.07222855692344093,0.254418118025699,0.014770384883123766,0.00011471445464972252,29653590310ec3e4dbd1643cd77674d7cf767c399a659b26b833d8dd4843f5c9
Kv,339,40,True,0,0.06525111752105628,0.21958501132153346,0.0004734893694393616,0.016863024833533635,3215c8621f950db260344134978d566ceb4661f974b48dadfcda7fb76918331e
Kv,340,40,True,0,0.0795770042447702,0.28341978007140994,-0.0016438541534933293,0.023210557990827607,4ea437f364af8cc61c9d028083664e44a2bb04abb5b3026a616a2a79b40fe2de
Kv,341,40,True,0,0.0775961929860336,0.271890191034008,0.0015810004409626544,0.028506541980497402,8b135d298fffbb1ea18cfb73b01d0138b2463e32b4295126458145e744dbea04
Kv,342,40,True,0,0.07320056236814614,0.2677917879564315,0.0002130863581031317,0.01661447684845896,705f80669a039f29d21a9146258e132cebbb2679c0491ecf42b8ffc59e4e0582
Kv,343,40,True,0,0.07578997878064374,0.3007252312322635,-0.0054008420115723155,0.02823887491964794,09b7f2c897e193d27e4549b3a0f6a13475940e4009080657ecb9d7ecdb940ac2
Kv,344,40,True,0,0.0787102816713286,0.28674461205574153,-0.012867529350680584,0.008163845355916854,27be4e0adabfb0eff67489ccb66b9d8e838d226d501b17371b773d2d52eb90cd
Kv,345,40,True,0,0.07783557877170978,0.22710212217301148,-0.014550563539991623,0.01984560065443086,edc91765cc5fe55ee8cf113944793c5f5187f3c303d9f451852f1129b0867660
Kv,346,40,True,0,0.07816455385911998,0.2961024074842389,0.006069761379491112,0.0206103636854299,b05e83122a84f1e711e546c0f7439a20efc71d95be47a42d1c95bb448b04f350
Kv,347,40,True,0,0.07026145562099281,0.23756973783448915,-0.014700448666177035,0.02896539979909718,d0533d9ed5002b941722b3193c09e837a4f46d509c51d334572691002783a27f
Kv,348,40,True,0,0.06825778861791212,0.23756973783448915,0.0033461664856728746,0.019023480396106573,e4f51600a77ef1c45bdb297ce0f6523171befab9dbc5f200f59d074f007b17ac
Kv,349,40,True,0,0.07019924479551123,0.2356590163538334,-0.0126313117116017,0.009922800327215264,f05cf113558664124b71bf585c9abe0e6321f1e20a3e5a8d66eca9f88f9ba11d
Kv,350,40,True,0,0.06836655497671909,0.25508105203905784,-0.0041288989988217395,0.016824786681983617,cf9b62d1219de0910fc4d2a6c95ff42004beb685b9e0ffa5003e62712a8b6173
Kv,351,40,True,0,0.06793406971670594,0.29558751623001245,-0.01937375808991959,0.011700874374288683,0cab9be5a022e27e8a4fa349d9093eb7abbef27d38da607a7ed5665ce4a7e5be
Kv,352,40,True,0,0.07456742746731979,0.2109814770375397,-0.00021030424647805468,0.015084950786460216,a7dcf99e736c756d94824ecc4c6b5ecec28292c4bf1b755b05e594ee5a5af377
Kv,353,40,True,0,0.07727045182981308,0.2974859775626043,-0.012560344653204547,0.01837343181975737,870bf4be2e0a3d5bcd117b4197c5cbc929691829810d442048344eb3d70e89bc
Kv,354,40,True,0,0.06185574001007381,0.2440979234865601,0.008555717253098782,0.01711157281860831,c496e84473a729d98562008313375a91ecb33a1a902856b51e28ac647ae3b1db
Kv,355,40,True,0,0.07189154622299994,0.3048409726212795,-0.010001810232484809,0.014759926498285503,7fd827145a645f4ca33797887f6f9d796fc0bb3a05473df0b476f9918b7f2a0e
Kv,356,40,True,0,0.0746655814437345,0.23733108481918624,-0.01768824432358329,0.005965151641794009,cd58ab36ffe7b3e2c78843d3bfbb733816642b519bb15aded4efa4f47d6b3c34
Kv,357,40,True,0,0.07458569049875419,0.23073073731837213,-0.007736053377823904,0.028812447192897328,e9c10b625618a33ef6f7003d7a1419140d4ab8e7a0d0e179811aa5c8bd51a2f7
Kv,358,40,True,0,0.07432530407322344,0.28457814244485957,-0.003647561902392127,0.024262107158451562,6ca376df99e45a3f643857807a0843ae68917b7db11b110538d2982d05314c18
Kv,359,40,True,0,0.07385006369775912,0.32759612837737045,-0.023865690195896683,0.017245406349033376,1e876cd2a05f2a056dd18a11effaf52e08b01d159f1fa039dab2200b85afb636
Kv,360,40,True,0,0.07523074340880483,0.3048409726212795,-0.012871406541530739,0.0026957896842720874,52f30fa82329bd095eab034136fb2c0c60ec5088a4aa73e6d3a2b07c2657e59d
Kv,361,40,True,0,0.07820009736699243,0.3206136461871349,-0.026132200074311607,0.010783158737089571,140a9f1bb8e7b1f8a210cece01aab3750bcdcf67cf9b3af6729547606f20a853
Kv,362,40,True,0,0.07840094057358137,0.3073298611389793,-0.005828589153990205,0.02137512671642916,a1083ade25a302d0a07c35c901e4c8ca1d9685b9c0310473750616340e3edd4c
Kv,363,40,True,0,0.07102242030208814,0.31225142828167596,-0.001460736293527054,0.023765011188301988,c13b35e3f8e45c158f779ca85ef109e91dfff06182b960bcdeb7ac6920b09940
Kv,364,40,True,0,0.07509289092598188,0.2856239105167797,-0.019645739043014032,0.029213947784171856,ce8c7ef16518e86a39880ec310945aff120f9fc1f5c55e74ddf01cccded3284b
Kv,365,40,True,0,0.0711059931037091,0.2977541402079234,0.015148235111097641,0.02781825525259818,68309f098fcaaba22e7d19715253a68f0f15d94fce36bf7ae72a899ae888e2e7
Kv,366,40,True,0,0.072515201647977,0.2345882112886334,-0.004689595553388104,0.022981129081527718,1fc0a47e2b2dae8296d8152c0f7f02e33a48512447cb2ccb753c356c27c42b7c
Kv,367,40,True,0,0.06338752811239193,0.2818796842390083,-0.017423529283079997,0.01655711962113393,7c7ba0738e692e6e6d2f7542ae11e33e562db600df06e98ee984350881c14967
Kv,368,40,True,0,0.06057541317420752,0.26591451314211506,-0.01460715049135164,0.019195552078081435,ceb22953c94b75ef203c355bf5684d103a89b51af6fa46ccbf29637a7445f65b
Kv,369,40,True,0,0.0686027929045211,0.25508105203905784,-0.007704669606047654,0.027474111888648456,ad08945680779944164d4d835553ec414746d84036952138d7e1483cfd0ef44e
Kv,370,40,True,0,0.07033739831150979,0.22728086417001078,-0.03032030943832531,0.01950145729048114,7951799b8c4810e45298f009a3fc1ff0238e128a92b478d076dadd25a73e84be
Kv,371,40,True,0,0.07456870771105202,0.3209105826688107,-0.016648744995313658,0.015505570453509976,24e5df1cee580e8d7541aa21427e8d44d03bfa10b12dc2f1474654622819af2d
Kv,372,40,True,0,0.07363222466234347,0.27947617878519715,0.0018403957791699455,0.0152570224684353,b4075e23225dad7ccbd346e79bb35e0e53ec547735ee7fb75e77ab3bff50d06d
Kv,373,40,True,0,0.07207006965485767,0.3005517315911548,-0.009359264526776379,0.020342696624580436,bba44fa92212ea3adeb4469e8a459e54a163b28986cb8cbc0cf894ffa7747b01
Kv,374,40,True,0,0.0714805286594982,0.2694742721418083,0.0022744758802168974,0.0023134081687725683,44521bfa800141176d7f2ae413e017b6f2916b510e79ada228f8e19f879fe2a3
Kv,375,40,True,0,0.07781144476026276,0.30143602487275317,-0.003490030742325345,0.02508422741677585,62f7be00a31030c768cafd768bb0894729e0c438150a25cc7ee04be1bb337587
Kv,376,40,True,0,0.07262205609157361,0.2694742721418083,-0.018086447618618218,0.018201360137782285,13ce4ed9f28817e08ace7e5ab74859d21c485c620679ad9d7ef0209050e73797
Kv,377,40,True,0,0.07143829670191619,0.2110473608195445,-0.0013454183302452627,0.02275170017222805,a970273a5997386855be2e9e94253b5096508a0da249b103f55f967c3b7da09b
Kv,378,40,True,0,0.08092191909053623,0.2449598808602292,-0.0021546964325624973,0.028468303828947605,188524c0ca07f65946ccad4ab3b13179c8b3637c34d8c1abb33b50a79441e484
Kv,379,40,True,0,0.07093280971387902,0.19587996885870698,-0.016495903972470805,0.01598354734788454,78a72d11d26eabf2ff79b6e5aa92b1352d0617a5bb28b89aab519bc6872e402e
Kv,380,40,True,0,0.06943536970908466,0.20576291406896163,-0.015432399282898857,0.020380934776130455,eac97dea6cc507c3bc04b565154e078bc5c95a002e7810e1d3aee1bf0f155dbc
Kv,381,40,True,0,0.07098827922760262,0.2974859775626043,-0.020209373211670822,0.008450631492541771,dbcb4721f30dcb313a76bab86d1d56f151473ea72755c9aee88b4c1192834ebc
Kv,382,40,True,0,0.07063344385571477,0.2674819763065101,-0.0003191843709318132,0.014530497588985836,e084e339be1e63f6508f7b7f998801767aa7d9aae502846bd4ca3ba68a936719
Kv,383,40,True,0,0.07715343686324576,0.2674819763065101,0.0039080048045345706,0.012427399253737925,3c55289a9cd179d4b1ab5b4132588a099a7d5dc45626f068c7fa611c4fe8f4f1
Kv,384,40,True,0,0.06849137483687118,0.21524988253991154,-0.008963348054713105,0.03240683343859374,6ff9bb22c671d32279b64a741a678442aa8b670d2179dfe40652ecd00da83204
Kv,385,40,True,0,0.07062212777706767,0.27680784272083636,-0.010523357184088589,0.013383353042487056,1f8302b6dc81f3259400b37643eca0b628edf79fc888019d7b2a86fd8c0ac157
Kv,386,40,True,0,0.07423367517200923,0.19426711080188036,0.0032693548934603633,0.017436597106783025,61367c866675b408af0ef4ef1c11d681a454e83df21cfa8bb9d89052188f7af9
Kv,387,40,True,0,0.06820404978006181,0.2838726270116313,0.003139664957681809,0.011605278995413637,edd413c730755b4134303fb475261a43aeeb2ce747452c3010d9ab02c903ef4c
Kv,388,40,True,0,0.07351561068777838,0.2449952628541929,0.004760004022213771,0.01739835895523323,730bb916d83f996a5ca6ae49278e6d65de5533385d82a0524614ef7d399f3443
Kv,389,40,True,0,0.08080406564174472,0.288958716415636,-0.018633007752988595,0.018029288455807646,fe2d0a1c6155abc1498170679224845b0033f0449ed4e2a25f52ccdc8863f07b
Kv,390,40,True,0,0.07258050582996925,0.2708067772090017,-0.009245952652204847,0.02105010242825489,b16728ff0c8fc82f3a968549928ad927d8881da5568ab24adeea797210065956
Kv,391,40,True,0,0.07143933397377687,0.272294670255898,-0.006060120525697821,0.012274446647538073,fbe75c9b8ff2e1d3d622a84b55948cb26d1e3a6950a838609e3f1d3efea13279
Kv,392,40,True,0,0.07111928244293822,0.3206136461871349,0.014204899919464165,0.026384324569474704,890429aef148bf3fd55abbbfa6f9f9ad4211fc99955ea6ffbef7ce78ff6f84d7
Kv,393,40,True,0,0.0774551362632498,0.2708067772090017,0.002050315047537943,0.030533164012645497,562841363787441cc30010c9b9c1ed5a1f583df1fd6e16306f3d445bed2b7f9c
Kv,394,40,True,0,0.07585739741972782,0.2182289835493578,-0.018067288188726494,0.0030590521239969304,2f44bed389fd9219f0d03f244d245ac16e33aaeaa54a6027658194bd336709a8
Kv,395,40,True,0,0.0794735473057171,0.21625229607250354,-0.01527699777828806,0.002734027835822106,427b9057a6222d892e2bc894761d20112fabd12d2b5fb4a71daf6d9d0e467a4d
Kv,396,40,True,0,0.07540256580264268,0.28774221966481917,-0.022169279694713273,0.009234513599316041,1194715a50f9cb0ae821b9cd6491bf5890e30ac38473f90d2c483d83d58d8620
Kv,397,40,True,0,0.07012594915516451,0.272294670255898,-0.009274053190486242,0.021910460838128754,159255f985fd1b45a4dbd4083d30d290e1fc9340b3ae7a55d7eb01ee70aa9d46
Kv,398,40,True,0,0.0657473668212947,0.22221122208804905,-0.0020121981338905304,0.007532915855342437,b97f4b305a689fc866de496760ba30a8b99a86fa40a85512da7ae68656371783
Kv,399,40,True,0,0.06574662210356949,0.2561297979829555,0.006039057650285784,0.02647991994834953,03bd5d4b8658510d3fe4f054afe738514cf96007c21539b55e02c7eaf4c62756
Kv,400,40,True,0,0.07436692183161195,0.2974859775626043,-0.011189665918068359,0.019214671153856222,6ef01c56147baec3fb96850c56a60fe092dbd58c7b059e9b6a28fce28cd3c520
Kv,401,40,True,0,0.0779789323096109,0.2744511884352102,-0.016137461322506486,0.017646906940307905,415c954abb8981937aadb9fc4bafab12b14b00f08b02e91d79bf82488f5db27e
Kv,402,40,True,0,0.07105319005799615,0.22728086417001078,-0.016484446738882497,0.018774932411031675,e6cafacc4c335c041e60e9ac16e6855e6993a1310048e564118dda3249677a86
Kv,403,40,True,0,0.07226916708940326,0.266942675665842,-0.000159991868569076,0.00630929500574362,654437a22dad23be81a61b66cd3dbe102aa8a7e00600562cda740c067277763f
Kv,404,40,True,0,0.06898413456650053,0.20009264340213792,-0.017173911745185455,0.02563868061425023,c32a70245efb9333881c1b9bcbde4301dc9fa934d5889bfd94873a1e55c0257b
Kv,405,40,True,0,0.06654247648974776,0.2963323380735714,-0.008934591137770731,0.023191438915052598,64d6d2d02774e3db1e7abc8c61d1ab941423bd4fb7fef262404533a74745934d
Kv,406,40,True,0,0.06860302124901815,0.2596082051946417,-0.0043616245718942626,0.01737923987945822,8d80979ebd01e35d7cd789595c26da74669f0aa480ae91b84d97520a01ff4c4d
Kv,407,40,True,0,0.07071490128944874,0.2974859775626043,-0.009892250536921665,0.026690229781874186,ad18173b343ac98c1a759d54d19d953f804cc226ef16f3f8d422cb4bb38dc70d
Kv,408,40,True,0,0.07443447167364078,0.288958716415636,-0.002703159235993624,0.013000971526987537,8822e9aae640e9274ee89216c626269ab6ec250d702e2c3e7311dc28e0b1dce5
Kv,409,40,True,0,0.07003681067430609,0.22710212217301148,-0.003525446765664242,0.012618590011487574,9a278ab0ef6a9d421a710cdfbb7f907fa90eff77f829e3fdc6c0f69c5ba3b01b
Kv,410,40,True,0,0.07089552539499497,0.32759612837737045,-0.013309589839010538,0.006443128536168574,cde5ca6fb489255c7dae8146e51cb57f07790a2e1e937945838936dd8cc446e5
Kv,411,40,True,0,0.06682028218231281,0.24808270579452218,-0.0016094274176827739,0.0023516463203224758,d9cfa3f0151f0a7ab5afbb29156c228e5a7d3c166cdb9adc87ab77c7ef93ad07
Kv,412,40,True,0,0.07444457720130562,0.22082587907465084,-0.006793538321877346,0.019004361320331786,5a92d875807cd86b34540a0fa1fb8bd6f6b5d1cfe806b5a62ff997c7c74e4572
Kv,413,40,True,0,0.07597658698524665,0.20111846921623242,0.008949114713369788,0.015295260619985318,c8f34be1c17a283bd56b1b85154952c277a9f9c57766426281559793d77e8ec4
Kv,414,40,True,0,0.07050400896617195,0.2680425435002875,-0.009551101773592974,0.018621979804831823,8031f1386cac012aae48cb8c6149f8a66e61ef7dfa5af093021a0723e4a17383
Kv,415,40,True,0,0.07751786881952683,0.2779555889312816,-0.0014626334848397704,0.006404890384618556,359d486a1cf3127227d79d04ddbde4ebfd3422ea2b6af5732912e402462b853e
Kv,416,40,True,0,0.07711053499852998,0.32759612837737045,-0.028901191256703207,0.004607697261770349,4e55593179433e647f876870da37c5580929f66e78e702c0e62d7714fe660e90
Kv,417,40,True,0,0.07579921590940686,0.28454774443258624,-0.004130229067869529,0.018048407531582433,504bf7570a4507163404b03bd9fb4cea7fe4f5766ec97508f6a599a3cbf507a6
Kv,418,40,True,0,0.06395158747841372,0.2911614726227114,-0.02041406780166266,0.016079142726759366,839f824ae52d6802f3d268735a7d64682d19b4ea445050c3e160237254bf5ffa
Kv,419,40,True,0,0.07904967856015281,0.2963658309112904,-0.006364994394992163,0.009941919402990274,8a104646c61cf42d06bdf97da411758accf7a00f1d280aec39c875439ec68066
Kv,420,40,True,0,0.07880342585172448,0.3048409726212795,-0.0008063370877025022,0.02856389920782243,8df2bce5466e708c68868dee8b10a3b783cd590a3d89dd178b9c198fe9476885
Kv,421,40,True,0,0.07653853297697269,0.27680784272083636,-0.01914458874027236,0.018010169380032415,e7346e6b497366db472b2febe43dbe474eb574f13b8e21b0b3f563738334c16f
Kv,422,40,True,0,0.07649442215872829,0.22728086417001078,-0.014642999223018593,0.026001943053974963,557829d643ce91144b66c04b790797ba14833cafd1eabd581cc5df13cdc7dec8
Kv,423,40,True,0,0.07344723080913329,0.23473883916283603,-0.022986488861803656,0.009387466205515671,d1d91a8a35aca8d8563ed785a0f64fe1d0ba4bba2cc09ce870c5d95e669529e1
Kv,424,40,True,0,0.07506085323001026,0.1982251439735703,-0.0027602452684762913,0.02202517529277881,42ecaa3b9bb9181ce54886bc01c535747be17468e24ebf107b21048fbaafed48
Kv,425,40,True,0,0.07765741446055581,0.22774193778345056,-0.0096950385950203,0.032139166377744055,9ec153469c892138bc9352f31b6d4ce146d48c4c4ab47cb33f1bc49ec2ee3009
Kv,426,40,True,0,0.07093991913240072,0.29191205491835676,-0.015843400803775554,0.019998553260630714,a18053a1b304451410e741b76e829b25430fad1c18a5a912da158b565fde67f9
Kv,427,40,True,0,0.06783517539786806,0.2440979234865601,-0.007622890906265223,0.017818978622282766,5914398ca1124416efd8bcd87a50fd5aa6149f4ee3d492f98fa3979a89e047f2
Kv,428,40,True,0,0.06820229895925342,0.21881472429148463,-0.0023937361479600128,0.011605278995413637,82d55f1892de0763ffff60fcaf0088816e81f386904d7c41fb6129571d2db0c3
Kv,429,40,True,0,0.07698350859916903,0.2700403481124887,-0.00828399288944559,0.025504847083825388,a36669ace85f8c8556c082636bb08affa321e32f3be41d2e12ada1db04f9bdb3
Kv,430,40,True,0,0.07027593721218686,0.26582931842877333,-0.017004030222447675,0.0346055271527167,cfafd3f7690627563185a9466578a9a0d167a72328cef89aab5898ab7323454d
Kv,431,40,True,0,0.06661862658174579,0.2034183570087164,0.0006665998093502434,0.013899568088411418,97cd1cadfe9c8a028540a330fcb2fac88a39192eb85eb41dab513b615f69be54
Kv,432,40,True,0,0.07255250659607763,0.288958716415636,-0.0005353535080809824,0.017264525424808164,68040794eee00b3384cbe6bd83f5e62c1a83edc563f2a45faf2591aac838488f
Kv,433,40,True,0,0.07695799427955571,0.20757693258468693,-0.02686620389549277,0.03150823687716964,e913e43e9d25506675c7e49eab05e4772de0e2c2d60d75e32fa07ae3011d433a
Kv,434,40,True,0,0.07988607448624208,0.26366810768240395,-0.027116886562412512,0.022675223869128236,062f795eb0d90b20244d09813f7455c9499a059b488b7e8fe47c4bae6a759cb1
Kv,435,40,True,0,0.08101785567191097,0.31648314446384734,-0.010769086422523388,0.013020090602762102,c6e00a8e05dc8eb4ca165bebebb422e50a3f0b56b18acc94093fd5f7008fede1
Kv,436,40,True,0,0.07008785250563707,0.1738846429695659,-0.011562025385959629,0.02277081924800306,d0f68b785e465c43355ec7b5983cd3646f174f13b888ebb26d89bc66c3b36651
Kv,437,40,True,0,0.06986173292296138,0.1994955302857279,-0.024884288829493784,0.002886980442021847,10fcb5b52bb4efcb31a6f96fe5720a43a36d673a93fba9e994a9dd828f725317
Kv,438,40,True,0,0.07329213570871523,0.2744511884352102,0.00872339699597835,0.015314379695760105,7f95ce956f99c0f1d3c22ffc5cc5cf9197ed499ee0227ab39ca1fa05c9fadeb3
Kv,439,40,True,0,0.07247125511472266,0.30143602487275317,-0.0036704626373211813,0.026001943053974963,90d68dcea865a54c5e4899f7d215c186dc17d8ccafd75baa866a13ea1194fa24
Kv,440,40,True,0,0.07143385470888725,0.2694783942968923,-0.004549215982872168,0.023994440097601877,9222220218111f55a40c5eb39dffb2026972723176493741b9c46cee542ed69b
Kv,441,40,True,0,0.06807968805785591,0.2963658309112904,0.0006514351920889894,0.03626888674514006,f7a5ade549fab9403b2ff01db270c8c64e6641a42d1449931ba1994827d2b52d
Kv,442,40,True,0,0.07113163150643834,0.26598383471044507,-0.024784029069731872,0.019673528972456,efb1c178a8b69abf82654a01b6a5dc21e4353bd2d9db65fccd8ce166575d9342
Kv,443,40,True,0,0.07351266916931638,0.22728086417001078,-0.01089221778087368,0.012331803874863101,b891824bfbe99dea368da609583e4d865bd7529fd191f824a852c4c1e13edb5a
Kv,444,40,True,0,0.06653858681676497,0.2823092481042478,-0.0036207704800743645,0.019463219138931342,74b510e86d89a8516e8cd56d3ded210f201307f9b1b253bf4713c7ba2c39ecd5
Kv,445,40,True,0,0.07522699280168514,0.29191205491835676,-0.0059970422611723695,0.016729191303108792,19aaec88066b46eba834b9bb1c63c28e34ea4c490f7201712ddee2175801dcae
Kv,446,40,True,0,0.0658516189170832,0.3131564012396502,-0.015568051277286,0.013976044391511455,bf329f02a3933284aaf9400ce44ab635638abc5600476312b88e0313fb70b270
Kv,447,40,True,0,0.0677521718213949,0.2034555273997582,-0.007227489433011547,0.015754118438584652,48547d5c73693237e97ddab14ef5aa29a32edba221e41403b81f12fc04f172b7
Kv,448,40,True,0,0.07992235344424445,0.31225142828167596,-0.009459997421023214,0.018966123168781546,42e4a58b3bec8a75b995af9736a7e00aab8d56a150664f4ad70a1b28e48cff86
Kv,449,40,True,0,0.0774912726691778,0.23631586275345368,-0.01107250824382744,0.02873597088979729,9fe31177742cb66c1e91c7c9ecefb4f7d1e2d8aa8e5e955ab94d04352d1aa5aa
Kv,450,40,True,0,0.07426719353164059,0.23756973783448915,0.010215802084053927,0.01791457400115759,80bc4571159a150fc4fe3df98e69be486bb4e254127f136fdb3ec3f8a8b74414
Kv,451,40,True,0,0.07943313227959872,0.3206136461871349,-0.005526777969509178,0.022426675884053116,ff322c2a1357eee126a7bb33ea06462d7622e56aa0c25ddc8d438fb46d7384eb
Kv,452,40,True,0,0.07062852416843117,0.2977541402079234,0.0071501104773488144,0.023631177657877145,8a31f7837897b81d8cd90a3307dcff4032f6411f1da56b528faa3c84ce79dfa3
Kv,453,40,True,0,0.07173506145785384,0.21625229607250354,0.004226075305912014,0.012465637405287722,65b8a4f75c3c7b5d6ce8ca9cbaa00f3c9e60a55c418b41814b5b4534f56fb95e
Kv,454,40,True,0,0.07900480213247146,0.2963658309112904,-0.022505305470921,0.02120305503445452,cd622d11eeab8b359c4c210992b5c0fd57951105ca53c2addf5b5f70c784d8c4
Kv,455,40,True,0,0.07423805774329757,0.28674461205574153,-0.02349038878970866,0.014740807422510716,7756b62720fbdee88a5f63d00a19ccd6a75b7eecfce736e81bd3caec91c54b04
Kv,456,40,True,0,0.07065272724901943,0.23893184377411428,-0.011235444109702897,0.008030011825492234,4fa4cebf7ef39634e8303e1e20bf700ccdb5e75118748a09e0fb4c05975c3e10
Kv,457,40,True,0,0.07670314219004458,0.3206136461871349,0.004026740864425893,0.03334366815156786,a6b358af30acfc32614152b33d43e27ffe8b9c89492b504f4bd4b6489f934fb9
Kv,458,40,True,0,0.0741734693386466,0.2440979234865601,-0.012964365413607126,0.010936111343289423,2585e15dd8941ffbaf17c66902879211d7db08ceb4261ceb8894dfab2d6532c3
Kv,459,40,True,0,0.08210194918268728,0.2600477994620288,0.00111183916842017,0.030647878467295553,a0cbbc056edcfcfe768e7cd5d123c8f0150565fc6b441bbbee38142f0e6c5303
Kv,460,40,True,0,0.06925130372030933,0.2961024074842389,0.005937577611377032,0.01621297625718421,90b7bc09064c7ba9ce24d2fde6379304a1f8313144252f52aad0ed6cba0a25d5
Kv,461,40,True,0,0.07582747568956356,0.2286447123829227,0.011037797834388074,0.029997829890946126,36d2fad6ee9e4ddb4a8a627a3f2655b84b747ba5c83a46b2540dbe2849a7c851
Kv,462,40,True,0,0.06674327647525688,0.20903490568793562,-0.01771429230272825,0.003709100700346135,380336c85bc47fdea7e802e3a66c98222120b966c2698332078fe5cf335ba01a
Kv,463,40,True,0,0.07907050715403638,0.2226015776618408,-0.014322021622416692,0.01837343181975737,9c3dbb52f4296456de9e4c9ca73c438bdd0d90bca310f7fdf119491993d9f5ea
Kv,464,40,True,0,0.07392333696907674,0.31801345019431193,0.013747255771567657,0.015199665241110272,3e07832f138a7ccda84de734ad6e3bced233abacafabc53fa1f9d28ff09ae92b
Kv,465,40,True,0,0.07156202708829454,0.23102237420303545,-0.008763256546212128,0.01732188265213319,fc0764a7919ae53184e7bb97b2721b04d39c73bf203719ff76f4d71674213a5a
Kv,466,40,True,0,0.06770295133804669,0.2596082051946417,-0.010755436251614237,0.017207168197483358,1b6ad04e754195246fca9d1e29dc46b8018e48be3e778140c26e5cdf9559b40d
Kv,467,40,True,0,0.07994071989078659,0.23073073731837213,-0.018402064195891965,0.019558814517806167,cdf8fc21ce707b248ceff3959b92cae9801636fac58a0f2e37f06cc6ebb10714
Kv,468,40,True,0,0.0755847332290092,0.32759612837737045,-0.009636310362834077,0.022311961429403504,ae3581669c00fd1f8d1865509e0c5eee39110ace08e366788f7e418d28b2d250
Kv,469,40,True,0,0.06930943556310518,0.27947617878519715,0.0010033927804888876,0.0264225627210245,980d3aaf939124981bb12c28bbdf33af116e2e777d412705ec9cae16f041e7cc
Kv,470,40,True,0,0.0763033368974119,0.2961024074842389,-0.021372237345923306,0.022751700172228273,5521ae117accdc5f67f527022a55d68586cdd84a87e434b6407b8579249bcb83
Kv,471,40,True,0,0.06569907422991303,0.2096445025978102,0.00038558924142018114,0.0034223145637215513,2e68b294265d78bc1bb750f8bc402b307c2e8a022cab28f75611a94722138ffe
Kv,472,40,True,0,0.07773147763960384,0.2677917879564315,-0.012324830956910615,0.0076476303099924925,777d5d15b4ea3136654b9ba91f45ade5fe8bf9f3b4f9406a474c606887a838b1
Kv,473,40,True,0,0.06276247042806622,0.3073298611389793,0.013685085791118379,0.016499762393808903,eed8029cd01e30c441546264cd3b7879620d512c1a36fe5f61d441517e87348c
Kv,474,40,True,0,0.07949404711769957,0.288958716415636,-0.0008559413959974282,0.0316803085591445,64eacc66cbd336d8b31e3a2f2f0414b3ea441014c8432822907b2afd01ccd73b
Kv,475,40,True,0,0.07610548961470572,0.3007252312322635,-0.028091866072908367,0.005773960884044249,60027764ed5aa5ddaa130f7ac3e5bfaaf8f6a3691ea8aae33cade45d7379cd81
Kv,476,40,True,0,0.07712178711434711,0.32696198263934123,-0.02182530440472963,0.014033401618836483,9baa9dc69e2d674f0589281a87b8ea269228223fa941712ca2604edc9c38bbe3
Kv,477,40,True,0,0.07206995983181638,0.3209105826688107,-0.022324644612501165,0.020151505866830566,11c3aeaddd634ad68bd64895ce9c4b01285b9754e4a45c6ccd34cd97897fe78d
Kv,478,40,True,0,0.0718128728356403,0.2635683796939857,-0.011290591155690644,0.004760649867970201,c228b63d8b6f48a01ed12149c3925386b303fdf477bd67abafc5a0886305368b
Kv,479,40,True,0,0.0686190198764853,0.23943166319852843,0.0030456945453058992,0.019922076957530677,c7849e30f556d771784e833328de7d5bcd9db4b4b57d66a85a1ed6142c525835
Kv,480,40,True,0,0.07669300320876175,0.28008563316871304,-0.020988436030205504,0.011222897479913896,f9378a04973d7468f30f25740a02a0aaced72e99af99b15e45020b55786e1e62
Kv,481,40,True,0,0.06532911207240003,0.21366122768646922,-0.022082894161010946,0.00265755153272218,9f09f35fd3b870d7ba71ad47a36ea8532496419f5d5a74209c5e943799a44d4d
Kv,482,40,True,0,0.07466991107319805,0.2823092481042478,-0.01949666155764196,0.01808664568313223,8efc5236e7302a22a8e6a4741361d01500ff396b78abe04b3712cd2a676ebb84
Kv,483,40,True,0,0.07784763596970316,0.2974859775626043,0.001859394375372636,0.004722411716420183,fd43630f892d308e043e175d93a120d6b43e0e645d228a0a42ace1d42ac9fd86
Kv,484,40,True,0,0.06674914112706522,0.21014972429459433,-0.012297276604697593,0.019577933593580954,79c767501603770ac5df98406933584316eb8327558b6f87426383092361507b
Kv,485,40,True,0,0.07492157463321855,0.2474520320884274,0.001143996308503148,0.031336165195194776,10d967323e1ec2711e362e5abc9f41df8910bb7c74ae44592b3a1df7501fb93c
Kv,486,40,True,0,0.07425163892816762,0.2694783942968923,0.005440098380380176,0.02397532102182709,82795c0a4c5bfa034d8eefa2103313a816da09abd6115a013a219810a4cdfa05
Kv,487,40,True,0,0.07290484139438443,0.3007252312322635,-0.007163121602076217,0.009310989902415856,fa6d8f148f8fc63fa7ff8076a264429ade50e1894efdc71f884aa0ddc6747f02
Kv,488,40,True,0,0.07221805336033771,0.20901963739366838,-0.010264441934391355,0.023420867824352487,c87b7451b9ab7d5956212cba7a35a05e1d000b6fed35355e27440ac7d4383acf
Kv,489,40,True,0,0.07541380348108347,0.24139323462626935,-0.014151359190881063,0.016442405166484098,d74238aac498fc2b0cb2d2cdde1a568bc1951e56dbfb203b24637f2c031a00aa
Kv,490,40,True,0,0.07959321191995436,0.2838726270116313,-0.013570471485151447,0.009903681251440255,9325d4fd146b6848d762ca484751232a7519e4b99a99ede6e6c8b621589a12f9
Kv,491,40,True,0,0.07260110178929893,0.2852132307742175,-0.005868518347888818,0.03145087964984483,09bebd969f5be18c108d90f1afeb8b43633ed1ac67758d866fbc71e779047558
Kv,492,40,True,0,0.06998713904749444,0.25125229648365227,-0.023337152386431637,0.01837343181975737,b64f64497e9c67145d3d0871f807d74dfe4b1a66b922c21d275bbcd879b458f7
Kv,493,40,True,0,0.07170887147478586,0.24008190005876678,-0.022172969918754504,0.01443490221011079,0abe45fdfea794ebc25b781f59d7a91e29685652114b203825a77d9440ddcd4a
Kv,494,40,True,0,0.07100793858463586,0.28674461205574153,0.0015752955777985633,0.03072435477039559,e97912f1a4cdb5e75d6a25c35cef1930d3afe9fe62fd440a9f272d6648742fe3
Kv,495,40,True,0,0.08282966898419272,0.23137180396522522,-0.009631258802596854,0.021356007640654373,145b00158baeb65f8b4be47d01174fedb38601cde8ab95db5e59a02cc5c0521a
Kv,496,40,True,0,0.07775864804013402,0.22619333929977972,-0.01193408845815247,0.016232095332959218,d8af8fdb4d25ce5b226fc20ea9ea0e0764af0711517c150308714d635c1a68f4
Kv,497,40,True,0,0.07411293100167604,0.3206136461871349,-0.008520394163256784,0.016040904575209347,29f95f52858b50f58dc98fc5b4ab6074b27f7a118d0fc545e7b1294dd6bf3408
Kv,498,40,True,0,0.07416475551019988,0.22619333929977972,-0.00478565512993212,0.01483640280138554,2ddfd0c2e82df7fe0e1dd031db5ba46d3f1901e1f59aa69d16cd47eec2d133d9
Kv,499,40,True,0,0.07669946364520956,0.3048600677484546,-0.006898719738981374,0.006251937778418815,3456cd858eba0bf641ab78323a769abfc10bfc9f80de322d99884792aeeb7cff
Kv,500,40,True,0,0.07417596809142465,0.2911614726227114,-0.011025416051097192,0.01661447684845896,0add446f1078add3949bc4174ecd1e12c408a958978168c38f3ab2b8c69033a5
Kv,501,40,True,0,0.0768236205483784,0.3186220420237518,-0.02085190532019565,0.03280833402986827,3b37e5a5c53316a751fced1e773d190d7a902b479d9d9f67c39cbc034e660273
Kv,502,40,True,0,0.07780482730836491,0.288958716415636,-0.0037524254645409094,0.02198693714122879,635c162be200f8502ba70ec4392fcee09e02fbaf7395dd6cc3c829a7283bfbce
Kv,503,40,True,0,0.06994507445364363,0.32639266701833913,-0.01462269723573928,0.015524689529284985,578d87b7ea99e2d0ed29a8d8355c1ed3b6578e2530e1f20f7c5a3896dbf21e05
Kv,504,40,True,0,0.07153498364715846,0.27878514561323114,-0.011943878766404792,0.0220060562170038,46c7fe31afb6e29c3989574fa39949ab6ba1c412cb69429daa603b7057352b49
Kv,505,40,True,0,0.07581930220139066,0.32759612837737045,-0.023469760721494204,0.015142308013785244,fa6397f065a70bb149dbcb5f2f7c6202bf779e3149547719001f5467fbd1c08b
Kv,506,40,True,0,0.0692810429315504,0.20578918037934982,-0.0037625008186250586,0.01581147566590968,5c7b2f5aa1cc0a6a0ba0472541812f71ed90195c3844a289f707ee5625ad23e1
Kv,507,40,True,0,0.0728930198901087,0.2449598808602292,-0.007002008605648147,0.012867137996562472,c80008f791877aaf630e8f26e9e8268fe3e66afdce9b0abacb01951c7c05e7c9
Kv,508,40,True,0,0.07361539004332927,0.2823092481042478,0.005933117731154347,0.026881420539624057,80abdf0162049568a20a0d83b2293e0b05e1d0dad496aa8cc8ed1b7c4027e0f9
Kv,509,40,True,0,0.07740852466998646,0.2804931659525981,-0.012205197290542813,0.012389161102187907,e5178417589dcfd3026de27a39c6419f515058a318c771750c03a7aa994ea46b
Kv,510,40,True,0,0.06443156728647922,0.1959047908114834,0.0031082401911921576,0.013000971526987315,3bf21616a2984a32e39c77422a75135b91fe993d42afc7dcadbc443baddd38b5
Kv,511,40,True,0,0.07607108828936177,0.32759612837737045,-0.005690995669802801,0.024032678249151895,dc1edfb97823c8439fb37326d50639e7d25ea543a1d24b07148f7bf0c7d34efd
Kv,512,40,True,0,0.0724185372657254,0.2356590163538334,-0.013294716803002204,0.02311496261195256,bdecef13df6241606014b3535a2d5b164662f5e8c325dee444b49498a51df443
Kv,513,40,True,0,0.07136812529104031,0.31225142828167596,-0.015671942618593393,0.015046712634910198,36c05c47d6615d0691292ba8a243931e4b7fca871d48378c36fb80da0c422b5d
Kv,514,40,True,0,0.07077786294789132,0.27680784272083636,-0.01285078149477581,0.021910460838128754,16ff54f3738e50e123ef55b1f38c75ee431359a9574c269076b5e9f2066fab82
Kv,515,40,True,0,0.07136282089100458,0.24578840708867059,-0.011396770133419665,0.015582046756609791,c273472dc776eed470400bb036a9862598f023de47790a045247243e34c91151
Kv,516,40,True,0,0.07316365529193176,0.23893184377411428,0.0003745626656481704,0.013631901027561732,420974e347d5cf1d90350bfb7e331789dce61ea1f369a42819457234846cf5e4
Kv,517,40,True,0,0.06690714553455838,0.26582931842877333,-0.00018206372467854948,0.021145697807129493,6a4187bbb47732ee11da33e8d916b1ff909068f03f73e4c65c055d34543d1e14
Kv,518,40,True,0,0.06508695952976587,0.27878514561323114,-0.012097303904639922,0.0004779768943742324,4f3414da6c76d3962f66ad51fc76c0cca7034597187f0e55f26f665dc2323bce
Kv,519,40,True,0,0.0792758265705873,0.3131564012396502,-0.02584601610001891,0.021642793777279068,8fef3bb06b21f6dd1d2669cd25748c7a8fefbb721579652f26f99097c9bff55c
Kv,520,40,True,0,0.0726247629491095,0.20909732410968956,-0.021088664986762096,0.019635290820906204,715866acde2f9dbed74b83fdf856440ffc9de63bdc53df646b0775daae48b80b
Kv,521,40,True,0,0.07093457460154454,0.20598960454288837,-0.019735092492237483,0.013689258254886538,62be78159a405d92aafeb66ccd7fea8c9902de075cefc56a0604ceff260326fe
Kv,522,40,True,0,0.07792640279953227,0.3048409726212795,-0.011919696257515433,0.012656828163037592,5cbf306a9fadeea7969f6456ff778d1947d60be6fc528bbf0873ab4ae0e6c346
Kv,523,40,True,0,0.0784142406820941,0.25508105203905784,-0.02023429576344249,0.004531220958670423,f706ed132bf78d7ca82b5a6d58f10bd8f75fad80925c4d9817f85dedcb1f6a13
Kv,524,40,True,0,0.07437529010561925,0.23855844704674853,0.0016443388805171821,0.005009197853044989,957beac27346c7de792a9f8003c7afaaea647b827eb862764e2d6b6e44bfb450
Kv,525,40,True,0,0.07134164869970243,0.3081333739116113,-0.0030775158470084385,0.010496372600464654,a72c01693f1db6571f89cc24a879c7cdd5f311ac2af8ca5276434de3a6eca1b5
Kv,526,40,True,0,0.06788018905163058,0.272294670255898,0.007403552191470819,0.014798164649835521,b4ab1ca60a5af60f70d9589322864c116911bc69a25c8bc8a1806946a40e66d1
Kv,527,40,True,0,0.0752829277458699,0.26598383471044507,-0.008989547868278658,0.029519852996571783,da16b57b8896e3652c8e4a0304ebf8fba141730baa367d20f1a0acb80098c53c
Kv,528,40,True,0,0.07302469330389472,0.2314249280557321,-0.0077335634709720935,0.02372677303675197,0477bd75d246c086e44772f26b77f88082da0fb190a29decc46d4cc8f6caeaeb
Kv,529,40,True,0,0.07088575687376952,0.2694783942968923,0.007042066060608532,0.01692038206085844,6ca3fae7b6fb9281094a8ecacb45020086c9e0be1a3490dc7208ba8f05b641db
Kv,530,40,True,0,0.05820011165962295,0.2694783942968923,-0.010535024269358928,0.023956201946051858,312c98f28d11ac4d04e7b41eb6dafbf5aa5037c1886d8bc81290451810efeef5
Kv,531,40,True,0,0.07783097427434807,0.2856239105167797,-0.009189048947688017,0.008182964431691864,a69ca46b8f6013ba97c7142037b561a37d76c741713f747f3909194442a9dca8
Kv,532,40,True,0,0.06941122949418861,0.3194416536969545,-0.014382982830524194,0.014109877921936298,d3cd768be834b1b806243f19d99d79c1d6d70a16ae1fbcb694e2347c6c43c5cf
Kv,533,40,True,0,0.0728183875343896,0.2911614726227114,-0.015525744702779232,0.030819950149270192,40272f323a3c12f5a7bca4d7545f4296a36868e00f10f3e512750afd985d64a9
Kv,534,40,True,0,0.08007755405730181,0.2621480942950633,-0.011302075778862886,0.0161938571814092,5d812a67c09a70419cf8a2e18655e08e882224435c20bf934cc6cb0d5cdce4c3
Kv,535,40,True,0,0.07030085141429415,0.266942675665842,-0.007731333717790667,0.014128996997711307,31171d02114e3e117e8def9ea035a6e9e66955b0b82660cc458c2a65806441de
Kv,536,40,True,0,0.07038717595448143,0.266942675665842,-0.011439560966047813,0.01923379022963123,a33dfbc02410f13df790381a250797d5dc342dcb10e06db8fad800b90ade8205
Kv,537,40,True,0,0.0764588810873639,0.26598383471044507,-0.008354334133356511,0.02470184590127611,734a4ed2fd57f6bcc342fa9d06d7df5ff44a6480eb622eace17b1f666a22c5a0
Kv,538,40,True,0,0.07242281468584823,0.2694783942968923,0.0012116455510544633,0.009578656963265542,b7560fd5e80b4231959013a1de3316b306806584573bdc40daff7c6757b14015
Kv,539,40,True,0,0.06847239424701312,0.20256533399993268,-0.011800746971836418,0.015027593559135188,e14740fbf984403486d1fc74d6f582599c576e5af9f8353f2991a4d9d2ec2b7d
Kv,540,40,True,0,0.07300138599497683,0.23756973783448915,-0.00915357345390655,0.022656104793353005,ca5fe078ed08075d7ed2379c31dcf8e8744271b11a5216bbb068972883ec263c
Kv,541,40,True,0,0.06853188473849718,0.21881472429148463,-0.021470977735527086,0.018717575183706647,d7fe14ced0bd2aa15f10bf6b398d6ab6ccf00200dbf492b611a224b45e2f4584
Kv,542,40,True,0,0.07581143291573605,0.2694783942968923,0.002543449218660898,0.007609392158442474,43b3630578281e210b6c4fe84b1cdbc918c20a39de3fe7f3c01c9f8d59b23a3a
Kv,543,40,True,0,0.0711215075730492,0.2486322520511887,-0.012225006962512497,0.010802277812864358,9febc136f8d0d78bb871d1f09b79f4ab97079c569f20cf663d15df0724d467f4
Kv,544,40,True,0,0.07054036490880713,0.2715173524897663,-0.002408538140519889,0.019597052669356185,c5bfff49d1f7a3d5d4fefa06117b832014f604471d2743392098b4c239607ac0
Kv,545,40,True,0,0.07647574728004827,0.22156584111544875,-0.0047229580547394345,0.017436597106783247,f0e87f1e0f49e7a1de1abc7cc71d1a7eb012220807695247e71d549f76700d8d
Kv,546,40,True,0,0.07418016648480645,0.22980587235098368,-0.009696843278009348,0.008010892749717224,2d015dc2f0478123828b02f5853203b85d3434d82e55a1b8c2a815fc36bb3936
Kv,547,40,True,0,0.06892641870276701,0.23756973783448915,0.0017005478711507038,0.01020958646383996,88897c194087f92d330c9d28aa711df10910731dfb46f636a378167c0266f014
Kv,548,40,True,0,0.07169208757480652,0.2628628196631236,-0.01811085408628621,0.0033649573363966345,f4a6c8bfc2eff5b23d34e9d5947c708cedbc52260a6f2a60944181d39cb3a0e2
Kv,549,40,True,0,0.07959813812210018,0.20847243945059257,0.008386410987587078,0.026919658691174075,77b8906e7a643b0f1165104e59df3481f9604a6a4032d4151432700561eba171
Kv,550,40,True,0,0.07169696001063104,0.2096602406468807,0.007188170801897709,0.009922800327215264,8f9d7059bcab85526b31435b2fe46cf8569116473b8ad8f7f53ddfb48161623b
Kv,551,40,True,0,0.07518736381417494,0.316119650003397,-0.010354520904403586,0.018794051486806684,64899e1e9455e2c0524304fc7a7b6d22d95345b40c75d15dd31130f204cf9ae3
Kv,552,40,True,0,0.07329368771976974,0.31450263440394816,-0.0024442254370815597,0.01194942235936336,94d90263489e7a86c57ba5ef9c5b05e98c229feccdd703b11c8ce9bafe1a7133
Kv,553,40,True,0,0.0779167563880999,0.2804931659525981,-0.010929387979856209,0.013727496406436557,444d7ffb94c7018930ca45dcc3ed515f6ddb63d7fa370986472309dbe1d906ea
Kv,554,40,True,0,0.06765069078649459,0.2034555273997582,-0.009304172986429826,0.027741778949498364,bf0e8fed529273fb78fca3494d364ecfa587d8621a3e789ebe5c44e1653a16b5
Kv,555,40,True,0,0.0759282147235378,0.2963658309112904,-0.025885982456224754,0.03439521731919182,f6aa6b36ae2e159089d7783d120055cd1ba87a119b992ac51fb86316973d8b98
Kv,556,40,True,0,0.07839716151440701,0.3007171969389799,-0.01361043305884535,0.016824786681983617,b9c21a828522570417eed3a925a1826eac4cedb37039721f806c75c5cbdf97d6
Kv,557,40,True,0,0.07417610684264717,0.2961024074842389,-0.014517239897531953,0.011605278995413859,18dd85ae7fbeb64ab43944f29581b0a78ddcb6beb93a72900a8406ab5e8041b4
Kv,558,40,True,0,0.06623622137936422,0.25050490610899306,-0.016380983400468896,0.01173911252583848,f4221fff87e0be00346e51f762accfbd0456cdb73d2037fa7c34385cf0909592
Kv,559,40,True,0,0.06584570881467879,0.20799335060970534,-0.015900968789591463,0.023612058582102136,95d5c8d1e2273ebfcb10cc90cc0ab010a8d2ff296391d2fe4a0d3df0426f8761
Kv,560,40,True,0,0.07423094878526611,0.19808939396684616,-0.007944924616431148,0.011605278995413637,f0bb6003fd5fac42ebe9112205b290abec954a21cc292eabf7fad612d817c51d
Kv,561,40,True,0,0.07252657549589189,0.2852132307742175,-0.002608767243908794,-0.0018927885017233637,da27026d0e4d0c0fcbb635cbe65bce7cc04d328448c3d9c100e07bae6e1b6c41
Kv,562,40,True,0,0.06965816523645253,0.2838726270116313,-0.004956774319318846,0.028602137359372448,8d849f2efbf376683f0a86bc2754de6f3a2d88cd5b76845672c65d6d586383c5
Kv,563,40,True,0,0.06941512821517659,0.27680784272083636,-0.010838742814793578,0.011242016555688905,e58452bd15fc31390fbb46581b21c8e04751e6549c6cf2ecfada441d7e68b615
Kv,564,40,True,0,0.07552121832297537,0.3131564012396502,-0.016083942645823024,0.021948698989678772,50ce6587895f69a3d72baf9d114e8110471b01df5f831b7afefbd5df53950229
Kv,565,40,True,0,0.07524407009531424,0.3081333739116113,-0.0005474222802024364,0.012962733375437518,9a542e6a02f11f3fd7795cd3d7e5b7102f038aea64ee47b0cbf8ec72993de75d
Kv,566,40,True,0,0.06779643617967068,0.2050895625479786,-0.0022055322513161446,0.03011254434559596,1e856de2125e20f2c1dbce3a09ae00f1aa19a338cb75bc5706746f085f32082b
Kv,567,40,True,0,0.07087767455911409,0.19833111834759076,-0.008384506716365703,0.005601889202069388,d64bed21a6e69636f275f4d60bef6f333a7474d18438790079a91cd4c66b83bd
Kv,568,40,True,0,0.07146819104149763,0.26366810768240395,-0.012712163231465734,0.016270333484509236,fa96e316af10c164e9cd285664ad91b6706acb2e0600e51cf768d060dde21759
Kv,569,40,True,0,0.07560168049850044,0.22411851930969431,-0.009126054220242263,0.009483061584390717,77154c06057ef89137f88c5d2770dc267b82ddac4aa03b75151a86e64e226540
Kv,570,40,True,0,0.07934055038893359,0.24471445751354537,-0.010020840355591254,0.010534610752014895,cd432cf20b4caa1cf49a3d2d1c7c40953d1c0eeda7ca21385f8e35017794eb60
Kv,571,40,True,0,0.06878804757173272,0.1964960287101633,-0.0014600484142148762,0.01789545492538258,1f4979f6aae88fec5bf07a14c16928e6b015b6624acf2f487d898ec64c2a375a
Kv,572,40,True,0,0.0826224785607608,0.29558751623001245,-0.022032836496375552,0.005716603656719221,228dd3c104e7dd94a27e5476b6cf80e7ca8dfab301ab29afdb9ff2fa7af81b75
Kv,573,40,True,0,0.06884125802045002,0.23631586275345368,0.0045626250626940035,0.01867933703215685,101f82aeb542007b13484fb20a0aa021cc8377e147297746b0e4253317f4dfd5
Kv,574,40,True,0,0.07255900743658458,0.28457814244485957,-0.004911050356223079,0.024625369598176072,f12ea54c432c359234579b5e1bb8207cb80572e1cf8ad457de6d2c9068a1c98c
Kv,575,40,True,0,0.06510272182565394,0.20797049207546725,-0.01456665000676316,0.01101258764638946,253568e933a35e6e4343b354ca0a4f16d8238ad1bf1c9ad19b0fc0d7fa1dcd69
Kv,576,40,True,0,0.075164581275075,0.3005517315911548,-0.017052820755552478,0.0072843678702677606,97f6fe8a84b48181dd5a4729724db7c9c6dd14c48dcd31071726e822c2293f7d
Kv,577,40,True,0,0.06934744596279904,0.3131564012396502,-0.003945840211294183,0.02217812789897844,236bcf8bf1083cc160c1d5773b042a9796ff1b741ca58070f7b349b9eaefcd44
Kv,578,40,True,0,0.07454466353087004,0.2628628196631236,-0.016756062897976598,0.005448936595869536,6382572d54389fd7881865710a05381f64f73020e8ab98aa79a560ca21656949
Kv,579,40,True,0,0.07096349172195195,0.2823092481042478,-0.01094623173684628,0.02644168179679951,8e4d667eab4d6abef1ee379bd79794d51bd019de262a936fc2ecbf50cff6a965
Kv,580,40,True,0,0.06881781506266008,0.2104189643052083,-0.007631499304948441,0.018201360137782285,6a53c05283844e5f3c9d447d6e1491d8dada6d66f26624e0fa3151cad1f8c953
Kv,581,40,True,0,0.08012305681595462,0.3048409726212795,-0.0008880988388895172,0.01271418539036262,577e2a6c2462aabbe9826d87f2dac6c3f926a58ab93c96140ed837fcc82bd981
Kv,582,40,True,0,0.06897673835147314,0.2694783942968923,-0.0010113491356857907,0.012446518329512934,a26c17feee0dff1a83239a47501971f7e6a6a4be07bd07628557a368c40af4df
Kv,583,40,True,0,0.06579097139374238,0.2096445025978102,-0.012456948611458962,0.0325789051205686,398e04168c030c1cecff6ca494d966bd2698fe403bf143f9936f1a933d997ff3
Kv,584,40,True,0,0.07296633581699004,0.29191205491835676,0.00971751833757395,0.025504847083825388,2c7f10765216b48788db761e6db58280d422f3fea078bf5cd86661213997521d
Kv,585,40,True,0,0.07179019982658866,0.25508105203905784,-0.010202277411375027,0.01671007222733356,4c698d62ac6ae491eec2c6cc76e297f2a14d331af43627fb75bc0612728a6c69
Kv,586,40,True,0,0.06776619348511298,0.2214967410933029,-0.002842772022724871,0.020725078140079956,9193a39a02ac8a409897db133e25c56f573c2c47fa8adccef78af7ebc3cde6b6
Kv,587,40,True,0,0.07433142868825889,0.2856239105167797,-0.012476214746938163,0.012848018920787463,30ef51be53b13d1e3e83e04963a266c01ebf9b53787c1768f7394d9d5dc92020
Kv,588,40,True,0,0.07238927774741441,0.2486322520511887,0.0026439189598181922,0.017666026016082914,9b0a5c548db49b05945eb7295d2465f8bc3bf6cc96e79846ded41444ab738e33
Kv,589,40,True,0,0.07036589956976744,0.272294670255898,-0.005302935107840412,0.032024451923094,35991238c01317bc67aedc2279a63bdf0f35f922f8f2545856109ed396a1d78b
Kv,590,40,True,0,0.07221859564005319,0.2356590163538334,-0.0012460724789229438,0.018545503501732008,e9bfdfc4ea5e8f07543cb41e7bb97b71e7cf27a944757a7c4182d6d2b6f72676
Kv,591,40,True,0,0.07291061733487847,0.2823092481042478,-0.006683667699322715,0.025007751113675813,dd193855823b2589a7bbc7faa58d4ac7e84107ab074c7c577b56b90c01fc9540
Kv,592,40,True,0,0.0759439093650031,0.31648314446384734,-0.024101597759405458,0.014912879104485577,8fa808b960e9ba9b133b1315f16e24158cf50b138c497c3881334d068c1ffc0c
Kv,593,40,True,0,0.0741361124962155,0.2314249280557321,-0.0270963684645813,0.022828176475328088,2cdc1808a2511a63c78e53805c03d4db03521f329f53c098d1bbf2d7bdb093d6
Kv,594,40,True,0,0.0762969608201712,0.28674461205574153,0.005483985305393846,0.02565779969002524,f0e23777790517ecc1d44d5aaa7bf6891f1f38f9d144263843c972b9d69c096a
Kv,595,40,True,0,0.0732393527646332,0.20401198451909622,-0.0028537025225325863,0.023459105975902284,0cdfa8cb765d2d4fc98d7a391a541bbb5f881fc215ae17e75e2d56a8d093b783
Kv,596,40,True,0,0.07805342782326805,0.271890191034008,-0.00880439080073403,0.014912879104485577,25a4675702001bec32b7e632cfb27706d96400c3bef0ee707755d0c7691c8912
Kv,597,40,True,0,0.07013621302330683,0.28454774443258624,-0.007168530419998653,0.018201360137782285,3be74eef8877fc418e4a2a4e2568bd0b6c93747e3ef8193d4c5b1cd775ee9508
Kv,598,40,True,0,0.07385534193203236,0.25508105203905784,-0.02533489514168341,0.012293565723313082,43d967100a72f4807c8fccf338525b8c4013fc4f76ec68f91e46b0362e0a67ce
Kv,599,40,True,0,0.07566101903355056,0.25050490610899306,-0.0189796440006067,0.0013574543800235483,61234d63ba2a6c3be6fe08c753f2274214ff3b3fa371669018dad5e82ae554af
Kv,600,40,True,0,0.07210538614617255,0.22215776916995794,-0.006485353087008816,0.011375850086113748,5dc4eb3ab2eb924f89b76723eccac9b9a5502c36e7df66e69c3e43b29a18c6b1
Kv,601,40,True,0,0.06993137433305881,0.2400123910022352,-0.0008033746273148346,0.02359293950632735,6ea779e09cf7800735a78b32c300f6e470d46e3f951a842b0daba5219fb5e795
Kv,602,40,True,0,0.0642723831721306,0.22728086417001078,-0.014030430545632022,0.021719270080379105,32dbcd18c53b1f7d3dd03bd3b466ed4f3fc436e3320234acd7784942d015b4f6
Kv,603,40,True,0,0.07359791773650073,0.2104189643052083,-0.015732562483792734,0.0156011658323848,bd3b3197f881a6c662d9b84eedfd212d50ef2e8de9239e338369b42ce9b7b003
Kv,604,40,True,0,0.07463280173741803,0.22980587235098368,0.006274206477706823,0.01215973219288824,cc0dc93fe07e53053b0625bcbc29393097fd5e14386693d4b40f2359f2a47113
Kv,605,40,True,0,0.07021254494187393,0.316119650003397,-0.018050130588188384,0.019539695442031157,7c79647511a0a29a2ecaaed0696656a323a44233208107f3d36282a0088cb3d4
Kv,606,40,True,0,0.06961950798664654,0.2700403481124887,-0.006011484149116564,0.010362539070039811,d6beed1667628db84ffe11269c752f31249056c029bc7a53ce28bae0149dba11
Kv,607,40,True,0,0.07330441620465053,0.1983563135871365,-0.010512390146784067,0.02064860183697992,b1451803209d8b8b5bab841d18b2530b70e3e3346682c4b2f11baedfd8f20792
Kv,608,40,True,0,0.07374859259605412,0.2744511884352102,-0.016880743908339824,0.03776017465558856,824621f2f1ec839958d98fbc26c5ff91f1af2cf8feb471db16fac7939a8f0e8f
Kv,609,40,True,0,0.0679972401091345,0.27134188289718536,-0.002821819989785368,0.013823091785311381,673eb544cf3c288df1f9d68a81fe4e4686a7f98be5da78b3d017cd462ce1b6ac
Kv,610,40,True,0,0.0754135457984912,0.22215776916995794,0.0022912207089682557,0.009769847721015634,029dfe5bfc72ce075fc6fe3fc23c38a853b3a21ea0cf92e255508cf172e77bfb
Kv,611,40,True,0,0.07000728474006579,0.2214967410933029,-0.011773627951446874,0.005601889202069388,2afadf72522af935f08e7d5f64fb3ade3d512f2a719c9382882fd096a09f88d2
Kv,612,40,True,0,0.06426062483266881,0.30145816702862127,0.000745120975626179,0.001854550350173123,43e1c7e3984e8347af81a12f3a06816d39fc45e8270d0f6c21538f2f08c0b7ab
Kv,613,40,True,0,0.07376135596054348,0.23733108481918624,0.009146265876906368,0.02565779969002524,664d112f7b035b4df40322a185f68d2cdb5b0fd0e8e54ed1386b3b3bad5d8d58
Kv,614,40,True,0,0.06662545550961906,0.2621480942950633,0.0065374523552839126,0.009961038478765283,3379543d3c339070ba142fd8efe1f5744515236640d97fc5890212a520fa6deb
Kv,615,40,True,0,0.0801031419816575,0.2961024074842389,-0.018106324416332642,0.02410915455225171,fca48292f4520296f7e6b0ce6b49867fe792fc7782aca656f52c944459c64795
Kv,616,40,True,0,0.07452759974595577,0.2852132307742175,-0.017232650174425324,0.03246419066591877,1a221dac059a7df31c3746e2628e4422ddeadc26399d627399c69bb078d917a1
Kv,617,40,True,0,0.07442311191373455,0.271890191034008,-0.009875603368985075,0.022254604202078476,32e77ee6b6e2016bfc9ea253869e98dc1747dd5026584fc777d59a5aff277eb8
Kv,618,40,True,0,0.07245213889106512,0.2253980756827929,-0.008107388173387298,0.022617866641803208,76627636279e5a316c420229fbe0db750b23d676b502d1269c03b4a78394dc23
Kv,619,40,True,0,0.07126544551812644,0.30145816702862127,-0.006545346763611848,0.007074058036742881,86f0adcab5d5814f35f221e021860c6ff5df29079c011dabaa7a0d173c28c440
Kv,620,40,True,0,0.07139862934644736,0.20163336707584456,0.0012813104977649203,0.01579235659013467,a1c39130a93d3517c5d0a224698c64e5523a78fb79bee0f29b65610000a4cfa5
Kv,621,40,True,0,0.06286140085924487,0.20149462956711844,-0.015843965439025665,0.016442405166484098,ea62748e292dfde5f63d803aecc312de0ded760694dc816ee3c9313d948ac933
Kv,622,40,True,0,0.06705198317060061,0.195868339665769,-0.02300935557906225,0.013115685981637148,7c39e5a7e3713a6ad832bb9de749920dc1531529a6e23e873ca11978df748542
Kv,623,40,True,0,0.07848041862856409,0.2628628196631236,-0.013192175732654299,0.010056633857640107,6e4d2d78ae9610420c6273cedaa96e90f4d8e62501f71ce82406d09aea81a607
Kv,624,40,True,0,0.07107539781277009,0.31801345019431193,-0.018182812370209023,0.01177735067738872,5c4fc5c48b2bf342a4f3b5524cab7a492f1290620e87429976bca915b537c3b3
Kv,625,40,True,0,0.07549781506691777,0.24701280997739528,0.008226006115535256,0.010687563358214525,fe2022a045174c9624ce97636dea99fc81f28f818f9a12015e29b019f2409f16
Kv,626,40,True,0,0.07452986282091023,0.32010164450657796,-0.027109336847950027,0.0049136024741699424,48188d7ab0ab2b11a94e1e4c65de0a82bfb1dceee4dc13bf14efed37f10ceab5
Kv,627,40,True,0,0.08170074953332071,0.28774221966481917,-0.01343759503411901,0.003766457927671163,d94f82ca88516a7adcfd165e3ca054e18b7636393d92af15426a6c241d66817a
Kv,628,40,True,0,0.06843933944134961,0.288958716415636,-0.005985486854388045,0.022426675884053338,f8347913b9d3f992f2a6bb45bc2f90e4da043571f39fad0def04ba87b982b692
Kv,629,40,True,0,0.07475276472516193,0.2596082051946417,-0.016028423875176667,0.016996858363958478,f46ddf634b383634cfb2d2fbd3575f140eb0878f9b1ed2791d70c8f1d2c75ad7
Kv,630,40,True,0,0.0633337079710714,0.1875905587986363,0.005898441090693041,0.007112296188292899,042ed37fa2ec06704abbfbd14654f9a7e19727f99aabe4354eff89fb44249467
Kv,631,40,True,0,0.07832204234505007,0.3048409726212795,-0.006935362834716852,0.011509683616538813,3fd49c9cf13efcaf07ad6f05762fd8029412795ee1c7856c3c4adfd0bcdc981d
Kv,632,40,True,0,0.07333160394500998,0.3081333739116113,-0.007692757784626192,0.01294361429966251,04e7c5d2c8e9536a7180c267046cbf9d4c638f76c86b85dbb6b0ab8c8df1660a
Kv,633,40,True,0,0.08080015546236381,0.32639266701833913,-0.012714260566248692,-0.003613505321471755,552c43f052dda8bc0eaee45ff95c8566e1e2cb5102a4789ccd6cdbd7c200ac3f
Kv,634,40,True,0,0.06069693622083792,0.208174074790124,-0.007607403658741241,0.0156011658323848,61b1ea2c96dd0833cbd52807c523ba6da57ae2e4e39a67a40f6467f719697d0b
Kv,635,40,True,0,0.07240141839342393,0.23943166319852843,-0.0005756005197283809,0.00904332284156617,3b4296b9890e5d26656bc01248826361d6131e5891cc2d05fee8de8990fe2dbb
Kv,636,40,True,0,0.06458553854266014,0.23943166319852843,-0.002427177377886114,0.014473140361660808,da4c2fc289bff17013e6113f4bd5c251aac4dedce5b98e7ee22799e7b7e2e87d
Kv,637,40,True,0,0.07310718920099375,0.2096602406468807,-0.007217257271208144,0.03246419066591877,18fdeeddd300ba006c46851c3b791f9dc95115b9fe320388283cedbabab2f4bb
Kv,638,40,True,0,0.07088759162533709,0.2818796842390083,-0.006974982152546438,0.020170624942605575,830d53d7b3b24c8e1befa05b2d652427dae9b65aaead6f8df2c4508fe164bd73
Kv,639,40,True,0,0.07941474658224616,0.31648314446384734,-0.013781710230976074,0.011624398071188646,f0ca2cc1762e2be8bc4d2a2e179f0ec9d7fcf87b6c9ca9db0c29937b55ccfeae
Kv,640,40,True,0,0.07349639930995877,0.27134188289718536,-0.00226812613510341,0.009865443099890459,c033d03248a63ea695e29d6109489fdda50214a1c0fbcee533419a8ba8cdb157
Kv,641,40,True,0,0.07219962573674343,0.31648314446384734,-0.0017426476419095671,0.02452977421930147,dd61d3d13ce7a35ad3f5e3ad9745f4f97d1cbc50d01bb47d7a027fc147e4fcd4
Kv,642,40,True,0,0.07688110482986237,0.2961024074842389,0.0007470794257358193,0.011069944873714266,340b05ae20e6666f7a5ca91b8c1a998aac0f3e9ed98273467893364e9c4573dd
Kv,643,40,True,0,0.0671433927174802,0.2449952628541929,0.011967334905028437,0.012274446647538295,fef88b60f2e01373cbd1fd0ceae074644eeeb22242303b83d3abe2da79313c12
Kv,644,40,True,0,0.07552565286613845,0.2694783942968923,0.0013588947871530088,0.0316803085591445,c838fffb7770747f5a38ef17ee9a9d462f9d56b80d7220f43d079d4a46bb5a15
Kv,645,40,True,0,0.07647682150340321,0.22221122208804905,-0.006637583124135427,0.01577323751435966,fa037cffebb47913b89772daa49df950eb6154edde5a9c4be4dbbecfa70ccddf
Kv,646,40,True,0,0.06539033840014137,0.2963658309112904,-5.10366219355074e-05,0.016289452560284023,bb9e704663a43988ac828c11993b7a1cd7402126996d555a70237b0db25ef6ca
Kv,647,40,True,0,0.07317713579151079,0.3073298611389793,-0.0041977204095979825,0.011911184207813341,7a0a79e57d4ef4a03ac18dffbbb00e34e4b9aa5c02190e13dd8db2f8143300ba
Kv,648,40,True,0,0.07208788951230498,0.288958716415636,-0.012130745784747043,0.023210557990827607,12557e9810630d877b5d042b9a42c82793f23d9fa366fd7d120aa93a365401f2
Kv,649,40,True,0,0.07366204884801858,0.24808270579452218,-0.0024762600664614,0.007819701991967354,4274b74ef6a5f42f07b792761aad8a77dfd164407c239a325ac39c9938f37118
Kv,650,40,True,0,0.0710442017666639,0.3131564012396502,-0.007277594883928984,0.01428194960391116,6389ed780d2b89bd4ed3ca3c642c1bca4290d43eeafdf22e9ae3ee5a863a7c80
Kv,651,40,True,0,0.07462379948873044,0.271890191034008,-0.0226955988790567,0.018048407531582433,ba02529c3cdd00f4fa050988a5d03dd84feac7fed66630e2195114c4edecd773
Kv,652,40,True,0,0.06917020659320354,0.2838726270116313,-0.005772511886595666,0.024185630855351525,81089d7c1eac40d474b620eba6aeab0cd1ec255c53cb194883acd3616fdeebb6
Kv,653,40,True,0,0.07750861592093318,0.22728086417001078,-0.013901985731981314,0.0010515491676237332,82cb06e1c7b0dc5cb45f16e39ac564bfc966fbe0d957cd96ad2d4efd481628af
Kv,654,40,True,0,0.06834761404737388,0.28454774443258624,-0.00021731855182416382,0.023229677066602616,1e52262860c998642f300c67a4a620ee9b6efd7eb46f1045450dc549c70154a5
Kv,655,40,True,0,0.06935169572862912,0.3048600677484546,-0.0008130279030700294,0.014645212043635891,8ce3b8532d69062dffa0d259a791af9211f15b7e681ad375a099603cfb0b8598
Kv,656,40,True,0,0.07923458954059724,0.28341978007140994,-0.010437224644262555,0.014893760028710568,0515d9007b249d02a9c04c4d4f5016581dfc7c93a04a8efcc926cb40849c3e42
Kv,657,40,True,0,0.07431897340943859,0.23875563815931414,-0.009993441737753628,0.0055062938231945635,9821138ea9f7d91cba64cf8e88040fdc917aeccfcf4380ee2e59450ff1a7b9ab
Kv,658,40,True,0,0.0800099711165742,0.31225142828167596,-0.005427861058252326,0.02007502956373053,4911777303b72de2d8218fcd18d41bff76c6b2d90b0ef5f5b9bee7d7738a67b8
Kv,659,40,True,0,0.0747551765562712,0.2561297979829555,-0.0024846264661022577,0.004187077594720701,be9d9958eb5f315af64a14c3b49da192a3391194b4db4f11f3eca707ec0c8dbd
Kv,660,40,True,0,0.07262211144704618,0.26598383471044507,-0.0009508153759716365,0.009712490493690606,cf0094f03a1395f11a26331b47f8b4df5ef2f94d00e8afcef8ad235065e7c6f0
Kv,661,40,True,0,0.07485845947789768,0.26591451314211506,-0.024404179556424044,0.012427399253737925,be6616edfc729022fa100ce83c722d64eaa7156772a9a4a4155e4bd482df0e69
Kv,662,40,True,0,0.06978636130627658,0.20092073840649494,-0.01077608046794265,0.009674252342140588,5b153f38925aeef23bdea3fb6f0ed0545bdc76e179aeb63842089d1597fc9eaf
Kv,663,40,True,0,0.07537250904307088,0.3007171969389799,-0.011866207017397157,0.026307848266374667,80b05be1bfd05639037517e16e2a511d28065e7b7dcc0996ed82f6360e167a09
Kv,664,40,True,0,0.07003466823812352,0.22728086417001078,0.001326446270162096,0.0003632624397245099,ef1f2a0307c6e0e003361b373fdcd1795fb72ddf5e18b76a0fc06f2fcd4223ec
Kv,665,40,True,0,0.06772069288809712,0.2961024074842389,-0.020834775566177965,0.01716893004593356,5eb81e639704f45da931ec0d33b81020f8708d14e53efd3c76c977807f25372e
Kv,666,40,True,0,0.07688612608966786,0.25050490610899306,-0.011907433219581431,0.010878754115964395,aa4aeeb3383ed52cfdf456bbf5e64930573f447367d1d5f037ca66d3af128feb
Kv,667,40,True,0,0.06803742816564483,0.28454774443258624,-0.00616260366186161,0.00942570435706569,e989726ddbed42cd5ced1ec81639811af68e120d0b5cdf9aa000a4b138acb2d3
Kv,668,40,True,0,0.07764321636961886,0.28454774443258624,-0.015553129666362242,0.00942570435706569,578221b3a6ea7be6ad9f6df87a85833d43d9219b46d5ca5383226be49c2aff3f
Kv,669,40,True,0,0.07823090920444897,0.2621480942950633,0.00536414573601629,0.01812488383468225,9c66186c790ac29289f590c181a9ad0e1fcfb6b820c488ecddeaa0bbf91ec7c0
Kv,670,40,True,0,0.06718413082707653,0.26582931842877333,-0.015946105419859524,0.024931274810575776,f3ede0b1d28a61d6909b24650e3e5e41d0d9b6e1f7bb5204300f941fb184d813
Kv,671,40,True,0,0.06520172189692655,0.24585497956204372,0.005085455238563075,0.011089063949489053,a3f54dc1e2753708a73c7709d1b837b98d1dfad26954124f58bcc31c885d4c3a
Kv,672,40,True,0,0.08240098324073233,0.2744511884352102,-0.01545159214631453,0.010113991084964913,b5daf69fccf23045e43cb97c5d065551f9e59db3a054ba6adc183f03b4b77705
Kv,673,40,True,0,0.07778979111427856,0.271890191034008,-0.0014604388444168226,0.012542113708387759,d0c2f089fc845eaf9ebea18334ac18ca85ef7d4b9a71bcfa658e71639a0ce719
Kv,674,40,True,0,0.0735912590283524,0.254418118025699,-0.013552107181358686,0.025523966159600397,fc5035c326b5cb994f57b94b292ec4b47872979898dd113690c054b9c8725650
Kv,675,40,True,0,0.07402610716604459,0.2961024074842389,-0.01645746650478186,0.023019367233077737,3b7f00592e6f8895333c7017a698e5403f3c592deaa59f2f77ac9ff6a4245a7d
Kv,676,40,True,0,0.07320471092677014,0.271890191034008,0.013776661505455534,0.017207168197483358,aa8280a34804e3a73e0db8f86b3e12c59af2a97fd5e1a9d6092e2dc42ee328b2
Kv,677,40,True,0,0.07064286558464772,0.21238343040324084,-0.012990260631484007,0.0023898844718724943,7f0874e64e739b408b03e4c50f777473e6f8e461bf6963dd1ed58d49354b6116
Kv,678,40,True,0,0.07325217407776521,0.3206136461871349,0.0011976978595333865,0.02428122623422657,29d67d572b01ab62364f602dec85fa6671897253d598f8c9f49cbf24ad35b3a5
Kv,679,40,True,0,0.07324456373773088,0.2356590163538334,-0.01147691773907078,0.01772338324340772,2518c23ad2221764d2a832803abfa0e6b0eba5c9d8d8938653f7d45731aac707
Kv,680,40,True,0,0.06746246577308354,0.2214967410933029,0.003441828411715697,0.02372677303675197,02f3ed2e31c61c63dbddafa31e65ebb061471ff81157e6458cb1d521fb840e04
Kv,681,40,True,0,0.06696220988653387,0.20903490568793562,0.0008453017972220866,0.014128996997711307,f4eb8298da799cf33148416decfb9082a0fe3e5c2bb6856117f292a3588955d4
Kv,682,40,True,0,0.07016926013934917,0.23137180396522522,-0.004993074638158568,0.012025898662463175,d22bf00e61b3b67bf8bcd9fb0e9286ba26e0cf2ed5ffe70cbedbed73bd51f374
Kv,683,40,True,0,0.07095974941976876,0.2906286789215694,-0.01004780097732727,0.03150823687716964,e3eb39309c5b2e3efd39b25e4ea3df572c929b0fe79f8b254ca9405e6d0e8020
Kv,684,40,True,0,0.07251846443544792,0.29558751623001245,-0.003600449641958603,0.014167235149261326,6d71202c6d6f428bc2efdbc4e1df7175dbea1630ffa9ca41794e2f94a08dda26
Kv,685,40,True,0,0.07320977928769619,0.2370407016726322,-0.008207657161806381,0.017570430637207868,0cfe66fe1391255ae0f5d9575d34322ce8530ed86209c159fdaae5fc84192294
Kv,686,40,True,0,0.06593187247971014,0.23875563815931414,-0.006413374458447363,0.015582046756610013,ecb02f9f648fbf1d6fd7bb660b7bb390510992b312b3cf02873f4f13dd871a7f
Kv,687,40,True,0,0.07652055367166237,0.23943166319852843,-0.008796230551080253,0.0322347617566191,37e4bc4d702516e86aebf1b681762ce74c49685c829427a758ce66c3d1858be9
Kv,688,40,True,0,0.06725281792385732,0.23756973783448915,-0.018058581344706504,0.0077241066130923075,f1ad1ac3ddf108f13bc988a255e03ab258efb782d9a1f77812537713c159c688
Kv,689,40,True,0,0.07553861557790995,0.2963658309112904,-0.014123690913331766,0.013421591194037075,348bf82fa0c464bc651544923e7dce7b5bea33aece24d302f19eeabd4aad86eb
Kv,690,40,True,0,0.07397115477975404,0.22710212217301148,-0.009054415366230195,0.017245406349033376,3d9dcaac4a6e045f092bbc18bfe69492cb8c65126519c94a1b1ea977c1d8aa44
Kv,691,40,True,0,0.07661641325888621,0.2818796842390083,-0.02842265619087514,0.022617866641802986,516640adc5217eca301175fc66232b47c68c49d22b3c2e27e1d139609aeded1f
Kv,692,40,True,0,0.06544961409750752,0.21881472429148463,-0.002458735796648792,0.02336351059702746,2704a77b410be21b95478377c0dbd7ea352113a3fa035dbc62639e29f66a76cd
Kv,693,40,True,0,0.07282522135299999,0.2818796842390083,-0.008769690377666617,0.02374589211252698,27291605f2747d9d7aab828fa17b94baef88c14cdc0223c6648f785f3528c218
Kv,694,40,True,0,0.07143045574059143,0.2838726270116313,0.006580228151822354,0.008221202583241882,b4c88b630d2a5eb93949ecaaae8126e33bc56a97873e092e6e3e3b9c7b08557e
Kv,695,40,True,0,0.07737127107623949,0.24120082209758154,0.0014849897649724664,0.023439986900127274,5a0929371040b44ba363403511191edec381f4911837b8c219440799492f668d
Kv,696,40,True,0,0.06972549689533498,0.2677917879564315,-0.01017678705681102,0.024472416991976442,098d7d3e00b782a2b67d9f469d66768f7fe37960908c151054901c5812d7b6ac
Kv,697,40,True,0,0.07427264193200107,0.22561080938584038,-0.022913735604167318,-0.0020266220321483175,d8409a42d014694f496b44430be7300bb8158d871076368703295a6ffcb31d99
Kv,698,40,True,0,0.07705465613003219,0.31648314446384734,-0.006767735577343226,0.010515491676239663,62b4773ad0a0c1582587afe8e8267070b36c53c136feea95a1ec4ca0c5c70227
Kv,699,40,True,0,0.06772009745118882,0.199384815693705,-0.006103848578539406,0.01774250231918295,e8cd41b6fb7a68a67bf89b4f4c1a200f240694cf4345ba9ae80a2a52b28d5401
Kv,700,40,True,0,0.07282040505435072,0.22619333929977972,-0.008538140718447274,0.024434178840426424,6b1183f2a8992705d22a8489a977e0abfb4fbc10023081f4d2ed3663a6aa7457
Kv,701,40,True,0,0.07716388376435725,0.30143602487275317,-0.003928233903814471,0.019176433002306204,e73dfe099ea8ae17375f747c89f9ec038367ea475d963a865ab522e9002c2f76
Kv,702,40,True,0,0.07268194873101315,0.2674819763065101,-0.0036389877822384786,0.014779045574060512,5c5ce78985f7f91af714b0d23673b50383da9d90aebef1b6afdb7891abcb9763
Kv,703,40,True,0,0.06693166562528784,0.28454774443258624,-0.00517050851111911,0.022847295551103097,b9381a90f770e5e274f1b3024f94827c8697a0795cf1a95b9ce8022e5954b955
Kv,704,40,True,0,0.07657169357924529,0.3117401455803947,-0.015395344249283571,0.0027913850631471337,b202b89095128ebbaa72ae5f0602b72883be23b0a3c013ee8da633e9449b03e1
Kv,705,40,True,0,0.06478375429572772,0.24008190005876678,0.002868736353752732,0.017302763576358182,d5889cbe6744506f1043427b85e72c7aae98a43f42998c6cb01c4e0afa4481ca
Kv,706,40,True,0,0.07183591759256122,0.28454774443258624,0.0033410073606043866,0.013020090602762546,c54305f267c3ad3335d3b9df4f8cea9974e9f405634a3ba6132c9a176c0455d7
Kv,707,40,True,0,0.06500460996563681,0.22472035228405418,-0.004013231367492098,0.01944410006315611,337b380059640d699b2c849562d8bc16c1948ac175c4af9e40d5017c6ccadec8
Kv,708,40,True,0,0.07328084902656021,0.197016050333852,0.009766401921967427,0.008412393340991753,d2268cdb6097df1128e91ebe4695fa98714ce5bf14d66db3a50112e407565915
Kv,709,40,True,0,0.07932805145014263,0.28008563316871304,-0.007156002416018659,0.029481614845021764,92024298ef36ce508dd72f3999127014477168c301abf9950d020f36a82ae460
Kv,710,40,True,0,0.06833110688470356,0.3007252312322635,0.0003556899453267537,0.01837343181975737,0365e9567dd96a836c0252ea009b3ecb2e6c022291b694b776c1a67ab69b374e
Kv,711,40,True,0,0.0705616475721558,0.2911614726227114,-0.024419720100510967,0.009502180660165727,4f2f807cee25a5f42d0e6823c8035dda89b661437398fa6a6d30e7cf58d41fdb
Kv,712,40,True,0,0.07813904209059215,0.195868339665769,-0.005663141446614395,0.02625049103904964,3708d3e85c9b307b7dd80f86fcd6aa86b9dde2655674a055df302adc8c736a51
Kv,713,40,True,0,0.07392975801904736,0.27134188289718536,-0.008093220280493973,0.011586159919638628,b8cb9e6cdc6f53faeb966a3c8b0b0c2406af615c5a729629f307e5050d7c89e3
Kv,714,40,True,0,0.07936416426950788,0.27576340555292345,-0.014702570782602953,0.008355036113666947,9f8f16c39001696cd71870e0386bb4eff37b2b28bf02c61844ac751f9a81b476
Kv,715,40,True,0,0.07933339743303762,0.2963323380735714,-0.004976649877747263,0.03450993177384187,d65e72063097923438cc936538b470fad6b61a8101f454cef8becaae6938525d
Kv,716,40,True,0,0.06532301777160714,0.2674819763065101,-0.00045943402952541845,0.019424980987381102,f902103826149c283f8209712f91fe7624e91ad126c25b9e584504648b588c4f
Kv,717,40,True,0,0.0728905921389825,0.26598383471044507,-0.0021277558876064973,0.01714981097015833,d4b95e9fa6133feca6d74813636083bc1a13ed965c026c32321547510610f332
Kv,718,40,True,0,0.07547217610251322,0.22472035228405418,0.00022039596885470303,0.009788966796790644,75a5908b5073f181e0f6c97f3565c1997c612995a58f2cfeffc90f7cff830b9a
Kv,719,40,True,0,0.0704768244144184,0.2838726270116313,-0.0025937712412440472,0.022350199580953523,4268c2cf07f9f084dde0592730f487c27c7bb82b2e9e6d254db6b0930f352ab3
Kv,720,40,True,0,0.07917750980097549,0.26366810768240395,-0.003611874904675405,0.01269506631458761,10831a9e27daccc707fbfef9f1f2aa6b94f0b140add0c33a9fdc772c9523d9c5
Kv,721,40,True,0,0.07562865936697313,0.28774221966481917,-0.025183021118479143,0.018239598289332304,683d7892b8e3e752553c9b4ce23928b478821e4346d3977e8833e78aad302517
Kv,722,40,True,0,0.0684401442837111,0.2600477994620288,-0.00591588206920024,0.013000971526987315,3296a02544c4239433130fff487b4677723827f1008887a5f4051c78c902a2fe
Kv,723,40,True,0,0.07149567778249888,0.2635683796939857,0.01002149079118242,0.022063413444328828,56f5fdb8f01dbadc5ba9b8d9da4579424368a1170d763cfc7b823320d3eb4f28
Kv,724,40,True,0,0.0757214538041545,0.32639266701833913,-0.016128788606054822,0.036785101791064645,bd8c9e3174e4facf9b9217da7075571ad5a3779c0a6f045d3e0af466772b1058
Kv,725,40,True,0,0.06944883878485061,0.2449952628541929,-0.0031877345141437807,0.00963601419059057,c30084b2654a787003463a35a9d2eaa8ab0cd044c4574a083fcce689101c722c
Kv,726,40,True,0,0.07259296563621866,0.2600477994620288,-0.012610378690482982,0.019826481578655852,b7479b8c2cea6ac7c80b6477c2583ab6f1d4f3acf322e908780ac65e61fac1ba
Kv,727,40,True,0,0.06987640468831188,0.24049549784751773,-0.007862091227762491,0.009177156371991013,b3e127171e5386278e7c7c32da896eb7e1192708a9c855547a7a40e1cd185270
Kv,728,40,True,0,0.08191797298509514,0.2175777205312178,-0.007717200198062102,0.01695862021240846,2cd1cc7b9d0ebc50233ac3eb8fdd0e74e3db8767d2834d0cbbb991b12d213f27
Kv,729,40,True,0,0.06576303619233823,0.32696198263934123,-0.02065619961547771,0.025237180022975703,747770b0390bdb9f2d55cf38d6e03aead3b4edaca496ad49ad3ff561f0a8fe6c
Kv,730,40,True,0,0.07180181140695405,0.29558751623001245,-0.025557721492073915,0.024453297916201433,23597ff93656ba55419f14d543c24653d767209bd56314c50f506fc1fcf34b75
Kv,731,40,True,0,0.07295648696972726,0.2856239105167797,0.0025669499523877093,0.014568735740535854,7a4a09f15ca3859c34d0fb58a52d5755f2b3c041b5a2747e22caa15606d17ae1
Kv,732,40,True,0,0.07193164946049299,0.2449598808602292,-0.01880930599213171,0.005028316928819998,8f63ae5d66ea672ed336c4dc06debb8f555981461d6c454bcb579ee7286ada7d
Kv,733,40,True,0,0.0699331096812621,0.21524988253991154,0.0017487086628997783,0.02911835240529681,a528e6c613d5181c507e22b18c0461dd121ad79f2ab635472dfc1c800143f868
Kv,734,40,True,0,0.07202685070548179,0.26591451314211506,-0.000793838244574463,0.021489841171079216,b57f424cbd55903e7f13aa6c34a52f29a3f3a9a708a79aeb5621792e1e992e3c
Kv,735,40,True,0,0.07736043956069913,0.23943166319852843,-0.0006953119745585212,0.029252185935721875,b4d4a4155e60fda8dc0a3f29f335e3f280120ff4708cd89028daccdf32627565
Kv,736,40,True,0,0.07003370246108034,0.31801345019431193,-0.0066297756887034875,0.013000971526987537,fde9819b22dbd9044079dd8e95f5d2ee8845502bcc212e5898710138f32bc1b5
Kv,737,40,True,0,0.07186543385860185,0.2440979234865601,-0.013941945178798987,0.025562204311150194,1d192d039b19f563dca9b43f19c0754eec3746b00afcec68d58ed6eac909fa2d
Kv,738,40,True,0,0.07167663700193504,0.26366810768240395,-0.009901078726849644,0.030628759391520544,9d5a691da614f3392eca1a7cbb80b66cb52583c354153ace777586a049d781fe
Kv,739,40,True,0,0.07556966385081568,0.2823092481042478,-0.003766450198604998,0.014530497588985836,14cc8b86875845a5628570f2b89687573a1743751d4f78b23330eb8f644c4d46
Kv,740,40,True,0,0.06894740515843445,0.2963658309112904,-0.008512462893708106,0.022885533702652894,0d8612c7f92234c7c12ced6b52b5f5968127a02735757dec31b0d5079dda0752
Kv,741,40,True,0,0.07405392442346545,0.271890191034008,0.002628336016850419,0.005946032566018999,99076841927051aed46024f329da8cbd7b0c0ae3cf15fb52b2868c0a37d25420
Kv,742,40,True,0,0.06817613965365019,0.32639266701833913,-0.004500690304719335,0.0025428370780723464,ddad636a42b48c77ddbcdb37cdb0e1259811e2d7e19fc1b67bb2dafd4ceec92e
Kv,743,40,True,0,0.07092558630583914,0.2715173524897663,-0.005499816959047443,0.0158497138174597,f8c5fb4c5af11201b598832d006a6df961ee665ae665215a080de65224397abb
Kv,744,40,True,0,0.07440662619072189,0.29557204225541567,0.0007013582500849935,0.024395940688876405,9383afbf6c7230bbefd8664abee5c012e20449667edd1d8b5b19cf1c7f6b9479
Kv,745,40,True,0,0.07331171375589504,0.25508105203905784,-0.020147671585493576,0.014874640952935558,3d7051d5f6161c3832139063a24a6db71cfbeb441e53efcd9ecba0abcd255069
Kv,746,40,True,0,0.0773141247916677,0.20847243945059257,-0.005510736838063801,0.027703540797948123,c6d67ff336d23e7d48b690bef3962794c8a1b15232da3920b5e14b4a214dc6d5
Kv,747,40,True,0,0.06623746882424017,0.19673781312459318,-0.0022480864042544457,0.006825510051668426,a92fe167f04bf0edc728e345e865f4be1521114244a1677ee0d9a0d5de42cbd6
Kv,748,40,True,0,0.07330997143154996,0.21524988253991154,-0.021036115550800538,0.030418449557995664,17e53cf45a6c39744bc16f3d817834250b9fb17e6aecb3ac2143c152ed149741
Kv,749,40,True,0,0.0711362057097315,0.29557204225541567,-0.010499940691050647,0.010687563358214525,4466d2750012ed9ecd4b0942b3cda103e85a0a10cc76c598136f7a2744fcc535
Kv,750,40,True,0,0.07373448850298162,0.22571249670318547,-0.014380968434676511,0.010458134448914858,7c7e82b40b1af363a805eb78efc5ede1a7dcde0225b0cc1e5be74478179b7fb1
Kv,751,40,True,0,0.06487373267681715,0.2838726270116313,0.010171432943470116,0.01988383880598088,2fc5ed6e2c4ec8dd75fdcc36790d48e84787163c229069690ca4ef412966f5b1
Kv,752,40,True,0,0.07412697431495649,0.27680784272083636,0.01754865241671344,0.02487391758325097,dfde9d5011a89e47b4c4cfe8bef56c13c864ce6263e89a25c4e74dc8ff0baf49
Kv,753,40,True,0,0.07066593322246806,0.18958660849541292,-0.012209359822750177,0.01405252069461127,05f8818e7ce78ca72db3896683e03f9a4c9c512689859eff3e9a3864066f7fea
Kv,754,40,True,0,0.0686478010227241,0.2621480942950633,-0.009857652175256248,0.03303776293916816,074156c642424132955e2600e269d30a3c980976b32ea45ac2c5fdd5feb58ad3
Kv,755,40,True,0,0.07275515915890655,0.23756973783448915,-0.00014730114000727212,0.013249519512061991,61412c7f057afc3bebf54983cb45ba61eb1731b37d8074185acccc2939e8348d
Kv,756,40,True,0,0.07993407182348962,0.25508105203905784,-0.012144633859400455,0.02758882634329829,1c43a5c7987283366d2f35a41852e653a47e4ec50fa9e7644bd914859efb5539
Kv,757,40,True,0,0.07525498958770634,0.2929342527502138,-0.0008085079680657525,0.012121494041338221,50c74b8621764d20b7dc8b8ef759403fce3fd7d68fbd51d683616e8437a32719
Kv,758,40,True,0,0.07144152266465961,0.3117401455803947,-0.0023125162756261197,0.024969512962125795,97a3bbbb56e40f5d1370c4c7736f62a4bdc6d08a0013bf17d14b08ad5e2e3df6
Kv,759,40,True,0,0.07656111883992187,0.28454774443258624,-0.014465488875346821,0.019520576366256148,001aaffeffa8a664c29f74b88fe90b0163a9c71383a262e1d4bdb4ff2a2074ec
Kv,760,40,True,0,0.0697324306019391,0.32696198263934123,-0.023606482453315758,0.014530497588985836,02a70a9c7a4893f21e04885c7c7e031db66b88ed849bc3ad30d1945e8b2c9ed6
Kv,761,40,True,0,0.0651651506334113,0.32759612837737045,-0.004271413529099766,0.01076403966131434,94709d266617ad15a110153d933c619eba72c365b0060df3af9559a8222a4f83
Kv,762,40,True,0,0.07000692875744705,0.22427413221345632,-0.018091555043512564,0.017226287273258367,0003e53bf1240c67cfe705eb62ac5c5672b112579d991840cc2d10a243cf0dcc
Kv,763,40,True,0,0.07244045285786753,0.20251917285915758,-0.010779056064855519,0.015582046756609791,33938554e5e733f31ec14e078e0a452e5cdd08bf5f1141e1d09578f36fb45895
Kv,764,40,True,0,0.06774069504049204,0.1983508745373708,-0.006061609219015773,0.014243711452361363,953838e59d2659d4a3ec319a14f4346e44e0e633af3a77c64e6b24be23b56de0
Kv,765,40,True,0,0.07634803605114773,0.2929342527502138,-0.0006475643981225243,0.0020266220321477624,381b7840411d0540281821fc3c54a026511c3db5f8123adbb849019a511f3f4c
Kv,766,40,True,0,0.06979856815386916,0.3048600677484546,-0.012756157714234773,0.023019367233077737,d6228b7372ffe343a020ce272ac3b3a72cce480eedd2a5c1956a5202279d5092
Kv,767,40,True,0,0.06457282194452796,0.2911614726227114,-0.01664710885613574,0.00925363267509105,5cf1e7ac58e26e999ea9f341d81297e8bfe568de766bb390e8bce0988594c9ce
Kv,768,40,True,0,0.07268296751688427,0.21158542697222868,-0.007636751422107402,0.01894700409300676,c66ee5d1bdb12d70c4465b07775282092c8651dde07fde2d616c3681ee2b6bda
Kv,769,40,True,0,0.07341391625691193,0.2474520320884274,-0.009696845836683732,0.031240569816319952,7fc2ba4db6f0d4e9c46a0c9c8de4d6c4c45392123e054c6e40c9676b0f92d88a
Kv,770,40,True,0,0.07484310019732515,0.21649104512844186,-0.0006252932748358475,0.02336351059702746,61df3105a94f5acfdbc22a595a0bee108e84683a5b216b6f2dc4a916259118c2
Kv,771,40,True,0,0.07279149050211701,0.2963323380735714,0.002885255032273326,0.027531469115973484,03243bf09c77140ecc25d0870cc37ffce120a6fc8495200aef0115ac9aa17764
Kv,772,40,True,0,0.0717405536102614,0.2314249280557321,-0.008212749635477579,0.028869804420222356,8aecc4a75576ee89ce53589f633b99006bc457807080e9ea93f767ccd0fa135b
Kv,773,40,True,0,0.06428672733096516,0.3081333739116113,0.00503212448927437,0.010018395706090089,5c8572078f08896c75683674e93171b44c5fccff070d28f5f2283ef030895fbf
Kv,774,40,True,0,0.06719194397751029,0.2715173524897663,-0.01726130004139592,0.019042599471881583,d3d5c2d9968f6469eff4feec36e18b2d4f846743b8ccd099f59d0f1d1632b16b
Kv,775,40,True,0,0.07189514103457242,0.3048409726212795,-0.007440185531419008,0.029060995177972004,e950e84e038ddfd9779dce4c496912c4a806a5fbf77c64c6726693233c8a43db
Kv,776,40,True,0,0.07809865090845951,0.32759612837737045,-0.022094273868316305,0.030399330482220654,060e216e93408a951b18c3c234a4d3ef3e06a8acade8cb26ba4872d9ae64684e
Kv,777,40,True,0,0.06833007698482749,0.23943166319852843,-0.01064163363491999,0.03206269007464402,e7d6243adf5984a829ea99aa474376607c6a0ab74909d1a4ffd16f918f2da920
Kv,778,40,True,0,0.07985561402013014,0.2977541402079234,-0.002379173899946574,0.034452574546516845,cb630f922d459a525b7434d533c77fea6b0523ac00ba066dc68508ac15cb3c0b
Kv,779,40,True,0,0.07856349608604016,0.2677917879564315,0.0031290766524700864,0.026537277175674556,ab702de1eb96be6b0947bf6bf2fbcf3cdbcb0be7b7a83ea1061717374f533228
Kv,780,40,True,0,0.08059487805172241,0.3206136461871349,0.010194656955701875,0.02508422741677585,96da6e94c77424ec2125323cb06d72ec5051005842e096b1de64a4e36c68ab55
Kv,781,40,True,0,0.06400522102921094,0.24679554135760037,-0.0176820763087866,0.00036326243972428784,c106ffe9377e70bc1e54fc63a53f04bb93a93e42ca7a1c815d94b794f3f58212
Kv,782,40,True,0,0.078739847838918,0.2694742721418083,-0.016003130157110856,0.004187077594720812,648e1030b19450e1e45798c90118c8b9da09a7512ba78430f821bb183c768405
Kv,783,40,True,0,0.07079093259844897,0.2596082051946417,-0.00019649095832741104,0.020705959064304946,4bda0471953ec5c4d445bb29a4542d92d931d51a3e0a1d6a6c8d7111cb630d82
Kv,784,40,True,0,0.07271920705864714,0.20578918037934982,-0.016097930511488334,0.01193030328358835,17db282507939e3151e6397234026898810d07216233f4aa8b4caa30aec26da5
Kv,785,40,True,0,0.07782937771756782,0.2929342527502138,0.008186022928127867,0.029825758208971043,07458863fa48472db9f66f7a501d23cd40df59f17d59e95deab7704ab1bc5d32
Kv,786,40,True,0,0.06694876652388675,0.21524988253991154,-0.006040315210557923,0.014759926498285725,b4e00ce6ce2d5a9ce8459d0a670c4db8174df7adadf3804bf4f832c97f49e1ac
Kv,787,40,True,0,0.07445513375592212,0.22759836450074306,-0.020906479621145335,0.005659246429394416,897e0b4cf577d7371adf2fa9f4eb1b2d3fc4efc2a065268ef03d37013b626b93
Kv,788,40,True,0,0.06947679250871894,0.28457814244485957,-0.021376449611220538,0.01657623869690894,e1d8a057a26cf1ce912ce362cb0e0a48cd133708ac3a06b3ce78bf7f8fd89bd2
Kv,789,40,True,0,0.06409396992610558,0.23756973783448915,-0.019238194633053318,0.014606973892085873,81bcd22b874a20a134f19e49682ff894e44c88aba13b3b2cae992a8e6c321d11
Kv,790,40,True,0,0.07399415544402525,0.23875563815931414,0.01705373385629283,0.02083979259473001,c1d9d0ca660318a74a6cff9303288bf31a5783139d8f085ce33addc400fca22e
Kv,791,40,True,0,0.06798849189135159,0.2700403481124887,-0.011058213790593907,0.021508960246854225,39681b8403d4ca388bb3a19f8ff1c272d9726576fc1f374249992f19f2fb9a79
Kv,792,40,True,0,0.06446466861699349,0.27878514561323114,-0.01153020070083377,0.00999927663031508,9a3805c5c4d8b4d9f6316d3785a6231ddfcd3b57bd7a369d9cc42cc5c17a77a1
Kv,793,40,True,0,0.07256509903750595,0.2096445025978102,-0.01628149069368945,0.02114569780712927,d2ed2ff0689c3e6af446d1f4b8df45b5da9967a73f61aef92f0f6da467af21b6
Kv,794,40,True,0,0.06319471434439859,0.23733108481918624,-0.0034744175394925136,0.010305181842715005,413bc9fe64f26d9c55009002f64430ca9bb9fa1f23f03b0e6f346d4d61038eed
Kv,795,40,True,0,0.0711568145864728,0.23733108481918624,-0.028750918417528526,0.01908083762343138,03c9d2e258d43b94735809f9329d704e82b308bcd243b2e4f2453d30f7557c8a
Kv,796,40,True,0,0.07229961154134389,0.23659133235230603,-0.008628035731598871,0.006863748203218223,eae74acc1da8e35d95165198c52dc31044f694f20da92dd433c2a840088fdba4
Kv,797,40,True,0,0.06627190745384808,0.2096445025978102,-0.010194278258816691,9.559537887471325e-05,a40777a3f57a53a619d17fddb33b2464bbcad41c1945d218354729f50638f6b1
Kv,798,40,True,0,0.06590814888844738,0.21524988253991154,-0.013609888778169044,0.01428194960391116,44ecb05d4c0c8544c931ab63d7703334fcddf85e9c8fec3d6dfaa356b990c94b
Kv,799,40,True,0,0.06824485428839747,0.20757693258468693,-0.0013673361407215978,0.008928608386916337,9736dd8bed0afd4f950c2ffc7f1b4a8b233a991cece09e2ff124b321b6e415cc
Kv,800,40,True,0,0.07564829202095888,0.27134188289718536,-0.005239615350332016,0.0060225088691190365,ed4cab215144dff4eaa75dc6fc6caa44e4b73882c4134b304841a76797bba659
Kv,801,40,True,0,0.07022740615376452,0.2694783942968923,-0.0007332890069724485,0.030590521239970525,b8a294513b28b5f94d873fe9162ea6d3af9ba8c4127dad4b86b8586bf292f8ec
Kv,802,40,True,0,0.06463990953767625,0.26366810768240395,-0.01125046971573651,0.01837343181975737,234e4c03e46f4a3f4e0472b1f2096f79046e7a07c79503f276252a554f89acb0
Kv,803,40,True,0,0.08001114421176972,0.3005517315911548,-0.015507788979514991,0.0173410017279082,40b4402cce235f5ccd79ccf3710473a022bfc610cc309492cbc12fb7de8f1ede
Kv,804,40,True,0,0.07331461951194937,0.2628628196631236,-0.020868050377770953,0.001778074047073086,297c70909eef36abef3ed4ea91192497d27677656d022b99a9cd2473f54da383
Kv,805,40,True,0,0.0753100152047365,0.2715173524897663,-0.004601977782221489,0.013976044391511455,6c07e06900a4e35d2cca25d128a9b2525361f17adb0177e58aaa70bf46a835ea
Kv,806,40,True,0,0.07108980489521313,0.3007252312322635,-0.013550847264988786,0.013651020103336742,2ff3c99b0db398f4a18cbda94527403677d5d23f2f53f071a377a9d98e9a41e2
Kv,807,40,True,0,0.06720556436811945,0.2440979234865601,-0.005377133361395892,-0.013230400436287537,478752a54bab4fa883797fbef6a96a5fb01f718b6d209f60f2d5447b20ddff9c
Kv,808,40,True,0,0.06280306002871887,0.2621480942950633,0.012390817154661393,0.008182964431691864,da1c81d85eb48ba8ffba65bea91809e05d39b0df16b8973258b07962eddabde4
Kv,809,40,True,0,0.07148109574450882,0.2694742721418083,-0.027614846136398974,0.022331080505178513,284f8d930f4cbe101937bbafa16e314e362cdfb3b3a5467960e4794b799a69f4
Kv,810,40,True,0,0.07286536230793239,0.2744511884352102,-0.021998085045915383,-0.0014912879104487242,bfce618b194a3348a000ecca1492195a86e30ce6743dcafe3e3f7233cf73c615
Kv,811,40,True,0,0.06884045599836955,0.22980587235098368,-0.014419800157965623,0.013249519512062213,3db008b35a5cba1ea790bd3689c7f574617d2d74d01630d7e964dc12776e07f0
Kv,812,40,True,0,0.07490000489774104,0.22710212217301148,-0.00362875478721314,0.011069944873714266,21f759ec1a0529cc428f9b2c212bc6e6d88b20644afa30f21196a6e5fca51c74
Kv,813,40,True,0,0.07037287600601805,0.23224547494096198,-0.009903264092886443,0.01426283052813615,6994bccc0ab10685ae1f629d725b55fe661e6c46cf2f7865a39aeef70e704183
Kv,814,40,True,0,0.07225501899159176,0.20847243945059257,-0.013872348855768157,0.027110849448923946,bb49bd9aad6250095e862c3c4e035e70aa7b75fa9b653f3dd6d3780e56b98eb8
Kv,815,40,True,0,0.07001298169005231,0.23943166319852843,0.014117240365442374,0.019233790229631453,da3404ab09c5fdbb9b280ad27c2ffccdaa3f77b87368addba0a3ed33cb91e071
Kv,816,40,True,0,0.07441430678150429,0.32759612837737045,0.0002481543296868338,0.029405138541921727,14af1f7be9ea1fd9f2f124a02d91ae0ed20fddbc6177705e54bc4e0c789e12ec
Kv,817,40,True,0,0.06691649805876172,0.3081333739116113,-0.007976938811799394,0.013536305648686908,dfa1fe294f42b39b3fda22894e4ff740c27b2ec6c791032d3ce158654d9bea7b
Kv,818,40,True,0,0.06252026041533548,0.2961024074842389,0.02060842668793339,0.02292377185420269,427ccd15bc71d17a57d9b8b905b937040ff952fc1b970e26e49822291a28912f
Kv,819,40,True,0,0.07593856059048232,0.29313729720306064,0.004952502636294653,0.02472096497705112,d52eeb6b88c56abffb504dcea15c88cd917260f7d066e1c3b5698a718e695bed
Kv,820,40,True,0,0.06988316442771755,0.31648314446384734,-0.0018279821864288781,0.017092453742833524,1f3dbe49c15e00512dbf963c4529fe2711705cf214267a9fca535016ef9f9463
Kv,821,40,True,0,0.08147872681578958,0.2561297979829555,-0.0048104956036088,0.015754118438584652,fdfe97c17af302cfdcdff350d380d97d2d9288cfbb9234ad4663e3e3f0b77216
Kv,822,40,True,0,0.07671223744607505,0.32010164450657796,-0.017137854620185244,0.024931274810576,9166d1dc561cec744d87cc0b1ec7500e6b60b5f95f626977c3f40d888ef5efc4
Kv,823,40,True,0,0.07208800440731951,0.29313729720306064,0.008093700684759453,0.011968541435138369,f3e7e127cc685fc44d948f7943cc3831c6f910332f46091d6ff59759643ecb28
Kv,824,40,True,0,0.07614682165659552,0.2963658309112904,0.002644962729805078,0.010916992267514414,3b521cc31a9b8e950d7a48518b4a6cc5675de9c63b4665355dc2268568232a5d
Kv,825,40,True,0,0.0697796973333594,0.2474520320884274,0.019482883411077623,0.004818007095295229,3db53b5d7d0981f22b41d28167e7bf7ee57fb12a6d4f3b81292be112d7b50b07
Kv,826,40,True,0,0.07497301507469996,0.23191264836779926,-0.008585181252575458,0.03569531447189067,1019af91018a3695d207011f7b7c76dbb00d847547c2edf2916d4329de18b066
Kv,827,40,True,0,0.07607427498525585,0.27947617878519715,0.011032139915378547,0.011872946056263323,8791f7bfafe6488bde53d1bcdc56547b1822d28794e2570680cae1e07d816e80
Kv,828,40,True,0,0.061762293395109004,0.2356590163538334,0.003917907315559743,0.01692038206085844,f7a9bb7689ed9f499236e0145944736148d497b0bc2ab0bc70dbd4308481918b
Kv,829,40,True,0,0.07716511306946464,0.2486322520511887,-0.012889468308632246,0.016461524242259107,a60b02dab3aa4d85ef7080640ef22ef0965e4867936665dc1130a0179667f3b4
Kv,830,40,True,0,0.07163928932106825,0.2974859775626043,-0.01318916563432837,0.03475847975891633,c3664ff803279566e1c751e6c70b6c5ca8da93bbf406ecf469b0a11468bbbc9a
Kv,831,40,True,0,0.07281293138251226,0.2974859775626043,-0.019237357373314445,0.019750005275555815,692c3c940b69d330317f6a3a8747dda5223f8e92bc22a3266bc63f3a2a91cc85
Kv,832,40,True,0,0.08088009494122886,0.23073073731837213,-0.01616171747977746,0.022292842353628273,dcfab5719bc3f603e638ddc0020573b1b7d123b14c1631bf59f508af96d276f0
Kv,833,40,True,0,0.06731948132445927,0.22528719772759728,-0.002978468305496307,0.007934416446617187,9733e6ca401c63f7b26a9f342209c3f69646689418428a0c80f61d92f3617d5c
Kv,834,40,True,0,0.07456056248791595,0.2596082051946417,-0.014201472433310824,0.02147072209530443,75d51d19e246cbb6a48947130f6344e8dca1865e03cda0c86c64524c666e656c
Kv,835,40,True,0,0.072136318078146,0.288958716415636,0.013510883050108724,0.010286062766939996,510e5c4cfceabfe1f8e68ea29aa5288dcd1e9c40dd34441a59523ba931ffe879
Kv,836,40,True,0,0.06697211175669289,0.2474520320884274,-0.010445232317815023,0.021929579913903763,a567da069345cf14736a3c757a7887fc1ee1e360ea75af5838bd99abfb9bfd4c
Kv,837,40,True,0,0.06605412547232625,0.2474520320884274,0.005345304290446329,0.015084950786460216,03fc4b22486d83344186ce1720bc6641dde8ba17213cf134069b2e75ff46bf48
Kv,838,40,True,0,0.0679760843115817,0.2635683796939857,-0.018746332376488706,0.025179822795650675,43ba098a053542b59c75ef4e369a913ee26740cd328fe0c34ab7ea435c0b0e6f
Kv,839,40,True,0,0.06701657526820153,0.24808270579452218,0.0033123129827972164,0.032120047301969046,40ef4f23740d8bc241104cb45a9ff47d5302d155a9464fcc3cee0c61a87fa764
Kv,840,40,True,0,0.0725017761909508,0.2779555889312816,-0.012049196030439857,0.013593662876011714,3c15f82f9a063fb003878f1ad4ee34314a6e9c6c7c703269874df51ca14db08d
Kv,841,40,True,0,0.07459839946545403,0.23943166319852843,-0.013696295260389846,0.026900539615399066,5a39163396eff9d1d8ad4c0b9a785eab729ec5507a791d8e911e2b9c3c3b9ab2
Kv,842,40,True,0,0.06772216721647425,0.2101242284215922,-0.010975231948248121,0.006500485763493602,6fc320b8c7f8fce6fb669f8e879ccf2c7b400af941f13bb84e51409b3934f838
Kv,843,40,True,0,0.07739830870812561,0.30145816702862127,0.014970236952167149,0.014549616664760845,a48e00ea7713b5f5d39bc78adfe2be0f051095a8d48ced2b3a901b3175dee775
Kv,844,40,True,0,0.07001795536668581,0.27878514561323114,-0.01443158884468021,0.014243711452361363,602d055e727bf532594c723bb0058dff19de7dc8f90acfe8c1a4f98d45dcfab4
Kv,845,40,True,0,0.07515414524955293,0.24585497956204372,0.00023907940717249332,0.020744197215854965,a419be16e37d8ca9e84d88a1ca24b28fb3145c1976bbf3c07a03011b5269418a
Kv,846,40,True,0,0.0726861807070145,0.23875563815931414,0.0004394019550995054,0.01269506631458761,9ce1cb22ebeebdbf5ec0dd7c66b6369c51c093a3043438ded8eb5c555bca9a1f
Kv,847,40,True,0,0.07886477572190097,0.3131564012396502,-0.009361166372034102,0.009597776039040551,8e4a2fa53a7968d626bd3390d7e14f02e401dc6a55c1f8c330a7df5d8e6d7325
Kv,848,40,True,0,0.07602692962773946,0.24585497956204372,0.004280766717460693,0.00751379677956765,72afdbc0dd37321eada793314c62de8b8f857a6bc150e55da0945028e21c57cc
Kv,849,40,True,0,0.07112325090531908,0.2621480942950633,0.0014957620502571434,0.022331080505178513,393e595ad6656352ab2ccb9de5db6a4aa51404fe22491e38e6b04489a69f3808
Kv,850,40,True,0,0.07001400413615314,0.2715173524897663,-0.014299315133676771,0.02007502956373053,bb3a8978340fba263af26ebf49ba013a89b0d41e06ced036c227e21931ff6a69
Kv,851,40,True,0,0.06829513576756915,0.2628628196631236,-0.013164641009186573,0.021241293186004317,32c54b944c970291d08dd62c2fe2dfebb91ab7709329faffecde12de62b8ebb2
Kv,852,40,True,0,0.07258778458359483,0.1981022249128616,-0.0006977404290817724,0.017723383243407942,6c1c5639896fc2fb0e882a5c3e740cd57f3165b27107f534046b92846e09aac5
Kv,853,40,True,0,0.07347846340604462,0.31648314446384734,-0.021815263421560482,0.01739835895523323,219eeadee6b02bd9a5920fd0e9a222c13a5c731e613c9bddfc4293057f0821b4
Kv,854,40,True,0,0.08042395542892773,0.24585497956204372,-0.00520318914543183,0.01944410006315611,f8439b77ca8209ca1d04245a6f519d2f6d38483336eff576e0b0b403dfcdbbe5
Kv,855,40,True,0,0.06359806587585944,0.22710212217301148,-0.014157327296303812,0.01810576475890746,95b9922a7b7995677c8e8bfce80bf37b5bc078ccbaa6cdc973f4e93d44cb6a73
Kv,856,40,True,0,0.0755292282709401,0.3186220420237518,0.002870977253346396,0.01114642117681408,e9a2b5ea09b0aecebfd11e76fdcacc15e8473010613ec6f23536fa6029f09e8f
Kv,857,40,True,0,0.07160533437165119,0.22710212217301148,-0.0005860823047827424,0.026957896842724094,a410e03e500188134ebc1acd7198a85c9e3818997c78418094f10c0e02739469
Kv,858,40,True,0,0.07463788557186835,0.2715173524897663,-0.024797503152801603,0.022904652778428125,189d60007ef4f559e5c88434abe6c991a417e39cad857fd07eb194d7d342af0c
Kv,859,40,True,0,0.06404829700222155,0.29191205491835676,-0.0018280438281772504,0.017073334667058515,b63c27b350e3dc1321cd98ee46b7fd26ba980d38aa7c5e43cff6f51a9068a569
Kv,860,40,True,0,0.07302453920424783,0.27878514561323114,-0.008472409439617357,0.01873669425948188,1cba729632759a3b0c72a82ade3779f37ac86effd170d201945f8a691e8d9b6c
Kv,861,40,True,0,0.07188839886565475,0.23943166319852843,-0.004184826543887965,0.011911184207813341,7c5569bb750908c589f8f676487af5d19dadc08396d03f3155c6e891bd4118a9
Kv,862,40,True,0,0.07614306234722587,0.3194416536969545,-0.020749072737255903,0.008240321659016892,34239e82c319ae12114a309e0e922a3cb7aabc3f33db0f152ef2364e0498bf8e
Kv,863,40,True,0,0.07602163370112039,0.28457814244485957,-0.023124984653616565,0.005525412898969573,f055648a6cd44f85472f2599d9bc8e79f28f7f943ee22144c3eeed048136cfbc
Kv,864,40,True,0,0.06767100966043216,0.25050490610899306,-0.013972054778789378,0.015467332301959957,e57280f682ebc378a1ec5a3d13dced71387942a129f45224ec505fdb2394cc20
Kv,865,40,True,0,0.07481220404294611,0.22561080938584038,-0.017131961653359395,0.010955230419064432,d9fe51975d53d5b9194d5581212545a8c15e36de839e72630225c062a49c0c7f
Kv,866,40,True,0,0.07220133832160533,0.20599506138540385,2.4414238345649153e-05,0.010744920585539552,a8e471afb4e665bd6b6332abf9a4ae45b42594a39928e4c9dbb2aecc959cc5bf
Kv,867,40,True,0,0.06870608173494791,0.20990473925318773,-0.00010609693681695731,0.007877059219292382,c548a95414af7cbf8675a89e26ff2849057763d1b5553e632d152099967741b1
Kv,868,40,True,0,0.07468816496986955,0.2486322520511887,-0.015788364519974563,0.014454021285885799,e609aa675b7b67bdaac2092fd4a42496e8480621dd70a2da30414997f54bd3c0
Kv,869,40,True,0,0.06803695962673764,0.30308342640307767,-0.006147749220700494,0.027474111888648456,0a0ec8aaca7f46166f36b746add8cd07b16c3130255fc648349cc36e52ac350a
Kv,870,40,True,0,0.07092219770123835,0.254418118025699,-0.013632925623879855,0.012561232784162768,152f43f9a5af32b45fd875e1d9456f09464cfdb5fcabd2768fec3e8928723c7e
Kv,871,40,True,0,0.07105518129759666,0.21999432966776614,-0.013354678278628462,0.008909489311141106,37843aaffab0159cf6df5fa1624e4820d2e3ba428b47cadad0a028e265beb10e
Kv,872,40,True,0,0.06801923022539968,0.19973479816653,-0.0032461389791456075,0.01368925825488676,fa35413cf622faa2f2977b8d0996f565b2802c5c33771066ea7b766031d46032
Kv,873,40,True,0,0.07542427293293737,0.28674461205574153,-0.005275914232602652,0.02219724697475345,ae2760fb3ae71e3c3764de68c7b32bc758c19eabb36bd2aedb776172a1a42787
Kv,874,40,True,0,0.06521160457113494,0.32759612837737045,-0.023885095492674813,-0.0027722659873724576,91e6efc1dd0bbaf3f9ec3d17432b7349dd8bfae0593e62c18b21c5f404dd454f
Kv,875,40,True,0,0.07428498746379804,0.31801345019431193,-0.01662252499907968,-0.0005544531974747136,4c89361e851a520bcd85a01d8ba6bc2b09e4f4b874d5f02ae109722fd9e93048
Kv,876,40,True,0,0.06658148672479244,0.23102237420303545,-0.011312858407409143,0.021183935958679512,41a0fd9c0ebba5dcb6d50b95489bacacaf54ac39851e7a5848feed322089d13a
Kv,877,40,True,0,0.07112806072549939,0.24049549784751773,0.010979860280965204,0.014473140361660808,b3c5bdacc3c35340e72e997843682872e862686dc822c08fe0e6abafbb699457
Kv,878,40,True,0,0.08082942490588643,0.27947617878519715,-0.015285833029311302,0.025829871372000324,8ec7950b59fc367a2ee9545b23354ae30b03aabdeafd332b65b9475f22e3dbd0
Kv,879,40,True,0,0.075001856744641,0.3007171969389799,-0.006406039426344767,-0.0055062938231947856,78f006cf19a8d23d66c5ce497d26903eb5451cff24039baafc0b152ea82a887b
Kv,880,40,True,0,0.06396028053641198,0.22156584111544875,-0.01244003074039668,0.01562028490815981,dee9f98bb694f157d5c85a5f2fc3699f0d7b662997601e5529e3505cb92976e9
Kv,881,40,True,0,0.07112953807721203,0.29557204225541567,-0.006985110765163283,0.0013574543800235483,c0bc268e34b1d859e72a257a4b83ff13152fcdf8d1221aa0c22530ba04beacf8
Kv,882,40,True,0,0.06580530199338017,0.25050490610899306,-0.0007530020251900194,0.002504598926522328,81a7c238236c641b1504136f1204933dfdfaa83d5e9668ccca0a362e09253904
Kv,883,40,True,0,0.0683551479047452,0.28674461205574153,-0.005281448830884328,0.006672557445468574,4a03f03b776d8c6f446bc9db092244f854ed3de2125f5620f72eeffb0cf8656d
Kv,884,40,True,0,0.06895469941564268,0.2096445025978102,-0.01812776357573931,0.01755131156143286,ad61784dfe8be2186ea9d7b5614f5acd15b53af9f86bd9a0255476a82458ae1a
Kv,885,40,True,0,0.0733844909475181,0.2226015776618408,-0.010349268354160612,0.00906244191734118,a18bb19076a6d1a055f431fe366624cb3aae741aeab0c3d6309688259c764e4d
Kv,886,40,True,0,0.06768635686126077,0.25125229648365227,-0.01490878768359205,0.02254139033870317,b4dda6d8d059affd20337eb319980eaa46da4094071cc9ed5edc3ef8e9dc7535
Kv,887,40,True,0,0.07386165806498306,0.24049549784751773,-0.010496919209978195,0.02212077067165341,2d45f05d0c722d5427c020392ab64b4395ee014f0ece53891f77a2583d6c49e6
Kv,888,40,True,0,0.06877352999256507,0.18636566741868502,-0.004191984842353946,0.004206196670495821,c7abc727f69b7d2f110f50ad2de4304f17ea587b3f6de110c4d239be766fbb73
Kv,889,40,True,0,0.07282390260362279,0.2474520320884274,-0.0049669268838112846,0.004378268352470793,286d25894a80fadedaddf919e36f71514ff7b3d514339e33fc19d3eabb89580f
Kv,890,40,True,0,0.07016695421149194,0.29557204225541567,-0.02083627798842036,0.01563940398393482,590e5c80bc4aa743b1a674d47f09d849f04902ac939862576adcba4d03942084
Kv,891,40,True,0,0.07433471231309201,0.24120082209758154,-0.015195805187022016,0.015084950786460438,dc71c157feab884f2ea2a479b87b44a24b6aa16a40b165463840fd6d7f8b0be4
Kv,892,40,True,0,0.07170111424447237,0.27576340555292345,-0.0028189271989242926,0.010955230419064432,98235449da7b04734675ff04012b92df39928dbb11db958654dcbe1d6a2d3349
Kv,893,40,True,0,0.0726056315383822,0.22759836450074306,-0.00983338119158006,0.007399082324918038,68fc477bb342be6975feab59b20cd57a67e23095d38607e1e1657c824cc293c4
Kv,894,40,True,0,0.06708791553258539,0.2214967410933029,-0.014711916994113006,0.005525412898969573,3fdc08370917e534528505194f5bdfc92e7fcfdbe5e5ec7a49ba7f5a455d49a2
Kv,895,40,True,0,0.06871321250743263,0.20952495464756724,-0.004748172155714991,0.018182241062007498,aa3af663b2a3bcad7fbfa6d6114ea789e9eb22bf9725fa4810b2309723ce2dfd
Kv,896,40,True,0,0.07316574165306285,0.208174074790124,-0.015775829126678076,0.013421591194037075,bc939236ac8f3277c6e84562d1e7d0a282be2338dbc0f8040da2a0375cb2c25f
Kv,897,40,True,0,0.06851045733457176,0.26582931842877333,-0.002676271040249256,0.022656104793353227,44b63786e1f45a3cc28b05daf3189af1519330daaec5feac4d0a5938470d65d6
Kv,898,40,True,0,0.07156661509231102,0.2677917879564315,0.0023448388667794973,0.0032311238059715697,e0d0d4aefda1459baf3fc6a505bcf5d5ec2f317ae5995f965373709ce239a3c2
Kv,899,40,True,0,0.07554000915879477,0.2906286789215694,-0.009000280484488643,0.024453297916201433,26ad40b023d2fdcbaabb8a266d8bf02a61d9e2bc18ea7395f5ed801f9e00af1f
Kv,900,40,True,0,0.07140816885284632,0.2440979234865601,-0.014618136597617237,0.0022751700172225497,5faa7ea5850b9ca70d846fd51bc6cf31f84daf7bae90b618ef0ac87e5f6e19d2
Kv,901,40,True,0,0.07784149888806036,0.31801345019431193,-0.028100917640152323,0.021164816882904502,fda856f0eef7ebd47186676252df902d55b2546d0ada2a712c262ac0fa7dc982
Kv,902,40,True,0,0.07363391079129467,0.2818796842390083,-0.007517676860810951,0.006347533157293639,2510a6bd913b9c27bbca71749b1e359bb101ee1d5d8e17774427b047a36ce6c3
Kv,903,40,True,0,0.07136930422168021,0.21524988253991154,-0.017649518013431287,0.018583741653282027,feb08df5a92414ed36e2310133700b401b566157965cea3bde8628ddac5b18d2
Kv,904,40,True,0,0.07795977294010653,0.2779555889312816,-0.009175330155373196,0.011758231601613711,ff7e7601092d99b5217dc3fa22f671eeb6fa9f66f56d18ee6ab26e249b6fec77
Kv,905,40,True,0,0.06979468792392693,0.2929342527502138,-0.009784113331699595,0.011108183025264062,b5512efd0b7d3563bd2f24a91cdbbb5aba4c1ec7e48204f60b4a2bfb4ec5869f
Kv,906,40,True,0,0.07542645492743374,0.2961024074842389,-0.0004911213396801006,0.02087803074628003,bc9db733901d37e31000a2cc2ecac916c4762bdcaf01c0cab61d7dbf04406c4c
Kv,907,40,True,0,0.07296231920161321,0.2974859775626043,-0.0231011954881033,0.02101186427670465,cdbf027e60853caedafb8328b7dba907e8352a68aab8c88b213b0426cc05f5df
Kv,908,40,True,0,0.06620930079703786,0.2042608698218079,-0.004916978496258828,0.015142308013785244,faeadb83d1a0b6852a257042342408de5041c4459935e6f03e4c98d0b637da5f
Kv,909,40,True,0,0.07225396253111299,0.2628628196631236,-0.003934308099592609,0.023057605384627533,f65da6b1a76eb07d4831f2ad397a8a8d84c51e54efeadb72dc65833d73da9778
Kv,910,40,True,0,0.07232730291320894,0.2977541402079234,-0.002156670679706929,0.014970236331810605,8e1ed573a922cbe638fc8470f8c1ae2defc5a9db6bfa233752fbb2dbc38c1e2b
Kv,911,40,True,0,0.0711329084071851,0.31801345019431193,0.0026927565963221767,0.005907794414469203,35028de6bfaefbbd4bb59b3f8b72e4f0c6adfc264494e20e4f2fc8fda4da2224
Kv,912,40,True,0,0.07278011256507326,0.2096445025978102,0.0071857589059913796,0.016805667606208607,7faf181a06de90b3dce16da82b7a1aabe0053c3ac2cd7f196b7d03cbcfb702b0
Kv,913,40,True,0,0.07466943779914618,0.20847243945059257,-0.011240855952529216,0.013268638587837223,71afd777e9e9e032455277bdc394cac0f35155dc54bed90cd11f116efc4c16d7
Kv,914,40,True,0,0.08050776841578262,0.272294670255898,-0.012624278231657016,0.02739763558554842,bf5125b4e92c9739753c79fe6f3056bf35d3da74c47f840c3b3b155b86cc9dec
Kv,915,40,True,0,0.07077967295313312,0.29191205491835676,-0.010484438875653534,0.02160455562572927,e7595f726f54784b60991dbb5739a56c64fd5c3df97f59a2c52fe824273f5cfc
Kv,916,40,True,0,0.06045563625571247,0.27947617878519715,-0.005612309276570748,0.01988383880598088,c7e05dad0fb57074e45b13f17eed30be526fd0657a19c48c72552909cad56f44
Kv,917,40,True,0,0.07164165685206043,0.2963658309112904,-0.0038999462540245666,0.024338583461551377,a9f73f2e65c136d2290fcacce5d3d95c2bfb8a3dabef1fefc8e29502fdd9f5f2
Kv,918,40,True,0,0.07060344973707522,0.2929342527502138,-0.008308130935143376,0.033706930591292594,c7ed175883517de84f968dc3ad77958ede7be25c5355987579a9e299813403da
Kv,919,40,True,0,0.07452105684504876,0.24585497956204372,-0.002257264859319319,0.025715156917350268,a01085bbe7626f109f74f9548fd147f10a63561168c18554bc3a6ae10f49eb16
Kv,920,40,True,0,0.07495218310552301,0.28457814244485957,-0.008521981941266299,0.027913850631473003,643b6fe97263ccd26043a9219ef53b86bffd0f0c7274a9f45eec8a664e9a667c
Kv,921,40,True,0,0.07307960058283605,0.271890191034008,0.0036802132501509988,0.004665054489095155,df2646e898f0f7f4f3e381edee79211d7c27a6188c38c63da2242c93a87beb21
Kv,922,40,True,0,0.07221392328938947,0.2345882112886334,-0.00877155275613406,0.0146643311194109,61190bc5bc1c2d731b97eb6cfc83f8acb85071d0fc946fc41a449a83347ade4d
Kv,923,40,True,0,0.07546221749954243,0.2680425435002875,-0.019106324092456717,0.014415783134336002,7e5beb98dc69dca0b17fe192a902ed26d18ed43d4d87ad495bc0f75581ec491e
Kv,924,40,True,0,0.06652091362297602,0.21524988253991154,-0.018616008080409863,0.0037473388518961537,084433f0954f4ea4dd730dc2c182a2fa01c04f93b65fe2d108216409fd39f9c5
Kv,925,40,True,0,0.07157386296230325,0.21796434764751957,0.00498993546369908,0.01173911252583848,d8d982593bcc8c9834c949937761da37320796ad0cd0065d882b967a5670659d
Kv,926,40,True,0,0.07209774672215272,0.29191205491835676,-0.010770434132918671,0.021126578731354484,577e7287385dc04908c9f418ad6d4b72ac934b6289b07e001fdd52357c7c7cf4
Kv,927,40,True,0,0.06868785343126203,0.24585497956204372,0.007263823149704862,0.005028316928819998,d0e0a25f24ec415088c36834787bcfa9464e77e5140bddd541b007f8146d0c8c
Kv,928,40,True,0,0.06867153609103512,0.24049549784751773,-0.002523482285347267,0.0007647630309991493,c6f6db526cd9068fd03d9d6e737b21bff38afa79611879808a5a8bfbca877758
Kv,929,40,True,0,0.06773654891713102,0.28774221966481917,-0.020369830220806406,0.006500485763493602,8d9a5b48dfa8866e2810b333b9cffe97035f4a6ee7c0631faecdc3f0140f9f5a
Kv,930,40,True,0,0.0662373389244884,0.20578918037934982,0.003095289219192665,0.008030011825492234,dbe74cb5a5704d559ee30b80cc1f28432633cdcc047b4876a31f34b20e1d4a9d
Kv,931,40,True,0,0.07157560154431446,0.23875563815931414,-0.018173471310655165,0.019826481578655852,cb7dbc86febd1f7dac510127c2057917ceba97991d5117bcba275c7a17743e55
Kv,932,40,True,0,0.07080926291051012,0.2286447123829227,-0.007970986914382472,0.0027531469115971152,98a7a01ecf16925a0bb4015fe907556f03a3a2034988331a9a52830952f078cb
Kv,933,40,True,0,0.07393566235414668,0.2345882112886334,-0.01438965692571137,0.02644168179679951,7cda5813c7dcc1d4bd59680d7f34bd257c8440fb20f5afdebfbea662390df9c6
Kv,934,40,True,0,0.07776662636395522,0.2440979234865601,0.003921319834290005,0.012599470935712787,98b8f814d4120bf3bed383911718a025c5bc1791b22860a7e75efee42a23f6ec
Kv,935,40,True,0,0.07120185932311543,0.2680425435002875,-0.011946886836728066,0.012637709087262583,306486c665f2e65ab58c397f66922c52367d6ac1933a299a0468e0c29a3bbd7c
Kv,936,40,True,0,0.07482164508411467,0.2818796842390083,-0.012391444116815586,-0.0005735722732495008,12723f1901f17d5cf070a52f19d75e6fb8ac8eb3e8879885408804b204fe8c2c
Kv,937,40,True,0,0.06935073537011556,0.2561297979829555,-0.01232865605605138,0.004607697261770349,c2bcefb8fbbc29e1cd726e10d373105ad986032a8a1b487c044938fca0b7c001
Kv,938,40,True,0,0.07396872179555711,0.24120082209758154,-0.010944886078337213,0.02820063676809792,5cd78530faf46554aea2130f01ee156e57493f68d54475c8ff6be8954b99fd3c
Kv,939,40,True,0,0.07879558651989926,0.28454774443258624,-0.0069026678196273394,0.03626888674514006,6c76dad195d6716eb9088d3de4212c8b52f1a4783a73b65c33748f3ad2a02a1d
Kv,940,40,True,0,0.07709300876865491,0.28341978007140994,0.013026618475392882,0.02605930028129977,85884beb19275363427766beda4a2362e3d67bd7249226e724f1513208c16407
Kv,941,40,True,0,0.06288698075746822,0.26598383471044507,-0.010664842909374306,0.020304458473030418,534887cb2a2ea96e9b7c4645d67171ee5ab3f66a7e6f1ac1d986fd8bc0898e2f
Kv,942,40,True,0,0.06683285077909298,0.1949236452312586,-0.00944025427477535,0.01791457400115759,60da0f58800df88084ccdc44fc7a8972bfac3f652ef7b8168b829ecb209fa9d1
Kv,943,40,True,0,0.08007634601043126,0.25508105203905784,-0.017388921749872388,0.005085674156145026,66718eeecca91005abe2933731511b96b5cb1cac506b5aa93967f48f797632fb
Kv,944,40,True,0,0.07099306885727337,0.29558751623001245,0.001984782911576888,0.01040077722158983,5781ee909821881bd4e14e448aeb73dc560da38aa4d982e0812e5c387bd0a877
Kv,945,40,True,0,0.06761290046782897,0.32696198263934123,-0.01798995745112153,0.0077241066130923075,7f86b5d22a50b17852eae2378c3d13199660353e3012b4f569feb761aea449b1
Kv,946,40,True,0,0.06816101071269232,0.23102237420303545,-0.013612941647450194,0.015199665241110272,b698d34c14e20aed749adfdc14de7ba70913a813749227e4c2a71b2beb8595cc
Kv,947,40,True,0,0.07915268410929847,0.2354228889993635,-0.0018584490045527868,0.017685145091857923,12f6af2e50be200985e222cd17ced38799d68fd7e8e90f0b8931e39e96ad5353
Kv,948,40,True,0,0.07390862848161786,0.28674461205574153,0.0023407520665683634,0.010094872009189904,8f0d567cf6150e2eab72cd9198b26010334c674638f6a12eb55476863377c22e
Kv,949,40,True,0,0.05867842485648317,0.23733108481918624,-0.009311549943362474,0.016729191303108792,3e5a068fa153fd82e845effc1b19590cf907d8db54b14c2269f9f6697cc48a8a
Kv,950,40,True,0,0.06983064092079463,0.23943166319852843,0.0005186090545052924,0.02466360774972609,26ded2907c2aa87e13c2c9b47318e46eb206e72294ef7754d7f62c8a5879a7d4
Kv,951,40,True,0,0.058543410217546984,0.2354228889993635,0.003888731532293299,0.007303486946042992,443e5b1190d9132279d18fb74dca2c827ef125004c81ee1fea8b866f889aa14c
Kv,952,40,True,0,0.07578755739532501,0.2677917879564315,-0.0018944988734201917,0.022522271262928162,b0c86b42e30cf165e2a7ec9a66778442e0e3d5849655f91d5a99efb4dbfd3e5c
Kv,953,40,True,0,0.0698522562801166,0.25125229648365227,0.002756518184810375,0.01040077722158983,78c4618ec28ebde80f5664255b6a2877a14c3d4cb420a630dc9e189671e58815
Kv,954,40,True,0,0.07175295938702445,0.254418118025699,0.0008887689601211335,0.02412827362802694,710c187715cef2b3bc342a3c3a99412376806ff3967aaed8f94b566ddb6e9508
Kv,955,40,True,0,0.07394635320482425,0.21881472429148463,-0.015997933406726617,0.002810504138922143,acb84951e43a2b9d79827d306de2520449432c91acda3b09a63020d1eec8039e
Kv,956,40,True,0,0.06678332074133708,0.208174074790124,-0.006888813570777641,0.01468345019518591,2c74ebe1cf4345f5cca3ea19f0d97a9c58f541fb2e64ffc2a1c4d7e2f199867a
Kv,957,40,True,0,0.07514483999267492,0.2911614726227114,-0.02384399517552982,0.01114642117681408,08821ca4908a677e27c3272cbead63536c988ead84b27e3443568fbf92fa80fc
Kv,958,40,True,0,0.06274123382067162,0.24585497956204372,-0.0035403618073690524,0.012656828163037592,b3d2fd35964e588fd2a810e3789db753400412f944eb4f443695420f99fd79cc
Kv,959,40,True,0,0.07096661394826687,0.2818796842390083,0.002026307882886602,0.020094148639505538,d0596686f34e7cb13f516cb1dc4213a7eeec50408b863b7f47e3748a319ba9b3
Kv,960,40,True,0,0.07113142698548736,0.20578918037934982,-0.010732525556453654,0.01749395433410783,dbc1694eabe2fa0702863def2330aacddc418986786434900d35146e33b7a166
Kv,961,40,True,0,0.07339402907817673,0.2823092481042478,-0.0024390770434823406,0.012102374965563212,319ee8741b51ef67726297b325d1db6403438d6d953c6dedc60878db1b0b70fc
Kv,962,40,True,0,0.08030693918837324,0.3048409726212795,-0.013433376668050556,0.020189744018380584,57839dc74fcb5a4905779584b3160f2ccb08c41cd736bd4377bd6f4600deb8ef
Kv,963,40,True,0,0.07292060438639818,0.24049549784751773,-0.0003424906921380977,0.02856389920782243,859cd97c2c7b6601456da11d6112c36224a5898107166042f85e15ac37d43b6b
Kv,964,40,True,0,0.07648483268197251,0.29558751623001245,-0.007940172026394965,0.01581147566590968,ffa6244905f289dcc0a1f0e537848650b10d6374a6a2648e7665c194370666de
Kv,965,40,True,0,0.07599429611545323,0.25508105203905784,-0.005197444041564747,0.019558814517806167,df4ad9d1ccd37a8c204e7ca35b329e9c9981a4b6538819ca8f7d59fd258fda4f
Kv,966,40,True,0,0.07832038790239898,0.29313729720306064,0.004867829018184722,0.01349806749713689,e796f2f28ef3bafd7965bf4cfb426764f92dcaa5fa5045f997005cbb32f0347d
Kv,967,40,True,0,0.0797001625594947,0.2779555889312816,-0.009901322559990433,0.019195552078081213,8067d14ca100b2045e79fd718425849724bbf95768d738b6a6e6973d24923607
Kv,968,40,True,0,0.07891455421099344,0.2486322520511887,-0.017260635660719892,0.013440710269812084,1357b669eb4a8acea522386f9df95e2b36f77605b2a1e243b8693568ca339471
Kv,969,40,True,0,0.06925259237783474,0.2677917879564315,-0.017734236770331258,0.020992745200929863,3fc87ba081236e4a59075b0a2ed148841c7a19aa66e696714b16689f9fa0d0b5
Kv,970,40,True,0,0.07633438024965544,0.2440979234865601,0.00422996421853572,0.015065831710685207,355bd2b5ec29a7047a2468a01d7a4f8019f5df291f6161afae6212ae5bbf2f6d
Kv,971,40,True,0,0.07111107797772029,0.2715173524897663,-0.01075981433868689,0.015084950786460216,560b94f97091478e144a8d3c1def36c90a828973a9b9fdae019e149ed73f4a6b
Kv,972,40,True,0,0.06582877283773778,0.20012705724322705,-0.00799318062776777,0.014224592376586132,f8922dbcfc83f8c7ac720b8f7e7d9a1d80780f81f2f0e06e0fff215ac08a27d9
Kv,973,40,True,0,0.06475291044444272,0.2911614726227114,-0.02493418427921501,0.02368853488520195,f6469047732aa28a46bee0638d1ae3e7e663ddec39d1e40525eee81635ddac4b
Kv,974,40,True,0,0.07145743081099813,0.2030351346489783,-0.021210277089018348,0.010725801509764543,d80bc003e46ab886dab61f35cb72e4703b0f5a4790bf19e66af45c09eabb6ef0
Kv,975,40,True,0,0.07954078102688444,0.3007252312322635,-0.014142061359285085,0.003537029018371385,d8b5bb99c03acd824561b0a8de99e660b4880acc6c3436d7ff3875c6c4554406
Kv,976,40,True,0,0.07273570279844019,0.22728086417001078,-0.023007644972763197,0.009884562175665246,140b98b92c7f11311d30ca898951624c09cc48edc815045f0a5c1b0fbe5270a8
Kv,977,40,True,0,0.07164804233613369,0.24585497956204372,0.0049985752786270155,0.026977015918499103,633283b542f9ee0a73c0be4ee10a9fdb334f63ffb9b9d22e6440a68a41923338
Kv,978,40,True,0,0.07556863694031088,0.2314249280557321,-0.01742883327330813,0.009463942508615708,6fa0cd28ec7b73636c0981cbb896d5ae6a5cd9cad4b64c6a6135db3afaa44ac3
Kv,979,40,True,0,0.07180903521679771,0.22427413221345632,-0.00217965078210991,0.007972654598167206,73a6d51b76eaf214fdf34857e2346ea1fee45ecc025d3e37164a177d4a529ed1
Kv,980,40,True,0,0.06934760345515889,0.22472035228405418,-0.010141634248543863,0.015180546165335262,e89b322da82d3e7519ae9e89729bb48159d3700fa27972ea481be55e888d4e21
Kv,981,40,True,0,0.07636514963050792,0.29557204225541567,-0.014316547607085006,0.014052520694611492,7acb20d127eaa7a885c0b7e95db902bd962001969c310258694131868f18c9a7
Kv,982,40,True,0,0.07616184739448999,0.2680425435002875,-0.018481935579716335,-0.0019692648048232897,f29f5247b73804db884b59aea7ebfe59fca0ddc789f08e8e4a5ce3589567477a
Kv,983,40,True,0,0.07218310017018528,0.22156584111544875,-0.006840884011847681,0.018411669971307387,63c62ad01a202fac2b409b3197f1683b6073a492951e5f2332d8793f3f31667d
Kv,984,40,True,0,0.07293030998171249,0.2356590163538334,-0.010718772109466812,0.000592691349024066,c10768c4f18791df8dbbffaf4e2ee7f6044593f5796ed73e996b0a5892ab83cf
Kv,985,40,True,0,0.07614572804097583,0.27680784272083636,-0.020774931993007506,0.01468345019518591,35123d07192f92321013a46c8cd787d8ff51482cbe789ef1e8d742eeadbf810c
Kv,986,40,True,0,0.07868118775402971,0.3117401455803947,-0.008397764555750697,0.011394969161888757,eb7d4b13f812a69248cc85359ab62b4f8521205bfbe764b435d095c92fce9272
Kv,987,40,True,0,0.06387223649120191,0.23224547494096198,-0.0010720122192218184,0.02514158464410088,becdd7c17eeba231101c9122e7ff91744bf9e8cd48e2d2d8bfb10a22c5497fd1
Kv,988,40,True,0,0.07128478848306967,0.2838726270116313,-0.0037642627223379854,0.01428194960391116,6a6a15d289f13716d11960a13f6e584e0f04458f712ec1e3f8b09fef0e59d4d2
Kv,989,40,True,0,0.07943009308556591,0.26582931842877333,-0.010145728659954223,0.018774932411031675,2dcb70f1e2216d491deee129db4dca0ab1e0f704609d355ec3dead564bbf8d67
Kv,990,40,True,0,0.0740908990335508,0.2744511884352102,0.006591002101799859,0.01076403966131434,9515efac825fd0f3aaa48e34cc59db9d1ad4509b3b5479eefffef3a0b692de10
Kv,991,40,True,0,0.07723770357367407,0.27878514561323114,0.0007674002371742539,0.001032430091848724,fc0f23ebd61a61f424c2c8ec971280149a354d3a8db75a6a0adb7eb7c7fd6151
Kv,992,40,True,0,0.06011511867044898,0.26366810768240395,-0.02340220115210845,0.007399082324917594,03753b45c9a39eceee320340dc3f283c745006530cf6288fcc2703d083985d3e
Kv,993,40,True,0,0.06370503815357778,0.20111846921623242,-0.0235428518216807,0.018832289638356703,e41b8af5eaa33c1d8a39bfebfee5a9ddabb3904e9e48530a4421149fb440f24b
Kv,994,40,True,0,0.07418855927389059,0.3206136461871349,0.0057580346637955415,0.021910460838128754,db9ca20e9222041e2ae0dfec6db813afbd77596e08b41d8f74029f5b18dae4ac
Kv,995,40,True,0,0.07197781313187832,0.26366810768240395,-0.0037810204500665634,0.02005591048795552,baa5f8f1bd1eb9c9dc8d81689854fe6b803e33be934026945ba056254d6d9ac7
Kv,996,40,True,0,0.0739441208419388,0.2178394315905652,-0.0005381189767739158,0.011605278995413637,0eb0e5f2ab5beaa558c73fe126ba69215b1a5ac46b772c195dcd74adc8c31aa5
Kv,997,40,True,0,0.06937057635899829,0.31648314446384734,-0.02052547024061413,0.01716893004593334,b3373eafc7f6d97d337a8fc9afd1d152431a031a17f6e84572fcec5ff22827cb
Kv,998,40,True,0,0.06591476989392972,0.2708067772090017,-0.01647018940106859,0.032177404529294074,950594638ea3d20a18cc0e471d15979cf69ad21ed46b183e00a8db44fd65b020
Kv,999,40,True,0,0.06662129515987625,0.21625229607250354,0.00623764518298664,0.017015977439733487,443bd1722d71059e987d5850d70220b2ba307d221ce5c86c996a5e12344c63cd
CaV,0,10,True,0,0.06908980782767,0.17613629933444888,0.004582503248577119,0.04687997380025499,41368275f65bcca1224e1e1d67dadf0d409fa417fde0f79f46d7edf101553268
CaV,1,10,True,0,0.062125916788702475,0.19259642216906456,-0.020688414265089383,0.012695066314587722,f9140387c8d6446f4651cf9e420723cee187edefb350144d96a5b321459225d8
CaV,2,10,True,0,0.07148309284905423,0.189965267944654,-0.003589677085487075,0.02447241699197611,117e3f00de5ee81d7c773c85454f67189b86414cf21421f7e829126c792ad418
CaV,3,10,True,0,0.06983894128452763,0.2043378103430265,-0.010211537871413157,0.006576962066593417,6eed73f0df794b53386e02c0ca4f90f29c4cb8866888e20cc3a99d85dac99b03
CaV,4,10,True,0,0.07425518818598,0.2083266609029592,-0.0018084486741969386,0.0398441539150618,7540e9c2f2be7081f31340546180bdd243eba9ab5f46bdf51ee31d5882ab1bbc
CaV,5,10,True,0,0.08406886749201187,0.19698044240096285,0.03326401916549049,0.013153924133187278,9ab1faa3644e976249d30a2dc5a912572a923a1346972cf17fd9385f7b4631f5
CaV,6,10,True,0,0.08406118211136797,0.174441541658545,-0.005431166760876627,0.010018395706090422,ef5015f03962d686f8f0b918b3e74c07fef4e6ef3e1d5f454dc2f6b2d7777835
CaV,7,10,True,0,0.07438526136474378,0.15230854253827372,-0.018093356105060243,0.025848990447775222,f1f525d7c796bb924db5d48c0c95465337c4850d09e2c6ca1c140f90fe247e1c
CaV,8,10,True,0,0.0602958466476492,0.12835152014883985,-0.008150215987847709,0.0028296232146971523,bf75425bafe9511789785b3623ff81c9185ff251a5f68ff2a3b3d404b330325d
CaV,9,10,True,0,0.08581284069199908,0.17256908125576637,-0.03287870366785284,-0.0035179099425968197,ce4ccb68216203bc81e359b617b8f8afc8e22665609356c41393cb583636208c
CaV,10,10,True,0,0.04798295062794486,0.11407544174545753,0.00224301241807634,0.025772514144675185,258ba81b2c076516eb14a17cd0441b3987ffcb726d3881c5b2943d36b812d535
CaV,11,10,True,0,0.07316232618070503,0.17716222506257118,-0.00674519501093207,0.03961472500576191,af69ce7d2a2920b3a21c9671ce2913ebd28a916fbad7c089d6964e946d1c6c98
CaV,12,10,True,0,0.07141611625920039,0.20156761271582063,-0.00998799901880898,0.019424980987381213,bc4ee2df61f04e60969ebbd9d5df910111d668d4a8553cf95004732968ac9e26
CaV,13,10,True,0,0.07738719566959407,0.19341387180388944,0.007895036340552108,0.008794774856491161,9d0b012b517d5b15060dafb6452e3eae502caeb33b0cf4ed232235b79f3f11cd
CaV,14,10,True,0,0.07189443285100702,0.1836187994416668,-0.0034683696480226622,0.015907071044784615,b3a51f114f419cd2a74911f113b8981118b36bc18d13935a38e9903962ee0d7d
CaV,15,10,True,0,0.07096509440131019,0.196182966358251,-0.00014265189108697562,0.03961472500576213,2fb6328974a6897caa49c1eef93fcd8d0d036a2a27034a8875f7f896718e08bb
CaV,16,10,True,0,0.06836736665708731,0.1392030804122367,-0.020417316767847415,0.022713462020678143,41f9d16899c3ce4a8b586c5d8c08ad2f12b2243414811257bdfdd42f8551c648
CaV,17,10,True,0,0.07401083716608434,0.15570892041738982,-0.014756646114513217,-0.004282672973595858,6b34b05feed82524c08b5dc34063218ac9690c5405a57c4b6e9d14e205b8569e
CaV,18,10,True,0,0.07154132930439136,0.1637972443120968,-0.027686982087382406,0.015371736923085022,be36701f2f0d6c5151f8c3f6368d6b0ffe3e69847b8f8af043d328f2f8db5ef0
CaV,19,10,True,0,0.07090414402637314,0.1804109853083392,-0.012347473724543256,0.04527397143515666,46acf0097ac05604af455cd98ff3b44f38f6220ddf78773229d77109d81c27bc
CaV,20,10,True,0,0.07635946712698824,0.17256908125576637,-0.02012748509819673,-0.018507265350182545,57aa915fe3654f7bc80aa3d262760f5a476bcf88e3ea7e1257738ba76b1605d4
CaV,21,10,True,0,0.061993643980474175,0.18851985767663232,-0.020097787794158384,0.04290320603905884,1fae31dcc658bfffd7835e4cfd167f7bc45e88bbad9dbf77f92646d4cadb4626
CaV,22,10,True,0,0.07276664723393604,0.1403195791662411,0.04368026139327941,0.026307848266374778,98cfc0c9fd19090dc0a4768c42aa4a3452a09bc7c227bcf505f74d70cce33925
CaV,23,10,True,0,0.07357411687974853,0.1900609915874562,-0.01030144935497801,0.01521878431688517,3464693fa6712c87dee93e0041f6c520b9794fac5117d4540b19ecd88256a76f
CaV,24,10,True,0,0.07684356444370599,0.19698044240096285,0.03234186360855151,0.028525661056272522,01a919a9cfd70c98a16a3f6ed6280517e0588f80d940238febca26cce7bba953
CaV,25,10,True,0,0.055514227471010716,0.13624357010096774,-0.023524884820194547,0.0006882867278994453,fe306bae3436fd04268e21b83e47d29f5d76fabbf3309d634205863837bfdb56
CaV,26,10,True,0,0.07636610096266552,0.19614232990673797,0.014289160828165448,0.034490812698066975,3c0fce6041bb825ac09bcfb7687634637e69182fb9e1a933a93da1af4328cd84
CaV,27,10,True,0,0.06511281687421899,0.1637972443120968,-0.04322759989284286,0.0006118104247991862,e0ba35b2630635a9a56a550b58126df5aa5583ce8f3bc09bb60c5004d5a3d7b3
CaV,28,10,True,0,0.08535963068026403,0.20852957683304485,0.02477861078367205,0.04970959701495237,3cf3bad0160db38e6cbcffd530f155d4f346b4bd380a2aa5f012f2503a25c143
CaV,29,10,True,0,0.0554848413254847,0.13143481199090176,-0.009807994549189791,-0.00948306158439105,8fbcab8856bc9affcc58a60629ada14681f89646107cc555ea77de3762904a9c
CaV,30,10,True,0,0.06881063520151133,0.1858955499603703,0.0063052967005492455,0.03517909942596642,49d2fab541c66f6fe1e2c7d41eff6dd805f197855bc7aece91e5ddd1a43fc265
CaV,31,10,True,0,0.07442869142691083,0.1771555952412868,-0.0035828423443797774,0.026384324569474593,7095e3e06a49f32d577cedd4cc511994b5b345aefed369e52fdfb14f37db66ad
CaV,32,10,True,0,0.06298384253391358,0.20852957683304485,0.01694417536728743,0.011089063949489386,40b29b60b8c4912d2e888bc257d0e274a42f836197ed0511e66a87c9e1c47d66
CaV,33,10,True,0,0.06763279516585219,0.16511694115562153,0.013895864632642807,0.010247824615390089,7eae440e925c18edb571892bae82dd0cc4e09249c45ddeb7e448b9cd5d0b3300
CaV,34,10,True,0,0.0797549223426662,0.2083266609029592,0.013610230602811635,0.025390132629175666,29c2304b446b726ea5025406cdd7856285aa87e83c7b828930aa0280378455d4
CaV,35,10,True,0,0.07752966383910384,0.1442539788426062,0.00334407040266238,-0.0017589549712984098,d05234984d889cf77e0f3bbe456bb56d7a408f12e016104fa97c716e48003daf
CaV,36,10,True,0,0.05790650884700101,0.09316453029077885,0.008334556119879544,-0.022866414626878218,8f94fffd10836720caf672b0a3f5fae548002a6d50d7e120bdf5d8a3a49e9786
CaV,37,10,True,0,0.06674011778102075,0.1254590939936224,0.02064792489090972,0.019195552078081102,d2be036d42212f6a78094d80cd2302ada03cd1c9fd998d20eacc3e34021f85fb
CaV,38,10,True,0,0.06481827125047296,0.1637972443120968,-0.021400831682621302,0.022866414626877996,594160efc84e1d250f638c4fb38fa4b4af8b6462a6323566f3894669eb4cc3db
CaV,39,10,True,0,0.06973868355391824,0.14245438892946347,-0.030826238649818594,-0.012618590011488129,157b8fabf0cef6bef9b56d9c35b8ab59f46fde7a40a4fa82523a3b58f1050840
CaV,40,10,True,0,0.07412948247743584,0.19909030645980366,-0.005789623360763052,0.04596225816305588,c7cac24e7d51eba0ea318bdad8ff7cf1e5d3ba709b1701c6aa83945c8f722807
CaV,41,10,True,0,0.07202962173008634,0.16814661004761955,-0.022803127265751177,-0.00894772746269168,16750b155489421c770a209ab129be520720187660b1d7b90ca76cc1168a9837
CaV,42,10,True,0,0.06241982097945422,0.10005285015391617,-0.026088727421533342,-0.002294289092998003,5e1c89b3a7f9160c074588bf7b0d45902d77c40a096a4dffd04b8a8de1d0cefb
CaV,43,10,True,0,0.06361262270365818,0.1985714155731653,-0.024210585988997835,0.012618590011487685,44d108c808c8ea4d11cf43e25db35d4effc406b097e2e007b6765f4a920063c1
CaV,44,10,True,0,0.07899587720414045,0.20322959396324763,0.0025826180107630936,0.04037948803676117,233b5f9e9134a9c7eb5a96dbe4aacdc737220a2d0f5475b5f61f9604155c68f0
CaV,45,10,True,0,0.059471419935013516,0.15650023044404582,0.008112880169362624,0.03219652360506897,9921c523d45db563e892e2f2470a1c6fc5809c2099d1f002737da07cb5a01630
CaV,46,10,True,0,0.06965566371829897,0.14063358946284965,-0.022127341606603457,0.03762634112516383,c56dbea9ae3af90091e18f8b77dc569dc95c5093b87e94687a158754d1538b7b
CaV,47,10,True,0,0.06451839040511773,0.1284197105620852,0.005696425431768404,-0.006194580551093898,39f3642744897ee1a1a002756b33cb1badea656416f7d969914cca4ebc87f59f
CaV,48,10,True,0,0.056814815678951136,0.11016860460749789,-0.0044611446618292305,0.004053244064295969,a2c7466561c1c77d1d328c53ed3f519935a9ef6c8a438612d84a77b054388e69
CaV,49,10,True,0,0.04898829089779762,0.11891446375078026,0.02225951462383069,0.010477253524689978,fd16b1fc9cda1027453a433797c4f7e305269ec2c154fc3d04fbd7024b401d64
CaV,50,10,True,0,0.06723362907266903,0.1468688559271874,-0.005585496432455761,0.03364957336396768,38b277c60d06c013bfee29dbcf8224628bffd15ddda15d37e3193f7aa806ce64
CaV,51,10,True,0,0.07276781595674595,0.18902599384588034,0.0004277360532380925,0.04466216101035725,c3a62b675194531329cf0123ff772cb323c815851bc7c36fd3c36394a0054490
CaV,52,10,True,0,0.06830916397374745,0.2013939556344387,-0.013352283309715496,0.029443376693471857,d841ac9a8e72b855ba8739103779b6f717ce85fbcc4056825a37064143d7d36d
CaV,53,10,True,0,0.06763413862084368,0.17038023139840294,0.0021133195716276365,0.009406585281290791,b6554388f41980a5043d2d56ae64b8d9379bb8e5f17ad32f456d37c8372bdc4b
CaV,54,10,True,0,0.07388783789775238,0.1985714155731653,0.00893169460602361,0.021336888564879475,f06495b974a716ebadef4a2f17db649f5f4c5cab604860e831b1b113b53f3019
CaV,55,10,True,0,0.06643668714578767,0.13624357010096774,-0.024548787216143397,-0.008335917037892271,866d709eb451e17196a329683b65b4ee7860604d2e6de40a02d0febad3c7ee58
CaV,56,10,True,0,0.06741226303679959,0.11891446375078026,0.01823020893927274,0.01154792176808872,7875f1713e1388213948ca86a7585895720045878c6b531f0283afcfbd5ddebf
CaV,57,10,True,0,0.054373551968306524,0.20156761271582063,-0.008616687475917928,0.04221491931115939,1a841b68e35c6ee7860f9598526f4e326beb8e706aef1f18e1023bc8ed1114a9
CaV,58,10,True,0,0.06348621947143336,0.1302897671220573,0.002886086753248307,0.016595357772684283,fd2226b9014a3ab9f722824f0817aecd7cd088e66138b8033cbea211725a4940
CaV,59,10,True,0,0.08626888273170855,0.19246619076652186,-0.04467044331439851,0.013689258254886871,b28456333cd95f9b22094b2cbbb346e1de001a0759bcd542037d3069ecc7761f
CaV,60,10,True,0,0.06593132019098741,0.1900609915874562,0.0033926527771448445,0.03946177239956228,480ed41a21e4529ee6a838fe014a5e5d1d643928ed2d64da3bcb02f23ca036b8
CaV,61,10,True,0,0.07367234310461568,0.20117803666296588,0.0033221957562772353,0.016289452560284357,21bde27efc448c7614460c4e400b6f26c9a6ada49040486731adddac70357638
CaV,62,10,True,0,0.06673634720053445,0.1900609915874562,0.028499641158477695,0.02340174874857759,d78b4accff3b359b5652a992d2cb9c0fe61507bc558a17528c28929c1eb2096a
CaV,63,10,True,0,0.07247842648425586,0.1771555952412868,-0.016612731396072222,0.016442405166483987,48b85024e6cf65396bf55da52541462a16b5b7813dad9f4f41e0ccbdbd864e60
CaV,64,10,True,0,0.07753493607709565,0.18414972482769765,-0.01560433341466494,0.03624976766936516,66cb2defbb0157e916697edcc8ca886bd5f260918a58a2def050385c8c24dc05
CaV,65,10,True,0,0.07594511859651422,0.18415923917446486,-0.014018227819786677,0.01888964686568184,5db9d89bddeb4fad4c9bfb1d8cc4a650a9fd68230f30e5257414d0dc1ddfeb8f
CaV,66,10,True,0,0.0652715776885425,0.11610219631217486,0.0007850787979744034,0.01797193122848273,a3e610309dd27bc9f8f2815e8185e648ca86a3eb6d69509a7fef1eb40d346880
CaV,67,10,True,0,0.07169152486489953,0.17613629933444888,-0.004667332967689619,0.026460800872574408,0610666bc54e03973d3b52ba786b61dd0a157b6800721b445ca36740d5468921
CaV,68,10,True,0,0.07208001967997196,0.17256908125576637,-0.01808219969771585,0.0012236208495988166,97659bdbc2f22e4e4a7d751773a7c46dcc4169d6762f10ea9c0733c4dadde991
CaV,69,10,True,0,0.05991791529495333,0.15650023044404582,0.015126044118714654,0.027837374328373077,b27042069b4c77f8459c49854e3d7be7d0a67455c48e8b54e38851597296630c
CaV,70,10,True,0,0.0684949172171544,0.18120157283665564,-0.010196729310441244,-0.0032120047301971155,72d827738496109e5c3a4926e1797f5c6cb93939f5d6a0745fd0c6a5763f07bb
CaV,71,10,True,0,0.07147270592765588,0.15694555762293447,0.025758625545433844,0.038391104156163314,fc5735ef5fcbf83bafaa12e45abdf9487684630e6756140d7339e01ce08b70bd
CaV,72,10,True,0,0.07478255276786469,0.19246619076652186,-0.03527580795149632,-0.0009177156371993345,155ecf47393f893c3c71ce07531172aeea1317d32b4cea0712e34cd6c901b3c0
CaV,73,10,True,0,0.08611774836907957,0.20700723519428213,0.00011883307321336467,0.01797193122848273,0c1d54d3dd4816cb09cdf76670689cf7d526c1afa0931c5d2bde5d747d2214d6
CaV,74,10,True,0,0.07545734416058358,0.15517607859113347,-0.00026222902421624283,-0.0033649573363967455,81699787da9cce596d7995385aa628240b204b4de5ab0da2c2c787d4f5d5b234
CaV,75,10,True,0,0.0816067770003755,0.19517013174737646,-0.020173997107079122,0.012924495223887611,35626cb9710d18ca542a87d0abbdf2362ab02f5fd7723c3229cb56dc8194070b
CaV,76,10,True,0,0.07982656079113333,0.1900609915874562,0.027353244928307374,0.035867386153865644,d514f4802eb48a34193bc92c2426a6a30a17a2728768dec193cc8e8f1702e33d
CaV,77,10,True,0,0.060898198708012406,0.1771555952412868,-0.011026056440159415,0.031125855361670007,4894bdf29cd038f02ba7af48e628f55a8ff2b3cb5cc37f4b62df4237a08add12
CaV,78,10,True,0,0.05900548991350886,0.10503094661353123,-0.009913161378487523,0.0006882867278990012,bfe067627c5dbb5bb8a01c4e4ccbe5166296943fcb9977a61474c5ae41ebb34a
CaV,79,10,True,0,0.07193446667516608,0.20156761271582063,-0.007976966307003286,0.023095843536177663,30a4535aecf0274e18d8d7bc67432986928488e76458bb47e0922d58622745c1
CaV,80,10,True,0,0.06329548588200434,0.15694555762293447,-0.009519191133931404,0.041985490401859726,3af69eb55d5872bdef8a72ea9b2b6f861fc606c432c2857808d2c0c9b03cfbda
CaV,81,10,True,0,0.07034075408764821,0.14468768978902677,0.031526913271265666,0.005276864913894563,ce5d4c7c621b80cdf5919cffdc8170960b9f5f126d0587c075d329c06cac9b49
CaV,82,10,True,0,0.06536624430982418,0.2081633643673285,-0.0017196607477698578,0.013918687164186538,33eb429bfe583fc959358d6f184727c84f84b452c74ba00084c7b702f3b8c85a
CaV,83,10,True,0,0.06978371859697508,0.1836187994416668,0.0036620241191733793,0.04427977949485773,d4c5bc1ef94ca2b7718aeee098317de3cd814b6364be6b166c8e6460c03ae281
CaV,84,10,True,0,0.07220450373781118,0.19614232990673797,0.022383038046362103,0.01896612316878188,9af8911d2791f4c4b56a7202cab76791d6ebf011c36a405d49ca23a26d0bee21
CaV,85,10,True,0,0.07363387714150017,0.19698044240096285,0.021878788144849448,0.01483640280138565,fc0823b3e2aa14298fb808cc2e5e399c200073e75dbc0163b2015b260ab22b29
CaV,86,10,True,0,0.06373777639049027,0.17678809624028988,0.0011331016753988177,0.040073582824361464,06cda7d51c9204641a670593bcc19d9eb31072e39c7f4a7513ced61226c04c04
CaV,87,10,True,0,0.0695037070882441,0.15434404826284698,-0.005405145539410405,0.024854798507476294,68cd735e91a3dd4279937f9c1ddfe47b5e1e46f489ed7464e83f17e6d7883e05
CaV,88,10,True,0,0.08281788280028521,0.19494324228267404,-0.012221588048282772,-0.00428267297359608,0535500ca6bbe683e071703abdbacbec7a2eb73b6dc4c747dc997617b3d82041
CaV,89,10,True,0,0.06363266522632335,0.18329794808792704,-0.011258696399780721,0.012542113708387648,f4191d2156fe8ede13c477f2230408c504f6e9998cafc8f4b70762f912d0449d
CaV,90,10,True,0,0.06561327444982643,0.174441541658545,-0.004468190952925388,0.019272028381181583,405749c9bb2ebc941b5987c1131b79e841ac4c165c5a45ca644dcff1a8d9ea1f
CaV,91,10,True,0,0.0731174814628964,0.19341387180388944,-0.0258404812730213,0.02623137196327474,6dc87664d8a1918f3c3445725a897645b68d2662ab4a769c8b578af660f2ede2
CaV,92,10,True,0,0.06616407553413009,0.20699780889049646,-0.02916006283899164,0.0340319548794672,7ef7c4e163b2d4db6103166696af4d43f13a6b37e8c78c387bb3ac4414a1c0e6
CaV,93,10,True,0,0.07127370856072723,0.1403195791662411,-0.013140998563986983,0.014454021285886132,3fa7ab82eeef29d5b17313a1738137273ea3011b38832d921851b02c0409a85c
CaV,94,10,True,0,0.05826270129764386,0.1468688559271874,-0.011156679353269583,0.003976767761195932,15c22cf6ffe59848ca2f6d0071e041e93af05fa818be6d0a12b1409e90063d70
CaV,95,10,True,0,0.07525911604738111,0.18902599384588034,-0.027967815824287534,0.032731857726768565,d0e544b4327d9e5c0732adab130d226a650ad252c9faf3223b5c16da1700c136
CaV,96,10,True,0,0.0681344337800586,0.17625981603516389,-0.02198677772402391,0.017818978622282655,2dbf48563a8ce3c3426a8762f58f51f681ed25f63407a2f6067eb8758dc6148c
CaV,97,10,True,0,0.06671681472719367,0.17878131614305914,0.008837300980729879,0.040303011733661354,71e72c67224f166d040f33c9b54ed5701087aac51a7cd7d188a7e8e6e724065f
CaV,98,10,True,0,0.06421364153350173,0.196182966358251,0.015243683853372048,0.01812488383468258,b4c23aedff3cedc1554f5c38627ea62c6e2c1ed6b52a89d836ff1eafde95714a
CaV,99,10,True,0,0.062177562464224435,0.09879489181382076,0.0011847592315206157,0.02646080087257463,69e0648ae27b689296bf63bfd2028b28c8fc96d7cf1455e61fbdb403f18d0daf
CaV,100,10,True,0,0.06855886747573471,0.19665405567396257,-0.013990372063024559,0.013230400436287093,315afb4b5d0d66fd30c2b38acb87279641712f445baad7b292668fc09a6bb6fe
CaV,101,10,True,0,0.07099014325379134,0.18704255006367804,-0.04041084493343883,-0.017283644500583728,c977f9ffa969d9de7d0ae6e6cf8f3ee4c1f83b36451591d7b1ee80330c847f45
CaV,102,10,True,0,0.06026650285566197,0.1771555952412868,-0.00402099076551643,0.03609681506316509,895c041fc7f3563454d15add0be98e37745c4886ce8535777dd989fe717a00a6
CaV,103,10,True,0,0.06834520737927993,0.1468688559271874,-0.02372677529661371,0.00680639097589375,eab08061b218a79612af78174502e626990c19a024c9bada81f0b7c494f7610b
CaV,104,10,True,0,0.07760388410646138,0.1771555952412868,-0.01320305675703115,0.02707261129737404,46d4933ccc73953c1395a372958fde76effa46d356920cd87fbf66ba83ab0bdd
CaV,105,10,True,0,0.04386920545243307,0.18704255006367804,-0.02824005159704779,0.0029825758208970043,c2aa58efea4f036383b10508b46cd581e7cbb6c814cc8124fc1689d2a53f4bfb
CaV,106,10,True,0,0.06554418753656101,0.18414972482769765,-0.012953736448331199,0.019807362502880732,0a6e1ff7b199d4f93921d6cab6ca6857799110cf4ffc87742ef645eee7547d63
CaV,107,10,True,0,0.07382290694559866,0.1858955499603703,-0.022457628999096757,0.018201360137782396,65e5b07d63c5a0c88f569a1ad63a756d70e815cf5a51c48b6faa402eea61c0b9
CaV,108,10,True,0,0.05675731290197622,0.13812405369932945,-0.011699957923254622,0.006806390975893528,bcc93e8d52569a100ea8291324dbbb245c1b6eb04718e791cf4ed88c62cb5333
CaV,109,10,True,0,0.06302002295848791,0.12172489503838842,-0.002745265087626514,0.02164279377727918,1c3fa47060e1ed6f3561ea231d9a94d40fe71d217a8283a0199f1b1cb53ac399
CaV,110,10,True,0,0.060304380783479314,0.12172489503838842,-0.021142997128898777,0.024242988082676442,c74b241c696da9a201fa23a71a5b5d45d1a7bb8485758f744f48f270e557e1d2
CaV,111,10,True,0,0.06541265695496785,0.14579348577522927,-0.011852252919174688,0.02064860183698003,62ed8e46668a6ec059bc58652531894af8e46bbedf4fae530f274924b12c7663
CaV,112,10,True,0,0.06815251050920433,0.2043378103430265,0.023752196610435927,0.03219652360506875,59f0d622322dc0bf4f805c0b1ed59a5dc0c0ec16e5f5399687a7565a06bbc06b
CaV,113,10,True,0,0.06616660396718692,0.11752718764586653,-0.0025923654843713617,0.012618590011487907,e08ceaae6887c8ec1ffd7b62b7afa391601b3c37f551617777ee91c6cd85a746
CaV,114,10,True,0,0.07229476111209318,0.20499723623779592,-0.042777317562075146,-0.0018354312743982248,5455541be062cdff3b287f240688da43c81a5901c0a125e96e3317b24562adf9
CaV,115,10,True,0,0.06083680222657144,0.1771555952412868,-0.0009651553996676832,0.028066803237672966,7d67663b06b0789b9e02d061a85b8e96a0ab9d3b427e45fef241c86c0c082ece
CaV,116,10,True,0,0.07554742430759628,0.17678809624028988,-0.0030643953557358827,0.015448213226185281,c7fabf86cd5f88f2cd791b1d34e3920f5d64593404c5e8d415263b989ac445f5
CaV,117,10,True,0,0.07012785314432338,0.15175511491124208,0.023149160636217525,0.03724395960966409,6c927699360f9891c83cfd888eeae7a69d8f8d4ba9ddb24a8dc29662fa208e92
CaV,118,10,True,0,0.05274073684301831,0.0853723849672954,0.024812534235648,0.012695066314587722,26c587bb77e5df3910c71491a35ef0e3940d3400e95f16548b5cbe38db0a5baf
CaV,119,10,True,0,0.03900868042709858,0.12317933197367435,0.005245291477369074,0.01927202838118114,e2c485adde80aaa92f38b0b2f3fa912ac516d09035eb61d4b6cdf33ca11b0367
CaV,120,10,True,0,0.07430620254715484,0.17958300583316178,-0.015456214708620353,0.009253632675091161,9d22a2800768c4cd1c480d240136924ef1b9134efa80d4f6805bba57e56c7cd2
CaV,121,10,True,0,0.06785477306782509,0.13586380894867595,-0.03131661780501016,0.01445402128588591,983b83564895764bc4702198fce74ffade328005a2750ac276ee777cedc24c92
CaV,122,10,True,0,0.06313364527059948,0.15570892041738982,-0.05803615850861776,0.0003059052123994821,26123e177f48fb69ee32ce01235a51b13f79b9c9c95bb265f6e0ae96d670c086
CaV,123,10,True,0,0.0779457354997434,0.18414972482769765,0.017589927294779484,0.05422169889784789,385bfd635059675e789428e8f16cd139d535d2d8b5dafe220cd488e84bff987d
CaV,124,10,True,0,0.05515066919351275,0.17696083891637876,0.02510870354825645,0.010477253524689756,d9d7d6c122dc2f640afccb5e2fe009e7f68db87a8d16523742bac7128ae3c846
CaV,125,10,True,0,0.05972144087353791,0.13659718204494492,-0.004107365854329137,0.012924495223887167,f54c6e1997265927bd3b09a3dfa75145ebc0fc0c5076fdf9a30d6df49e15fa64
CaV,126,10,True,0,0.06841213185375197,0.1985714155731653,-0.0040695532733086015,0.010324300918489904,f2ca5d6ce7f79099cb0e7db5b6cfb33a6004051beab26b3d018019ef366b914c
CaV,127,10,True,0,0.07339173478049896,0.1620917118884532,-0.029040900795866964,-0.005047436004595118,61553ef459ea594b9075349a4668e0901135929c63597786325bdf3383c6622a
CaV,128,10,True,0,0.0693429265222495,0.20642077269231246,-0.007286733699907844,0.013077447830087019,9ddab3bdd9647187e2daa7ec8ed8783668250c4a0e40153eadf4720a0a734089
CaV,129,10,True,0,0.07120434212296714,0.16019591193515567,-0.010215869818296142,0.023631177657877034,8bdc96a60cb7703a2bcc92bfa7ab69c8aa9bb6680841b57d34763d029b184829
CaV,130,10,True,0,0.06781275551968165,0.19341387180388944,-0.026406184068149985,0.013383353042487167,9296ce2a2aba416335324cd0982a74c45ba3e4a54b363623d0b40dab494b492d
CaV,131,10,True,0,0.061857462850942,0.13143481199090176,0.0011308798908518103,0.015142308013785355,aa47627e71df75db86b13ffaa361cf1ca670f99f64301ba16c14b58380b22c42
CaV,132,10,True,0,0.0752399580610556,0.14579348577522927,-0.02560015370716129,0.026766706084974112,18ac676c0845ee5f0c240bbfa44fd1c05e86479f08274ed0f192485eac181d90
CaV,133,10,True,0,0.06682685009490422,0.18544911716563797,0.022535391299674856,0.0035943862456964126,999a7d658599d94df625599c91c0c5a3d12425b179de34664b6e5ea3cdfaa13f
CaV,134,10,True,0,0.061831530331196115,0.13106390382244765,0.009727460063504223,0.03586738615386542,0a98d3da99b561b291aa2ec6424c7515b47619facc0347b9854a27499574cb69
CaV,135,10,True,0,0.05940211032171646,0.17625981603516389,-0.017370401108436795,-0.0013765734557986686,feb79e7fd7d4c0d10bb31b183c8450c6aac8233a7e20fad5c12937848128759c
CaV,136,10,True,0,0.07068733907691774,0.17958300583316178,-0.0025625962405593228,0.006347533157293528,9f29bfa51aada1ca3129f4506002feb7c8c5ef3423b6d1069a000562f82ef740
CaV,137,10,True,0,0.068701785856565,0.1875193136934956,-0.008393253489465513,0.026460800872574408,13687ce58bd8b7f60708a963f9a2d77365980bb579c38d197251a456f59d0eb6
CaV,138,10,True,0,0.07506101052408212,0.13601722112391304,-0.0030679069431358563,-0.013536305648687463,02eac5256fe496feee9b71009b50eee5f6aff584f188d5bc088bc5a484c652db
CaV,139,10,True,0,0.05719758203052738,0.14063358946284965,-0.009903913695528122,0.013842210861086501,232289e861ba48fc8068689c5a75499cd7290bf5b59abac588100ce6016db2b6
CaV,140,10,True,0,0.04892707771904453,0.08096217294621624,-0.012478065966623708,0.0034414336394965606,66ad9bbe20b842407d983f9bd2dfcaed21f93c30265b22998676403197cbdea1
CaV,141,10,True,0,0.06379750336185185,0.19400591006974827,-0.013083112132159291,0.04076186955226069,ab3ea9e44ac9dac347ebb001dae8344ec047483eb3aa4eca6841d1ff8a5e0578
CaV,142,10,True,0,0.05077628777360934,0.1392030804122367,0.0075054028005396844,0.010094872009190015,b153c263c86f9aedf4e4599a5d4e20555f58ab4bb777bf272ff9da5076efae20
CaV,143,10,True,0,0.07024035594403019,0.19494324228267404,-0.04157213383443281,-0.014454021285886354,0baab558883436e44761efc1105d89300c5c9342f61a1265f6e13d95be617969
CaV,144,10,True,0,0.0766684023121031,0.17038023139840294,0.023915249601710542,0.03464376530426683,08d3deae7c6c066b6ac929e09460aa6e24d2fd58eaa1a720a90f15f5f837070d
CaV,145,10,True,0,0.08117439315748114,0.1738566883414788,0.028106026432070053,0.04382092167625773,822de6c36b57ddf76044eb629caabf9a6e67c432d33f6089828efa9f4bf6bdc4
CaV,146,10,True,0,0.08545566722408733,0.20700723519428213,-0.009971304736535291,0.019119075774981287,4bfe1cd63659ff63f8b2ff7639bf6f5bb673a42061adfedef784242c5fed723a
CaV,147,10,True,0,0.0671943249853559,0.15517607859113347,0.010061797956073315,0.01950145729048125,dafc031a0b2f0cda919b388ddf29458dd25aad89e8e878f37af312bf91ea3105
CaV,148,10,True,0,0.0659810165536443,0.2083266609029592,0.011275137635502697,0.025772514144675185,a2587b831c0d723a2df7df6c0fbe63818dc4ae335abc51d99e273b8e0e1ec839
CaV,149,10,True,0,0.05519159242356945,0.11407544174545753,-0.022240239927932226,0.028296232146972855,120f83000801a638717ac0b4874d71bb78e38457499fad2ebb548fb710cf6d1a
CaV,150,10,True,0,0.06704147315987287,0.19494324228267404,-0.045523508959128156,-0.00986544309989057,53b60cc39b31c2580d7bdca98875a011978975f5b7a641671638d4516480ea22
CaV,151,10,True,0,0.07480095649381974,0.18329794808792704,-0.006761285377036685,0.016518881469584024,1c787ba2edce8efb63c41592f1159e18d76538ef93cd3e0947a89acf80b87a15
CaV,152,10,True,0,0.05992501492950504,0.2013939556344387,-0.01395052307563116,0.022407556808278217,3b88e0a109c1d50fe8a087e10ffd646850f88f70afa01944e550c8a076fc003c
CaV,153,10,True,0,0.06397793307941513,0.19132933958522638,-0.030139986743429326,0.02546660893227548,1505deaf115445e50c445e91ffd9361a36bb55ef552b96f7fa6513caa41e84b5
CaV,154,10,True,0,0.0717795401847062,0.19259642216906456,-0.012389885392527722,0.0035179099425965976,422b5ef05344083d9a81a70adb57880e99d600a549c3e58110e6e3e1269a6af8
CaV,155,10,True,0,0.0754767638927327,0.1324203186287667,-0.027535444252543062,-0.011777350677388831,89eee9de3d81c80b0a465310aae0d3e2cc461645946ac13dd24a031a14f4b2bb
CaV,156,10,True,0,0.06258812730541012,0.14569696605921706,-0.006187668771694632,0.020342696624580325,fcecb24f3954c39640aa7c2cf268baf8b051eef138edb984f44a3e27bb3d60b2
CaV,157,10,True,0,0.07217838232714552,0.18329794808792704,0.005024377879870867,0.021107459655579808,95653a97b7a38dc466e4fb64166627e601881ceda4f66c82217f1287443d1660
CaV,158,10,True,0,0.0762343797988271,0.2000728738270679,-0.023392773545960255,0.013153924133187056,87081534daaf13b7aa719a97cd7fe4647ae624330736a2116c9fb2d1023d21d6
CaV,159,10,True,0,0.08017620736128608,0.2110882597550488,-0.009739728023020255,0.033879002273267345,7442f06ed6c270911827b981170377d6e6dd748a1e0d77a484419fe23565ba9c
CaV,160,10,True,0,0.06583707835663646,0.12802293374420678,-0.02881542507998991,0.009253632675090717,928a01d5012b0b3d1dfae24430e85408177d1fe705e4518026f7aba4e8524ac2
CaV,161,10,True,0,0.07857044045904953,0.18851985767663232,-0.016992299283304924,0.002141336486797707,764bcc152c26908c528e8c9fad59c5f433322e2dc9fec4c56ecdecd94b80a17f
CaV,162,10,True,0,0.07806969521420937,0.19400591006974827,-0.02022930968103842,0.007877059219292493,ea98105c2d76488bd856bdf82ba108a36d623b8329bcb0b22ef45d5b05f429b3
CaV,163,10,True,0,0.04170913202517368,0.09183877140462697,-0.010719304949114106,0.0029060995177971893,27602153131ede8e9429a508078a7d7eb55507300b8ead6ec1ce84433568b596
CaV,164,10,True,0,0.06693088999060322,0.20499723623779592,-0.015377601896623405,0.02913747148107171,bae15948aa7e12efe204c437bddfcefe2333841f891fe2a8e1a2465b15fdc7aa
CaV,165,10,True,0,0.07589339123479773,0.1524386672836214,0.013833058301528922,0.0158305947416848,a9083f3bfb5d5a5e038d5c4d12fd95b487d5b13f2939f4053e298e8f615e4255
CaV,166,10,True,0,0.06577295816560505,0.16518737473021358,-0.0008412333231910818,0.037932246337563535,6219460cc0257afdea0dcd93839d6aa9a6085f55573e12020ae305c72440ab1a
CaV,167,10,True,0,0.06745472446154423,0.1812281700775701,-0.00732424673315335,0.013918687164186538,48abcde9acbfa764ae3596c6407a1e5aa5e2c9e863377600daccf6d6360e259d
CaV,168,10,True,0,0.07405692665379118,0.19341387180388944,-0.03824685781609549,0.03219652360506897,49bb8fe1f0e2ca95acf765cd2a18d5c755ad3c7b2aba6564d9e4a8e2a4c7567d
CaV,169,10,True,0,0.06703699383376231,0.12862068673339444,-0.0036414465859200273,0.0076476303099923815,98d540bd01f0937189a136ddabf20337f5f485c0661663019852dd709392d59d
CaV,170,10,True,0,0.07259009363210799,0.1429757855468504,-0.028852572252446196,0.010553729827789793,9bbe4ef2e32dd9ad9cf222416c42c50edff10a8856e11cf8bb851840690b6c4b
CaV,171,10,True,0,0.06506813299019686,0.14849415559505938,-0.03392652998103651,0.017818978622282877,3cf7f0394c3bfee4ad6894889e3d7c777c99ccd56f44455f3986222b2d372448
CaV,172,10,True,0,0.05951869041176857,0.12862068673339444,0.02284126682075982,0.01330687673938713,28fa098ae796f8794e141249f4183ca1a150d3a208c6f290b84b8470e3484d23
CaV,173,10,True,0,0.06759829522723436,0.2112202902831641,-0.015787738760369097,0.03762634112516361,cc66a37559c5521be19d29f4a5f85bf510ebb4c2649a4683f2c08a73beb555e0
CaV,174,10,True,0,0.06979574303019102,0.20505772408398418,-0.0020697109620684273,-0.0026766706084975223,e6f97baa29318fa6dd8169a20bcde2655c32554430ebf3544b613eb7ec460430
CaV,175,10,True,0,0.07517146713124054,0.1868038416144995,0.0221608529812658,0.025619561538475333,f26fdb97619425a9a8b86fc451887db71bae059386b172b7cd6e7f90d3a83466
CaV,176,10,True,0,0.05921733423397383,0.16511694115562153,0.006236453304824252,0.01667183407578343,4ff8994ccdecfef8e143357697357dbf8ee547c629387088fffcf38a008024c5
CaV,177,10,True,0,0.06651392872091369,0.18544911716563797,-0.0030625389506699907,0.03441433639496716,0bc13f325a16d9072fc10fcff3b08a4c220d643a493ba9bb594fbccc590f7f85
CaV,178,10,True,0,0.06512087486073959,0.20156761271582063,-0.024049229480089807,0.03525557572906601,deb4a6bbf798a3f1463dcf38300998cc077ce152ce72971a4fbac09e3ae0a844
CaV,179,10,True,0,0.07480338487469787,0.2083266609029592,-0.001751259264380911,0.03869700936856302,dbd7213a74552d67fdea1980d216a564a11280db1ca1dceff9ebae611452fe23
CaV,180,10,True,0,0.08151432094207038,0.17438610375615163,0.00027761012938820606,-0.004588578185995784,bc81c7ce410294abd2ee5d5f897749fbf81f592e8917d15d9f7fce17d05e8768
CaV,181,10,True,0,0.061117561126954746,0.15286412017308307,0.034074364073758856,0.004206196670495821,e55f21fe967bfb7bf2eb80df57a588d5e7d28edc3e9eef8970093f8acd4f4b31
CaV,182,10,True,0,0.06152907894527425,0.17696083891637876,0.010615565463641286,0.022101651595878513,100fd2e5a10af71610a67d6ec6d9721626c52ee42f0c2a8256bbb86d24efd456
CaV,183,10,True,0,0.06647987586750143,0.15948403501878802,0.015963746206766327,-0.0131539241331875,815e7c90c5da93be1c582325ef5bb15ea5424ce588932a8b9d28d61c6d6bbc7b
CaV,184,10,True,0,0.05726015603233623,0.1289959362768919,0.021972563664398814,0.01445402128588591,1e90e7de65ca8ed73d6ea4995f495333fa4aa5b4250a53661e6e8a012a948bfb
CaV,185,10,True,0,0.07034317238913479,0.2081633643673285,-0.007336393563607935,0.009712490493690495,cc91ef72291f220ee3cc3ad15e06540f1774dc018167b0d068bc059cd76b355c
CaV,186,10,True,0,0.045587905679239246,0.12835152014883985,-0.010147942690137413,-0.0013000971526990757,a221a14f0aa026661fcee583c6e6c3fc64da4d5be207fde314df40d5bfb9a31a
CaV,187,10,True,0,0.0657578992024669,0.18704255006367804,-0.003381584654949865,0.016442405166483987,15e97665f3938d952916d90c862209dae044d96f7f3fb311c1cd099823acf8c1
CaV,188,10,True,0,0.06802343143379194,0.1346865879335985,-0.03308303450370942,0.01988383880598077,c9a515a3aae7f9461a31f17d0a6a26c271fb359d11cc976790d9a797aad4f53b
CaV,189,10,True,0,0.07875880061186494,0.21067743232583117,-0.024660269608183016,0.01873669425948199,079da742b150886c15dca93d1c18c8b198732a390fe52603dd5183f16c308872
CaV,190,10,True,0,0.06940622427117532,0.16511694115562153,-0.007523574961181501,0.023631177657877256,b16edea91a48ec690678fc429129febfc41f524834119712ac9134f4500f396b
CaV,191,10,True,0,0.08304524932133414,0.1637972443120968,0.006544879484185584,0.028678613662472374,124fe3c77fcd044a357bffd6c11b8543fe0ebeaf59e7d3ba6a73d25bffd49332
CaV,192,10,True,0,0.07084197201885642,0.14907279498043205,0.0007474182470454949,0.04542692404135629,c55a2373e99ffc0600f32cce6b93d73fea6e9742280a836d8105a83fd7ed70e3
CaV,193,10,True,0,0.08596978414223722,0.19341387180388944,-0.018422357514486398,0.005812199035594157,f8e7447e737af8d08d99a675a90ab1572df96d92d65bfb6c6c28dbc7acae5fb5
CaV,194,10,True,0,0.06386190785074289,0.20156761271582063,-0.013373277747472434,0.004970959701495303,be3ddaa28ae0ce6f09270013bf6e1e7d30524a4f22c75253e7e5f09630cdd30d
CaV,195,10,True,0,0.06635564690034167,0.17950436080141183,-0.00526440596691824,0.024625369598176405,b1d6b39b860e4a9f2410b6bdcf2e01d3ef2c67c9aa0f5042947775adfa65ba00
CaV,196,10,True,0,0.06662957341240526,0.11752718764586653,0.005593173306641441,0.031584713180269564,c74e9c7a2eeaf51b8f283f74ab1277c2ac560489a3a03cf716d354280ff0e1bc
CaV,197,10,True,0,0.06403879943964448,0.13624357010096774,-0.013531361388755547,0.02684318238807415,d9aae407ca79e81a189b174997d823e09dbc0093a5702b5f94bd325c909c0342
CaV,198,10,True,0,0.06929615670514173,0.15693163279942446,-0.007977435368543784,0.01644240516648421,b06e4a5fa2dcfd82b92f40ddef25538b6314db13341fa2f7ddeb2f888efa68ed
CaV,199,10,True,0,0.07684235104327593,0.18544911716563797,-0.005443073536398835,0.025390132629175666,f892e5bc7d8d93ed6d1d96461063713fc03e7591420f863601a7ffb302df470f
CaV,200,10,True,0,0.07870388756066216,0.14628466524223815,-0.03088251143650922,0.013077447830087463,75478253ed5a3d99555af8b68583e5cc47db0e69e66d569e357630034ff40c82
CaV,201,10,True,0,0.06356615587282928,0.1594380126539066,0.0006325151427595266,0.04940369180255266,2b631f0c2a0b7aeac8fbd3b0b27b712b4b8f73c5db90a1e802fdc34abc26eff7
CaV,202,10,True,0,0.08078803973108534,0.1985714155731653,-0.02532596254488162,0.03724395960966409,721b32cebea4c65d480a8d3999248f90a13a5484a71d8d5df90c62663a651a05
CaV,203,10,True,0,0.08139030637225028,0.2000728738270679,-0.030779341913867997,0.00825944073479179,89f1a27a3bda338403ce58be2cfd0a5611e0075c65dfe9f4fea13fa5c683cd4e
CaV,204,10,True,0,0.08220710258045891,0.1900609915874562,0.007358988659981414,0.029825758208971154,9d6e4421ebd16d5f037fd27a7b3abc9cf8dcda3a86e6e797768d6378a633bb12
CaV,205,10,True,0,0.07331019589314998,0.19614232990673797,-0.0044138580415382656,0.0036708625487962276,e8ad800171926f9297b4d4fa26d346b5b6b38f26c63aaccdcfed91da5caa7e8a
CaV,206,10,True,0,0.07718735629825242,0.21067743232583117,0.0034032603366156433,0.023860606567177145,6d7c78eeb3f4b403fd6e9cbd9e0210768a91c31e6cce2975a4ecfdc87c7aae9c
CaV,207,10,True,0,0.07233167997991671,0.17696083891637876,0.01487872517694977,0.0039002914580961168,fa4064a25f1abf459348795c5c0b3a4e99b8de45f81250d3974c80f1ca32a762
CaV,208,10,True,0,0.07510405163089734,0.18120157283665564,-0.008881494831510572,0.010171348312290052,a01095241f9973c7b238b69854d8c19f1c8e01b218c96116f09c38b6b543101b
CaV,209,10,True,0,0.07633721232508081,0.17256908125576637,0.01578380653535838,-0.0052768649138952295,e016eed9d11c70987a307ec3ae3e9c7ab418d83c362c00eaa0f48e0527f96600
CaV,210,10,True,0,0.06453923739097886,0.18120157283665564,-0.02251754979707754,0.01888964686568184,21bf949e581d575675a273a50e76fec8ee3eb8e12496e8fbf7fbbddb0e7dcb5a
CaV,211,10,True,0,0.07485796040759254,0.13787732888412355,-0.021757828146327318,0.013383353042487167,6891194df56e3810206eab999ac315ba96c497d932482d1e44ca1e65cb9107a5
CaV,212,10,True,0,0.07576041062814794,0.19739614958021603,-0.022669321634898765,0.01812488383468236,f994a57663a4993c559434a57139852c65a9f238c2ac00c5b7b5edcb10628b61
CaV,213,10,True,0,0.07328490290226405,0.21006515498060338,-0.008277690133939863,0.0029060995177969673,6340081b345ff78166ac1371ac68c567b5e5d7c513ae22fcff1ef005211402e6
CaV,214,10,True,0,0.07513824982206244,0.1771555952412868,-0.03691797555694709,0.029978710815171228,173f9346961b1e9324649f3a7a2695f6892d74a7dbddebefc9936f3e98b451a2
CaV,215,10,True,0,0.0731490667635615,0.1985714155731653,-0.022843659999063126,0.04955664440875229,fc41328e2d7152bef241ddbf03be50e7ee5755bf3e9e364426e8262d2e06623b
CaV,216,10,True,0,0.06408012586519422,0.158843427012807,-0.0020421632782872123,0.016824786681983728,2fc0ec390e6b32b8796e88a856f9354206ce40fd2ee3ac963f2c854307698db5
CaV,217,10,True,0,0.05153942321611986,0.15650023044404582,-0.009762484084020917,0.020342696624580547,6c210fc29e3498e8f85ed336d58335cb7b4ec3a56b8786e5cfa06a161aa18608
CaV,218,10,True,0,0.06982392959563402,0.18704255006367804,-0.03250750583798645,0.01330687673938713,56bddab0fd9f8a59565137a264005c6604ddff3ac9b0bf972207c04b431214cc
CaV,219,10,True,0,0.07104062984710788,0.19132933958522638,-0.013585919730457752,0.04535044773825647,1e5904ba22ff2f9edd8858f7c44cf80ac192fa47d83bd34721280e58e2c8a4ce
CaV,220,10,True,0,0.050541095140056266,0.08284349353542203,0.0019457041387287433,0.006118104247994083,96bc2449c72612ac5ba623cde76576d6dda1d57afc2fe2c4bb09154217aba885
CaV,221,10,True,0,0.06392337705766465,0.196182966358251,0.007938539526952226,0.046038734466155695,07a25dca4ae15349b1e1e02d5edcf785a1cfe3f9aea40bca023cd35b01b972b6
CaV,222,10,True,0,0.06113402474848175,0.13106390382244765,0.020198283443355614,0.019501457290481472,3eea29cd727c20b57044c938a98937c07ab6fc11719df59f8b40b7f90ab84caf
CaV,223,10,True,0,0.065351559263811,0.20505772408398418,0.014449885164493859,0.0053533412169948225,58aaac5a70efa90e7dc26e1f781131074c4568dee2ea318d3e1b6ee021c79acf
CaV,224,10,True,0,0.07196700178398656,0.18902599384588034,-0.009905677869391116,0.027531469115973817,b2bd2c3f63588a1d81f2942401d14c3a53e6a57fde1e72d4ca270f71f34952eb
CaV,225,10,True,0,0.07898778755140502,0.17613629933444888,-0.003807785187895041,0.019807362502881176,c12ed6c1d427847af9f0ea1a05657c185a658058be4aa0f899fe0251fe4364f8
CaV,226,10,True,0,0.0772164319813332,0.20585187910301886,0.01000623342257323,0.022025175292778698,7fc6531705894454688da55ed320d1e7051f2e1aa8c177113b91734f60b44929
CaV,227,10,True,0,0.06189194287262202,0.15175511491124208,0.02133402721887334,0.03862053306546276,41f50474815f823fbad16d70214942ece8b7618e1076f8ffe54821c0a9c8a732
CaV,228,10,True,0,0.07100258680778544,0.19517013174737646,-0.019082197651673072,0.0328083340298686,3baa9214cc116c4132baac924011b141ce865811314352adf104cfa32b261412
CaV,229,10,True,0,0.07193510795537894,0.14579348577522927,0.00904885835996283,0.03839110415616309,70cf1878be9a9e96860ab442fa75770b16f143288cc8b12a83c7dfe159d8d40c
CaV,230,10,True,0,0.0724253408609403,0.19790432559609375,0.0035296370887047956,-0.00045885781859977826,337dbcdb93f451e300e5aac251f3e17bc4a7ba9653108675dd27ad72bfed8a46
CaV,231,10,True,0,0.07285717727471284,0.1547439389252755,-0.01165558991501836,0.02760794541907341,7e42cfeba0108fd13f0eafc5a54c868c2725916d71a598c9228f86c3bc22e428
CaV,232,10,True,0,0.06993564343942475,0.15503967615770342,-0.007101666506085014,0.003976767761195932,d3b3ff95e6987c031aef163f230e6c9ab4f97609dc2b80170a9b0f03aa091efe
CaV,233,10,True,0,0.07096795238851886,0.18902599384588034,0.011812630718299744,0.03915586718716235,51c85e6f8015d2987d6e27a3e360808111adf81660ed0d3e0d47662b250ced5e
CaV,234,10,True,0,0.07494195287142916,0.13205328023711052,-0.019297268691736313,0.023554701354777663,df8602e7024f39f7d921526a27b781684a91e3014c09e2b2d55c9e6c8d4f8d3b
CaV,235,10,True,0,0.06413849037715888,0.17916056261924304,0.0020504723114593837,0.023325272445477552,869b5f11f02d6c31f02baf1b194e321f7139e869f9b8985b672c59457b4d258b
CaV,236,10,True,0,0.06275511203422851,0.17438610375615163,-0.00564542465644613,0.03709100700346424,f1c5ab7f6254ba858e4f3f9e771d3f59deac801515d598f72a72be81029ce43d
CaV,237,10,True,0,0.0655984807229855,0.14537578700167025,0.03426779981764039,0.007188772491392825,f4f76b0e37699d1f65f2a402deabd82b42936cb03acba0740ff0d1ab4f269d69
CaV,238,10,True,0,0.06743912617813846,0.17916056261924304,-0.023163310291123285,-0.0003059052123999262,6da2c07614e168a2adc90754b238bceeef0b36bac0aa764870e4c4bdf35be9e7
CaV,239,10,True,0,0.05766781176817297,0.15693163279942446,0.03360218695474604,0.03089642645237034,24f9cbe692c6a7d57cddd8bf7c7078890870eacca761a19fab1574f3f8305db7
CaV,240,10,True,0,0.061761095556705316,0.1779994137694295,-0.02703211125627014,0.010706682433989423,4ed99e5676f5d00aa3ca956de6834fd42f44c7a8d8adb33a45ce5af5fb1930b0
CaV,241,10,True,0,0.06766743636323452,0.1836187994416668,-0.024927269640038663,0.041832537795659874,b1f827eaf7dd6b409cc256fb5ad64bf4b61a18d6f380f12ae4e59816f1045887
CaV,242,10,True,0,0.06608864254230325,0.13812405369932945,-0.013108061931306203,0.02714908760047363,85664c05a4a1a529bee6e840dd3140ca1c8478f6dc2c64f6dad7d9a109f3f063
CaV,243,10,True,0,0.07225760253314563,0.20505772408398418,-0.03714844881287793,-0.004818007095295451,9a4e215c00685f711c738ad76dd56d1c474113173ec00d87ba56f959b7ee0e98
CaV,244,10,True,0,0.07270769707435268,0.2000728738270679,-0.002675624274988797,0.004053244064295969,2072e2460f765246ec8e7f0da4ced027af859939f9f52c475e3d27ddd2eefad7
CaV,245,10,True,0,0.08491731399369101,0.20585187910301886,-0.049073632365220776,0.01827783644088221,9dcf37e5116a277d175ae0843a1303cc31ee64336d8a470d4042ee831323ecd4
CaV,246,10,True,0,0.06962974639967265,0.1858955499603703,-0.022425150525697823,0.016060023650984467,b1273d9eda1c5c4c468d4b83aef5e4996a11288b0f64191b905af56235d53a84
CaV,247,10,True,0,0.07450528025196655,0.1771555952412868,0.002841902217921799,0.032731857726768565,ced2fc64ee3cd417426c41661bfb9880f10d6208682e42e29d522514333ea37e
CaV,248,10,True,0,0.0692853772052684,0.17716222506257118,-0.028025940502860003,0.03877348567166283,94820b0afe85e680927113fd8ce750f1f96fb4be3dc73b8453b08193a38c9aa4
CaV,249,10,True,0,0.0735748587640351,0.19614232990673797,-0.00274049541617849,0.024395940688876516,7ca15fe3fbf6105783f334600b2631016235b4ba0a3474d77883349bfceffc54
CaV,250,10,True,0,0.07333015912116704,0.1729088761052663,0.009751476443270235,0.030284616027571154,495d2ca1709283ca8123e79c3d923a48edeab8321fe0f417ac3363c6f7adfc48
CaV,251,10,True,0,0.06623031906988326,0.1836187994416668,-0.014054298272730747,0.015524689529284874,35a88c5699f9c70b0c8275edb5ddcd64d29b4257ae65f43c8e83ed0b79b0ab7d
CaV,252,10,True,0,0.07933078283784098,0.14579348577522927,0.02695535355409917,0.0032884810332967085,8935151091aee9abc5cf4eece4707d003926b09eb864845e36aed522fb2ae92f
CaV,253,10,True,0,0.06760737701312458,0.19294859272483386,0.005600423362328577,0.006271056854193935,09ed18ece3550b901adffb5674fd252481dc8e4c4758baf21d4058f7bcc5c6e3
CaV,254,10,True,0,0.05340825501620422,0.13787732888412355,-0.0025775792475131176,0.008030011825492345,bd577c2b02c9caa77df7c0d4e3f9a54b5f0dde8ccaf7694be15530b32dce5d55
CaV,255,10,True,0,0.05741305847546234,0.1524386672836214,-0.005599000261852005,0.011547921768088942,86e7a2319d3288f1f4c1e141a93369f6389f676f9b1623991d01e847c94a357d
CaV,256,10,True,0,0.061081544834983924,0.14537578700167025,0.015598951656278004,0.01797193122848273,2ee7b5a97c202a5d54efdaff9da4483d36d0fd7c1367f79bf757e39d90cc4d76
CaV,257,10,True,0,0.06772774533462758,0.20852957683304485,-0.002484261573918234,0.018201360137782396,b595bc1336ede67c91afb543e33175c6760e5e8f5b49ea7c7d82546886a92858
CaV,258,10,True,0,0.04638349327518586,0.08831073748902549,0.026747163735239887,-0.011853826980488869,8c4a8921a522619c44cd97508b17d22082c9ac275ea2df92dd871005c4bbbbff
CaV,259,10,True,0,0.05750187179307905,0.1868038416144995,-0.005295234448469133,-0.001911907577498262,0c1050f345e5e9ead114fb68a64f901bd653213170e8ba6459092a18add5762f
CaV,260,10,True,0,0.07512100211332454,0.19294859272483386,0.00637683523747512,0.0054298175200948595,ef5414bc52ad1dd1743a8320ac1b4e535fecf0921ed9acc657f16e1f7889953c
CaV,261,10,True,0,0.0721863284545319,0.1900609915874562,0.010978077360188188,0.03701453070036442,94005526b6374ddb374b9f3458fa723803d6aa301672a01cce727152198a85e9
CaV,262,10,True,0,0.06973434337213887,0.20642077269231246,-0.02238441210151554,0.002447241699197411,f1a76534d5c6f0c64b9b8dc3f91e153da453ca2e519bf680073a2ffc2fac86ba
CaV,263,10,True,0,0.06707862751358384,0.16518737473021358,-0.010062291792099165,-0.0029060995177976334,74616dfcf44619e493776f2117846611c72178391e933ecadbc3debcb89df5c8
CaV,264,10,True,0,0.07281377994101101,0.20700723519428213,0.00371792692163897,0.03953824870266165,1ea8c5fce0b057812d02a1e7e9934c0e1447dcffc2fb4e9e364c999aa68258b8
CaV,265,10,True,0,0.05799163172685647,0.15175511491124208,0.01620166384721844,0.026384324569474815,46eaa1f0574aa44ff5628a3b998e75be750923624d8ea617d12458737be4fcbd
CaV,266,10,True,0,0.07332469136641487,0.17916056261924304,-0.008548414767237222,0.01231268479908798,f610df59f3b201715ec50a1d7334f5736a957125fab4c0d2caed349c8665e8b8
CaV,267,10,True,0,0.07236052899018322,0.174441541658545,0.004915228987575571,0.03533205203216605,b7bcff3c71534430e3575313f9d66c0e27b528e0be2d7c3f2ebd3a117574603d
CaV,268,10,True,0,0.07867527206536831,0.17916056261924304,-0.009950724544911083,0.02026622032148051,bd36ba01149724426ea5ffd306b265e352bc4d748b871764b18f2ee66cafc2c3
CaV,269,10,True,0,0.06426078473289967,0.1875193136934956,3.0102450987889995e-05,0.02179574638347881,44c011682b6f131b321f92823585e3722544cc76b9be53b570eb06a2510f8e8a
CaV,270,10,True,0,0.05948094316652284,0.129123309191333,0.0203171694973987,-0.006271056854194157,6f331e05553d31d0684cc4c8ef23d584da00e149e0db29729d700487e75bde5e
CaV,271,10,True,0,0.06942937548039226,0.20852957683304485,0.000847708290131699,0.037549864822063794,ff4ec9ab82d0e850c59b0b04d51e80e87a456ef7014da79d3e650b5f323f5f6b
CaV,272,10,True,0,0.07836341204826618,0.17438610375615163,-0.004065154607179267,0.026078419357074667,f0be7f6fc0ac7be03709b0e218754ba1022cd19a98506b1e2724dccd307f4c64
CaV,273,10,True,0,0.07880639614245662,0.1594380126539066,-0.038961343464522846,0.014606973892085984,0523359abaf8fd9c5a50e6a7bdf615e69e274246d84febdc6673b5fe1f5b6309
CaV,274,10,True,0,0.07486452997773431,0.2081633643673285,-0.006062819004339248,0.006576962066593417,729e06c7e9a74bcd34d37442109ea81b5d533e8a52224a61b28381e1347cc75a
CaV,275,10,True,0,0.060185471375958824,0.1858955499603703,-0.029953303449461233,0.008488869644091901,fd51e1d8c1e2dbab2c2fe2421dbc9a603552f2d17e2b00c5405440d50f88cfdc
CaV,276,10,True,0,0.07622139945041315,0.1804109853083392,0.009593070192075226,0.04099129846156058,f82e06b8a9a0b4557e56e7ffdb36647a8b837a27d9b61faad5cf80580a7fbb05
CaV,277,10,True,0,0.07326579783227682,0.19739614958021603,-0.004320730146662344,0.028066803237672966,2edd8776c87b2a72a1f5b692d712a47bbc434f510c3e67bea1d9b3647c1b6e84
CaV,278,10,True,0,0.06256234499216837,0.13143481199090176,0.012855834926285503,0.0038238151549963018,285a6252b013db479c07c8c8b4b0f17d10ec8803b57afa49005bbf94e1efa749
CaV,279,10,True,0,0.07112892473960021,0.17950436080141183,-0.009476801601619123,0.038697009368562796,8f8ff47e36ad3dacb5ec80f55d64e8dbc7fa23bf3451f99a79f0d933654c943c
CaV,280,10,True,0,0.07486281752944077,0.19909030645980366,-0.0050820270030813575,0.03204357099886934,966cab997ca32f398ad938f2d087e0d35e940d89f800cbef807affc6bd34b6cc
CaV,281,10,True,0,0.0748200499578259,0.1729088761052663,-0.00023407183343637783,0.024395940688876516,44c251251b6e07c9f451722f6adb6e82e290d437ac9d9db8f55f1380dd1f82f9
CaV,282,10,True,0,0.0727998186355949,0.15693163279942446,0.025391583824381225,0.02646080087257463,01f23da27e9a9fd5aa8ca40189827566666533753e25636607aafd2d0b42d8e7
CaV,283,10,True,0,0.0730053806937854,0.15694555762293447,-0.0032842171244942264,0.010706682433989423,1a3acc9480ef91cce002ae724e26fed169542391eae70aef2611d113588bad12
CaV,284,10,True,0,0.07187835910479352,0.17613629933444888,0.012446329694756342,0.04389739797935799,92afc958cdef39c07b375b5162d7900a7ecfe572b77578f224b20ced44379e2d
CaV,285,10,True,0,0.06054538737899989,0.1875193136934956,0.008194300245486286,0.016748310378883913,e5a9695012f6673be9bd9542d2e52b2b2988f822bbdec203dd2b07df95ca2480
CaV,286,10,True,0,0.06433239037598672,0.14187477208190363,-0.01061149518411586,0.004282672973595636,6502f776ed14574ed56d929b9970b206819230230fcdffa9c8065d98d29a6ef7
CaV,287,10,True,0,0.05917278668830352,0.14187477208190363,-0.01764677173171947,0.01751307340988295,35b9e1083622f12b903cc76c7a4d36e65fa4373a54b766248cefbcfa9166d8e4
CaV,288,10,True,0,0.08060631680987292,0.1620917118884532,-0.02786550957032019,-0.004512101882895747,6e3ce0cf5c9c19f77b7f6cc611bb541fab981a53c1998f0e32954acaf8bf74e2
CaV,289,10,True,0,0.06978302781827568,0.16518737473021358,-0.006324520557562607,0.015295260619985429,aad8783711798786898cccc4708b96cbf23e32032ba5f1ed0e328e7ca25ab8a9
CaV,290,10,True,0,0.06050431083477127,0.1066884364526602,0.009986084418748487,-0.003747338851896931,af276dc7754380749f87cda09d1d987cd259323c6db3f2a43825e50c8f4b7d17
CaV,291,10,True,0,0.06201473432651931,0.2000728738270679,-0.007552237019297525,0.015907071044784837,5c82109c0fd09c38d6b60a413089b29078c914718e1e703536979585021eb217
CaV,292,10,True,0,0.07209809533990826,0.17851641116836828,-0.004990983318938547,0.01659535777268406,fdb5784270f1864937af17cd7db058d7fe8706b17ab7c3e4248ccaeb4614717d
CaV,293,10,True,0,0.06417574471566141,0.12835152014883985,-0.006272890205855752,0.0008412393340990754,6259e1b68afe4ffbdf2010cfaec831942685139b15ec226a921f049a9e7b50be
CaV,294,10,True,0,0.0665926931822515,0.17851641116836828,-0.0018967255926947146,0.012848018920787796,6a0eb461b9a6e2a0ddf0e4b1cc3c151a6bcad2604256dfe672702492c5d74c86
CaV,295,10,True,0,0.06501408858625185,0.14063358946284965,-0.030199415974406563,-0.0006882867278994453,717e9dc804fa021efc6cc9720e021a8b604ad0ff1d3a0b8efe68e2fe846098fc
CaV,296,10,True,0,0.05284325646754077,0.1468688559271874,0.0032088025519962926,0.018813170562581805,744931ff8491e4a35503814809de2c28c6d3ccb5a3dc1e2973c8348a3c350de2
CaV,297,10,True,0,0.06066832824790032,0.17438610375615163,-0.0258975150262728,0.021566317474179364,18754d7d2a23f2202d327b5cdebeb1c85a29998756149d4db7099421d88e618c
CaV,298,10,True,0,0.060082467357666855,0.17256908125576637,0.004455154728557842,0.006118104247994083,5bc035dbe463ae859771a760c33d53771bdd0a70fe929848731b9fb8faaaefec
CaV,299,10,True,0,0.06573484315358341,0.19259642216906456,-0.029108029088376064,0.02707261129737404,6e37129d5184a7ff4d682df699855fa92f8634f3cb618bb69c8162d4984fe0ab
CaV,300,10,True,0,0.06376586444216983,0.20499723623779592,-0.015033652837052047,0.015448213226184837,ffbd7bd56b5ab1d5fa8881ecf311b65260df801be799e186bb4255523bc5bfe2
CaV,301,10,True,0,0.06523783791193626,0.14468768978902677,0.0367086797863545,-0.005582770126294712,6c632e5b46ab14cb2a75198aca860efa1ae693ae9ebb94207b29512d59422b43
CaV,302,10,True,0,0.06611437068207196,0.1729088761052663,-0.00843972896959655,0.023095843536177663,306dde7fdc62a1a2d786ab473386281b401fc0ef925fbe8209dc9db235226b27
CaV,303,10,True,0,0.07685713728555847,0.19739614958021603,-0.01220962347613841,-0.004129720367396228,53586fe4aa9e449ed08c1c9733b12661b36e171b56df8ed16bc30c59b748f20c
CaV,304,10,True,0,0.07362412834063539,0.17958300583316178,0.0032275295571237983,0.021872222686578846,69a310dcdaeb08c6dee2dbb64c9e22ea333b6b8ef41bf51584b40c6787f07760
CaV,305,10,True,0,0.07773366497736009,0.1468688559271874,-0.042470545946891924,0.018201360137782396,71ae62bbfe33b07e1e4232ed1dd91fe3d25c6129c335f33c4cec0067fe4e165a
CaV,306,10,True,0,0.07110805429678159,0.15927317350955109,0.01629312520362003,-0.030437568633771006,6599decce54be47ddb0ae5ce4301c7e100b7089a87ea26398bf6791ff497e3d1
CaV,307,10,True,0,0.04940407879739567,0.10805522323879842,0.004096188890251762,-0.0034414336394970046,3361fb66d74b69a953840c0802ab5afbec01ac85a5d2f7755b06ede4e78d29e2
CaV,308,10,True,0,0.08223677076791074,0.19665405567396257,-0.04417508182340102,0.01927202838118136,3e064e8ddfbddcd4a02570574fde1d06090f415aeef824100999b4811e8989c9
CaV,309,10,True,0,0.06857450962289732,0.19294859272483386,-0.023442736919066398,0.0285256610562723,6878c75d1a234d01d991af21b4282ff683d92bf0f5d6041209cd75be9b303d76
CaV,310,10,True,0,0.06850548317921841,0.1388044627865431,-0.004509514489293709,0.030896426452370118,080679f9623515b183f81fb0d82bf579f2bc6f2bd1911456eb304adcb5da1a4a
CaV,311,10,True,0,0.07113463530284755,0.1900609915874562,-0.00203858176192373,0.02913747148107193,fc361428585c9f19bd0297f3fcf0c1816df98b7ec7a3c63287f90f1a71804d7b
CaV,312,10,True,0,0.0645905102555067,0.12172489503838842,-0.006156127820915236,-0.0032120047301968935,a3f83e7fc6c288acf66c45274cd47ab3747a53ba8e01ed0bd4f685fb7ac6020c
CaV,313,10,True,0,0.060257173991053604,0.1606686155767219,0.011006118752823424,0.011853826980488202,f9cc30461583a1b6683a3a681a5b146ed51967bcb20507663eb47762eee4941d
CaV,314,10,True,0,0.07296207918749902,0.16518737473021358,0.012585692745893162,0.02294289092997759,01b8f203cff717d12f4d15b064e23482ab99247b83d7c97d716bc7c805459da2
CaV,315,10,True,0,0.07695222289264825,0.2083266609029592,0.01984412261467372,0.026766706084974112,39aa14e35821035a338621dba748fc698da6e276127e104914d78bf6e79a55a1
CaV,316,10,True,0,0.0675054643407306,0.1274175774625876,0.003756842910646263,0.03204357099886934,a211ae1daa709313357da8900b00b83e7d4490ad4c4f6f7f4682bad2cb2286f6
CaV,317,10,True,0,0.0775629773106703,0.1424447291005546,0.019172776201478836,0.029443376693471857,b66c1b035c70b587d0b83148856d90e416f87ce17560c7337a2e96521f302338
CaV,318,10,True,0,0.07484521385370915,0.20066485535942477,0.010882211627926575,0.03257890512056871,34f41429f60e29d4f142552e87c24acf6a141171713ba1355a8d534f40b5d384
CaV,319,10,True,0,0.06309047203565457,0.18902599384588034,0.002615791381469501,0.008488869644091679,449b02d7f152ec70943bc07be1d70f78dba0956262cdc8b2ef9beea76f44b592
CaV,320,10,True,0,0.054462516061156464,0.11752718764586653,-0.0012791386385693215,-0.0005353341216998153,1d63dba047e3ca42672bf47290f014457dd90cbd11b8427d507689f03e8f81e9
CaV,321,10,True,0,0.0583054264802627,0.12172489503838842,-0.013274142747598638,-0.002294289092998003,b3c79e7cadf37f87c97bc626a1cf64c881038cee9e6b42ff4e91fe9bb01d149a
CaV,322,10,True,0,0.0690285733670815,0.20156761271582063,-0.014218673693207284,0.014530497588985947,b493b7e9a4b83d78f81621a75a30e4cbb71427164ded41a0a5df2a1daccdbbf2
CaV,323,10,True,0,0.0714106154750172,0.18902599384588034,-0.013847186535876688,0.011930303283588461,7180e0d5e45d7f22acac2bf0e575cea95f09d885137d427f4ffe59d2792e03e9
CaV,324,10,True,0,0.07456269539319564,0.20700723519428213,-0.040686737094611125,0.0428267297359588,b18282bf733836eb79ff19b9826d55464a59c9f9018b1d6edffb3deb1bacb391
CaV,325,10,True,0,0.07524696380720881,0.1812281700775701,0.004504343068289396,0.03655567288176487,e322e6ca176d1429e1f00a3abb3f1e460c6e9e094f04e8ae96c5d2c58b9a23c9
CaV,326,10,True,0,0.060974292419674135,0.2000728738270679,-0.012450565484253051,0.03380252597016753,22929a62e491d97b287228fc6762c2cd9e6b34d554982f18f4c1fb6a891adabc
CaV,327,10,True,0,0.08114508947124263,0.18329794808792704,0.003188859145241807,0.04695645010335503,0c0eb303d5a9701e9712689fbcfdebec912d18ded1179df901625105bbcef2ac
CaV,328,10,True,0,0.05912372143577196,0.17716222506257118,-0.012258567808704601,0.011700874374288572,b22482ef5eb7a411c458e80e30c1c12a722b532dc1248543da37aa64cdcec6ae
CaV,329,10,True,0,0.08077983180234685,0.196182966358251,0.015964198497871562,0.021489841171079327,afbbbe3d592a7022eb147d5109662f86fba4e3ede480e69ff4165b5599f9ea8e
CaV,330,10,True,0,0.07472083951532685,0.18329794808792704,-0.0046749400486316706,0.03280833402986838,1e2ee884430dc90f079090a9324e5de1c16d0c0600a173ad9fb8cedc84fbaef7
CaV,331,10,True,0,0.05548406254574836,0.15175511491124208,0.018085421105779487,0.015983547347884652,2ab4def7f8b47b1a6a387575378428fe7e5362f2fb895dd0c2c5bf6030267fac
CaV,332,10,True,0,0.07089498371065253,0.1468688559271874,0.005214523986780462,0.015677642135484948,9c3e174e0a0ec17bd5d396d63e240203ecd85b35c6899d26eeeeabc3eabab7e5
CaV,333,10,True,0,0.07077251000871818,0.174441541658545,0.0012768379860808032,0.03640272027556524,96eafd5f9b8cb4dd68675f54f86d95f6a6572df044987316bfb770c007085a07
CaV,334,10,True,0,0.07716517644987561,0.18704255006367804,-0.0007268145429468742,0.017666026016082803,287d33bebcee0637074b04bcdffc4fc36a849d083d702e568c75d92afa6454cf
CaV,335,10,True,0,0.05519632728266555,0.13812405369932945,-0.015654401089743475,0.023937082870277182,6a40feccee59ed1488f1e2a5463bab6805704ae8d4e832dc7722f6e21c6eb752
CaV,336,10,True,0,0.07257194952961483,0.17950436080141183,0.028173349925261215,0.031814142089569675,d6eb708885d930985100f7b5414146de8d67817293c8a75e0594d196525a4a78
CaV,337,10,True,0,0.08194212019722766,0.17678809624028988,-0.0011911372438846435,-0.0006882867278994453,5e19cb916261caba6df954e98d8bc8928ebaf512984e9dcb67483ec33753a829
CaV,338,10,True,0,0.06513852983202412,0.14063358946284965,-0.01007300280764567,0.010630206130889608,d764e1202f0808038bc35c830475fb298f3bd77aaefd5f82cc09b66868551302
CaV,339,10,True,0,0.07474054128725582,0.13677340549038358,0.0015575138784873488,0.009406585281291013,722b433d3190a01ddecd2f543f9d01e35dfac70a9d9d654f839b3e6eaf800c91
CaV,340,10,True,0,0.06246890552512422,0.17950436080141183,-0.010418873955866603,0.04114425106776043,076a310c43a975a1857f456a9505c32f3d5a7920f4b730a7babe375e047e358c
CaV,341,10,True,0,0.06332652901705185,0.1324203186287667,-0.0007708334646556736,0.008182964431692419,c705c2cb2b5ce03fe51c7272f7779278451b2c395cb3617005dc3777fd1fb482
CaV,342,10,True,0,0.06259245608049262,0.17916056261924304,-0.028850150808347852,0.027454992812873558,6fbc8bcedee86bb8b85c3863ede6a46b51a92b2a98c29cca7b07e918ba0d6649
CaV,343,10,True,0,0.07454978927089155,0.18120157283665564,-0.027241223957417793,0.008794774856491383,736a32d1d2056f0a4af2f738976b5d07d37ba011ed7f6ae29e7207db62ee3c39
CaV,344,10,True,0,0.070211147088521,0.17256908125576637,-0.019093383771529915,-0.0025237180022978922,4a1f8529b8a356509b7da494bba1cba1e9582876d44b785b88deb55e11bf0f61
CaV,345,10,True,0,0.06231102505732237,0.1620917118884532,-0.010094111727522836,0.01950145729048125,73c29160ae89a927e12a91c3ebe9423bb057bc67f2610bff0e49f27923f158db
CaV,346,10,True,0,0.07658040445384239,0.2081633643673285,0.013113657931782763,0.035026146819766346,00ffe60734e4beef5e46a8b7c5f51ab7092b912b64ed9fdb3143af887cdc4f4c
CaV,347,10,True,0,0.06926352208681398,0.1392030804122367,0.000929486718895145,0.0216427937772794,1ec36e180ed3b70417ce4d0efc740d2d92075f91755f6fd60b26713e0903a597
CaV,348,10,True,0,0.060835857051993104,0.17958300583316178,-0.020755421654288897,0.03143176057406971,416dc2332c5046512c22f1fe4c93e3c6f012899482b8daac79cf5a7c62849106
CaV,349,10,True,0,0.07154753058073822,0.189965267944654,-0.00481334634362196,0.046421115981655436,a0ef1542ad8fe2cc31fd3c8789f40e1a568e4803d2818e6f9d4140477ef30309
CaV,350,10,True,0,0.06362624690995936,0.14446162715048239,0.0026643440482820857,0.007188772491393047,c4a25306d67bf785fb23064ae08aca707602948b8f50df21d8c93f5ccee2c73f
CaV,351,10,True,0,0.0652107336595739,0.1524386672836214,0.008616666143234974,0.013918687164186538,4d46b8d31076cbccc6da84752e48d4e66e4f9981b829f121003f6496fc8c30b7
CaV,352,10,True,0,0.07707054600575276,0.20499723623779592,0.004166017630263141,0.019042599471881694,3dac8504191be5f26e5df3d3aa82a7017eddf9a70724dfcb943b27a11196f020
CaV,353,10,True,0,0.07437098584412893,0.1812281700775701,-0.0049177877177457585,0.017589549712982988,253003c0352b3779534d3c5869f737fafef06ace58f759fd7c4c6029490aede7
CaV,354,10,True,0,0.06253291986512337,0.14683383235274064,-0.02067925838463136,0.01659535777268406,63a6ec18625493eef59fee74005d6d55f49b6aef3a8c7d59f0c5c87d3fdcf052
CaV,355,10,True,0,0.0746952115999162,0.189965267944654,-0.010977792967690636,0.0354850046383659,da367bf9f461fdd93533b27e2a856bcf707eed133b98bc1e73092cde64e57c17
CaV,356,10,True,0,0.06854870288420221,0.19294859272483386,-0.011568184978425933,0.01911907577498173,2b8484cc4a831647b4ba330f1246d813f9ed5ccb798e523c86acfd06edd94f2c
CaV,357,10,True,0,0.07886639077423152,0.19665405567396257,0.020621539649882337,0.03273185772676834,32b71db93fda3b91506160748bd2da5b99892bf3a0b1c8ce580c48a7654b3c5a
CaV,358,10,True,0,0.07583561124266792,0.1900609915874562,0.017483749391862702,0.029978710815171006,abbbc75c76938ea44e05a25c1974a023ea349e9d0309c5c81e9527ae3bbd0e98
CaV,359,10,True,0,0.06083027633797394,0.11943681825619046,-0.01326283405033779,0.02684318238807415,76465b43b5ef62f87b064dc11b21568fbe337bc9ce59801ec3bc466d778cafdb
CaV,360,10,True,0,0.06679182811382783,0.131645165706921,-0.01204924023260201,0.012236208495988166,9ccecd8e597a4db715c4692d87c955c2f410b1c16c4bc50e071412ca0918c799
CaV,361,10,True,0,0.07411495059824813,0.20700723519428213,-0.0032949302872031794,0.014377544982786095,a4a8d2f7d108c7696cc83a51be8d0514fc75249821c056f4e325107113f86e9c
CaV,362,10,True,0,0.068497732540089,0.19665405567396257,-0.012016649900838505,0.0076476303099923815,0c36f80e1190dfdb860ebd5f9826bed3d135e010102f7511298cd2ae6fa0db10
CaV,363,10,True,0,0.07605702839472529,0.1637972443120968,-0.009575537751498775,-0.018277836440882878,ebaca8da9c774c93bfa9a0ff71dfff32a597293e3d3ffa8c6ec28ff9b2455305
CaV,364,10,True,0,0.0747440050561021,0.17958300583316178,0.021451722865991396,0.0005353341216991492,9723041845134b1dcaa12d87125461eb682c5e0ff8a7a356979196f5dd163240
CaV,365,10,True,0,0.07426000429295686,0.174441541658545,0.028628229187331655,-0.004282672973595858,8153a167d1654ff4bd2e5ee9b27201249cd62997410780578a46fb4703305f05
CaV,366,10,True,0,0.07052829169294804,0.15503967615770342,-0.017601367293839987,0.03104937905856997,29c833535a4564101d4701b346f603f5a4d1035ee227241f606d160249546193
CaV,367,10,True,0,0.0682396575713651,0.19494324228267404,-0.018136895838007705,-0.010247824615390533,71ad5fd7b414ee9b934e62b5206ae8d523b8cf3c028cca1e1eb2fd1326ae7891
CaV,368,10,True,0,0.07800784188709292,0.15693163279942446,0.007687562963340833,0.02669022978187474,73211275b3d0bacacd529d955ce183122ca5fa7f3149a85aa4b16575cbc6fbd8
CaV,369,10,True,0,0.053598828056339545,0.1835328894658287,0.013859665326637183,-0.02355470135477744,f0e2c691f7005db8663187c9165db88f97ecc0cf4015994575592e447a7ab7b1
CaV,370,10,True,0,0.07390151077920806,0.19400591006974827,-0.0167137766793084,0.02646080087257463,6a7b369cd6f87f808ec7b8431b61811da56f929fd312b44326b5cce5c702b879
CaV,371,10,True,0,0.0787997416769088,0.196182966358251,0.022351450219574076,0.03915586718716235,efc6fd3372be716184ef1b0b7d5e7d12bdf642d60ecf3725c33993dce40b310f
CaV,372,10,True,0,0.060158810106094765,0.13817771010001456,0.003950537522517061,0.017054215591283395,0653a7e886c9549cf325d8315b8ff8c080a24aa359635f2bc4cdb7626933b75a
CaV,373,10,True,0,0.05949516007190579,0.17716222506257118,-0.004595139472408194,0.029825758208971154,672da65d6cb5dcfa10436c8e2383002b293d6de1ca78220e7af7261fde1f31b7
CaV,374,10,True,0,0.06903021169846675,0.1835328894658287,-0.008994424790908173,-0.04160310888636043,b388a29790f286f458c3f44240a46c09958af8bf4b15fce7bb032b062c5c9b43
CaV,375,10,True,0,0.08301280428548541,0.18902599384588034,-0.020572936326517244,0.010630206130889608,7cb6f99931e8554850462343b4cb132f9b7349529396c391a36f91ae2a65e76f
CaV,376,10,True,0,0.06335587707726602,0.16518737473021358,0.0032381718806222537,0.024854798507476072,e660a7e4f00f858529769ff6ab88c9e71ed0606dc9e3c8dd377f08dbf48f7d5d
CaV,377,10,True,0,0.07957459741277947,0.20505772408398418,-0.024520961606483427,-0.03823815154996346,fc1ed0acdf303a480f1d701224848d53c5539c3e607cbebdc496638129eaad69
CaV,378,10,True,0,0.06123840697590601,0.15175511491124208,0.023875110782828113,0.03693805439726461,dc06cad06da7ddc7f779b2d9cde55bc484732b950098c04d9448a2c58f805ad0
CaV,379,10,True,0,0.0714071367015137,0.18329794808792704,-0.04265688945667856,0.013383353042486945,24015fab3315077069c03ef5a8860ca384c8507d8e1aaa6ae7269d1feac5d67d
CaV,380,10,True,0,0.07313538861412398,0.15693163279942446,0.03275931614371985,0.013689258254886871,a1b07ce74486958f11a07dbf7325a6bd67798857abde946f4aa5e20d451993e4
CaV,381,10,True,0,0.08364308756238874,0.20405052034512874,0.0018741848284618001,0.021183935958679845,ef2499304f697a457419723a0978aad68f629391077a646d29144a26347c224e
CaV,382,10,True,0,0.07806027599493262,0.1804109853083392,-0.02736616505192946,0.029978710815171228,67865d2fe46c65cbc6580e7c8083e3ebf0714bc0a7fbfe647ff13ad47dbd211b
CaV,383,10,True,0,0.08125932033054097,0.20322959396324763,0.016068163457502393,0.03127880796787008,0757ce5404a6343b201b271a1c8e4e33d36346f2e672ddf1a1bac5b5449e1119
CaV,384,10,True,0,0.06458038217147875,0.1738566883414788,0.009249124141013532,0.012848018920787574,a8765c091a216924b2d9861bd70af60e420ec8a87665255a06c532d5e7e06e1c
CaV,385,10,True,0,0.06571488047154098,0.1429757855468504,0.012640559427147702,0.012389161102188018,b16f28b7faedf67af03fc2a7466eef1eca1d85ad66a98d6c57639fb0fe351bb6
CaV,386,10,True,0,0.07479954514832762,0.1858955499603703,-0.015519677371875762,0.0027531469115971152,64af3010ea4b31656c662f0621c7823264a33246db2585b2c37a9516b40a2995
CaV,387,10,True,0,0.06882535506152178,0.2000728738270679,-0.03426824782521698,0.013230400436287093,40effab3939f52a666cd456c98538fb7d3d60f5b3e381eb949431c6fe62867e3
CaV,388,10,True,0,0.05533678102138312,0.10275137067280105,0.015824798608772284,0.023784130264077108,bb2812b573863fdedd3df1f89b5885b5f26dc4e10ea6a9071decc3d9e4621b38
CaV,389,10,True,0,0.06871092690497382,0.2013939556344387,0.007127083051276628,0.021336888564879475,faa3d7cccded153740c1474e9cc598f15adcf1746b91ad5d4bd71599bd99213e
CaV,390,10,True,0,0.0598482073677065,0.14243392219091888,-0.014298046978491463,-0.006041627944894712,eb46f62ff336e6ef4dbfe629eeb8d8954c4d15a0c024335e65a5260e5f643fba
CaV,391,10,True,0,0.06447764427814291,0.17958300583316178,-0.01035377181467445,0.010630206130889386,ed017b117f40d544e1423758d3aef2cff221f6f43ead3d5992484a894da2ed45
CaV,392,10,True,0,0.062329937982987124,0.17625981603516389,-0.023689752434834732,-0.011318492858789275,f9909b0c9d916bcae9123cc1c39273b776acf7f28097b54cabc37654287048c5
CaV,393,10,True,0,0.061752552962518234,0.174441541658545,0.02849152064417626,0.03219652360506897,d5984e7b23f78478f3e2b5286d2f4221a017d9d5526eccf2693784ac1981160d
CaV,394,10,True,0,0.07262038585078542,0.18329794808792704,-0.008920462234781157,0.014683450195185799,85069397d505c78d4c58064a29a08aae376c33439aa38900c364ef5c7e3c5076
CaV,395,10,True,0,0.0744614928433807,0.1835328894658287,0.022823724509840382,0.005123912307694933,6ad349d20a785ac335972e568695112ad6258463f1d5118cd8bea6fc923094cf
CaV,396,10,True,0,0.07124895874348604,0.14628466524223815,0.014917082462192921,0.01246563740528761,74f5dc6791c55d25a64babc7307fcb0847a3db6fa1162391268ad0d4d76636c7
CaV,397,10,True,0,0.0772701206955532,0.19517013174737646,0.003613488545135546,0.019807362502880954,3f9702780c21c74b4247e2678a222196b39d390f437af92126fd5c5b196f6697
CaV,398,10,True,0,0.06531232810356534,0.19294859272483386,-0.019334353755945832,0.019272028381181583,7c1b617e0444ee9157f78d331555b779bd0f288fff5ac76df0cd5e2ea9ccd7fb
CaV,399,10,True,0,0.07066556739181848,0.1468688559271874,0.021609049817556958,0.010477253524689978,c91503ca1f02d190e0588f4ddb681a2f45d9946738f5c38d1bf31a3fe94a62d9
CaV,400,10,True,0,0.04660600874231126,0.1804109853083392,-0.01279401795769708,0.020189744018380473,d9a779d5ddd4590326b65fc359710c8f2f308c1342d17ea7f92d01c497b61410
CaV,401,10,True,0,0.06838299320750343,0.1868038416144995,-0.01351074216413628,0.029978710815171228,9e03dfe4c6954c91a23154920d795c3f79ac6f01bda9f7d40fc3552afb005983
CaV,402,10,True,0,0.07274405228886044,0.19517013174737646,0.00803963878323688,0.032502428817468676,8397303c9ed9c40afafeeb4122956b538b681dd26a5e14ef2d0da0062f30ccf0
CaV,403,10,True,0,0.07610591936247312,0.17916056261924304,-0.00728566734497349,0.0018354312743977808,c53c8ed13ee3ad72c46c0037ba1f73ee2d677e1914f6ef1646451ecd008f7ead
CaV,404,10,True,0,0.06628762376715784,0.1858955499603703,-0.02074631736902699,0.02990223451207119,00d0687cf70a678a1d61962960f8931739e684d10b861b29c4e381156a0ff9c4
CaV,405,10,True,0,0.06447297950361766,0.1868038416144995,-0.006492443853134411,0.027454992812873558,7a0a19450c691549e95f056d05c9785dd5172a8c3c177f9d39a63f936603e271
CaV,406,10,True,0,0.0772334148289102,0.1900609915874562,0.03686680900900918,0.03288481033296842,31e51cd62288658ccb2f354716f3399db09624dfad499ac8803d60032ff3ee3c
CaV,407,10,True,0,0.06627364333803012,0.18120157283665564,-0.028570813765812053,0.02179574638347881,f3f4e4a52e990324eed2f4b13fbae4362b3c73e3e72544e5a1b7ee114bd85394
CaV,408,10,True,0,0.06718341019851003,0.15175511491124208,0.019968811117229812,0.028984518874871856,faab5698c834dd4565861f00c3e63c2e0db43fdece1936081217a8719abbc50b
CaV,409,10,True,0,0.06592858995774228,0.12194672294800642,0.0008702905274127204,0.03670862548796472,44f3ce3527e3c1ac3ef4c2e5cd4294935d7c51551dde577bcfe3b1a5a0dc7c40
CaV,410,10,True,0,0.06658067926242148,0.1606686155767219,-0.029681576727730974,0.002370765396097374,c6dd991f3f913e08d9df66eac172811824f511f1e6139d4a238bc3b5f4583406
CaV,411,10,True,0,0.06380643427230351,0.18329794808792704,-0.001265298437945539,0.02913747148107193,4bec6abaf879ef4b6ab7936c27534803b3f3879c978dc7a624a1530d2935a7ce
CaV,412,10,True,0,0.06892335831459552,0.15230854253827372,-0.014370511755291915,0.006347533157293972,04c410adfeeb1a4f7e32b0a682e1f4a54c2c6c86e05b7039b1ccfc2fe49f560c
CaV,413,10,True,0,0.06377751611198554,0.1122940621690171,-0.0007201928661988433,0.011700874374288794,fe1514fc8ad51599dd29a194a600fd5ee31b623f33a0cc0902973b680d5a949a
CaV,414,10,True,0,0.05863804856199114,0.1985714155731653,-0.029790780563644148,0.026690229781874075,45b5168514f7ff25691d288bfef41f2d2572138e6e26896903afc27382cefaa2
CaV,415,10,True,0,0.07069257231893215,0.15948403501878802,-0.006606005890143152,0.012848018920787352,9bf053fa06182fd47869c14d04c2c7fa033222e94a064e4f471cc17e07bf9ac5
CaV,416,10,True,0,0.05660703238868956,0.08970671900262757,0.015943685448643885,0.01483640280138565,ec1fadd9ed5028ce405e5ceb143c497115fc7bc580df7dacbfde7c732f181bdb
CaV,417,10,True,0,0.06972289533197973,0.17038023139840294,0.00036355747718586073,0.03609681506316531,9bec5881d549d3d898d91e2da9d2acb6ae7e0d8fdb5a1354719b36803f735396
CaV,418,10,True,0,0.06125875859897924,0.20642077269231246,-0.004614343616442529,0.016060023650984245,cef7ff72c6f5fc101605710e0f4a6547f6eaba8a4da02c9613f84c115d654b0d
CaV,419,10,True,0,0.05583031389230484,0.17678809624028988,-0.008627779155878201,0.0006118104247994083,010844777d2a89b4ee297b227dcf5bcc8741b48798ff127233a2ad4e0259e4bc
CaV,420,10,True,0,0.08057788035539218,0.18120157283665564,-0.033175911048916706,0.02447241699197633,2f050e64ece65ac455fc601f3180ad0e99435a643f8e052325659ef8fb5b75f2
CaV,421,10,True,0,0.0729881857273699,0.13143481199090176,-0.0379700467372992,0.024395940688876516,b1c62e98a799eae83ce8f1b49055b5f6a3f707ea29db3cd0bd475c619963170e
CaV,422,10,True,0,0.06653679519568019,0.1729088761052663,0.001439003047275289,0.015448213226185281,326667392a2374bae890f7ff336edfe58e1d94ed2c9b2b7044e4fe11e8e12e27
CaV,423,10,True,0,0.05807269364238721,0.15948403501878802,0.025294565305198358,0.016060023650984467,7efbfe464fadece7b9dd13ca0d6acfd1adc446370a646959f80347b14890b6c1
CaV,424,10,True,0,0.05934124167946041,0.14063358946284965,0.007200085041274784,0.011700874374288794,449b65b8c2e83ec3a968c791d39d72462d85da519bf8857c7fd076100ecdfa63
CaV,425,10,True,0,0.0776220233024227,0.19517013174737646,-0.017787252182491997,0.02294289092997781,cb2e2a06d725ddae7de93f5ba65438afdc63999bc074de8b2870d82cd54c1c72
CaV,426,10,True,0,0.06529986859872579,0.18902599384588034,-0.020786040244770376,0.022331080505178402,11f47877b741cdb3e6ebdeb2ac9670711b2a8f5568eff8343ff9f899e417e695
CaV,427,10,True,0,0.07241908723596847,0.21067743232583117,0.0037500474599514444,0.03410843118256701,1b168ce8a289519ce8b2aca5771634c21122225633b7caf0ce094f5ce2021dc0
CaV,428,10,True,0,0.07100303414020666,0.1274175774625876,0.003928522710398452,0.02340174874857759,0004513c5439a2e77702c8e1e88bb19eaa61d1838588006bcf4256ccb3a7d670
CaV,429,10,True,0,0.0703366583428233,0.18851985767663232,-0.011822758658608379,0.02087803074628014,69ba3a1dd6b4aebe7422cad06a4b2023e8d3534d474dd0c8eef17547155a6f0e
CaV,430,10,True,0,0.07220795558242876,0.19341387180388944,-0.02376439532974084,0.02722556390357389,7d61365353f3870d07ff505183227f0940275679dafede5e6ba293da7ead845b
CaV,431,10,True,0,0.06263609140176436,0.19665405567396257,-0.01757677015045722,0.03456728900116679,729a822355ca7ab9e9625f8ba0764fdf3af7c9a2eda765aedc06054b317f9fed
CaV,432,10,True,0,0.07713987509310814,0.20117803666296588,0.012401070451319995,0.0076476303099923815,ddde7a3e555c7d975978f1933025f343a19347de65af02486b519ddd32c4fe36
CaV,433,10,True,0,0.06990145806310664,0.1835328894658287,-0.01109186687949637,-0.01843078904708273,5455774250358a0b71c8b47690cd73b889cc05b2e7a83b91f2e4dbac4a67fdb6
CaV,434,10,True,0,0.08128820674606874,0.19698044240096285,0.01709112324215689,0.03334366815156797,b762068fcfce67afc42f8ae1b442d3f9a386607b5d31e3c294c53e38a2d266e9
CaV,435,10,True,0,0.0752761501076176,0.1985714155731653,-0.027559198372086646,0.016518881469584024,27f95ad0eeab2a6db2bf388d4e4ed0815cceabe505f95812ee7cc4749afa4bc5
CaV,436,10,True,0,0.06743546511477268,0.17256908125576637,0.03472231205835552,-0.023554701354777885,e47a5389110a2104d8d298083f173e6b14f6ce3a2abf4b69e63c1628c84142c1
CaV,437,10,True,0,0.06999204959266639,0.15694555762293447,-0.00497005463216893,0.01827783644088221,71fb242d578eca72f6cb827588346f72a17576aa9f0e1cf60737a84bfdca7ea0
CaV,438,10,True,0,0.06065247596287793,0.15694555762293447,-0.015100028575488311,0.013383353042487167,caf44806425f4f89561ad455fdcd1279f99c1f5d25901ee50cef7357cb1c0895
CaV,439,10,True,0,0.07716542968950808,0.15503967615770342,0.020389279091715506,0.022484033111378254,fe5ede5c61e2d753e86b5279b65c953c90cd8c6366538d826c6cd9929976c524
CaV,440,10,True,0,0.0663216723350365,0.1403195791662411,-0.016565110432036123,0.0173601208036831,e5e8e5ecc718566abffef1b294c3a0d774dca6f6ce742a7ba013472bba3b5af7
CaV,441,10,True,0,0.07273950712914776,0.1524386672836214,0.01880957343595413,-0.009177156371991346,72b6e6fbd76886ed59d6db000a9e82ffbda465eac55d313a7cb04439bc304d19
CaV,442,10,True,0,0.06769928830297259,0.15230854253827372,0.002247488944520981,0.03028461602757071,a792315c71a08b656519078432b47d9499d5475ecf198643aef030ce0c6ee73c
CaV,443,10,True,0,0.07458026371058385,0.19909030645980366,0.020482735336685876,0.041220727370860466,3c64610fac884f9c9a9f6353684259b5432b6051d2ac1f807b7f96324beafa98
CaV,444,10,True,0,0.058162742228680266,0.14849415559505938,-0.0017121794706094207,0.00206486018369767,2b0a18eb12155dc9027b7f7d58a8dfe0bed75195d9585b7971434777c1563b76
CaV,445,10,True,0,0.05243023710882879,0.08244506660743289,0.013226168673624583,-0.0005353341216995933,1689af78a741440159051a79b08fd753669c591638ab8e7701c7631d7591c328
CaV,446,10,True,0,0.054892759793073787,0.12201098142744951,0.006383729897050383,0.03364957336396768,6d1bf10c04d6385cbaa2753faf2e18bd531d5248719e29b9f9e3a1faf96b5e43
CaV,447,10,True,0,0.06240400372070064,0.196182966358251,-0.012806398506432615,0.030055187118271265,da04f03900817f556315c155147878a25018ee037917ec738fc13fcef0e4b97f
CaV,448,10,True,0,0.07303702282674594,0.17625981603516389,-0.024929995288929696,0.00910068006889131,1616fc5549913b8bfdbebdb258b39c868fd7ffbbbc9de3741993bb0a5a6d4f33
CaV,449,10,True,0,0.07230837568431606,0.18627169258248405,-0.03424090569556504,0.02355470135477722,2202abfb2676ef2bb8f107fd0644b410bdab9135ea8668cc082fe498b717bb52
CaV,450,10,True,0,0.07445525963367935,0.20156761271582063,0.007325935964047403,0.03533205203216583,cd8f3231a54d21365218d2c314044d09d045c42f8a4763cb1cf42b81cb120dbd
CaV,451,10,True,0,0.06623496744829797,0.11872103033733723,-0.02648339838175784,0.002217812789897744,9977576a024a3091f4e83a7ca6604ae10cf76683bf409633024addb738dea7b2
CaV,452,10,True,0,0.08252664799005752,0.19246619076652186,-0.006499906361069341,0.0034414336394965606,1fa36d920933c256cd8b398b85c7a0dd7365951e0055f8d4e4df3b3a085b6de3
CaV,453,10,True,0,0.06819272634014237,0.17716222506257118,-0.0048271050560069195,0.02355470135477722,df2e316b158f25ca0c634af2ae66d7c69378194f41e190c123421a2c76c12395
CaV,454,10,True,0,0.07792980893656826,0.19698044240096285,-0.0027151625455990036,0.02064860183698025,1c0442c9613c2829a5b97c9019b6f4230d333e7ab434ab6133968b0b372aacd5
CaV,455,10,True,0,0.06010273862561878,0.17950436080141183,0.00019603072672680355,0.031202331664770044,38155537206b24b23bef13bc6bfa6dc2c64de894ff3d6cfa0dd511d66d4aa426
CaV,456,10,True,0,0.06939423553134792,0.17438610375615163,-0.024551861169829214,0.030666997543070673,7f036c472cd15171590fe5ec381b12373cb8deffd93745458eda09d5c8124c15
CaV,457,10,True,0,0.0811913496815826,0.20585187910301886,-0.013862531914970111,0.010553729827789793,b05c328084f37010768bae7cc265e0774200440e66167d714e37d999cac29ec5
CaV,458,10,True,0,0.0704132234947559,0.19517013174737646,-0.013937581437779789,0.027684421722173225,558e8b5ee095b709f658fe943e9b9d0900b58158fa5c7e7528945711e709f53c
CaV,459,10,True,0,0.06700361474934151,0.21067743232583117,-0.02329648190300926,0.03686157809416479,bd2b093f93588492290c2fe2ba61c1161ba0bde5f8121acf9d64af4cf9525c1f
CaV,460,10,True,0,0.052212830552431276,0.12001216217127159,0.01363497767745292,0.023937082870277182,c0ad92119ce9fba1154a42b91ddcb76a9c97bff79427f4dbda11ebd903a61ad6
CaV,461,10,True,0,0.06683933010681482,0.1812281700775701,0.004162143278992003,0.013536305648687241,c8f10f51c9e1c42702c7e279253d899f886a1586bb55875b8dd3ea9ce0621172
CaV,462,10,True,0,0.0731203064183035,0.2110882597550488,0.01913828636856607,0.013230400436287315,e37dffa7d3b94d628a6786e5890d10df7b67b28da87c950c58655ffa3ed693bd
CaV,463,10,True,0,0.061198389341651484,0.1900609915874562,0.0165885383342963,0.03494967051666631,c0032fc6e8b577333ca9d64a2064f8716552747d8adb137b3436aa240a403756
CaV,464,10,True,0,0.07941697505219196,0.20700723519428213,-0.007813595548412211,0.0014530497588984836,27a647ec2732a1dfea166757232040b612990bd6748ef1572c37705c2676528b
CaV,465,10,True,0,0.060043567455742755,0.13804314594313963,-0.03417619884815548,-0.020648601836980474,d24c9ade0e7714364c7d35ed47323d6c40e96d5d0ace7d2848aef8ba2c1ff56c
CaV,466,10,True,0,0.07452982640195145,0.17851641116836828,-0.04154811342074627,-0.008565345947191938,5ca52869225424b9f18018863d3e9fc4508f4fe09a68879f6918f5d619616051
CaV,467,10,True,0,0.06259647807197669,0.1524386672836214,0.0005410831493561918,0.034873194213566494,863b0776293b3d394eb85bfa485e64e7d6a53048a079c61470e4fa55d25433fa
CaV,468,10,True,0,0.07313763588231197,0.17696083891637876,0.01447892704249476,0.027378516509773743,07ecb0ee5bc78e4eed2996df03627e511210b35c2382c32e46e6ec7ad5f903c6
CaV,469,10,True,0,0.06039412179584722,0.15650023044404582,-0.017503309109980325,-0.0012236208495988166,bb9da274a4e0fd23b8e8c1f7656383a8461d68949ca6bf3127b83fabdaf6525f
CaV,470,10,True,0,0.06540446208533253,0.19665405567396257,-0.018627276809656923,0.022178127898978772,c9e7afd16f5babf072f664be44b1f0f97c82dcc461f5b2bd1012c150344815e2
CaV,471,10,True,0,0.061436363357448155,0.1738566883414788,0.017842740073485075,0.04259730082665891,0ff72dd0d2815f80e8253288f19e795803019cc8297314811dd6312ccc3632d8
CaV,472,10,True,0,0.06210259842548725,0.15694555762293447,-0.004986161690232471,0.03319071554536812,3d489236983d12abd32641535957a19af8c1bb80910f10592e7b9a51d2a4c5d8
CaV,473,10,True,0,0.062333625777696924,0.196182966358251,0.021000133497141915,0.013995163467286353,b91828d73ef9997fd68a34736946ae6b9474aa31a35d2053bd98d018961d738a
CaV,474,10,True,0,0.06018801697556016,0.14569696605921706,0.02759745184170037,0.017895454925382692,73a4471e10be18da198dae64a908838a37b831d530b119ebde334121e6da05e0
CaV,475,10,True,0,0.05316491765707602,0.13787732888412355,-0.0057821184897097755,0.023325272445477552,6b5f0561903e2bb354ec60a912f725e4c4401f4d68de8621c7f7bcef2b879ebc
CaV,476,10,True,0,0.0753944031124464,0.2013939556344387,-0.010713554966270467,-0.012848018920788018,f678921d3ca9f6a20d4f764a193419e1f428d0e9bba5b5c0e15c8f95bc1a9a10
CaV,477,10,True,0,0.07330020360900615,0.18120157283665564,-0.00666651060619694,0.0008412393340990754,8cd0d8305f4f209cec4174a7e2c88ef3db0b940bb5f2ac86955d5f8c18cd6b6b
CaV,478,10,True,0,0.0690294260986728,0.16019591193515567,-0.01385091710707842,0.01483640280138565,5bdf219e5715f8624e8b6da83ea9f988bb2842f9c6c463cf87c3de6377bd2770
CaV,479,10,True,0,0.07239946143824623,0.1274175774625876,0.0012878075730589078,0.03265538142366853,6e37332ef74fc20bb676b3b0ad2dcb17539a4e7cc513fc4a40be11408647955b
CaV,480,10,True,0,0.057619811211950825,0.1403195791662411,0.00743017450946315,0.006729914672793269,989f4f8a817f3d556b873ed8543de32b222f6c829d9f3b03dc6fa9d442db509c
CaV,481,10,True,0,0.0615078487037203,0.1738566883414788,0.0008868108730837321,0.01483640280138565,fd811b622d695f516d454632b5931fc618552f61b945bed5d1465cd0d2ed49d5
CaV,482,10,True,0,0.06710595569812312,0.15650023044404582,-0.016573567591913196,0.034261383788767086,05940399a2a6e0cb617cccd2ed1565882f75f8dc3b759207b1a3bce215f22f49
CaV,483,10,True,0,0.06313965435199556,0.12835152014883985,-0.03302821508963838,0.021719270080379216,3a099ef602651b863fdf8ddc5ef8d497145142a66f9267cf1e032d8520892f85
CaV,484,10,True,0,0.07451660934241074,0.1858955499603703,-0.01588557040239391,0.01896612316878188,1ae2e9aab06bf8d1da0495ecf6b3365a6c381ba8f70af64706a78486ded04832
CaV,485,10,True,0,0.07655520730504138,0.21067743232583117,0.004275662506970868,0.04405035058555762,1cbc5a736de1b3ac0017cd75ecd2b7028cd8d0575416d406eae54bc5e4ed9af8
CaV,486,10,True,0,0.07138910290552339,0.18902599384588034,-0.0032170856266828807,0.0354850046383659,3e704835e6e62469739d736c0509935f02d66a2cc6d30d93011b9876f2f35cb4
CaV,487,10,True,0,0.07662002124085784,0.21067743232583117,-0.009361319409199043,0.02737851650977352,14f3a0883a3eabc8e6ec8a7650fefca971f399020a7a9dacbb3bfdcbe91a23f5
CaV,488,10,True,0,0.04956007259071571,0.13848555578772562,-0.017653051501774986,0.005047436004594896,ff22c3db1e203fb0c998bbdc6240238e44e43927beab8f14e4c3cfb9fc5ae8db
CaV,489,10,True,0,0.07574699303003209,0.14579348577522927,0.007330759554236677,0.010171348312290052,7867c86ca1900375da18f85ef8fd8a90981353d09a67c6bc8a6f469976bd45c1
CaV,490,10,True,0,0.053955894896329924,0.1388044627865431,-0.01466852752827652,0.014071639770386613,304109c8203d4312a90e54ab4c6e76e0b672a076b86a661ddab66e7a8edf76c4
CaV,491,10,True,0,0.05763946600162571,0.15694555762293447,0.007363395834818487,0.02233108050517818,a98ac74203c18e33e1c06f3bc25e1d4fa0c392042fd638f025e9791b6486f319
CaV,492,10,True,0,0.07280001520333276,0.19517013174737646,-7.200730120771048e-05,0.021642793777278957,7c93fd3a2fc6132ef8ca2e6c5f0eef267f7a19f283cad504ce032ecdac6eae0f
CaV,493,10,True,0,0.06955789139502444,0.13677340549038358,0.010476598410836147,0.026078419357074667,2371ae6c23b8699b2020285a1a68b5bf310e8c464deb20fc5979afd02a70b124
CaV,494,10,True,0,0.07013401020165706,0.2081633643673285,-0.003793970532537827,0.01644240516648421,a516682cfccf81cea42173d56641327fd35202264bb6565cdf3a89b3fc8fe638
CaV,495,10,True,0,0.07850030477793184,0.17716222506257118,-0.02738801694579651,0.011318492858788831,01a2b829c7bf309ba97912d98a6e0a730c85fddc9c92a73b4d4c8b3ac3b82fbd
CaV,496,10,True,0,0.07294275212923021,0.17878131614305914,-0.0018634521225604495,0.03609681506316531,94b4ec3217dc5f318e5aa241efcc0c92a8a1ad08197ac6e35944a4b3c95f35fe
CaV,497,10,True,0,0.07073714552044336,0.17625981603516389,-0.029945578735223854,0.024242988082676664,cd9763b8b9c8338c8ae9c0b19c8403e69a7451f31c02c975c7898e4cd5095c42
CaV,498,10,True,0,0.07240763670707712,0.19132933958522638,-0.009825579243812887,0.025543085235375296,af77affee8a1fd7e0298bd4b392706220a93e7c5914b36658ec9d5cb58ff5750
CaV,499,10,True,0,0.06573079844134629,0.1468688559271874,-0.022091805755037885,0.011242016555688794,d43805ad1fa3434120bfbab1343228d5777b755c2b8f0708f7234ef76ed6713a
CaV,500,10,True,0,0.06353670569171961,0.15175511491124208,0.00367646579541292,0.0077241066130924185,724bc5d0eb761f14dc52edf2353b1acdc881b72ade76c5cb9a3bbc5792b4aede
CaV,501,10,True,0,0.0702510820169221,0.1606686155767219,-0.00582410157110913,0.017971931228482507,2e94c46fc20171f2feea0386db30831a22176ea912a627778f45c39b00703c7c
CaV,502,10,True,0,0.05674827822794777,0.14187477208190363,-0.0003082919147292529,0.016518881469584024,2df93024faad92de0bdeeb55805814a0c27ac68921f230ce83a4f4629efc2dc2
CaV,503,10,True,0,0.060761749219060114,0.17851641116836828,-0.010912188970792602,0.006118104247993861,11360af29baf846a87ebfdcc0a68ea1ad8cf2be8041e69b3ef95d5627509ca39
CaV,504,10,True,0,0.060327043731152385,0.20499723623779592,-0.001396980846782414,0.017436597106783136,28cd807c6c8ecf40d32429580a435857915021d9a6470f260ff133c54031915c
CaV,505,10,True,0,0.0634760247047196,0.17438610375615163,-0.013296166047550573,0.038544056762362944,9d695851800d018b00d40fd656af7000ab360559a334e7ba6878f80891403311
CaV,506,10,True,0,0.06365168353048457,0.1729088761052663,-0.003849213221280623,0.02951985299657167,a8a6ec6e1ddeba04222ac64b6e12d213cb0f2d5683672204e758a18558f0e855
CaV,507,10,True,0,0.0647311101808966,0.20699780889049646,-0.039091072003349714,0.028066803237672966,230cf6b1fadaa9c118cbd3142d11f1a7699db89b17f1578c2caa616fa7c330b9
CaV,508,10,True,0,0.06335003467059072,0.2112202902831641,-0.005872565118986373,0.04802711834675355,073768097bc31ccf7a67fa2efb8de86a0c04a314026822c76bfdf0630b0c2999
CaV,509,10,True,0,0.0863536609873393,0.17625981603516389,-0.03318655465593423,0.010247824615389867,74d5f0c404e7d0d9f6e6d4bf7512b3b730c9a032ada7643cc64b79e65aab3962
CaV,510,10,True,0,0.06208786342225221,0.1318014322621079,-0.012936188224084155,0.025007751113675925,b075fe6f6fb9ba51acfb3f362490c5216f91f91a38069fdbab1647dd055fc462
CaV,511,10,True,0,0.06638182452930877,0.20505772408398418,0.0017986810709587076,-0.01162439807118898,3b128db660ef47e59738b47bad8f7b1c90ceec87a1450b51cf7287e87aefbfd7
CaV,512,10,True,0,0.07353683124041568,0.16019591193515567,0.013814651422697777,0.0029060995177969673,1f431a33f11d5bd363de1319bb2a992bdf072377ed64d0e028a30aa996059e4d
CaV,513,10,True,0,0.07224151835880904,0.20699780889049646,-0.0307150325787231,0.019807362502881176,2c46db93b4ba631518f77eada31fbdf9537af0f23b56291ff5bcd7b197b8f322
CaV,514,10,True,0,0.07351270413115081,0.1771555952412868,-0.025921293047744598,0.007341725097592899,12da05d98da79df0095af87cfa2757a838f13e6d51f8da5df77f544f0cbe2135
CaV,515,10,True,0,0.08297169678884185,0.18704255006367804,-0.02509570704030839,0.005888675338694194,eba9284c25520cb7953a28a671828b4bf4eaa772fe2cf9566cc2433a4e941649
CaV,516,10,True,0,0.06621930162333331,0.1356090029437365,0.0003582645070672186,0.014683450195185799,157a7633e85947a72e8c191d2eeafff57fbc0edafc0c2dd9f97a47b1c57de77a
CaV,517,10,True,0,0.05050530161241172,0.09906688561168597,-0.020747563687050885,-0.0076476303099928256,bd7b8641aa400e7f09d78f79ceca59721814d30b1b4f7df29c4a2ddde4022b86
CaV,518,10,True,0,0.06784542246146469,0.13817771010001456,-0.004679657850957586,0.02821975584387304,9f69238791ab5a98058f6ada3a2ebdbb903fe094c63120de3e5444b7d8242bb8
CaV,519,10,True,0,0.07589029635032533,0.18902599384588034,-0.0239842836155999,0.01231268479908798,05917352ad02fc92eeca52fda35570d9676c0b36f6bf56ab2fbefeb7e0432137
CaV,520,10,True,0,0.06714439420210062,0.158843427012807,-0.03184124332286142,0.02256050941447829,6b2fe2ac2353f5f95af9b6ef68295c254b0eed732ff999faede1edbd0732fc4d
CaV,521,10,True,0,0.07561565466168108,0.21067743232583117,0.004151999001547946,0.03265538142366853,75331b25407763cc1922c7342bd0d587ab211c7cba84ef1d4f33b065809e2e71
CaV,522,10,True,0,0.06965489211710732,0.1729088761052663,-0.033119307047114965,0.016212976257184097,837068cdcb61f0863bd1255cace02746ffcbe3547b123c137d24096ca6026645
CaV,523,10,True,0,0.057785143097070876,0.17438610375615163,-0.01768507408636255,0.02103098335247977,510c06f417d57771a631567c981b353dcf83aef7af39597dd612ac4fb63d0ca0
CaV,524,10,True,0,0.07234052645175468,0.19341387180388944,-0.015256900996475142,0.040073582824361464,a9a1d34b2808586f75023eaeee88b0cf7b75bf55d9b92bf43ba3d3c8e787b8db
CaV,525,10,True,0,0.06475497501580203,0.16814661004761955,-0.0026546387586650066,0.03143176057406971,363c66c22372ba69b63c5e3a3fdb30db64d37cc5a040e426ccbecd08fb00045d
CaV,526,10,True,0,0.060846018218038714,0.19246619076652186,-0.023393931736862772,0.035867386153865644,e50d3770373c973a49660627492d790c645b67764c19606c7b961122b0555a71
CaV,527,10,True,0,0.0800801241201573,0.1459822443498687,0.006417078489660666,0.019807362502880954,18874b920cde9cdf526d24a4572b650028308558b63e344e4db8f495d96ed712
CaV,528,10,True,0,0.06701259922731254,0.19909030645980366,0.01167811717720535,0.03189061839266949,c28b231e24c947acebd13e43c1c72080923bb1976b36be249a6dc23fd0f7749b
CaV,529,10,True,0,0.05712623578126077,0.13787732888412355,0.005019016848849089,0.011165540252588979,d63f462d8b26fada5b51b9c02b12d5031cfe1aa804d90d9ad39c2f238cb41a31
CaV,530,10,True,0,0.0835634457834412,0.19739614958021603,0.020668236564332698,0.04022653543056132,9e2b7b2d7d7532071ce283e635c583d572c4c329e05f8699f673151edbb62e85
CaV,531,10,True,0,0.07693110116056798,0.19400591006974827,0.03198945440009915,0.034108431182567456,56ba7382b81e3cc42c5564af95acdd7af31d03ff0309765ec3f68ff45b6d7442
CaV,532,10,True,0,0.06587922808011751,0.1468688559271874,0.011068010550103535,0.012159732192888129,aefafda21b5dfe7637568c1dff3cbb25f545ea31b2ce9ce6dab6c79b9fc77ae6
CaV,533,10,True,0,0.06865090542763623,0.196182966358251,-0.014350224451038729,0.01674831037888369,12ec7dbf7565bc4af2a86f6934be56a655168f3ef72fbb102fafa9162f128c8e
CaV,534,10,True,0,0.07849809538712453,0.15175511491124208,0.01659957537263157,0.014989355407585503,39b9f7ad1a1bb1b9422f5e78209c23208d112ee8c65c4925864d8c7452004f36
CaV,535,10,True,0,0.07416838158255798,0.20585187910301886,-0.0026623113551331734,0.027760898025273262,02fb05dd744ff3ea6a058e94fd75fb0863ca403743c3bc0227a2be085fb941c2
CaV,536,10,True,0,0.06229662357010387,0.16518737473021358,-0.0010072105009975019,0.013230400436287093,7e6fc6142cc23802ae8318b5f2e9d46d44f2abb613547123cb03e0a48adf3b7d
CaV,537,10,True,0,0.055755029834670136,0.18329794808792704,0.0019294166745533747,0.005200388610794748,5e06dbe361c4d032c8ceb33b41624a58ebae5a4dcd45852cb83aa824628b91cd
CaV,538,10,True,0,0.0690674272764145,0.18851985767663232,0.010079000771414215,0.022178127898978328,98eea339c8406302696b9ecaf3e4da4247765767b928eea18b3a498768a22ede
CaV,539,10,True,0,0.07246744748969959,0.21067743232583117,0.00923481982246721,0.018277836440882433,7b426fed5ace4a113ac0142558ae5b150b6ba9d6d3fcf519877bac6642db2b09
CaV,540,10,True,0,0.055471823820244494,0.17950436080141183,0.019857698672848256,0.016136499954084726,f3201cc18da64e30119d96fa2b647563478da3aeabf6fc301deb55fcf3ac63b3
CaV,541,10,True,0,0.05740377135038891,0.15927317350955109,-0.012900904190071616,0.0030590521239970414,c64b7e7622f57dcddabaf2b9550ab32d572ae3d5dcb5b510b576a1ac5010e18f
CaV,542,10,True,0,0.06639098324264178,0.2043378103430265,-0.012572641210973678,0.023631177657877034,1473819116c21f048d8f05f4283c72dfe3392579592725cf29e2e981d051af1a
CaV,543,10,True,0,0.06258487238298113,0.14683383235274064,-0.024108856709277537,0.02531365632607563,967b8e751c5f2f3b2870a959be517df958a6798229f384a3b781a4e7c4143f67
CaV,544,10,True,0,0.06840827430036145,0.21006515498060338,0.01441528824494065,0.04007358282436124,e16ad9cb2d4db1565e76bf7ad5ab5a03018133182aae4cd5db35eacee07f3b72
CaV,545,10,True,0,0.07384853181178211,0.196182966358251,0.036555276186789554,0.006729914672793269,01644bda306923a25cabd2aeab5e8aa2269c785c5a670c0352e2ef0ea621b952
CaV,546,10,True,0,0.055908094167380705,0.09412149498426878,-0.020379226764312364,0.015218784316885392,c0f22005f0a13129ecde2ab9dd20bfee71685dc0e802bb8cf6891bcbecde32c3
CaV,547,10,True,0,0.06923430781323224,0.1836187994416668,0.004575453408465435,0.031202331664770044,a2fa73bda45489fcc2a9ad18f2b59a57ba846ae6775c61179c9e1d65a155245a
CaV,548,10,True,0,0.07436915451158255,0.19400591006974827,-0.027816558610028963,0.02508422741677596,bec71ee6c150a4e1703359bda900b10e89b9ed8f6339f6027885f73262ef1221
CaV,549,10,True,0,0.06412326470988708,0.19341387180388944,-0.006637673985177672,0.02722556390357389,1806469ac7f59070b2f303dfac57a11999b0da9f5e36a4926ac0a1f17816f9f3
CaV,550,10,True,0,0.06575400869936822,0.14446162715048239,0.014325853267493027,0.033955478576367604,310db0222dbb45adfb50b5ae4e0213259c5ae054f6d26cc8b2b42d2392118e37
CaV,551,10,True,0,0.07198547274814328,0.18851985767663232,-0.008151963377142524,0.01888964686568184,077c71edd1d1290afbc067edeaa398b3c1dc987e8b20356ace51ce5276b43a3e
CaV,552,10,True,0,0.0728611820584272,0.18902599384588034,0.0005521015113696404,0.025390132629175666,c0d2030c704fa42287b8ddd358eb9c16643d276d3bd9cc1a37dfab35d26d9afb
CaV,553,10,True,0,0.055373380045916146,0.1424447291005546,0.027294580249427547,0.017054215591283617,223a0bda385d35c31d13d530dfc64bbb574338b5828de928c36f4cda8854e823
CaV,554,10,True,0,0.06930766751915697,0.1875193136934956,0.007803352408103814,0.025925466750874815,10a94519b8eb088b0a6affd4bcdf0bb4532254a2c186c86c43d1d2146bb4ffa8
CaV,555,10,True,0,0.08824291090795336,0.20700723519428213,-0.030764036942773076,0.021336888564879475,22a643dd78e587e76e307d76b5f627292598637a7c3dcbaeb74dce14650e7df0
CaV,556,10,True,0,0.06596277977834655,0.21006515498060338,-0.003064340469159932,0.019730886199780917,df75bd7be618f8995e21c4c4d4edbb461f136f5411eca134860235ec237b5a94
CaV,557,10,True,0,0.060883629490173855,0.20206367989955054,-0.020087086417985622,0.025160703719875777,924d9295e93179b8a812535051461352b083353789866774f8e7f1032299f6b9
CaV,558,10,True,0,0.07510340794404821,0.20206367989955054,-0.01557251708474472,0.01330687673938713,c404e6b604eb4891f690d66ddec55b11022dd533ea8d7adb7fb18a7ba93c6765
CaV,559,10,True,0,0.07566344071339406,0.18415923917446486,-0.01586211430072071,0.0401500591274615,68daece42587d8c3a0bf39a40d5bbc3eb3d88cb10e19d0a545aa3f358d470200
CaV,560,10,True,0,0.06045454657548995,0.16019591193515567,0.009170071256086487,0.002370765396097596,bdd3daec7eb4827c028baa38945e062c3b805c074adf08091e8209de40aa5cb8
CaV,561,10,True,0,0.04895509493940036,0.08869879545328042,0.03248502456916835,0.0027531469115971152,a318460b68a5c8c731817709208208e110c551c728ac7326450290b89936a487
CaV,562,10,True,0,0.061076362087013294,0.1161943740061357,-0.01376940060845877,0.01720716819748347,72380214cfa0097bda08842e5684bb1b24a95c81728796c0073a484e9f8180f4
CaV,563,10,True,0,0.06683196515453654,0.19132933958522638,-0.007907194008503371,0.005888675338694194,e9c85a98f388b5a2a88d234186492930de68b2ab035e352d5308eb8eaf844729
CaV,564,10,True,0,0.05421743889222889,0.08381510516277146,0.0008405053707600807,0.024242988082676664,c033c9dfa95cd9aabfff8c52431f95756096db894b0dcb38f9feba159d3c69f3
CaV,565,10,True,0,0.05705276894672967,0.09867051863661333,-0.015775155132626395,0.009406585281290791,77345a37a1a026c55373a62b54d5ccc1cd772c36b5678cbd6f5c9647e9d85d6c
CaV,566,10,True,0,0.07242084982298833,0.18544911716563797,0.01318638355708468,0.02990223451207119,80f8e32a0ccd914e81fba768876fc9eef90ac14ba19aa384b0470c4123417b7a
CaV,567,10,True,0,0.06815689518736201,0.1779994137694295,-0.026990629731836968,0.02156631747417892,417bb2c1cb42a92a009fd3033dc20f331ba78ba692fa323728ec3eb8e95e8956
CaV,568,10,True,0,0.0769604921065655,0.158843427012807,0.018073346497008203,0.033267191848467936,4a132837ab1b3305319d2f16f4884946e1877fac176e64d277ec0e26a0135b89
CaV,569,10,True,0,0.0686308795726211,0.19665405567396257,-0.009046026687804076,0.014912879104485688,06d28d3f6135d2ebca1af9f3605e8173457e73c29d3a6afb60b3413aee2b3724
CaV,570,10,True,0,0.07541143320949545,0.19517013174737646,-0.0014612822252333402,0.024013559173376775,7d0f0af7f410a76b14ddef7f7bf975e0b5ae14abb2ed101ee845e772decfd07f
CaV,571,10,True,0,0.08092809286498699,0.20699780889049646,-0.028661737694310574,0.01430106867968628,da596b2c1bac06f7018be19b5728569bb54bf7bb73a700b0f28d5211bf1842fe
CaV,572,10,True,0,0.08009842905678888,0.20852957683304485,-0.017010804883822672,0.015448213226184837,2451b6609bfee5fe3336ccb15bf040a8dd0b6a38140efde55507d32c888e74b3
CaV,573,10,True,0,0.06780540454753277,0.174441541658545,-0.009487534979629064,0.013842210861086501,1bdfb8260f7a50b0c2417928c6d4317b75ac103d8d1ec24b090a5ab082509255
CaV,574,10,True,0,0.07111406153503162,0.17696083891637876,-0.0009514686008629258,0.03647919657866505,cf9a195a3e9b4e223e7cdc45df9dfbc3f7216185664c988e0b14f8ec672b45a9
CaV,575,10,True,0,0.06485278413270953,0.20700723519428213,-0.028427709482901298,0.023860606567176923,77da70e676efc5b75dfa48f2bba180f7309431c29d431eebb4323c587a660200
CaV,576,10,True,0,0.05958808160099514,0.17916056261924304,-0.0208419669827018,0.00038238151549951915,f9e8eff002eb313063e44e95dab115d7538dc5d35d54347d6f35c79617ba4d5a
CaV,577,10,True,0,0.08229464652911346,0.19698044240096285,0.019491561291753667,0.04932721549945285,1ee70dced4796e8f85b31c40d5dcd9aa64a12438bdbb8475811728e50e5c2d89
CaV,578,10,True,0,0.07005362043155744,0.15948403501878802,0.030385431700813426,0.02799032693457293,cbf552ee6191306cf872d6d67595692af77d74e6f62b106b9354e82d9f68be62
CaV,579,10,True,0,0.08051757762107048,0.2013939556344387,-0.0008474581484325672,0.004206196670495821,b283eb007e6d1b787c974b1e9f8416088e33926fbf52aa1a946a56cddb3b64d4
CaV,580,10,True,0,0.066809958107183,0.15694555762293447,-0.01818197500296037,0.030743473846170266,469d668a3f66afd4258649daf4aad9163655aff9d29f8e709660f6bed8d88268
CaV,581,10,True,0,0.07483828986205203,0.21067743232583117,-0.012281282496775292,0.009559537887490643,bc7ade48318f83cfb6e3cc1adca77017fdc184d536948e20047b2956adfa971f
CaV,582,10,True,0,0.06926963604551103,0.15694555762293447,-0.01686871935414347,0.02561956153847511,5363398f49c2be385693eac044441989a80151453378573cc005d603e821985d
CaV,583,10,True,0,0.061131422094183686,0.158843427012807,0.003069651700097209,0.007418201400692492,4df448431a5538e7dbd1d5614a1fc853c350a1e61671c7bbf974283d2dbc441e
CaV,584,10,True,0,0.06323468445893406,0.21006515498060338,0.01437815620325078,0.01598354734788443,018d20b00bfe410b066aeed0e8f25f1c283e270e7ab68ea41bf4bbe32027915a
CaV,585,10,True,0,0.08194474585847321,0.19790432559609375,-0.04152788946574626,0.02898451887487208,dbff7a0a134c61df3fc16b91d3b0ee7c070e6360ba91b8484e4e1162a56fee46
CaV,586,10,True,0,0.06868836334027635,0.19698044240096285,-0.005123324574030308,0.01965440989668088,193e62ceb818a543c6ed250113e6313ad3f92ba2837389d3524fbc72b6227e79
CaV,587,10,True,0,0.07708616446474073,0.174441541658545,0.0033627784273899675,0.020954507049379734,05a9db8d7d8a1ae04f947b2581d0a87a41169a1588ccadf837db8cd35ba4fb79
CaV,588,10,True,0,0.06753867735522624,0.17696083891637876,-0.015357182804434322,0.02546660893227526,e9571fc0c5778e3a41ee04eb06f289091599e17f749a0adba9e7d55885e4a96d
CaV,589,10,True,0,0.0615653103375412,0.1318014322621079,-0.020419399714276754,0.031125855361670007,f1d6e1bd2494ac1c38ae177f5e7f5688ac60fc745aae95766743d1034c0f609a
CaV,590,10,True,0,0.061028529226066185,0.10574275438948362,-0.012531951332364732,-0.0011471445464990015,6bd236647d937cfe1f1043a0af146d34b4258a810451e40d9219247b4010492c
CaV,591,10,True,0,0.06796604270396586,0.17958300583316178,-0.02413904529778854,0.010936111343289534,188ff2e825134693ca93960d834976e3469c0a8fcdd9ab17090aebaa58498659
CaV,592,10,True,0,0.06914331301521894,0.17916056261924304,-0.011695421761109603,0.013995163467286353,00ca27c8b86e7703d57153c8736a6f0fb862ef12393bc30358ba57e52a8b061e
CaV,593,10,True,0,0.06850461188632637,0.20642077269231246,-0.01646730411855235,0.015524689529285096,d62062c854a2fc8e8e7311a346b8ac04d9c1b4bee3b18836c7a25cb5ac226630
CaV,594,10,True,0,0.074446355714616,0.158843427012807,-0.023167126557261275,0.0231723198392777,0dc9ad8cb9dfbeaa2cd75d2055fd3218377ce04a844bf74cb652805c2c9906f7
CaV,595,10,True,0,0.05745962798884252,0.1324203186287667,0.00032591654253688596,0.015601165832384911,3c6babfbc5f958a2faeab66dede370475a763f03c3857588861a11168dbcc59f
CaV,596,10,True,0,0.07343244704442116,0.2081633643673285,-0.019533903982215994,0.02393708287027696,72a0801879cb30d2cadb67866068e959318c5dcc24fe0cd8f0189c0abb374584
CaV,597,10,True,0,0.05862669519519107,0.1056851126773825,0.01680687240698142,-0.009865443099890792,08dab441ae48f77f4db33efb4f6fd05d6b6bb76cc4969001fedf21f86b948c24
CaV,598,10,True,0,0.05683922767854743,0.1056851126773825,-0.0009121908560243419,-0.002600194305397485,67ce73d29ea90939db40c7a30f212dc577bc5101c15b31f126eb32ce259be306
CaV,599,10,True,0,0.06417876817314694,0.15650023044404582,0.003480684886608909,0.004894483398395044,dc8ff2e5872a55ecb76813625e15390cb86ff3a8f22fa3d2a7bc913741f18e0f
CaV,600,10,True,0,0.06786367298373344,0.196182966358251,0.008672572885498164,0.043744445373158136,03ef30a75ca584ef560bad3e7d24cb195b28bc108053d9f79b0f16205a98088d
CaV,601,10,True,0,0.07689119505831246,0.19400591006974827,0.0010722098301640948,0.03288481033296842,74d147b6f90e85d3fd34c6983e10f029c8f64dc3484c351d1f267444172ae5bd
CaV,602,10,True,0,0.05371742482695839,0.14849415559505938,0.002486951447318031,0.0035179099425965976,fd6df89fbff4928272cd2666153eeb595470ea94e02b30278b1f29dd9b8384da
CaV,603,10,True,0,0.06705959949202286,0.19614232990673797,0.0018256772836025004,0.040150059127461724,0858854466706c44b21e54350390e2665b494aa2fa1c6b8ccbf05038947c8636
CaV,604,10,True,0,0.06788620085564247,0.2081633643673285,-0.0364856100247537,0.004129720367395784,6bcdc5899e8c4b3e7a9d4620cff213ca225492d8893d254d7aa278009899e4d6
CaV,605,10,True,0,0.06888509380127986,0.17613629933444888,0.02547674348382678,0.04328558755455858,818ce9973ce401132d8efa8ada46d525b5fa8237b6c18e963166bbb96af9b0ed
CaV,606,10,True,0,0.059219031319843726,0.11282883413721959,0.0018451942402508692,0.017130691894383654,150ff2e3e5de0ba5152a80a660f465621456c0510be59142b8f05b79c30cc91c
CaV,607,10,True,0,0.06828682617379891,0.1858955499603703,-0.02608772309119134,0.006424009460393565,b94493b5235a3d49ecf29ee4e84e13ef0ecf9299b332018a90fe67ae2e452211
CaV,608,10,True,0,0.06136297802771471,0.13787732888412355,-0.004014652375285088,0.0006882867278990012,3bc4dd14dbe4e30cbac7f3b4f3c0235dbfc6668e4ec11b6abb9f59bf3f8c017a
CaV,609,10,True,0,0.0825738099362922,0.19614232990673797,-0.0042673730317686065,0.037549864822064016,ac3ce58526ae12ae41ff9d3fa92707fe5d4406294e286254d40d4a21d4ececad
CaV,610,10,True,0,0.07302696243744644,0.15693163279942446,0.011725177302390088,0.028908042571772485,5c5babf11413c33c895739fed2c8d70bcb02ea6cef9cfb9f812bba3e5c2d042b
CaV,611,10,True,0,0.05830239736247671,0.18120157283665564,-0.001326999296539233,0.019424980987381213,a7b494a022412a3f828702f05aa52a4dd695977729abd2a8d6275db91625c6a9
CaV,612,10,True,0,0.07489233371719435,0.1868038416144995,-0.028719154527965474,0.021719270080378994,e055ff5ede9c604c6fa0b3f3a81250ed423f7aa9ae3c27e28985eb764731869b
CaV,613,10,True,0,0.057766776211096514,0.11943681825619046,-0.007708065399010922,0.01040077722158994,6115d7cf4f9b0f120a9e5432157b3f78d5f9a81de964fa027c2394d3b2a70fc8
CaV,614,10,True,0,0.06350458502887521,0.14537578700167025,-0.00700756057338392,0.013765734557986464,9b003a71312ec7e75402853902a02c3532236459863c8add04568e6e035533a8
CaV,615,10,True,0,0.07538294891404546,0.2112202902831641,-0.03353541238175217,0.02875508996557241,7335a5161d436ead9fc537171e67de943719f243e6e848d62070c62afcbd7361
CaV,616,10,True,0,0.05926619086349237,0.13229927563541544,0.01007869813685347,0.021948698989678883,b5a1b818094c3bd234a3f5fbb0f2f3867d98cfc2cc39d6ceb91d72287ca5a7cb
CaV,617,10,True,0,0.05872095954547023,0.1424447291005546,-0.01577849193534231,0.025466608932275703,c22abffb7b4164a9d3186b7715139a05fa51043bd952d929c9f72a558a39b61c
CaV,618,10,True,0,0.058212301170890615,0.15693163279942446,0.0059000712879331285,0.011930303283588461,a34bedb657f76ee6c18b7f99d44bba81efb22c3b66f84c08acf7f23d0b40d3e3
CaV,619,10,True,0,0.06801621133700862,0.18704255006367804,-0.004800360160989392,0.019424980987381213,3401386cc44693e04ec3f8e524297fcd2103b842f3bfc08248f044583170fb72
CaV,620,10,True,0,0.07127679062093453,0.16511694115562153,0.0011946328853216226,0.017742502319183062,d4103b04ac6822739e990daf84ba1d56c122e03f2a13890221936cbb3a2b504e
CaV,621,10,True,0,0.07070070741754667,0.15230854253827372,-0.028464090862431846,0.011700874374288572,cd46f0547e09b60c47b3948138382fdf021989a5a23c351874ccdf53373df73e
CaV,622,10,True,0,0.06289817179282778,0.1524386672836214,0.007406286167829901,0.011853826980488424,bdbc8c4f04137bccb2951ba1ccd504d6dc863532019eb6f85ef45bfe97801389
CaV,623,10,True,0,0.06898737876061646,0.19294859272483386,-0.020014053084694172,0.013765734557986464,f893f8dd9e4e4d6195269e6d7172efb68ec6a3c17535d814aef21631179f9350
CaV,624,10,True,0,0.06317236368186807,0.14628466524223815,0.01498953751663512,0.04206196670495954,b2154076742395bfa696d527cb735bbf22c8bae4e3cd6dc6a10dd680cf4d8d63
CaV,625,10,True,0,0.07099898904471055,0.20699780889049646,-0.011300831884800466,0.014530497588985947,fdbb0a4dbb0a1bf85c9ceaae3319f5f9ecf1995fc4ff955ce64cb169e814ec77
CaV,626,10,True,0,0.08136224266013645,0.196182966358251,-0.015736658247653246,0.04825654725605366,cea77035b6c6130c75b75d91a4b27910df6d26ad26b5a3671701a90d1a0bdd41
CaV,627,10,True,0,0.0661880121717138,0.17038023139840294,-0.017843429635033603,0.009712490493690495,ad4dcf9196fa49db3a5e0acca4b513918e0200703ba0bbf558b3e679bce26346
CaV,628,10,True,0,0.07955990988991317,0.17038023139840294,0.0020070826464273495,0.039308819793362204,5e778559cf4b03761839f7105eefaa0f8eb1eeb0dec7121a8e362aaab5ee6536
CaV,629,10,True,0,0.06509790612183641,0.13092250776139577,-0.028487364536842863,0.00795353552239253,3675035c98cb5e09386d253fa9ae002afd50f9c56eb9db1d062686719980fa5f
CaV,630,10,True,0,0.06189479173254879,0.14483360122736563,0.012045685909142456,0.025007751113675925,dbe14b8e9797481358c72635c128c32d54b84e59fdc0a5411d10e79d9d7cbf10
CaV,631,10,True,0,0.07779415539556116,0.20499723623779592,0.007899522459692276,0.017054215591283617,9405b19dc6d176b506052b00615a53c455c75101107580d4c141ea0907540406
CaV,632,10,True,0,0.05822728510365314,0.1274175774625876,0.00724827758188229,0.024931274810575887,8fb6a2b132b9d59e0109566f80d69329b5816bc77b089f2c2d27bb297983e4c6
CaV,633,10,True,0,0.06159023496420933,0.15927317350955109,-0.007882424303042201,0.0006882867278992233,8283f151beb3ca8cd6a15c92891adb1d16e92309860d01eef0ab3232fc5d51f9
CaV,634,10,True,0,0.06680401941107034,0.1524386672836214,0.009492702781560336,0.02837270845007267,16c9e3093b35e0c45fd8b2109e0fc1445eccbef76ff2b7ae79b21a899b2530a5
CaV,635,10,True,0,0.07535750980433474,0.17678809624028988,0.015555885406797865,0.020036791412180843,46406ac3554bf64d07b6ac2e2059b2e53172ae361fe1ceefc4a8ab93201eb959
CaV,636,10,True,0,0.08051807774736525,0.18902599384588034,0.0168218541325027,0.031202331664770044,16e78ebfde6d0e93899f0746a2e682611fd19e7fc94ae0d8d47743b202afd9ec
CaV,637,10,True,0,0.05130194527187666,0.15230854253827372,-0.010756683355801488,0.014912879104485688,5374c8ebdac61a0adc9f6711f8cb676c2423a37740c1c1d65859787708227e6e
CaV,638,10,True,0,0.07070988355817395,0.15570892041738982,-0.035234408946798856,0.0006118104247996303,731352c2acdffdafca71aada8def7156b487eab149a6f60d86f3de577be295ca
CaV,639,10,True,0,0.07328205725371287,0.18544911716563797,0.03225897481210138,0.020725078140080067,ae3e116882bfd989aded18837619c20b81a3c1c8a50c0207adc32845459c433e
CaV,640,10,True,0,0.06288165710498181,0.14483360122736563,-0.0012460540367031925,0.013918687164186538,32679e47926053e1cd1837c3bde79f3b7daa1969a42cad7d776a943c8f2226cc
CaV,641,10,True,0,0.07305006753977342,0.14243392219091888,-0.030618034164685115,0.021107459655579364,3b2d6af2db7649ee8a885c36a37fc2146d667b5609cd06b625599a11cbab72b3
CaV,642,10,True,0,0.061709104444397075,0.1324203186287667,-0.005399130994202528,0.009941919402990163,23eefba4c5930580baa7de41fe3dab232f585d4d0ac54c827481c78906d6c0c8
CaV,643,10,True,0,0.06920192135723537,0.19698044240096285,0.014437320314246715,0.021719270080378994,8034ba0f94859fd72c67ae86687a524a6b8b213179249215205f42e369d02428
CaV,644,10,True,0,0.05823821691851559,0.10735874130660966,-0.006002127309954419,-0.0075711540068927885,909a049a6639fcfa57918abd6d0c2f42d2149d86fee18cdb1f2056091ebc1220
CaV,645,10,True,0,0.04372672089275701,0.12431882940515608,0.019715002988491825,0.0037473388518960427,c0456af120b4ca5df13d5477bb6aec7e394f7ece89885f47ff81327ed7cd3574
CaV,646,10,True,0,0.055907139623383464,0.2110882597550488,0.01181256868616809,0.026307848266374556,c4e36e93286e9321b08b5b9624449bffa26b99bde3194aded5462293eeb4cc53
CaV,647,10,True,0,0.06333196325016684,0.17878131614305914,0.010363828165085076,0.002523718002297448,dff65d26fa01ab1d69ea8b6acb2d7ab2ca53faa36b6b8b5b09323442744d84d0
CaV,648,10,True,0,0.06591685844515419,0.15927317350955109,-0.010971828729180677,-0.009788966796790755,d1c8d7b40b7fb6b5c1ef7ebcb59be065856656e99ae80add89d123e50273694a
CaV,649,10,True,0,0.06322286657418313,0.14694430791808452,-0.023041355892117865,0.020495649230779955,000803954a1dfdd9a2397a31918d5404a20e66330c9c29fdb4f7290b1112f6cc
CaV,650,10,True,0,0.06924153641308325,0.14350030824136822,-0.021636097090794726,-0.01024782461539031,1d570887e48d396edd7c644d5a68d2ec12f7b678c055369bd37120507d976840
CaV,651,10,True,0,0.05773488627588946,0.17038023139840294,0.01520841818001939,0.02814327954077278,d819d8417d9e584245efd0dbc7a74dea285b043b9dea9b682946d30ec01cc404
CaV,652,10,True,0,0.0679265540081454,0.1804109853083392,-0.01030116718189733,0.04175606149256006,f1158f44179cf564ebb9fe8d2dfab02104d8f6be7c8db24875664b4a3b133e97
CaV,653,10,True,0,0.061254835036475094,0.15694555762293447,0.011992271802914622,0.015065831710685318,ff0f9abdfd02080df479ec818e77e17ce922d79fcd8060d4019548903b6e9cc1
CaV,654,10,True,0,0.057882239000210264,0.1508992490574557,-0.015988006333769622,0.0006882867278994453,f928d0a25558924345fb374d1fc8123c7466a9f72d3f872f0c08ce0fcf88d590
CaV,655,10,True,0,0.05490840236429219,0.16518737473021358,0.001787332527534824,-0.00045885781859977826,271311cf42a4ba9cc4b74bc908b602a2d76713a85ff19e7d7581de0cc8be5c61
CaV,656,10,True,0,0.07479520975754964,0.19698044240096285,0.018498670041383614,0.024931274810575887,957e5861ba581071cfa6ff9ec2f7374fe187d97e010cdfc16c74fe2d3520bce6
CaV,657,10,True,0,0.07477517497584185,0.20405052034512874,-0.015892302674814562,0.03127880796787008,1444d0cd0e7dc5ff41d92f6d1d54d11cbab81aa6aa9b44259ef42ec4b5287377
CaV,658,10,True,0,0.051704459253574184,0.1448939614749576,0.015125000731166516,0.017054215591283617,2bd65cf24cdc3b984abd214fa5e8db3c72208f3e066d0fd9da8885e3bacdedcd
CaV,659,10,True,0,0.06824407435191696,0.20156761271582063,-0.011946569125877549,0.022254604202078587,f4dac6269bce9aadd3cf825fd6ba32beed39d1dca4e3ea7c8bb38a3bbe72c83a
CaV,660,10,True,0,0.06321653060152092,0.17038023139840294,0.00800988206582609,0.02860213735937256,16c796be58da23a3faac87d987060fbb48310fb8ddc9b35d4d46b77705d1685b
CaV,661,10,True,0,0.07347278182756402,0.1875193136934956,-0.04168373865087438,0.0289845188748723,e693297f866b09e6cb27a666220e509fad259c812648a21c0d3abcf549d765e8
CaV,662,10,True,0,0.061301392437672894,0.20117803666296588,-0.0015599726535147074,0.037549864822064016,f8ebb986ce3c3bbfb6c63a86e70ebe6eed966d635bf041b701f9c7101a5c6cce
CaV,663,10,True,0,0.061321623709311567,0.13601722112391304,-0.010030704791459844,0.013000971526987426,7cd087f9753f392e52c52f1057271d102bce4df75e84969ae2bcf8a5a9649b39
CaV,664,10,True,0,0.06086574173788304,0.1594380126539066,-0.02397525897379471,0.037549864822063794,993343fcc296229c94e83a74800119e6529023578a9867581ccffe9580d7a143
CaV,665,10,True,0,0.06004162544187143,0.19517013174737646,3.406005648254329e-05,0.017589549712982988,8e47e7a3b619adcc4c8b230101068e329a97523f456e37b1ce900d5a32555aff
CaV,666,10,True,0,0.05363316484191224,0.1424447291005546,3.4677196331101e-05,0.02447241699197633,720a5c30041350312008c67ffdcdbfe70067d91334d3ffbcd5c3eb7f15d67be8
CaV,667,10,True,0,0.07460627870896214,0.16518737473021358,0.023131310640983838,-0.0015295260619987427,17f7a95d5dba73cc107b45b2d04bb9d7734ff21ec8d810c077a6db44dee5a095
CaV,668,10,True,0,0.06677640719085948,0.1812281700775701,-0.0380021007256055,0.014301068679686058,ea5fdeb221828dc7ceba29ff9c839557e4f4069702864ba9dabe5b0926b8e2fd
CaV,669,10,True,0,0.06775705013105147,0.19790432559609375,-0.010840045477500837,0.004970959701495081,63fc9aed01f3e1d601caac25529e1d4eff8ffa9ae790597e30a4459589673f6e
CaV,670,10,True,0,0.07579043609122765,0.18329794808792704,-0.007981588647200999,0.028831566268672226,26af879c86795d2e2661a6b4e9b98314e5b3beea21651e9ab7483daf36815e9d
CaV,671,10,True,0,0.07392229211462731,0.21006515498060338,0.0037812921659376997,0.014224592376586465,67ad749a2ef8452fc57b15ef8f307229aa8ce6791d055e34abc94cfa8bf963fd
CaV,672,10,True,0,0.0644903818753792,0.1875193136934956,-0.02998015098581286,0.018736694259481768,9d28734effa3ef69e514bb7d21b86dec63e9cfcc0c62c327cdbf84cd3af19516
CaV,673,10,True,0,0.06828901623689312,0.1804109853083392,-0.00882083619415086,0.016442405166483987,547f2d5b05ce8c8f03af375c6120d2cf02955907b2959b38612716f8853cfd96
CaV,674,10,True,0,0.06632517943311218,0.13886425254411774,-0.001122648967826878,0.028219755843872818,68af8d3f66cbcce98603ef4122ee3773f680f95e0a8ff9fa782ee41ef756c6c9
CaV,675,10,True,0,0.07425659988973149,0.15927317350955109,0.023925296144225783,-0.013765734557986908,0d2db213ff0101828587f22d63ead98c72e911166953c4c42173ad0992af4fb0
CaV,676,10,True,0,0.07219985258930613,0.18704255006367804,-0.014921849663424469,0.017360120803682877,19d53e1f08720850bf0c29c0095f0dbb2d99662e7568f2684b15020b01aa09a1
CaV,677,10,True,0,0.07095303159074069,0.1388044627865431,0.0050402065876511415,0.015601165832384689,28eee72739e768b08c2c69ce3c90998b64e15ab3d3e2e3622936630414ced87e
CaV,678,10,True,0,0.07871632553643663,0.2043378103430265,0.011479853886853242,0.012771542617687759,f65adec8261d16db3e3b1bc8cf4438980b6559038d7469094672e6793d7883e4
CaV,679,10,True,0,0.07294889715583287,0.15694555762293447,0.0012379421630319687,0.018813170562581805,2a1a22d881c282d230a10d5fc71e0d507ec8a95500e3b607ab548b97ac891dc4
CaV,680,10,True,0,0.04990304201245979,0.1392030804122367,-0.014023877491092795,0.010171348312290274,7a63a9b355d11183ad686b8f991e153a2b37a06786121af976c997378447ea63
CaV,681,10,True,0,0.046883835263796345,0.07551619879814303,0.003322938445847967,-0.0035179099425968197,92bc941f1014603817dfa9f2e83ebb23926c35662d996b274557decc8fc0552c
CaV,682,10,True,0,0.06479273928939852,0.1620917118884532,-0.03009037956173599,0.017666026016083025,2524a5bb46399cb998b37e05d0dcebe142bf5c91a6fa60f837d55d4d6eb7e909
CaV,683,10,True,0,0.05405182326938017,0.10636289771267436,-0.00779673740157083,0.011471445464988905,fed7da11d3a619189d538b17256afbb224fd3cc14319690ad5aaa08dc3a5e495
CaV,684,10,True,0,0.06545975876427032,0.1620917118884532,0.021141220374222947,0.033114239242268306,296790c5250f7b5dfa429ed80827a2b9d71f8a68a1042191313960f987b06480
CaV,685,10,True,0,0.059158089596783356,0.15175511491124208,0.013613817425853547,0.01644240516648421,0934b9742e4dee922cbf33f3dc8a35e860396addcc0c779e6849a939d70761dd
CaV,686,10,True,0,0.06691597812562979,0.12553345402885122,-0.009470978964497112,-0.0032884810332969305,5decbde6fc7db1da6071702d15f652914493270e3ccb943372fa0f8222276822
CaV,687,10,True,0,0.06852421138918158,0.18120157283665564,-0.03698757647564754,0.0029825758208970043,2a218b9461d706094ccd03daff1383f1f5259917cb9de2617c6e85bcd38bee8d
CaV,688,10,True,0,0.0656709715509708,0.17678809624028988,-0.018224490480734934,0.0036708625487964497,3f418e8b5ebd4276c32c8ab8bafc30779029753760b06c3987e8abb15d4ae811
CaV,689,10,True,0,0.06677703351549723,0.18329794808792704,-0.027492451611173863,0.021872222686579068,54c8f1fa03d99092205e49940b855317cf3b0c177c39a168086aefe0e3a7a809
CaV,690,10,True,0,0.07225403603937193,0.19400591006974827,-0.01601207003274796,0.031125855361670007,0035a63eba946e56a563bc3cb9b89340c1cac273b2fa621659948542ef04977a
CaV,691,10,True,0,0.07417589927689158,0.14446162715048239,0.005335568572035765,0.03479671791046646,2926aacad72823e2f74c50543f22560023fc2dcd64f40d43f2a9aa62e555460f
CaV,692,10,True,0,0.07016437113771017,0.189965267944654,-0.00360788795536493,0.018277836440882433,db9b36a50a6df1288a3e3acd78ebaac6065b4f17247d91856ea482fdbb1d05bd
CaV,693,10,True,0,0.0749966870453029,0.2081633643673285,-0.03367438999051098,0.020878030746279697,3496660cad85a9f4a2abcc36d8d10029be1465d4e2a7578b2131273b67b606c0
CaV,694,10,True,0,0.06625909397907978,0.17038023139840294,0.033591280989727634,0.013765734557986464,0016b01fcd5d9efb2362ea583b7598f29834d3fede740e90a0edf4145a1d7583
CaV,695,10,True,0,0.07044980629481992,0.15230854253827372,-0.03413086559595202,0.02256050941447829,17a63f694ec7db39f9dac48c875d0cf097b22dc205f34eaf83937233761a5f00
CaV,696,10,True,0,0.056378927010679494,0.10910973024420391,0.0075499841182355976,0.017818978622282877,fd6835e5cfd738e0600868fb9024d66fd3b54f880f7a313442e5cb521db66ae7
CaV,697,10,True,0,0.06571314115682166,0.2013939556344387,0.01369794930170709,0.022025175292778698,ea698a63a7041c7271cd0988c1edd8004e5869f8eedb48c5a950f4fa4a455150
CaV,698,10,True,0,0.05638104320514348,0.174441541658545,0.023184466695871375,0.020954507049379734,22b09160510b3a528aabbb24e5d1fc3aae27bba11b9d69681870a89496d6bc23
CaV,699,10,True,0,0.05101705393876099,0.1468688559271874,-0.009202945438195886,0.018277836440882433,71cc09d228c405576824dc3fcfdba5030040fbf5782e2571c5687e393860a34b
CaV,700,10,True,0,0.0806033994491878,0.19400591006974827,0.007595570451571554,0.026001943053975074,90a9b941f32dcd3ccb4685163aeadae7980bfd231791ed1a11fc6f50e1ac57de
CaV,701,10,True,0,0.06592365746050252,0.1274175774625876,-0.025040153337340776,0.011089063949489164,aad68800ac51411940e3746ff650ab21d1cfcb6090038fa34e6da18f312c0cbe
CaV,702,10,True,0,0.06575344587086344,0.17038023139840294,0.0139317101827785,0.036555672881764645,d488e321b34a81640a85f22e29fb9e7c96884047c109e3931f20be3c4c5b02f5
CaV,703,10,True,0,0.06356764944994238,0.15351040763623305,0.011829538818148855,0.047262355315754734,81097474b92f232ddd71f8cc4942e0d3491cc4ad36187d4fb8b28c0da23e95b4
CaV,704,10,True,0,0.06259879126381465,0.1392030804122367,0.017014516217310316,0.015754118438584763,0b5e21e431f832f3559f1890ca4bb31a9a2b6d0fb2968cbcf08cb0a91f27cf4c
CaV,705,10,True,0,0.05713102169513838,0.1637972443120968,-0.017774341052701592,0.014224592376586243,9afe23fa514baba71e92a491402a7698aa95c329fe2f2c0cc350415baccc5c0a
CaV,706,10,True,0,0.06603358313959688,0.17716222506257118,-0.017846466818775886,0.01330687673938713,d95f2ac64a60b9b80451dacda37e8f6f83b600684e686b4f268300be8643cb73
CaV,707,10,True,0,0.06624524351154823,0.20699780889049646,-0.026682646280270284,0.020878030746279697,b3b0fda4c08e5984703bcc4094e990fc7e41721d61073b9fd324ec4132d4d5d1
CaV,708,10,True,0,0.05381453139688482,0.11891446375078026,0.030149750073255488,0.013689258254886427,73d82499ddaf2692088808e30b9f76c0336ed43c56937ffc91fa562c4f3f8b16
CaV,709,10,True,0,0.06229575425317696,0.15351040763623305,-0.0045039691110719815,0.024242988082676664,993d50424bc5fd86c4e5302fe76a549de2751033f72aa8af71671a287960c803
CaV,710,10,True,0,0.0776424785298244,0.1729088761052663,-0.004775818182424008,0.028372708450072448,d329a580f7898bb5ab293ffe201f72bf03108a04bb828b43ba95d487faaa5f38
CaV,711,10,True,0,0.07111333718803034,0.13012377772725695,0.00012515815343050463,0.026690229781874297,090664a4105e8d85ba9b7d2540491cec0f2ad5725e38c7537c6ff9f9940cb633
CaV,712,10,True,0,0.07356873935331562,0.13344741776488367,-0.008200067534373634,0.02393708287027696,41b842d92a3b2ec5876e5dbf462977e312e55747d97bf7d9d78db08f2e812e3e
CaV,713,10,True,0,0.05972644705314569,0.1468688559271874,0.007463035688668462,0.004741530792195414,eb2e4786f62fbe6b34b6e8bbac3ffc86639ad55d768ea9f12d89240ea8b3076f
CaV,714,10,True,0,0.06951071392703649,0.13624357010096774,-0.005001343066195263,0.007265248794492862,edca921fb7a20d619f800f4c4dfe9eebc5c15e5607b22e36e8b43f2a6a1174de
CaV,715,10,True,0,0.05875697669145219,0.1254590939936224,0.011013877216333734,0.023019367233077848,b2cfe9d9a4edfe8c9b60438733bb9de270728a56f686b4c5002255bda8dd9c86
CaV,716,10,True,0,0.06790707293036727,0.13344741776488367,0.020145055671780154,0.01445402128588591,823306358b606a73d14074428f31ce662097e20b94a12e7828f9a7095ae85308
CaV,717,10,True,0,0.0758665722246478,0.15503967615770342,-0.026680967787710674,0.0034414336394965606,e53b2a66f0616b12bde4b77cdcb5222f3701e1d2714b42d95512e1f4914c0aef
CaV,718,10,True,0,0.07219319730212154,0.18704255006367804,-0.012872121204737796,0.008565345947191494,2b1418046ebde349ae3011a3621072a0654f5025e8b820a22c54b183291c01f1
CaV,719,10,True,0,0.0591489956272752,0.12172489503838842,-0.010082799086659655,0.011012587646389127,94863255aa89b9fcb9753607b6de5674b42fabe064298f837b09dea2fd92ea12
CaV,720,10,True,0,0.04954870040474087,0.1161943740061357,-0.0018445072791526407,0.020495649230780177,e56ddb493138c66dc0724a299a8fc5962a256d0de5d3cf3a9fc6c75b0ce20c3c
CaV,721,10,True,0,0.07496298693622774,0.20499723623779592,-0.034355247076270023,0.02409003547647659,6b061f35efb89cc9d404f8afd99f3c9a50074baf4149701de016510bc137d57a
CaV,722,10,True,0,0.06711346573567419,0.17438610375615163,-0.028847719382731896,0.0211839359586794,c508bc31e95f5c9045363c099e3d1925991cd55c411db7d856926cbc07246bca
CaV,723,10,True,0,0.06889413809134139,0.17878131614305914,0.028761768365343165,0.03219652360506875,6099a22a04f37a07786343cf6f963cdc0cb599df96abc4dde1f702561dbe2f36
CaV,724,10,True,0,0.07064984653215728,0.15948403501878802,0.03079805732373142,0.030666997543070673,3f0f31358d2a1c4bde8ed625ca960fc3b3ea7c582858d6ccb3c7dde9f45194f8
CaV,725,10,True,0,0.07361242647193918,0.20322959396324763,-0.013389049776543649,0.02875508996557219,418812d056d1e3944218bd8e6c7f480debe051aaea843014031fce491b644ba0
CaV,726,10,True,0,0.06082678090031727,0.131645165706921,-0.03687999033586964,0.008335917037891827,fb0fa7283adb207d637a36c8a83c7791ecc4d20e0cf2556e68005a18c43fae4e
CaV,727,10,True,0,0.06631202421308653,0.14483360122736563,0.03399243724214274,0.03556148094146594,70b609e1950a5a1abc4fe143bd65c9d3e4e319cad5940b946ebd3f2a342a23db
CaV,728,10,True,0,0.06386644391738297,0.1442539788426062,-0.011592913209155897,0.006500485763493602,c965eccb29525ee6e9a25c8fc66ecb9f944518877313be24ce4c629312486feb
CaV,729,10,True,0,0.07343075723242162,0.20117803666296588,-0.00998526422325341,0.02278993832377818,c4ec926059dcd05138ef52864734c995e075f7c82f3abf3b9ec99cf3650666a6
CaV,730,10,True,0,0.0738311096855269,0.17256908125576637,0.022925265127048844,0.010706682433989645,82e878d40344b3546102abe118b5cec3a8f9ed13ceb6a977dc7a57d1f536520b
CaV,731,10,True,0,0.07194428491621942,0.1738566883414788,-0.005968554744846699,0.03494967051666653,179dff1155c354c6c4185a78aeeb498c082f4da480d55ee366a9d38fd61e0bdf
CaV,732,10,True,0,0.059367360927792046,0.10574275438948362,-0.0021461855003730435,0.0036708625487966717,cb498c8fe1ffbd7a1c36f3153e175827c418500fae5ad58caa9e14a23e75d77f
CaV,733,10,True,0,0.07966666566370577,0.19259642216906456,-0.028225823578255316,0.0100183957060902,3c7788d1318231ef5bda803997ad0190bf48e81267ab36bfb6a782d640b70a02
CaV,734,10,True,0,0.06775412750060682,0.158843427012807,0.0003329578803110689,0.029825758208971154,2cad04a3b60cf9312839499185141966128d27568269b7473da1d5174555e324
CaV,735,10,True,0,0.07510885568623499,0.14162329410757038,0.020798572436378615,0.03013166342137108,c5998fbcaba98b64a9627b800c0922317b1381444741811b0d2954953a01bbe4
CaV,736,10,True,0,0.05919179687036162,0.15693163279942446,0.029472276437064293,0.025160703719875777,52c44db7c7f595705ee6c59071834c2cd8593acd70c461441d06b317f361a367
CaV,737,10,True,0,0.06765138769473092,0.15503967615770342,-0.02552510316808898,0.005888675338694194,5a830f0de16a26570c8e8e4977611f114f691478d7237904d6c495579574277d
CaV,738,10,True,0,0.07927359915101657,0.18704255006367804,-0.008466917436452226,0.018660217956381953,171ff561013fa6225314cf75317175ac3f01b0ac9df8b388f606f134a68dd322
CaV,739,10,True,0,0.06381373385716863,0.15694555762293447,-0.029446655150791035,0.028219755843872818,012a907d5b1c314ce39f118b2bac478108172251d82b0a663a45d420de23b9b9
CaV,740,10,True,0,0.06394811764103385,0.19698044240096285,-0.0037904487307167667,0.025696037841575148,168cfe51e897a77cbb25a0cf0a53c6c54e78267a1b557df65493f8c09aea1445
CaV,741,10,True,0,0.06260822678106144,0.13848555578772562,-0.031061849632008975,-0.007035819885193639,85f13fbe81285d819c06f9b2ed1c5ca9497665bfc752ca9b48d2a4b32e22dffb
CaV,742,10,True,0,0.07288866954044596,0.15351040763623305,0.006553830300380703,0.03976767761196176,5124475c28850c2979e3831bf8ca00424b35d38614a34d7406ed403a58e98bd8
CaV,743,10,True,0,0.07432386145208024,0.20505772408398418,-0.0054642334237471335,-0.010324300918490348,96f7c4522a0ac50ef7d6a5a31deede0efed528a27d67401a0ea7022ade6d4cc0
CaV,744,10,True,0,0.0653227653628322,0.1442539788426062,-0.011438423493878247,-0.022178127898978994,7978d58e6ee00a2b308997c0f78ca18e0db87eeefa10be011a50bbeec9fa1a55
CaV,745,10,True,0,0.08250570426067245,0.20206367989955054,0.016388314504118595,0.032349476211268824,8da1e1e5b6ae7709cbeaebe16cb7f98435e766cd5ebd31cad638758a593342e3
CaV,746,10,True,0,0.07896310475088472,0.16518737473021358,-0.009594599910707435,0.029443376693471857,741db67456118f32a37e33e20a82010dbde83dcbbe3c2daf71b38073cfe0fb16
CaV,747,10,True,0,0.06782098184580468,0.1388044627865431,-0.012806165413635995,0.01812488383468236,daf50935624f59f796f5e346dbdc3c02438a473abe7b86dd2c93ada995727255
CaV,748,10,True,0,0.07520165794637942,0.20405052034512874,-0.002374957424761348,0.02470184590127622,930bc29e230171ecb8a13572d9875ed3099fcffbc67f2d3435c653e9af4669ce
CaV,749,10,True,0,0.06343628431550029,0.12553345402885122,0.011733733450631334,0.007341725097592899,da86aca036c3673b234801b1c91e23f0f5557d12cc8881345abcd72d4dd79fef
CaV,750,10,True,0,0.0691081123652071,0.1875193136934956,-0.017479782399498767,0.02623137196327474,7364058b63d7d00ff437b73111df285535b72f60be12557e418e4a233bea904d
CaV,751,10,True,0,0.08307520900352776,0.17716222506257118,-0.04567726476684486,0.04099129846156058,7577d89d4b2c8479fbaaba6da834ce005873837f9985224b874287af2eaa5fc5
CaV,752,10,True,0,0.07130545573147581,0.20585187910301886,0.022467266579673018,0.024166511779576627,0b7e4904afe9de3b737dc3a4e3c6e3a86911b1728df5ecfe1afa82d9831761ea
CaV,753,10,True,0,0.07388348755743177,0.1985714155731653,-0.03733759629509348,0.02638432456947437,f30ef54a99a2366729c444811c4c4c9962db757bfd88bd397b13b6486a183ba9
CaV,754,10,True,0,0.06334596177855056,0.14694430791808452,-0.01817488297813341,0.003976767761196154,c71c94b9749495c9811206c6cfeccc4ae8c87218c9def8c2c75a92e0dcb70973
CaV,755,10,True,0,0.06792178948290505,0.13044674721741392,0.015294099615665413,-0.007112296188293232,4375341c27823f37ddfb9b20a9fa65812a50e271d3e2f5f504255f27ed3de2e3
CaV,756,10,True,0,0.07010642888540584,0.17613629933444888,-0.029833015806856267,0.035026146819766346,02b05233de51517c63c03b1d5a9f7f2c4140b87735a366c4f5537529da8a84be
CaV,757,10,True,0,0.06590676384440111,0.1637972443120968,-0.017055467597809626,0.020495649230780177,74b13e7e71a673616218ca28fb166f5a1f88a391d2c087b38293f5bbaf6fd760
CaV,758,10,True,0,0.07457222694595794,0.19665405567396257,-0.010954173643658471,0.02393708287027696,dadbde96531215b8cfeca2065a32c1c169c58bd6839f12e86ebfd37ec35791d9
CaV,759,10,True,0,0.06373421366517565,0.1836187994416668,-0.007636268976508376,0.029596329299671487,2123f869e663d7ec531434bdf4868ce97cc4764642c1da0632dac794269074a8
CaV,760,10,True,0,0.06211755094467564,0.18120157283665564,-0.003585159187559972,0.021872222686579068,e1f9d79e4ab576865cd14ca2e6a3ed3ac1c7e2cfda7f7081483d99d3c7bb8014
CaV,761,10,True,0,0.07359325009525053,0.1388044627865431,-0.00019249872732540751,0.02080155444317988,d0de5b486bb6b14f3e07411f2ebff7782e5a434e625926690e7488127fb81999
CaV,762,10,True,0,0.07273702239230484,0.20066485535942477,0.011318906950361862,0.01644240516648421,9d0d6567e50a12ca8337cf617eaaf5b667cc0c79ff373d48fe23da3adb035123
CaV,763,10,True,0,0.059872496636832175,0.174441541658545,-0.0056654916412697265,0.024242988082676664,7fc989919d40a4dea6de1a2c436d316dbccefeec0be046ad373dd5dbd6348ff1
CaV,764,10,True,0,0.06192632179966059,0.19614232990673797,0.000542380280345478,0.039308819793362426,dfa04b5b9118540fd18cb19a119c52ed59e73b0aebcc36edba5bdd9d52b21631
CaV,765,10,True,0,0.0643586296123021,0.12517174622410704,0.025468932950676315,0.01950145729048125,a6e548a36e087d2467cac0f669aa514ad4800588aa34d9b52348c9eb17dcc0c9
CaV,766,10,True,0,0.06767517359116781,0.21006515498060338,-0.010342510446790687,0.026690229781874297,894ee2acc0b9bd9cb6d4f9cf98cacefbc1fe88d46d4613652a40955dab5f0afc
CaV,767,10,True,0,0.07092254919479012,0.20699780889049646,-0.02242492093394799,0.0035943862456964126,e9e0c04a4c9436b64d496fae24dfb28d199a2a14442a28fdbfbd99c69ab08fc8
CaV,768,10,True,0,0.06598217051048103,0.1424447291005546,0.013948543846667105,0.0054298175200948595,d3f9769f626210f3c41ac647465e4453c78189058c7491883f9c0e5dde8ffe44
CaV,769,10,True,0,0.07312952091191356,0.17851641116836828,-0.0262236082053815,0.025160703719875777,3df86183e3d0bd17d0f2d4cad8b584ec3f084bb4b63c0196dfb8d1f1c1fc9fa1
CaV,770,10,True,0,0.05898880739099845,0.17038023139840294,0.03513108849244717,0.02508422741677574,45e5608f7903a50e8e50e5ab9b54eebd41aceb20b5471bd923bd6f2dd9973ee2
CaV,771,10,True,0,0.07168584905702709,0.18851985767663232,-0.037473098261389115,0.02776089802527304,7c2206e11b27d56cee313afe4d1abe824595811d540f9606ba81c0e18f29a7eb
CaV,772,10,True,0,0.07051253218302267,0.174441541658545,0.033536166646511045,0.017436597106782914,111df97f8305fec8f3e51e5b486d31fdf0ef3f8513abf465cba788a97044f610
CaV,773,10,True,0,0.07503819639570164,0.18120157283665564,-0.039277000305274035,-0.01353630564868702,aa9ee26bf4c047553194546de48213e68821d6fa3ed9d26cb29a109cd969f720
CaV,774,10,True,0,0.07247080030622412,0.19614232990673797,-0.006828183253720699,0.013995163467286575,24880d4c36bcc3f9711eec4a77a096ac98f409b2b53c8ae8fbdb2490916cfe84
CaV,775,10,True,0,0.05616433565676099,0.13143481199090176,0.0026809448540969782,0.02470184590127622,0e42347e14e5e0e2354ccb227ab4613f221df559a5eecd3918f16f5a8ab69de0
CaV,776,10,True,0,0.06798313643619397,0.17438610375615163,0.017190219903364223,0.01644240516648421,8f2959c64c32231ceb693e6d2304c41e519f7b3e91f112b085f8289d88079978
CaV,777,10,True,0,0.07022468196222367,0.20642077269231246,-0.018580181988989697,0.040838345855360725,c854935c5ffbe0721a2d98efabbc36f540feefae15b399e5ed32b6f30b3d32fa
CaV,778,10,True,0,0.06799921988932986,0.15694555762293447,-0.013772770654384647,0.014148116073486205,664a5c8c9c7f5749885367e8b5cb1fa7f001f663186d5d0a28a32f95e05cfcde
CaV,779,10,True,0,0.07055986706655551,0.15693163279942446,0.03903763117129366,0.008565345947191716,fae287cd2b16787ee04dab584e5d6b47f62ba6fd16512785e98eba59fe72ee41
CaV,780,10,True,0,0.07617216015999953,0.20156761271582063,0.014488801847467592,0.017207168197483247,5be673e105304a54a190af8a7438d24c8a2502585b8129eed4ece54923882e31
CaV,781,10,True,0,0.06824839206382274,0.1442539788426062,-0.012558852638205664,-0.005123912307695155,59ffdd8272dc05bad162e2809dfa3ab0873015e4056cd57ddec6a956d5647a3b
CaV,782,10,True,0,0.07163693554497681,0.17950436080141183,-0.013515751598038639,0.022713462020678143,3f07ed623c34a90a96015fffa50a13773b9a7c16455d3149692645eb52ed7752
CaV,783,10,True,0,0.07057562899101358,0.1620917118884532,-0.008572553628350965,0.010324300918490126,157aa68ea1baa12c3da03bc6604d7c8b7d3bf940c634f40bdd0db5a025f2977d
CaV,784,10,True,0,0.07527219852939257,0.14628466524223815,-0.010185574465036318,0.019042599471881916,194261eafee0f5cfc087268b6fd2c55919dd1071a395153e118bdc0179c2888d
CaV,785,10,True,0,0.055941271305355346,0.13848555578772562,-0.011300947111611226,-0.005965151641794675,609791a1b6c676af91db7c46b6c81305b64a1e189dde5c4f7637fdcbc3550068
CaV,786,10,True,0,0.06919526155348045,0.14063358946284965,-0.008719371635444562,0.017818978622282655,2d471fce309d115badc3c9437671beca86eac982b4e5ec729030a8543feb714c
CaV,787,10,True,0,0.07796024561900589,0.17916056261924304,-0.0001611002449628529,0.004512101882895303,ecd33eae985b859bd3e986fadf1f0761eea06cd1c6a87270bb0ca5f5d6838eee
CaV,788,10,True,0,0.05951973322697981,0.19790432559609375,-0.008813156091752816,-0.00038238151549996324,c4b083728635c2000aca60e046ca18a6b7d7798eabc0200eecd82b819f0bba74
CaV,789,10,True,0,0.06967855007467541,0.20699780889049646,-0.016548309771145187,0.0029825758208970043,30b06d937467c43498902ea1cde356f6376e08cf01737d866c2553d328a2c0c7
CaV,790,10,True,0,0.07086446902697911,0.19294859272483386,0.0016736909935743949,0.04091482215846076,54902e3e5f3f8a8842db773dc416087bf9d5be0e48e24c75c60d090ea807d7ce
CaV,791,10,True,0,0.07276808066254523,0.14063358946284965,-0.001788376754186194,0.013077447830087241,959e0793d5f9bc8e284f5729a6b74be64ee537b7edce3135b4078c159d2bb691
CaV,792,10,True,0,0.07027413557677994,0.1812281700775701,-0.030477147190405063,0.01896612316878188,888a50841fd2edbd3ceaeea3bad9a9a451ffa6f6e5d243a04d842d169049948b
CaV,793,10,True,0,0.0695015911757707,0.19909030645980366,-0.0015988930500101528,0.031125855361670007,82fd93805831e995ef01a662bf2ddd244c110cee006aa17ddd4c0012502e27ba
CaV,794,10,True,0,0.07622058843201278,0.17716222506257118,-0.0011274424939462513,0.04580930555685603,57a3ae63741eeddfdff0c999fff3c8b4d81160f2161d0ef2327488d4f1e59ee8
CaV,795,10,True,0,0.06443226961960404,0.15650023044404582,-0.023736341114731108,0.01674831037888369,838bea160ec0949b0df346f18aa23f241f7c2bc87e641b9cade582d0269ea9d7
CaV,796,10,True,0,0.07368300203010748,0.17878131614305914,0.0022808700593048847,0.02217812789897855,eb03ed8d6b36cd6101af88b05279fe48d674068db2bef8f948717701f88d286a
CaV,797,10,True,0,0.08115858915466036,0.1875193136934956,-0.011062599817275531,0.04267377712975917,696aac4cf9ba6ff47846120ffecaa7f2b62848104c53c6a6a7131843818c9473
CaV,798,10,True,0,0.06971602058858944,0.18851985767663232,-0.024539152313241885,0.015371736923085466,a1fabb8bf242fe455c31df4d1b0d8add2e562540cef09fc3251aa6ebae2db589
CaV,799,10,True,0,0.07647627435469442,0.19739614958021603,-0.006942039426422131,0.032349476211269046,257bcc9d838c77aa11742b9f5333d85035adf5d0a32a1345f5bc47de0923d319
CaV,800,10,True,0,0.07697633069146367,0.11891446375078026,0.019831041191305188,0.03204357099886912,8b046c8817cb3e25b483f184cb7541fdbb092d6511bb154e523061e264944b59
CaV,801,10,True,0,0.06285136871286957,0.18627169258248405,-0.009389782122775747,0.023095843536177885,c9ab77423265bacf68ec6dcae1be525c266cdbef799f842b7f449ae7d218425b
CaV,802,10,True,0,0.0772193822121196,0.2112202902831641,-0.016338744729461174,0.03143176057406971,cf14b2cd5f5e3fefa02a86c7a8ab7c112015b59cc4550f9259ae0a7813b0e143
CaV,803,10,True,0,0.0716091289620511,0.20505772408398418,-0.004193609934322939,-0.00237076539609804,ecfab0ef043767a05b6869e216d9e07d013c0e915b4b8126cdc4a743398588e8
CaV,804,10,True,0,0.060244146281404995,0.1318014322621079,0.002796011304976087,0.021336888564879475,15cd3229a9d2c5f20f5857e15b5806df3eb32aac722890b1e45419f5988783b0
CaV,805,10,True,0,0.06065320340039565,0.1738566883414788,0.01541019369032548,0.035408528335265865,fdb95051660ede3ed9bcf0db031a505c35ee91cf6cef94e8afc703be54298230
CaV,806,10,True,0,0.06107336463548303,0.13677340549038358,0.005723610183293815,0.013077447830087019,b8b5813a79d951fa06dd010ba3c79eedf9cf99f7867d33e32b626b3d37864f81
CaV,807,10,True,0,0.07209852730736413,0.1804109853083392,-0.004323349088074968,0.010324300918490126,23149a88f7237ff1d2425b0118bb8671dbf0d5b0939b40c9b1360df077053439
CaV,808,10,True,0,0.07530040403033714,0.1900609915874562,0.009644789319804614,0.02569603784157537,1a2bb33577faf05b8f2374bc1c319efe5a1de851338cdc5214ff3e8f44181a51
CaV,809,10,True,0,0.06904604483257692,0.20499723623779592,-0.03839780933126935,0.007188772491393047,b1c686be7f9c502344b1a0ebd100073a5178cb15bb8787edba8f7ee1bd592312
CaV,810,10,True,0,0.06677096649777944,0.1318014322621079,0.004408675621303981,0.023860606567177145,a7d8f679ec500e03ed32eacd4825596c6b0b90f055df5ea560c45cf77f733a76
CaV,811,10,True,0,0.06492204927644823,0.17878131614305914,0.0009908917491912028,0.018966123168781657,cc81e53d6a5693ad4089f42a62170a190b702d22659742b00539453f724f244e
CaV,812,10,True,0,0.05904398177200608,0.1448939614749576,0.008168833600407988,0.030590521239970636,e478c09c5a44e43be919e05f84c6a94b45397626d86159e0cc1d09555097e6d3
CaV,813,10,True,0,0.08180242330056889,0.19698044240096285,-0.004737536951774146,0.026919658691173964,63e462b85128dda18dddc94789da2f27c2b2b287a7f6ebcf17b342f31c6219d0
CaV,814,10,True,0,0.07094734016942802,0.15175511491124208,0.012891109366870435,0.04695645010335503,173e8b3522277e4e5bd9979db3dae38d616a66333faebfb43f53b53a1293de05
CaV,815,10,True,0,0.06190619113958057,0.19341387180388944,-0.01597269389942224,0.021719270080379216,e323facbfa8c6d318b8aef816b192ed2ea42f9b5176a49b7c15b8cdfc33d01f6
CaV,816,10,True,0,0.06954195366822755,0.20206367989955054,0.012863139434674764,0.042597300826659135,69472c8d30e6c8dfe4b7d0bdd2ec27bcc3d1d7c2fa3121d03bd910374fa80e83
CaV,817,10,True,0,0.07281906572510334,0.16019591193515567,-0.015291729624855144,0.030284616027571154,42df557280b0e7df9157d7f6367d67c8e1b614eda6e71324374e0a9cc0e78d26
CaV,818,10,True,0,0.0631419359505003,0.17625981603516389,-0.0009165021646801996,0.006806390975893528,2bc3214b3aa3a3b828216d69b459bf1fc268aee532c6ed2903f4a7bf6517f21b
CaV,819,10,True,0,0.06695997460141886,0.17678809624028988,-0.03120167043926081,0.01368925825488665,63b150d730ead8947f94e35b48cb797e6eebaafb6b35bae80bfbd5dd5207966e
CaV,820,10,True,0,0.07427203845407228,0.2110882597550488,0.004370094917246048,0.036785101791064756,96a841867cacacb171b83a25aacbce4465bddabe43ac2cba37e8d7543d1b7d8e
CaV,821,10,True,0,0.06451007723586662,0.15286412017308307,0.02818041312352282,0.005888675338694194,0bd80f4b1a482e1997e172a8dd8c877220b3c15c2ede3aca56c6e33d5cc89740
CaV,822,10,True,0,0.08401521576381173,0.1835328894658287,0.008563347162318102,-0.01353630564868702,6abe45153670aeee39a7598a20ccf901f81eb7e4c83422859b079ad28e1f20c7
CaV,823,10,True,0,0.057820222233094264,0.129123309191333,-0.020172820334405817,-2.220446049250313e-16,1069cbdedc417ef3a25dc0af8c3afa39f7d64b48ab27449ab1aa4d10643d4f07
CaV,824,10,True,0,0.08337888385355977,0.21067743232583117,-0.004496457115546804,0.02990223451207119,ca0152e19dcd762f2eaec6026bde116f8dffce45a29ca978c74305cc97d6c529
CaV,825,10,True,0,0.07075717985486825,0.1606686155767219,-0.002471518286968122,0.015371736923085244,acf606be8d9fbd760c78ea77d35429401006c7d2fad1fa82a068da4fb9063e0b
CaV,826,10,True,0,0.06064524886097476,0.14628466524223815,-0.015868696283281025,0.0029825758208972264,fda5181403ca87f46ded7a99f855e0084e467f669f0512e9ac7fef74bd42ee47
CaV,827,10,True,0,0.05814774284140005,0.12201098142744951,0.008169973214629644,0.027760898025273262,d12b100a93d358e80b5a89f2eb3fe8139dba99cd42f90b05792cae1eea47ff81
CaV,828,10,True,0,0.07071340464775697,0.14187477208190363,-0.008593990485184833,0.04359149276695806,b9360587c1b38ad3573d2ab220474261ebcbafd967eca0b79bca80fca9920e9a
CaV,829,10,True,0,0.07191023392807744,0.14579348577522927,0.007249465368396768,0.021489841171079327,a43123e6fd66cc513518222d77b82f568d5513294021f0bcd7672ae5f236f320
CaV,830,10,True,0,0.049619992916548505,0.10721791205375486,-0.002019970065186172,0.021489841171079327,14c23213498eebfe955411b3c0a0b2fee54c0be08ec643b8868de6baaa153a63
CaV,831,10,True,0,0.07413209886215587,0.2081633643673285,-0.01609656435187823,0.0032120047301966714,5292a34c4a686bb699f7c2f37fc1a3b8423ba454a2d6f2cec4631801cd9dcdf3
CaV,832,10,True,0,0.058528457216224794,0.1985714155731653,0.0071566028600573706,0.025925466750875037,25bfdae4326f9b9567685a377a44b4c233334523fa5c42fda729c916e0070f1b
CaV,833,10,True,0,0.07535912694276056,0.18704255006367804,0.0024930997385386178,0.012465637405288055,3581fb56c245ab6906f6ac279b0ee6057c5e1db4c89d6abcc011af5a7eadaec3
CaV,834,10,True,0,0.07712063553979806,0.13229927563541544,-0.005119385107489993,-0.004665054489095599,06aa1a3d4a4fe43d6320aefa4685aec6ec08ee19c00560f1e4cdc78c600f499c
CaV,835,10,True,0,0.06804688171043217,0.19790432559609375,-0.010014895562074244,0.024931274810575887,876f21633f341b9c3f7e9dfc2395ff41fe8b06f151036c856a11acf23f108dc6
CaV,836,10,True,0,0.0754322726229483,0.1508992490574557,-0.008232771336825984,0.017971931228482507,e5fc876b61b340d599df7a1fbe1021c8bd61597adb14880f5bc89bf31b5b85bb
CaV,837,10,True,0,0.07776938047550165,0.20499723623779592,-0.011563842086608211,0.012695066314587944,7d5e0948e236cb0a0e8dfc99f42b0d832450b56019f5febd0666c4c922cacd56
CaV,838,10,True,0,0.069388683670089,0.15693163279942446,0.014452881950893115,0.026537277175674223,5015bc0386e6c4256fccd92c46e97fc5b5a277fd58fe424f95d1887acc94378e
CaV,839,10,True,0,0.056951053396008644,0.1359096325763265,-0.011009858274869444,-0.0027531469115975593,4ff849b7ecff42f49ea6205c8c7d03a9d954fb72943c2680ffb4335140fb7f42
CaV,840,10,True,0,0.07726844211106368,0.16518737473021358,-0.025078412080501877,0.023784130264077108,c3a29211e4711c95399eac202b6e3a922de53de0858245e7d68c24cb1a9b32a5
CaV,841,10,True,0,0.0598337952581493,0.17950436080141183,0.0035367132313446348,0.025619561538475555,5e2bb870865da07d9b9289c8282875258af4dd8c17ca608675d7d3f588728d5b
CaV,842,10,True,0,0.07849795584647719,0.189965267944654,-0.039934576941513145,0.02760794541907341,c4f0a2a39e44292c6754953eaf65f022a8e87c7997d1766fd2958e06894b6b58
CaV,843,10,True,0,0.07251718053660747,0.17038023139840294,0.004819429664692176,0.037396912215864164,cf6a2e25b7016a6685a67c2c37dd8270321058e9c6422bf2778ede36df84215d
CaV,844,10,True,0,0.06235490957059416,0.13659718204494492,-0.0065905642678707466,0.029443376693471857,338237df897b4a599311adac0c85f3ff5f8388e60cbe1a39c0201840f5987e21
CaV,845,10,True,0,0.07034857066702258,0.20499723623779592,-0.012658428836519242,0.006959343582092936,da31b7537ac0d07de93b809aa4179cbc1655b1480dd56cebfe43a3ef11fb71db
CaV,846,10,True,0,0.0798560871165347,0.21067743232583117,-0.0019373960490487452,0.024778322204376035,cadbd026e285fbafcecadf9e9457434ace7da8ee2fddc22ff848362a13a5d910
CaV,847,10,True,0,0.06840513648725509,0.1835328894658287,-0.00890809097099532,-0.00038238151549996324,bc6b501d77666905a07a9201b3bf1b9c99f14b828ae59bcc90e8b95131ce57d5
CaV,848,10,True,0,0.06738727866993464,0.13793176921822403,0.0033831242776751758,0.03173766578646964,7d0626dd3299bacc5621f9738ef91d2f1c7fb1386ffe80869512a2ce01ee9bc1
CaV,849,10,True,0,0.06654544526276193,0.17916056261924304,-0.02730314868113215,0.006347533157293528,0912a67aa7f786bf75583643ede36c43d459013acc0d221c03bb1a1ef63e4786
CaV,850,10,True,0,0.06372778093511104,0.1836187994416668,-0.01409112939984114,0.029672805602771524,e92cbc8ba3bc256c05c0f5ac366ca7a0b57722a8550ccc002e4692f99875189c
CaV,851,10,True,0,0.061628445163692966,0.20405052034512874,-0.02126005152327881,0.0018354312743980028,9d4f4215ffd360eec23220a21b44352a5442f646a3ad492b3b3d472dde5c97f7
CaV,852,10,True,0,0.06990364224472555,0.1835328894658287,-0.018509308941112357,-0.015371736923085466,35cf87007d9ad604ed9bc0a2435ca6aeae7d6cd636ebd64bd283c0c85ba95351
CaV,853,10,True,0,0.07430511280383231,0.17438610375615163,-0.017173554292968296,0.027531469115973373,1cf9f38e06d5897119e5cea688b2d2fe11e73b3e18dcff358a887cc67f5c7d20
CaV,854,10,True,0,0.07320790146520009,0.19294859272483386,-0.027092458805329178,0.015448213226185059,6f4ce2e2da066a99811618f9d7215c45c8f6f2fb4d4ae640e76310292b3c4775
CaV,855,10,True,0,0.06558172498369352,0.20322959396324763,0.011472407318528832,0.030284616027570932,ae1658505484200b737dd436d9fda049c17ec44a417897e18c3cad86d95e2aef
CaV,856,10,True,0,0.05736101742257491,0.14063358946284965,-0.020002808259615312,0.010247824615390089,538bdfe62d5c0cd148d7f43cfaa05a360c91f60d6337ee9068b13e41cc1c29d1
CaV,857,10,True,0,0.06893523128250624,0.15927317350955109,0.004871005623168001,0.016518881469584246,b743476f672e9869bb15a81259134db51bec30d5eb074e7fe3b36062bd5abea0
CaV,858,10,True,0,0.07051942338291209,0.15650023044404582,-0.035607128284161904,0.014912879104485466,1f1cc68cba298398eefb8415f889156f73e953e761bdeaed9c74069c3b097a68
CaV,859,10,True,0,0.07251060778518016,0.17678809624028988,-0.021290933367740905,0.01330687673938713,af835651b079a832e8153302440fb69bbeea90b4abc4fcc214ab1b51003770ab
CaV,860,10,True,0,0.08546488923148983,0.2112202902831641,0.011168832842631815,0.03839110415616287,3b753577316d54ec124f2bf2faf8601f3be27e4f5c1465ea38d6f3c72936ad74
CaV,861,10,True,0,0.065212552576938,0.13143481199090176,-0.013879806619168766,0.010171348312290052,32073f3e795930667c2090389bc6cac7d8b06f15d081389194efb9ee2d39b2b3
CaV,862,10,True,0,0.0803555980411528,0.2043378103430265,-0.0065369237564025795,0.023784130264077108,ca4c5f4d03f59287519e0f6313e4f7bb39f27e0fb5ea502f208955031c0b21f2
CaV,863,10,True,0,0.07111965921274688,0.20699780889049646,-0.02204278109174118,0.014301068679686058,2bf72ab4df9c6b8049fbff6e8bbc06ac62c3c2402b338dfd79374d321c52cd85
CaV,864,10,True,0,0.06370739930433947,0.18544911716563797,0.005128892588534439,0.013077447830087241,c11aa106ba91b272982c4d881c54c9c17aff526059597873414c5b764135725b
CaV,865,10,True,0,0.0764376789719998,0.19614232990673797,-0.010686458186743408,0.05055083634905144,bcfd1b9d0ab9fb57d04358c7f9a5f126d4dfde910d05d82929b3d8b5742bd52b
CaV,866,10,True,0,0.07587714124206175,0.19400591006974827,0.009907966285213954,0.02263698571757833,1661faf3e550ea584f721890662d64c88d0fc6f50bfe30b133a5fc68a036c4e6
CaV,867,10,True,0,0.06588552270974553,0.17878131614305914,-0.0035149553361586428,0.02095450704937951,ebf747bf85aeba5b0d8f54bee00a3208f640da41871d1792e3905582b045b801
CaV,868,10,True,0,0.07294744746515434,0.18414972482769765,-0.015701800702782265,0.007800582916192456,b0edf9e69f9e5dc63b3d4b4602c8014a1445eca36a1ef00d562aba4e628f561b
CaV,869,10,True,0,0.0659294246871885,0.19132933958522638,-0.00620765176732907,0.016136499954084504,f936f71155c7f8b30c06add8ac49380e96fbae64eff3c16ad231363d1e0b3c7f
CaV,870,10,True,0,0.07787834791408837,0.18329794808792704,0.0011043440119022918,-0.0036708625487964497,c7ccdfe93dc10b5c536628954a99a4ef62fae339e2762988c6d9248a561c35ca
CaV,871,10,True,0,0.0656412645042743,0.2083266609029592,0.0167478728288577,0.02607841935707489,29bb9db414623b61a0beb980643a28c76fc681fb76025d1458628e13c03944ee
CaV,872,10,True,0,0.06410818407273437,0.189965267944654,0.0025662241631012606,0.03800872264066357,ba6f4b008a8b59014252b9f6d68f2eeb2c321cb7662f10aaeb8a37643225c1c1
CaV,873,10,True,0,0.07646059930847236,0.1900609915874562,0.03806021568964457,0.02684318238807415,9cab6e79cb5c2a686a9f2e7cec15de889dfad751ae005c9d45a2601812a572c8
CaV,874,10,True,0,0.04621395173629453,0.14446162715048239,-0.02717311670983058,0.01888964686568184,fe32a14532e604435e901e512425a0795788e31ee9c0cfb33e693afaf2fbd734
CaV,875,10,True,0,0.0762114934449064,0.19132933958522638,-0.031105265339715915,0.02913747148107193,525a2ad45bf60cb1b7d9b610046bfe91a4f90f2eddbebf28e4fafbe90ab1e19e
CaV,876,10,True,0,0.07125388912488849,0.19259642216906456,-0.0223574662831183,0.026307848266374556,5493f8bf41fc6dd31026bfce5a13934dd08ae0225c1c6cf14b2a7a2e20fd3d96
CaV,877,10,True,0,0.08052102322214033,0.2000728738270679,0.0023041426660295183,0.027607945419073632,0dfacc1676d69156a3fe6e13b947f44138056ba641998e8c969941dea0839aa0
CaV,878,10,True,0,0.057231763429440884,0.12201098142744951,-0.003012619787590598,0.022713462020678143,5f2a4f74bf5abe9e60b65f6e8701ae3eb7aa16f3dcdc4c9bf747652461667b6e
CaV,879,10,True,0,0.0658791510310991,0.17038023139840294,0.01411887262883127,0.009024203765791272,8e58578f33f570ff126e000ce161a24f58ca4d489180695ef2da6e2c6a4faaf2
CaV,880,10,True,0,0.061831939077972,0.18120157283665564,-0.0035560501314237936,0.001988383880598077,9ff3c517b20bb202c6dd2709252a20c66bd533dfcbfb0b3824a07e8d6b90e47f
CaV,881,10,True,0,0.06936733500609624,0.19400591006974827,-0.025023662679053205,0.015907071044784837,e2ae25957f85ce0519f1db6e40aeb8ebf5c9043f685da364a3a883ab8cb286bd
CaV,882,10,True,0,0.05228029474696312,0.14552816591528145,0.008756929105920186,-0.010553729827789793,2c26ab1e381954ca923629115c4dcc960da3b505edf0b3c59a92d1f0bf310cd0
CaV,883,10,True,0,0.06774631018486812,0.15693163279942446,-0.009261573082331553,0.0036708625487964497,8c3211d2b0d99d01ea78e2deb406aa6809c13455d9df0374e260fd38413073e9
CaV,884,10,True,0,0.07013529046115416,0.20505772408398418,-0.03829729615750077,-0.018048407531582766,3a82ebae3eeb15573c70256cc593e7ee17133d3b473b6176c963847ff0cd7f13
CaV,885,10,True,0,0.07870306533727423,0.19494324228267404,-0.01646297009658082,-0.00038238151549996324,c4658095ca0e89593ab1a990406fa0d63c1f7b4dc77ae440a995f0d91e7cc980
CaV,886,10,True,0,0.07019895459598449,0.1606686155767219,-0.008407990168548096,0.0158305947416848,1ab89546f3c7f3b8c21fc058bc6e94d5fdbcf10b1642de600063ddc5a57aebda
CaV,887,10,True,0,0.06948701418367698,0.20700723519428213,0.0010797026891431472,0.02875508996557241,b7a58082476ce3bef3b52a6ba28930572226969965564695df76c4bea68615bb
CaV,888,10,True,0,0.06490459772244038,0.1637972443120968,-0.008296851112978842,0.004129720367395784,a025f383772c401c2bbff775bfa5c03b2e3c915b55908d1e16f92c9cc8ac497c
CaV,889,10,True,0,0.0770068665652632,0.19698044240096285,0.0229138693084745,0.026154895660174704,0ff3715b0cfe2beff662956ebdfe3f3ca0a0f233b9ebff206998cd151c48139f
CaV,890,10,True,0,0.0744977425413485,0.17716222506257118,-0.024515432521007074,0.019348504684281398,3eb3cefc93625af7cc88f9de6f388c4638914bf0576447c33ae4a05d6d7608de
CaV,891,10,True,0,0.07964981255666943,0.19259642216906456,-0.010210680158355245,0.024854798507476072,6677f1eec42fecf72104913343b247c7045e5f58c5853c70ee5d89bc8dde5c77
CaV,892,10,True,0,0.06526322155488094,0.1442539788426062,0.016180571847852043,-0.007112296188293454,599aacf9ba38d5e74c45d0ceaafada8ba45b1190820852a6a568a1d5e272167d
CaV,893,10,True,0,0.07334141763597514,0.17438610375615163,-0.0013697711921942801,0.04290320603905862,17a3184aa89e611425ebf1b86b54ef45372ff9e3198d2485f36027da5d56b150
CaV,894,10,True,0,0.0693823658343273,0.19698044240096285,0.0142127680626416,0.05674541690014556,0b7a7fe4186431e5dde0eaacfcd96bdc1cf217a1a661f0574d768ad82146ee04
CaV,895,10,True,0,0.06541552224069783,0.17716222506257118,0.005137971393941454,0.024931274810575887,87f42b0fe3c1e014b88abf49e9119c8a172acf253f05c8e31de2260759ef38ae
CaV,896,10,True,0,0.0772928866855174,0.19517013174737646,0.02712152261372247,0.028066803237673188,be43dd3bf4e3ba56b3465d79b3695c9e70779d72bcc1d80e408d7089afa3b02c
CaV,897,10,True,0,0.0726260645381599,0.19341387180388944,-0.007071747646780757,0.029978710815171228,ac5b1c1a371a920338b0cab696d89cc90ea30b77d2f356b87829ec99b5b72e3e
CaV,898,10,True,0,0.07695283860953388,0.20066485535942477,-0.0010731633996767798,0.020495649230780177,a31058ba7c1cc087085be8220ab084d9a74f0981b1011c9b4fb751659f8fcf8c
CaV,899,10,True,0,0.07527627796737779,0.19294859272483386,-0.013202415111494892,0.011471445464988905,16214e762e146253d32e8358dc740b7a6fe80a0e129c08350be8c9227fe2edc8
CaV,900,10,True,0,0.0615796374946735,0.13342593525873708,-0.014541886067154897,-0.0008412393340995195,ccdcaa3bf1d2741994e6b59cf1f49c2df67ead3b3eec30e2e69c294c5ac04c88
CaV,901,10,True,0,0.06297415313130204,0.15230854253827372,-0.014594172388700422,0.03579090985076583,a3fc5f0c2a86ed39dc5f39e95c13cc1efcc0fc4c7c6bb49f5b047db45a1a06ee
CaV,902,10,True,0,0.058139376481093866,0.13624357010096774,-0.0067303330273826845,0.023095843536177885,cd1bcd4fa959fc58d545b7703e1a0403ca425a8cf3d9000b291e6f28e2a2f2d0
CaV,903,10,True,0,0.06657448857797774,0.18704255006367804,-0.023431196154105827,-0.006729914672793713,9eee36eb7a861bb221bb524f532d608d3bab73aacc5ac75247aaf7f947170515
CaV,904,10,True,0,0.07087632970967521,0.1346865879335985,0.02443912928287828,0.020725078140079845,082cd6846172ee81b90e61637cc6c13c12b43043376b7c805304263b75aa6330
CaV,905,10,True,0,0.08741984422939313,0.19790432559609375,0.005977422135046817,0.02990223451207119,8e98795c91a976638713974d2f017002d83fe9b98e22adb76b18c70ff2b55811
CaV,906,10,True,0,0.08377522236862661,0.2081633643673285,0.0047650595812374075,0.02569603784157537,d38e94730f7b314001b71a24ab9aea42b91c7ed79c179bace6e9f2115291696b
CaV,907,10,True,0,0.06340392136229592,0.1835328894658287,-0.006566753069725095,-0.004512101882895747,5c3711afe31c4dc3758704b5543c24113d1929afbd8752baddb6036d657c7e3a
CaV,908,10,True,0,0.08369948755981707,0.19698044240096285,0.02918575420592573,0.029596329299671487,d37f76d7077039abf303c06ac0969b1e7636e8b77a650b29b01e7b20ed5094e7
CaV,909,10,True,0,0.05951010270459933,0.11917443933353013,0.02215081080962289,0.00038238151549951915,a535dc9b6a1ddb2018bf3a9afb7240403968909009f9bbfe36adb9eed01b06f1
CaV,910,10,True,0,0.08128374770319644,0.2083266609029592,-0.012463881482688066,0.025390132629175444,b6ff40365118b22b309109c1535e5eca1e06958df659e9e244c0fd802ba5937b
CaV,911,10,True,0,0.07894454744991385,0.1835328894658287,0.014687483567632054,0.002447241699197411,60198957dca8b0208f6ccaa3f01ba37481b42b50c26b2996468c9a83315881d6
CaV,912,10,True,0,0.07003175446654801,0.15650023044404582,-0.01819884532398075,0.03915586718716235,144ff27559de48ecf2ad7de364227a8a88ace9b8d2722a5c79a8725f8e778554
CaV,913,10,True,0,0.08038026574808259,0.19909030645980366,-0.017722323650991356,0.022484033111378254,a2091255f684eaeb63023a1fc44d777402adfa58bc4d89dee82e4ee2286ad539
CaV,914,10,True,0,0.06509434136804926,0.1547439389252755,-0.020861879682782192,0.024013559173376775,7f0bc18bd8203f4ee45b22eb63bd6e514eb93aa1745689be23a06f188bba3ab0
CaV,915,10,True,0,0.07711980960442202,0.13601722112391304,-0.0183783240564257,0.03319071554536834,34f4d22128fc854adec398c92245e37e29d875ccc0f70a52836c170a20844c31
CaV,916,10,True,0,0.0745161998016584,0.19739614958021603,0.008003163311859574,0.03242595251436886,aeb1eef22d5f92abf8ba25516f91b8b5ddcb48f9e14bb8fe50958dd8117fde58
CaV,917,10,True,0,0.07365974767991129,0.17696083891637876,0.0013640872613338573,0.018277836440882433,9261fc60d68f6ed828d868633c44d6c2a9eb937f0030fd09c389eaca1e2c1045
CaV,918,10,True,0,0.06914445348200636,0.17038023139840294,-0.01379331142563811,0.04167958518946002,9db6ac21507f0319e3acd658717c9e883171fb844715b982b7ab058268e6dd80
CaV,919,10,True,0,0.06426695492644528,0.17613629933444888,-0.01631504075111545,0.03969120130886172,3b641509cf5ad59c11e1e41416e9181bf3190bdfc1cb76b0afef93c31c88793b
CaV,920,10,True,0,0.06312343489891406,0.20499723623779592,-0.028543700731162858,0.014148116073486428,5054dc4b0415c5d26befe0c104d8e7816baf385d3ad72add7915755a6397c940
CaV,921,10,True,0,0.07010012674061974,0.20505772408398418,-0.01972688292700231,-0.013842210861086945,e26970b083b751d49fed7d6789d1391c7fa18602e12be596e7b8daf6c8e9058e
CaV,922,10,True,0,0.07137720580055944,0.1554531886244044,-0.029097833439494458,0.031355284270969896,fd144076119f14d1f9502f0126f1b7342a573cf5df46d498a6ef2bf21b0f28db
CaV,923,10,True,0,0.05750768426998752,0.09609398411352198,-0.020225240997352678,0.03028461602757071,10de472f3c4ef8a11259fde086cb2a4cdd8268707037cab5c3733f07c85faf4c
CaV,924,10,True,0,0.05349084792968749,0.1554531886244044,-0.004018648480950127,0.012618590011487685,227f90b457ba1e50016c6a0f4f1dc183c16d3d04ae61318ab24b248057d9ee86
CaV,925,10,True,0,0.06937840353244586,0.16518737473021358,-0.012084774417230992,0.0381616752468632,0340c1c23a2797e6327f53945d6642647df01710b876f748b2c6825f070758f7
CaV,926,10,True,0,0.055531558440113316,0.09609665922171383,0.005682199355159234,0.008488869644091901,b7ae444ebef87fab7c2551ac3c1a7ef2bc9d63540b46ff73e2b5465d8c8c8e9b
CaV,927,10,True,0,0.07477018568037883,0.19341387180388944,-0.03121243352260361,0.027837374328373077,f5cec3967158de8b9e3920af04592cac14359d48fc127eb8f80ab406b4a851d9
CaV,928,10,True,0,0.07585668679093553,0.20585187910301886,-0.004055249171149189,0.02026622032148051,f3b4376acd1147db424d70de81091b0eb417ad41b6630f6d951d53bc65cbe146
CaV,929,10,True,0,0.07097295205248368,0.1606686155767219,-0.006567082015756398,0.031202331664770044,89cbbf4222e4553e14c639511f1aef1f82377bf29968bcbd828bad022632edba
CaV,930,10,True,0,0.07400376262724004,0.16518737473021358,0.001384233916223998,-0.00045885781859977826,0fe2718858a658b07a5220337b0646248b2fe79621c8b1cb63ce3cbfbadf886c
CaV,931,10,True,0,0.06421558415560599,0.14446162715048239,0.002194677648257759,0.0003059052123994821,93f992c0f8c83d9df5b529701540dfc45d79d6e1a547c56bdcf1ea94066d1319
CaV,932,10,True,0,0.06253972343852104,0.1620917118884532,-0.017759665132154545,0.02064860183698003,d2d000cc0cb762d2041deab1969fd6c6a9971ef5941ece0d7d68e498e8cdaa16
CaV,933,10,True,0,0.05849951485296508,0.12172489503838842,-0.022027640881851163,-0.015983547347884874,6829ab233882992e8a55f9ea97f2cad01d2438edf5e2cd0685636c5063b41bda
CaV,934,10,True,0,0.06938254128193433,0.1637972443120968,0.009924130513074614,0.032731857726768565,1f51f1e3ce44d15a8b5a7139e681c5859b8afd3d3bd096d4a5d41233a44b0e65
CaV,935,10,True,0,0.07342383740418254,0.2083266609029592,0.0025075116134416486,0.030437568633770562,a622c9a685f592b4f4488f758d44941b99bb2a9caeeb70c5422e3326cee7f52d
CaV,936,10,True,0,0.06036509152224897,0.12016416396912304,0.020522356872345382,-0.0026001943053977072,0d678c2c7ee6053d7673f153172f14ba56df7445fdbbeb49c826cfded33a2b13
CaV,937,10,True,0,0.06809732485206303,0.16511694115562153,-0.003821488000122164,0.03364957336396768,46ee23e2bc73597e52f10fae74a469f8115738adc2c5a31ceb63bb7850563c12
CaV,938,10,True,0,0.06808091705486101,0.20156761271582063,-0.012707264952921182,0.021795746383479253,2a070ab7e6eb7c564e79e63ec44f3d940104de1c9b332ec4ceb69f87b9f6117a
CaV,939,10,True,0,0.07035233197791338,0.14907279498043205,0.021265535657642554,0.03357309706086764,5d9e27af5a08d1b03bda0b0fcaca88ca6e4abfef6cfe1e96dbc0737f86530065
CaV,940,10,True,0,0.06388971133193425,0.13601722112391304,-0.041542110441175284,0.014530497588985947,31e457fc25133920e8eb24c125eedb9b27e35e40573eb195370443f170844536
CaV,941,10,True,0,0.0632772095870962,0.19494324228267404,-0.008254368734362139,0.0003059052123994821,cc9ce98fe7197be535c5f8f53fc1f6151d2dc112ac5cdf71301a85f40bb59469
CaV,942,10,True,0,0.08428043367166968,0.20405052034512874,-0.0259422667358149,0.026690229781874075,14457eb6b91caf17e2890ff57c2b50a7e29e414d76f97b4613d17d01c2a04347
CaV,943,10,True,0,0.06268736636680936,0.13624357010096774,0.002966184857075227,0.01835431274398225,b421448e1b168bc3f0401b095486997a08af6f186e6268d1c65e9d3e32a05185
CaV,944,10,True,0,0.06812715076306294,0.20499723623779592,-0.0008584157705198159,0.023860606567177145,81a535f8055b9d4681ba6e82f346c53b4094fcde73fcdf92434434508bef4895
CaV,945,10,True,0,0.06665629870674447,0.1524386672836214,0.03444472413020261,0.033267191848467714,e794b65437c0800186ded57a8dd96b643a6c485307ead7f2e7084241882d9735
CaV,946,10,True,0,0.07367789493540325,0.19665405567396257,-0.0036816519950471083,0.017666026016083025,e3f179e79c8ecebcc4b5bd48d2eeafe5ee04a384dfc0dee7cfa2dd7233b7ab41
CaV,947,10,True,0,0.07060223401475581,0.19294859272483386,-0.021704374018115535,0.013383353042486945,94d296dfaff6bc87543f2a99a26ac10df8778ffdca944521cb246da8898389f6
CaV,948,10,True,0,0.0777550035326189,0.196182966358251,-0.011345946452983702,0.023631177657877034,9b208891d17b54a5b1949a4e31243647293b3bc116fd6b18f5d361a8a131f44d
CaV,949,10,True,0,0.06795988978561704,0.12940246382201528,0.0052236118367199325,0.012695066314587722,23d658fe366dd769d626b9c6ed0aa66995b9f65d003336b5621dc2caeb60a272
CaV,950,10,True,0,0.06369183302751744,0.20642077269231246,-0.03915893628451639,0.0055827701262944895,b896c942f03becf4e195af52f5b3e6afe73c77f470e5838e4324dfd57b5c5a82
CaV,951,10,True,0,0.07490382089540779,0.174441541658545,0.037297250470011534,0.020572125533879992,4fca14654913c345152bf94648f9d86518633a692f43ce97287c12e4ed2c84d4
CaV,952,10,True,0,0.0636155408698459,0.15351040763623305,0.02310011117549937,0.027302040206673484,50020349b535f812d3a3de86e95e068513fcb97864af20d25818a692fbdbd70f
CaV,953,10,True,0,0.07458076604383693,0.19614232990673797,0.006002947908205769,0.011318492858788831,0bc2d3d68f396b61f4d7c8ecee15f2a73ca469131fe4ed1db010430783da2813
CaV,954,10,True,0,0.0780829076490654,0.2013939556344387,-0.008688736856472978,0.008182964431691975,cee00e88a3a9162affdd48a429ceaf5f92b49c94656ee5beb21ede5283fdbfa2
CaV,955,10,True,0,0.07049664674228256,0.18415923917446486,-0.007810967578124606,0.021183935958679623,45685a2a6d3080a8540e55264e0d0fcfa860273e2c4a626d57fc17b6e2c36428
CaV,956,10,True,0,0.06602086787433412,0.1359096325763265,0.021304017912103346,-0.0014530497588987057,a82160db57008ac15ca4241d805df9a194439aa0be152d2ad70cc949576451a7
CaV,957,10,True,0,0.07634692179208893,0.1468688559271874,0.006728159106849985,0.0305140449368706,84aa04184e16c8e9e71ece80cb06654eb20c655da7cdd1e8177e185f1e7bb542
CaV,958,10,True,0,0.068551352309028,0.1594380126539066,-0.0028567840162456726,0.022484033111378254,e91127b4f5d9c64b3b317b9f5e99c82888c0a2efe744031fad5b5b51284ac0f3
CaV,959,10,True,0,0.0719371365521277,0.19517013174737646,0.010105519811094421,0.0381616752468632,32708126e39b423b34105d5662075924e52eb89b0e811aeeac24b55616accecc
CaV,960,10,True,0,0.07375459671054452,0.19698044240096285,0.007048205129711604,0.03594386245696546,19c651d08387ade00294d7467cfe89f798d35a88c351bc5c97ea3ca15816454b
CaV,961,10,True,0,0.07551274583876096,0.19494324228267404,-0.009981984399600297,0.0011471445464987795,cb3207bf041b22bdf6b26df3a9430b3c561b2bd19b4e7694ea3b54099691351a
CaV,962,10,True,0,0.06492266796314275,0.14537578700167025,0.013814519880827048,0.00925363267509094,7daa287b8e8e3e283230aa5b6d150c9c581ece24d100433eca90ce350875d084
CaV,963,10,True,0,0.07628236146990482,0.19132933958522638,-0.014175152544013692,0.026766706084974112,32a0379df20e0a8edc1acb2f4510d61ba61e19b59ecb2a811fbac98af63aa84d
CaV,964,10,True,0,0.06244177433827647,0.19132933958522638,0.027744944969684937,0.026307848266374778,c696225d0990dedafcff1d64144e03a96f7f6a4ff080e640098ca51396349b79
CaV,965,10,True,0,0.07378200926498732,0.2112202902831641,-0.020623977903660773,0.031049379058570192,879d5ccea1e6f22cd9caa05a3e7fadc38d2d28cf974b23a139455e70592a334e
CaV,966,10,True,0,0.06177423512514665,0.17696083891637876,0.019873891157127233,0.04129720367396006,c9df2e7310a982b43faaad66a89a289bbfff373834c00d3d3d539b58982c0c76
CaV,967,10,True,0,0.07549301968634944,0.15230854253827372,-0.021010318183611876,0.02898451887487208,3162312403683e2ed6acd5df10b69f05cd1febe3e0cee4e8af4110eaf9b3fa61
CaV,968,10,True,0,0.0790261400316979,0.20700723519428213,-0.007969155437684172,0.01927202838118136,b47d8239cb65d1eab1c0416c3f3b5b0986eec94ff80da403609b86fe535f3049
CaV,969,10,True,0,0.06344308942739887,0.11891446375078026,0.043404878531843494,0.0004588578185995562,ac001c2c5552b47bd8d63dfa5c89c7b2bbe41bfc7eca9ac708d0d45c259ca960
CaV,970,10,True,0,0.06527729269584336,0.1729088761052663,-0.01205281598248753,0.031584713180269564,912f4f72da50dd0318bbe5e85ea158ad0ad5645b24629aa0ced5bce79e149ed1
CaV,971,10,True,0,0.0715237645664252,0.19494324228267404,-0.03239015732484929,-0.0034414336394970046,72af4873104aa4366202de61411046e51c4060aa98fdc0630c2581bd6c083575
CaV,972,10,True,0,0.06567731710247635,0.18415923917446486,-0.03148487662787969,0.02378413026407733,867b7d60a49ac3d2751ec9fc25541f53de4fc211828ba1473cd075b57c3df20d
CaV,973,10,True,0,0.08816404929304086,0.20156761271582063,0.01493938885224666,0.027149087600473853,8fe7ae3543137109087c378000411877d452c1f1dc9d78a17534055e6c9d643b
CaV,974,10,True,0,0.07368547103642445,0.1858955499603703,-0.01340027842288416,0.01988383880598099,6875362dbbaa4872ae6f267becd1cdb061e066235fcd79c7476f17ebbe929fb4
CaV,975,10,True,0,0.07552425329715386,0.17613629933444888,0.007808575610463109,0.03219652360506897,d05efa986e90855ac7bd12dfa32a6752ff76c24ce126776d0614b0fecccce10f
CaV,976,10,True,0,0.056963922004680125,0.13205328023711052,0.027038804577663278,0.011012587646389127,66c3f98cd0e82e6a529e95590aa51dc5ec05a120c49ea979e6e7c00d0816284c
CaV,977,10,True,0,0.06644157816003798,0.20699780889049646,-0.03531131141923183,0.02646080087257463,e92b5d823aabb527e2be782f93c9cb48a5113cfb1c7e06ba4318644b6690d877
CaV,978,10,True,0,0.06071193949463275,0.14537578700167025,0.036951502865715025,0.005888675338693972,d0cb94d8d7eae68c78366303510ebea729b48c83128557e2454e9c206544e4c4
CaV,979,10,True,0,0.06570023174159315,0.18544911716563797,0.013684507979469185,0.014530497588985947,c33a6e4eacd08cb887694b2b601f4ba1a7684cf0b4028993bb8da19f7d61c2eb
CaV,980,10,True,0,0.05713577138739022,0.17613629933444888,-0.0033660156092001348,0.03204357099886912,0e8f734903c7b2724a743f4c33aa53843af6db6913282e22219656c1fdf28633
CaV,981,10,True,0,0.07911970775336805,0.19790432559609375,0.008839161326148481,0.03150823687716975,250766575ee6b2b93449cdb2547b3dc86d887300bd88aeb6716a6ed4442d1a6d
CaV,982,10,True,0,0.08066019203997596,0.2112202902831641,0.028323476689979366,0.01911907577498151,31e4d882b1088f7da3a8d2ff2ec3c56f2e7d2727dfae5eacf142054b0d879ac3
CaV,983,10,True,0,0.06616271771107932,0.15650023044404582,-0.020604805382151703,0.02600194305397463,25fbd350589b2b97e3727579927df4b5810c363451c02f3f5d0682e6862d96f4
CaV,984,10,True,0,0.07645044647138848,0.16019591193515567,-0.006527148250990766,0.004359149276695673,8163126b587a4a5b1b8884162ca543e3edf947f9fefb5582b9271d6ec829fdba
CaV,985,10,True,0,0.06302215283971067,0.18704255006367804,-0.026712429028584284,-0.006806390975893528,c4c9133281d2e345a101c747b77aeeacc7996b5885be59f5ef741fca8b2fd248
CaV,986,10,True,0,0.0682242346899052,0.19517013174737646,-0.013342321508377442,0.014224592376586243,a7fef43d8264399105bd438d3f71c62287d8112db2881b60b0034b72f3f8997b
CaV,987,10,True,0,0.07803536142857946,0.14537578700167025,0.008890182341674047,0.021719270080378994,b5d52fdbce0145f811c642d32c3c2a486ec8b53c5e59348d6259d38b95431f7b
CaV,988,10,True,0,0.07437189283309416,0.20505772408398418,0.016435297634239454,-0.0027531469115975593,2c182e97b9bab8060561edb0ce9f745d5f4f477467d20c96fa351a787a39c11a
CaV,989,10,True,0,0.0733832162124837,0.1729088761052663,-0.000511290551390875,-0.011394969161889312,6d66b9adf653418a5363e990bcc580c2eea890ba9e62892a4c3efcf0b52bb19d
CaV,990,10,True,0,0.06503966976210598,0.1779994137694295,-0.03509655921319954,-0.005812199035594601,91902d8d7d6368af2ba173bc1493b1d57203fc7b107b286d10c13587b1129faa
CaV,991,10,True,0,0.07490492692587797,0.1868038416144995,-0.013379928249743545,0.01330687673938713,2274438d606fa876c1984c59fb96a8cdc9966d7a5850e79e84d278b46705a01c
CaV,992,10,True,0,0.07072161437837202,0.19341387180388944,-0.03237674787384326,0.018201360137782396,34e842568beeddfafafc160cdcdaff4a87ac3dc28225d081b522e39345d68a7d
CaV,993,10,True,0,0.07307371026504,0.2112202902831641,0.006133459326081336,0.034643765304266605,26986dbf497b4a2d6951309281d2effaa10d69b00dc262be8a6ce1ccf79e1b7d
CaV,994,10,True,0,0.048894941216892605,0.08662762407932283,0.019682989656296224,-0.0010706682433991865,cf9fb3c437bd19869bed4678dce1a7dd847bb5ff628f5a0f8c50daab1ff04617
CaV,995,10,True,0,0.06508368211304828,0.13504743881467945,0.02482612900533665,0.021719270080378994,83315e410835dc4cc2db7e823fadaa19954e1950408bc53b7239f4fcc865a7b3
CaV,996,10,True,0,0.07666659749355098,0.20699780889049646,-0.01811589557045501,0.012771542617687759,5e7d5a8dbb9dfb6655a745d9f4e6d6b7eb3023b614e11ce31cbe4cbc256ed203
CaV,997,10,True,0,0.07159040378383136,0.20699780889049646,-0.00732521111330775,0.014606973892085984,c22c54ff58fa97d573583d985179520afa9e0371b38306b6af2cf9b314555ad6
CaV,998,10,True,0,0.07284405105245054,0.18627169258248405,-0.01257547215549737,0.021489841171079105,536baf2c06c5b996156b302a7fb3e298542d1363a449953b651b0d9eeaef96d4
CaV,999,10,True,0,0.05541519940262309,0.15948403501878802,0.012677266152185451,0.006424009460393565,b694c88463b7466f81c6f0cdc6c6b16ec49523d51158e605434ff21097248feb
HCN,0,4,True,0,0.06299123545710493,0.10652754970767911,0.03313350131208148,0.03842934230771333,a87d80a50098ddb5219b86028c0b21b51c31a85463a7a7260d9033b50560684c
HCN,1,4,True,0,0.07682168588625594,0.1433996482069515,-0.0025149822961416657,0.01739835895523334,6114748c1a22c778a6d648ee97783aead45f233352798686118888c2adbffa6c
HCN,2,4,True,0,0.07701934187453457,0.1419474893847542,-0.03570025329505366,0.046076972617705714,565debd6d62df6252d30565a3cc13d9fdff99fae9e2a672fc022e6d6b5215074
HCN,3,4,True,0,0.06367905537480101,0.14033075466341224,0.03830950313457615,-0.014530497588986169,4400fcc012aa1cb014a46e8e8f64865ddefdb1bb552348c161ce3c92f74a54f8
HCN,4,4,True,0,0.08036172669846382,0.12891630612161714,0.02827321580176556,0.023898844718727164,c69104509dac9d6bbc0c852a0185ef33061853f1c624c0331ba825132a46825f
HCN,5,4,True,0,0.056310393744025675,0.11223214273815166,-0.011126455993577977,-0.03460552715271703,5cb8343edb33fae8b084ac9ea0c88664096a7f936c02921e6eeea4a30d1af462
HCN,6,4,True,0,0.08198219204558779,0.16485339031479038,-0.012532796259895118,-0.015104069862235558,2c5c517f8f3b4e9ba0aa7c66f690c23a231fa9944ecc39ca9a23ae09696395dd
HCN,7,4,True,0,0.059101637178051676,0.0992256402550012,-0.014387641224718806,0.009559537887490865,0e6400e56dfb6ad5351dda3381e9578c3ac6872a787e80df5f153fa809b2af62
HCN,8,4,True,0,0.08643906837330878,0.13367970381476751,-0.010929181701668123,0.0015295260619982987,7908549476e11cd51ff817c356aeea8a93b4f328c29df49d8139ebcc16767266
HCN,9,4,True,0,0.06615899797234849,0.13679813948394004,0.027456753120378208,0.000955953788749131,a16ae6801fab21f0cc379b06c64190eacb6cb404f256f819044a6269a6506c62
HCN,10,4,True,0,0.07403690331040716,0.1411433278262219,0.00832728955307438,0.03709100700346446,096704b5a1a51ca40fc712a0e9f21a1676543dbb7a51ea5385fd19decfb1d84a
HCN,11,4,True,0,0.07472437862760828,0.12261056392225855,-0.00037385413126056477,-0.008794774856491827,f6325ec0061634c56fb2735c2d1c9ba7ea3eb9b4875db4d00627a81669f892cd
HCN,12,4,True,0,0.06738696055319328,0.14837335016031408,0.025645369878749102,-0.010324300918490348,94ffd07877c02c4d865f273dbb3a327f54575517794a3aba891b0db8e64a038e
HCN,13,4,True,0,0.08256998665757315,0.163162046627867,-0.0017230018144249737,0.02217812789897855,ad7ac40c39df0d9774c60adc3d9d31aec79e829d746f9df56e09e46adefe7880
HCN,14,4,True,0,0.08881653453366734,0.16879122437564234,0.031930871969614305,-0.05869556262919384,031775f1f72028e23dc333481c2152cf781ce0aeae17b21a46cdd46bdb89c397
HCN,15,4,True,0,0.0793096341177323,0.132696682238662,-0.023123453599193766,-0.01414811607348665,3121ad2817bc80afff880e536148e03c0849b7229b4b14f97b6c2d1c2b4cc77d
HCN,16,4,True,0,0.07710646098245542,0.163162046627867,0.00013119069213329837,0.011089063949489386,3df95619657aa274e876f43ee33c8e7175d12f6f0bcc61d68ebc40fc8b7fad7a
HCN,17,4,True,0,0.04603323873279475,0.07964766664900433,0.012280479701470615,0.021986937141229124,e411a58571b530a3630fd3ceba42cff7c58bb009ca660b18791d9db7bea03300
HCN,18,4,True,0,0.05086727383795001,0.10356072386621482,-0.015644641220514455,0.005926913490244212,07cea0445aad98217b56e4839f79a5d4dd75dab405b9446b65762fe43f30b3bf
HCN,19,4,True,0,0.05865681832140107,0.10775347241027583,0.023758232541549074,0.026193133811724945,d4dd9d0525de1c8e8514754b817a3693220ae4e170a8c22ada39c9b5486cdad5
HCN,20,4,True,0,0.0682282323127976,0.14020008078480894,-0.018503573018045172,-0.01625121440873456,792ce58db9e8c6fec08326648352b6419ca950be963e4ab750d078c16504fa66
HCN,21,4,True,0,0.08418661479545873,0.1359245163555591,-0.027726401811407175,-0.01892788501723186,4224ba9a43e540fa61df56ef34e9d068934355e87a74b20d25d03a9cdd822d16
HCN,22,4,True,0,0.06866809461545714,0.16879122437564234,0.015779105442983887,-0.044547446555707415,9b1026d507d715bace6704f56307ae97022fe0d789ece34b9c8e883aa18a7582
HCN,23,4,True,0,0.0759795025128331,0.14930764933317342,-0.013582812806747002,0.026193133811724723,fb7f35c5e66ff16b9e5ce0c03ab7e966deb6e20b01bbcbfd94de310c0afbcb20
HCN,24,4,True,0,0.07675299707966494,0.13031966201185385,0.03289779541559934,0.009368347129740995,f354910090c8f5f31772bb4b3139778c420c8c88862551db1b3230e302d60ec8
HCN,25,4,True,0,0.0536239821067164,0.1478222360019078,0.02806743067039985,-0.019501457290481472,8cfd539e18f5550a587ffc31605ff7fbbee66a90aa1859aada0974ae1c9c1ecb
HCN,26,4,True,0,0.08058575530372808,0.1323117067682278,-0.06941066989844491,-0.026575515327224686,d5dbfc2aeeb6624fcac557eaa9c2e1482fa585a62580c7f66b3cc8fde28d586e
HCN,27,4,True,0,0.0826919566436767,0.14874648419193423,-0.009461966165287272,-0.009368347129741217,1680b48210127eddec17028de549f5912360a7774045204b43d8dc51861a656c
HCN,28,4,True,0,0.06210744665023438,0.10550083757382914,0.04977578968118612,-0.0013383353042488721,8fb0ed84b8189320eeb71e1289f90367fcfb7deaf9b46ce32c00f091af24797c
HCN,29,4,True,0,0.07562824726724893,0.14033075466341224,0.03914442436312493,-0.0193102665327316,e8d2520203108f714a72ce2e4e58178e437dc64c21b1bcf5bd5cc5e6042dd679
HCN,30,4,True,0,0.07935587960252743,0.14032877838552044,-0.00044001941702376257,-0.015295260619985651,b1c405a116a8aaa8473c1abc73efe3d9bded711865501544e332c10bc5da5ff5
HCN,31,4,True,0,0.0640178917318677,0.13215970200114477,0.022223611677848032,0.028487422904722726,ec2b07674fb1e979bce4a3ecfb3b8140b981761e24600117234cdc647173422d
HCN,32,4,True,0,0.04428963114357168,0.06842765089140854,0.02790981374363133,-0.0181631219862326,a48af816cf1437d6a28e9deaf69fd4dae32ffdefb13979691d99c0b2bb9ae66e
HCN,33,4,True,0,0.07487573393705983,0.1390739306446829,-0.01276632935172528,-0.0030590521239970414,fa1d6dc3d01e1742566a43568573fe34ecf79b4a025484d6858186608c957c7e
HCN,34,4,True,0,0.06187510964688267,0.10652754970767911,-0.0003213507890551526,0.0024854798507476517,b70dff176cba08906b3afc8523a1cb5bf35b5c63beb7ac86516a54b6526e328f
HCN,35,4,True,0,0.07738093023665656,0.14818627565220321,-0.04619183835334306,-0.014339306831236298,5189b043401b1d3f8fa76cd1394a99bf647d4109654f6242b2b11d0a32148c19
HCN,36,4,True,0,0.08752337613567714,0.1525844229736852,-0.019033215789598934,-0.0003823815154997412,4a96f97ecb514925f6175763730771b82d036648e2f9121562589fdddbdc5133
HCN,37,4,True,0,0.06103973996290411,0.1460703718275399,0.01882585246513524,-0.012427399253738036,8c8cbe2f0a2a08183f239eb2e37965ee1a2b9fd3c82607fd304c6c67e7bfe972
HCN,38,4,True,0,0.08097383578338009,0.12884611213278566,-0.0006684066659083943,0.0378557700344635,d34d128f63aaadceb191bba74e67258373275a26b6ae9f543f60667110cf0027
HCN,39,4,True,0,0.08027653568844147,0.12767300716757493,-0.02293941897638696,-0.006882867278993343,dd06b2c83ca0aa4ad0729d4cea534a70c10427e5a6ebedd1b3e2a53c2420584d
HCN,40,4,True,0,0.0778221206864858,0.14317307013680927,0.05521564150833669,0.003632624397246209,ca88fe19eca0fd79d239a1f46afd3ee6152ffb41002c0ad7abd5e39971a8059e
HCN,41,4,True,0,0.07981358228303763,0.14990227692736538,0.005686019290617184,0.01778074047073286,519f476df60643a24f5684e017af8fbe856cff13bc17af5e314ed652ab15adb6
HCN,42,4,True,0,0.08487801120552853,0.148442225582194,0.023083250380600218,0.012618590011487907,aa5d073d0298b658ac233ba56295db60011916a66f395c5fc12616895fd23ac5
HCN,43,4,True,0,0.08417877410096222,0.15849598757356997,-0.004369975183711183,-0.0021030983352481325,3daea86b57400b15baddcfd7719a09bf8b3f1e966006796361046c01665bcd88
HCN,44,4,True,0,0.06060847715963627,0.1309512989014076,0.030254629666536248,-0.004970959701495303,b9f4b645914baa924446b2724e934828f90494c8d934b972dfc01d9ac0e069e4
HCN,45,4,True,0,0.07388410553473834,0.1383180390984727,0.044694283107914456,-0.03919410533871259,ad12fd2c27fe1d94918ae7b44ab937f7afe0ed99657ce3d12648fd8fdd7aeef6
HCN,46,4,True,0,0.061264238051199155,0.1109621151658105,-0.0024298599187910774,-0.0024854798507476517,f8357517305e82a8dffa7891a852391d77fb99f5301b861192e657b3c838c7d2
HCN,47,4,True,0,0.08205862240895206,0.16924818974774117,-0.015496185162360288,0.01778074047073286,3fbc87ad69a98c08b2bcabcd5f653b93cd9fd6e3c0ab25cf2b32185675e79d20
HCN,48,4,True,0,0.07840848392168508,0.13960949265069209,0.039697015263655766,-0.025810752296225425,ae93199d353e6cb21cc217a8710808ccc8b17c1b78f95d7df89ecbdc3d75be1f
HCN,49,4,True,0,0.05041568104018114,0.1529497621342089,-0.015915044896841923,0.03651743473021507,cf1cc1434a46c90c99875e1f5eee1b8adcccb96fd4433a338804106f56390b5a
HCN,50,4,True,0,0.053973630284859936,0.13929466490657919,-0.02303512074786429,0.005926913490244212,3a031e45e54c4baf64a853160957fce554b2416189d4948ac5c0975a51375d18
HCN,51,4,True,0,0.08049504475958241,0.14930764933317342,0.02517060754815237,0.029825758208971376,66016dbb0b2b9cf22075643d93ad2bdb4b336038f9128d2fae9377feed073cde
HCN,52,4,True,0,0.07593077869354097,0.14053367068832603,-0.03903794815527162,-0.01854550350173234,44802c9c8f10a456a737340c7b3e7e1e8fc2116d9a87c23191c356ef07360870
HCN,53,4,True,0,0.05640379862401642,0.10143697952414339,-0.03740705864067695,0.012236208495988166,57ddb4e3deeb339539c7f83e10e6610ff7d505f0c553ac974aa9fd62ecf3b33c
HCN,54,4,True,0,0.06640865693561249,0.10113136168876037,-0.03376438604647114,0.031164093513220026,ff6caab68fb54b30803baf1f1bfe077ed1d60aa17d0058ae39202bea71c701b7
HCN,55,4,True,0,0.06377345174610784,0.11802831605101392,-0.0058691102405969975,0.04091482215846076,8d5452b6ad2c26bdf9cd743436b5dd2fb554d6b4f9dd415d68d69ae633fc2711
HCN,56,4,True,0,0.0819085603748721,0.16546991658356963,0.0600757974488666,0.028678613662472374,132ef0ae0289ed29e9bb5abf8ce6259ad79ad8d9b2b33a004d5231a88e7cf7b0
HCN,57,4,True,0,0.07770496349747033,0.14331948766179145,0.026291694763117768,0.04053244064296102,40f3650372ad4d6b4f2685635d9c01c94df93a860f95a44630038ab2d697fd12
HCN,58,4,True,0,0.07956374432774205,0.13960949265069209,0.041275487391979615,-0.018927885017231638,4fdaf307836f1bd59b906f8c88d73630c1fc02ace88ca39763ca6668a5f452ef
HCN,59,4,True,0,0.04403875129682251,0.1070188436522141,0.03220843270280471,0.0007647630309992604,921e9f936bef8244079989849c37a30a2e1a6bab51384da4af1f6ee562a4ec73
HCN,60,4,True,0,0.07268456919907683,0.15640068239850616,0.02340317383420043,0.005544531974744693,ed25224856753e1ccc00725bc188979986f24b2ce2fc8adabe5f14a8a59bf171
HCN,61,4,True,0,0.05520960871100946,0.10220742075998067,-0.03994274385094232,0.011853826980488646,0ea763a56cf064d1f509b8fc93d6c0f191bb8aa097c82e7dee9efcca759ffe66
HCN,62,4,True,0,0.06024102222824343,0.13036064381571455,0.04162034338601028,0.005544531974744471,3ec56c2516ff5eefd1728f59e63560f51d50a8c9c1ba9d7accc6702739bcd3c4
HCN,63,4,True,0,0.0867292993743021,0.14930764933317342,0.028246924196364986,0.023325272445477552,678eada4c3bc671fa85e82a3e8ff3fd336bb709ee8ce98df13dc9a8a832a10fe
HCN,64,4,True,0,0.07998852832874502,0.14088058531182068,-0.032779122781370074,0.048180070952953846,54f8dbf9bbf5e0c50627900eb08c86edb87e83ba81e4e8f3acef83c83d385587
HCN,65,4,True,0,0.06200622667226131,0.14697268838881608,0.046463551011400206,0.024281226234226683,93d1f7c591f80b32d09092852282901cc4aeb944ad453857d17d4aa4459a5021
HCN,66,4,True,0,0.08027535145323704,0.1352697571024262,-0.01422351491878171,0.0021030983352479105,266fc1cafd79bb1bdff0ed2dfa77a81d6fdddbd3ece08ecce6c5a1054373baf5
HCN,67,4,True,0,0.05927259657759726,0.13215970200114477,0.013067868509669012,0.0351790994259662,934a5d75767ad1adad4b2f6d71f1f13b102c28896ece296633637a1fd2681ddd
HCN,68,4,True,0,0.09012850928031177,0.14990227692736538,0.031631622854020325,0.047797689437454105,e8f516ce8f218635aba50d29cb8879efd36963aa1bf375f4e9573cdb7ee56608
HCN,69,4,True,0,0.08991009631591892,0.15077098237003966,0.011494573063506763,0.004206196670495821,446695b8f506f637c8f0dd025784861d60ab00b1d36aa849f1261914d33632c3
HCN,70,4,True,0,0.09015335330252472,0.1525844229736852,-0.03895721395878482,-0.0021030983352479105,f31077be71a46d86f9af732ca54cf2c29ac7edb22eae68b187a8753d37c4e0dc
HCN,71,4,True,0,0.08365289085204908,0.15640068239850616,0.06279399471906921,-0.007265248794493084,c0880e96803f413983af96b22d04be918579573ae3867ded6341ed671d399614
HCN,72,4,True,0,0.06638774244329446,0.13982254769264707,0.0008814509101184864,0.024854798507476072,867347543a4864cd80b65bab151de8b42f339f3078fa11e27cf0917438fa7982
HCN,73,4,True,0,0.0911030345937281,0.16772978300103977,7.042364227016762e-05,0.0007647630309994824,c087e68c10b9a1310b24f7a76c031cdc52d0c5c40e7e9894906b07f44bcfdfae
HCN,74,4,True,0,0.07077613897568422,0.1359245163555591,-0.021743614907325348,-0.012809780769238,7501a0d53af67b7c3a4eb41345883873328be5cff5c36d707a23946c6dc6de05
HCN,75,4,True,0,0.06447215585855347,0.11630786562288374,-0.011500521795461793,0.01720716819748347,da163c0101ca0772f514f9387be962ff46b23f351c3bfd205330719e9d61dc9a
HCN,76,4,True,0,0.06847909135463907,0.14837335016031408,0.009969294348879165,-0.03709100700346446,c3d5385a6307e9f4dd8c5b1097266c522b40d71e52a006c3447ae209b337a989
HCN,77,4,True,0,0.0706217921775895,0.1338594358493837,-0.007226400589257942,0.061181042479941494,c9d6b2effd8e5d7f3e8dda6abe10abef6ce4ef6c359ec6540038bb415c3b8451
HCN,78,4,True,0,0.08434100421218348,0.1460703718275399,-0.0003053220157298586,0.0015295260619985207,ff133341ea0656ee8788af378bf679c2335e051d270e49c51d40107768747343
HCN,79,4,True,0,0.06925724499557132,0.1328772146889351,-0.0423545564539487,-0.004206196670496265,8287016140acf93dd19b790d079939747039305c14b86048568ad0bc7f7e1217
HCN,80,4,True,0,0.0588517574737066,0.16772978300103977,-0.030455866281859034,0.012427399253737814,47977a067f3e48bb6904c401cd47d9a6614c16d9b20ac03c9f8716f2629b4765
HCN,81,4,True,0,0.0794384732031153,0.15273886908093134,0.058146436280051894,0.044738637313457064,d7501906fa3c4de3bd494bc567d6ed776499ff7d47fe4f441cc9254911535cfb
HCN,82,4,True,0,0.06751820638875007,0.11453214843036791,0.007131067836288807,-0.008603584098741734,e912cf1587de5e35049ce27e0fd16f6b59e34a00d1838c2bb2b97c637c5b8aea
HCN,83,4,True,0,0.058577358679985016,0.08169718105768428,0.029457465057128207,0.043591492766958284,30e3c114c30c28c7d8b036d15137cbe278cad5a0f48511596bffa054571a3397
HCN,84,4,True,0,0.06561213865472862,0.10652754970767911,0.021833637798154504,0.043591492766958284,0fb96c8307767edff49e4197f31c96c7890e9cc7347fc60127f91b69dd8de21d
HCN,85,4,True,0,0.05289767344186154,0.13495749388166556,0.016877258673667406,0.006500485763493602,a437612fef84798f8989fd56d05e510229275a93d52f627b50078a0de7a195bc
HCN,86,4,True,0,0.07663651044424215,0.13703365942380258,0.028392622154134628,-0.03709100700346468,d6caabdba906d1b7a21f4f8dbfa2c4c5152c6a75bb68f06f90df6ed067caede8
HCN,87,4,True,0,0.0844779311384007,0.1460703718275399,0.03517043899259509,-0.007265248794493306,1c0ed2daa1db4184d7bd708fa78c2b8b3f70d52ea5d3dea4aff70f5a875cca01
HCN,88,4,True,0,0.061618376182987544,0.13367970381476751,-0.008755105582249456,0.03881172382321263,f6fa470cffac4f51219b5c41c5c106067af38d8e54200634ce0ef4a74e38ae6a
HCN,89,4,True,0,0.07100763398021166,0.1383180390984727,0.04661203548813897,0.00325024288174669,a9bf0fc777d25eb06a0197b73546f0814490ccb30b505bcf78d05479efefb6dc
HCN,90,4,True,0,0.0684561675257157,0.10875523719779594,0.04070318535984763,0.047797689437454105,28822be4e1990706d0506b67f02e234df0d865039300bf2c9dec44e980f73d28
HCN,91,4,True,0,0.05931461405955778,0.1328772146889351,-0.012447778519918629,-0.013000971526987648,c0b0be6ca5d96ba263c4861841d24965207d53185ad584e5684d4004b73196b4
HCN,92,4,True,0,0.07703535255588871,0.14531328846406727,0.03466056124094985,-0.012618590011487907,c0568a598e5855c2ca6ca14538e1adae103e43836702b8bb030db8a00bc0fc50
HCN,93,4,True,0,0.06509338233330234,0.12342938668680213,-0.05233464252172704,-0.01778074047073308,66d41c9922390b9ab787b857dd8094c8eed9191418f5a7f6a2b18f1d30603245
HCN,94,4,True,0,0.08674175648319282,0.14611102405261106,0.0712689625400349,0.026766706084974334,3f91cb97011c1b3d482247f5c08388de36f50a432a319c8ecd05b92d5b5b7951
HCN,95,4,True,0,0.07751752872254349,0.14589349585356437,0.0055032352583039845,-0.03556148094146616,e5f82f6eb51faf70925e18e472aa1ea0df09c92f379b0118c0f8b7f27ae74b45
HCN,96,4,True,0,0.06564161513302555,0.11196048358502834,-0.025931944981057775,0.0235164632032272,157faf09e0494693bb7e83e1141b7087e916982c1d026c506fc1ba2da2515049
HCN,97,4,True,0,0.06052913083741923,0.13940255314619335,0.03167362759914294,0.010133110160740255,e40827f3015f8cee743862cb1208c6fc9abbce1927b64c139c8284571e887077
HCN,98,4,True,0,0.06681951009849009,0.10143697952414339,-0.014380909449123846,0.00325024288174669,51980257ecd5437b3555144fdb46a0f9b04cd0db5972a061bc3a26a5cbaf494a
HCN,99,4,True,0,0.036138971347913336,0.05160345207614324,0.020257695846703117,0.01854550350173212,ae692398f0ff8ab2c80722987d193c93fe1784f8ac25bf9f5f271ea635a0a153
HCN,100,4,True,0,0.07144860464252696,0.1390422904855647,-0.01168846498691778,0.012427399253738036,169ae7487ca6daee4fb4f615d3eeb3330b3e7d095ca7d831a692cc76ba490b50
HCN,101,4,True,0,0.09044941339572418,0.1460703718275399,-0.00799049539854324,0.007265248794492862,9e030567ce136315aad4078606ba061499e7d1b0dd664f5d82c68e927e2a87e0
HCN,102,4,True,0,0.07243702920201696,0.13401303700222733,-0.011613790975558036,0.003632624397246653,3c947c49ef017299ec91c9ae7c8d0643a355684cbac77726099f77589eedc743
HCN,103,4,True,0,0.08814778482217547,0.14531328846406727,-0.02907199762254087,-0.0166335959242343,ca439f61c2ddd375d2676cad191b3527522cb5f834f8a1f9b151c1b04ba5434b
HCN,104,4,True,0,0.06917721968439614,0.11943713969175902,0.006575049211620332,-0.01606002365098469,e532c1f09396ca374f6b47f6af6438ede8c668d47769d33feb1b7cfd2d006446
HCN,105,4,True,0,0.08131916290603786,0.14148292350597644,0.02391835444383994,0.013192162284737297,3e1c27d9efaa868920909b57196634d4874764d66820239194ff3be25fa51100
HCN,106,4,True,0,0.0708531612060019,0.10313455814901155,0.05702767604689707,0.015486451377735078,3ff15ea4bcbcf43ce2a8f69219e3b3233accbf118f1e79503e5e16a0c6a5b48e
HCN,107,4,True,0,0.06833411353514338,0.13116358286165983,0.015599437700327679,-0.01969264804823112,fbdb80105b5a26358b2fff6288b7bb8f4863e6d996efd84f52abb4dfc06f7ef0
HCN,108,4,True,0,0.06570298007436469,0.14874648419193423,0.001160645110453995,-0.03384076412171777,bf993c5609a7854b028bd8c956f71e87b0af028143ce72ff541e311a6aeb3c33
HCN,109,4,True,0,0.07695180235066588,0.14032877838552044,0.004820811591849106,0.004970959701495081,f22ee897cd720c5b9f17b46bf6882b6e83606462a966129c83e5a7e95da32fc1
HCN,110,4,True,0,0.07894152943878441,0.14874648419193423,0.00716600261021183,-0.022942890929978033,22699c0f7ac9c521c27d76411e85a4d40cb11b4d2bd6a2f51727eb8918de67a4
HCN,111,4,True,0,0.06794440349169883,0.14589349585356437,0.0018942248017377317,-0.012236208495988388,aa9faec0d9f274a76c35435ad3ba231458bd9f4a24d04a1b8f4f5c18ac504faf
HCN,112,4,True,0,0.07311023521943043,0.13013519923866246,0.0214714095380637,0.031928856544219286,c9d6a83dfd79796af6270f0fd4cabfb7d710f1e48cc31a39e40e6c1531ca4157
HCN,113,4,True,0,0.06342136172741052,0.14331948766179145,0.013996985648801807,0.027340278358223724,7b90c2b73fa82326eb1e1b3113ab7b0992718d6dbea874a6fa4817d184f7252f
HCN,114,4,True,0,0.07226948968474739,0.13749029581963326,0.0028001116900018275,-0.020457411079230603,a0cad5068b330d3f717eccf910927e62d1fe99ad9691a7c605175d3df115bede
HCN,115,4,True,0,0.056681264412659735,0.0992256402550012,-0.00948625563848271,0.009177156371991124,2a0192ec0e971c055993cbed89247ff7dec980e2ac8bc6eab52fb5f9a3ce7125
HCN,116,4,True,0,0.07661721674339833,0.11943713969175902,0.0005638816382973477,-0.0063092950057441755,65d32ac685cdfec9af6c38daea559661403300c314d0c219cd05aeafb0950977
HCN,117,4,True,0,0.07140980272452832,0.1383180390984727,0.0389156205914456,-0.007456439552242955,78402c8e4c4614942e1ef75ff8d897469ce7203b6c01779ac7fadf9ada5db98f
HCN,118,4,True,0,0.08037284524805166,0.14842071636903373,0.00698617633876486,-0.023325272445477774,c3d9c5a754cacb437ff680a1c41c81f8cf858416a77b10f75e7d246e2f06a37a
HCN,119,4,True,0,0.07243100050708073,0.12725983723100925,0.03913402226010043,-0.019692648048231343,d95a69f01b28b48b0cd970d5d1bfe7854c17f034dbf60a2ea500c1f4b82308cc
HCN,120,4,True,0,0.06727819475601167,0.13929466490657919,-0.026973608327276688,-0.028869804420222467,ff03a81b2cbb4023266b4b9fbc582de48a0a04ac846ec8971eeee9984c0e607a
HCN,121,4,True,0,0.05682513155953791,0.10220742075998067,-0.012318204268126465,0.014339306831236076,b16ec71041f3227e468fb0bee8e6b24855bde25795db232eb89f24ac3aeb36f5
HCN,122,4,True,0,0.05577067320303468,0.08363407576974245,-0.0051542167362812474,0.0,346a534d801a861b3489e3cc8f764921196483198a36822a4128e7837c1c7550
HCN,123,4,True,0,0.0795115249912626,0.14531328846406727,0.04308317875276524,-0.012427399253738258,8e3e6e30a6ef2eef42c77a5c0b32c70ced23c7b5ab223f7778b09cfab3b5267e
HCN,124,4,True,0,0.06260075996167086,0.14148292350597644,0.007614672490199981,0.010133110160740477,520ae6327436bd86d05f8e3de1744c54f4d4a613e05fa25f1003c821682d5c55
HCN,125,4,True,0,0.06023896117887783,0.10282533325003983,-0.013808490122222405,0.03842934230771311,54a0b4f842867546c7beb2f753c4388fd390c04dd4f9fd301e993ceb92c90b36
HCN,126,4,True,0,0.061545736200164854,0.12058050974638165,-0.03503680645244267,0.0,155fb960d33afccddeb4d3812ae22ecb0671fa7cc980e17bb3568ce2da144f7e
HCN,127,4,True,0,0.03673541147130476,0.07265650640173109,0.004843971232223243,0.027722659873723243,9ab1360cc9c4c2079688a0b1e9c3b035816fff328a177dbc6a7b32f0e52eb83d
HCN,128,4,True,0,0.05718536409111298,0.09314827630390153,0.023427364759814884,0.01586883289323482,f494e4d262bc920928b2a1b8246d41830aa7d2a56733bc5c78bae0b2686657e8
HCN,129,4,True,0,0.05031225179080083,0.08600162143857427,-0.004266955198670042,-0.005735722732494786,1474b7b6f2a60ee1f72344f4cf01883e09137a373dbab95ce13f695b7d13965c
HCN,130,4,True,0,0.07765133130459524,0.14317307013680927,0.05471187582693782,0.00401500591274595,a815ba90f42ad38e6b74a317754adb8bcc4530421dd8ed21c33fa001c630321d
HCN,131,4,True,0,0.08566585503654016,0.13958649026191208,0.02351024317237216,-0.005162150459245174,5cc297a4fb15112c89819f4399a8e773cf33ffe67dcbeea7537888b98b2d1a22
HCN,132,4,True,0,0.07377360236947665,0.15118449685775323,0.03478637421524411,0.04053244064296102,743d1a92c8b05280ebadf465298dab85dafb92fd1f6671cdecbceb170c080a75
HCN,133,4,True,0,0.06643492011616849,0.14617321207961875,0.027244477094681585,0.027722659873723465,88e0c80fed2e82fa73bff9f25a5a103b98285c31d2dfaa057616a1eef793f91f
HCN,134,4,True,0,0.08601458015017133,0.1529497621342089,-0.010580046435223922,0.0021030983352479105,9779100942f9f1abafe45788982aca8656ca41e935848155cc3dfd26f95e0338
HCN,135,4,True,0,0.06932916054255911,0.13367970381476751,0.009049746630338529,0.0181631219862326,3c3f46810279078e9393962053a975dc8550e26a3130bf83bbef3425adc690c4
HCN,136,4,True,0,0.07035099731015755,0.13147984043169672,0.02068554286681179,0.010515491676239996,34559693e3628b4628cd7fe41153b747acd6171d4ffbeb37110128d61bb2c82e
HCN,137,4,True,0,0.0854947297509638,0.16260636252763447,-0.06104306349538913,-0.01606002365098469,d5be35b70fbbb4d6b755b73b1a4107c7cb5b14316e7f3db53d36b0cf361f4e45
HCN,138,4,True,0,0.07041413249584826,0.1109621151658105,0.0042040155543341395,0.05123912307695089,ed75131bc8feef32fb5cb49765a8ad12ddfaebd84d8d3abb52c0345acaf874a0
HCN,139,4,True,0,0.06950275989904114,0.11691109065413471,0.001865788804041868,-0.004015005912746394,c490a853643da59f25c0267ed323c2b9586458a1665f6f2fcf94eaa48afb2507
HCN,140,4,True,0,0.08786650958666511,0.15293248507564286,-0.008863270393657752,0.015295260619985429,83203e59d902dc4e39165abc44967b193ecb5595bf8bbe86603ca37ca7ea6976
HCN,141,4,True,0,0.07903498576176209,0.14990227692736538,-0.03399361703009807,0.012236208495987944,b6d9faa28312d53300df68f5eb06d20befe39a739967cd64cf2724adc84c0eb3
HCN,142,4,True,0,0.0803567253091362,0.14331948766179145,0.005515434115661355,0.05812199035594423,6ba49ecafb8afdf831f5baa309e2c11cd3fb836b942cd55e7fe5c4e7d31cc62a
HCN,143,4,True,0,0.06570508878988025,0.15293248507564286,-0.020539465539329615,0.048753643226203236,a0233970d34374dab18011e1dc43de1abc7fba8d6007c7c5c589cd199b0be77b
HCN,144,4,True,0,0.08057724124205912,0.13958649026191208,0.06781992410080151,-0.002294289092998003,303024c8769612108a994358c9f0b3ef0055418d1418c51ac4ca8660eb0f27f8
HCN,145,4,True,0,0.08541245329111173,0.1478222360019078,0.03502081291740611,-0.06003389793344249,b4250ca9fb1398f14cecba234c6587aa6278ddeff896092700d8a9a51460d8bc
HCN,146,4,True,0,0.07707045975525398,0.13958649026191208,0.05868101653992008,0.01969264804823112,5fdaab62f2a90cd0cb2eb75f62f1ddc26ad7fb2c79341b1893e396c6d45db081
HCN,147,4,True,0,0.0735978561151982,0.14301208711058205,-0.004465396163316315,0.045312209586706675,82d919d7560d5ddf9eca5a097731ab774a65d339a9d41a225c17fd864d83c10c
HCN,148,4,True,0,0.08255521766100725,0.1624780485716664,-0.03129149977596257,-0.01625121440873456,8b8862728e9248d5970eafe68835b77aa8c84f90ac560048bee1c8d38bf44a4e
HCN,149,4,True,0,0.06106581508793098,0.10775347241027583,0.0019229423338402718,0.03709100700346446,cbdbc0600e1f5f7ebb5d9ec9babcde1b82ec2a555428962d54c1fad7cc87ae1d
HCN,150,4,True,0,0.045990162145917286,0.07270779997974977,-0.001907345095942592,-0.008603584098741734,065cca631700f46cd2ed192e9d3d1fbf6886e2316a798801f9e68bb8bfb081c4
HCN,151,4,True,0,0.07175501179257347,0.13036064381571455,0.04574533240276746,0.020839792594730122,efea0235f637010e4b07065a66300e40b67ed8abf18afc219b618f337215b740
HCN,152,4,True,0,0.0638069895883546,0.11223214273815166,-0.026851080630613033,-0.029060995177972337,5990760070062f26f0c52f975fe9cfdb0dd334ba5ce6035f17d945f17c152efb
HCN,153,4,True,0,0.07929662348353204,0.1460703718275399,0.03582528571892585,-0.004970959701495525,94354ad08dad42b10125811667b8128bff553881762b5ad3d9bc58a6585677ee
HCN,154,4,True,0,0.06159142192981394,0.15273886908093134,0.035043866504373966,0.011471445464988905,d1f2d34df69be61ad12de9de9cddb98b271dbeddfc8d08f83a340daaae50b49a
HCN,155,4,True,0,0.061632084135852576,0.137408811823737,0.05383979077970347,0.024854798507476072,96d61634ee9d8c36c2d1ed7d2e0e9ad94b0eb609c0d54e24145aab85a429718b
HCN,156,4,True,0,0.05241687275640112,0.08795486607014324,-0.008566143765843526,0.026001943053975296,58282eab031e7b493f6a3b9a0d5481faad3581d9e1cc1b69c96ab8b73321fc8c
HCN,157,4,True,0,0.07183941203394457,0.1576584991958715,-0.03278425309544386,0.008412393340991642,68a0a2c66044f88067189b4dea8c74d240bea7a5ec5acbc8bfaaa5b46ea0f09f
HCN,158,4,True,0,0.0753501182366734,0.14531328846406727,-0.0017064848516272768,-0.021413364867979734,86721c8746ff4fb121a42e2dca14e306e3ec6c1af9d4edfe6ea3c7fe2c2ba414
HCN,159,4,True,0,0.07117882043218166,0.1406155801291501,0.026745453504245287,-0.021222174110229863,265caba4b104440949e105f78cf831c413f1571ebe0d42e70bd91241f2a6d24e
HCN,160,4,True,0,0.07654747253733181,0.14032877838552044,-0.01632627736940373,0.003250242881746912,5443b31b6e89f7cc4584592149a0b6fc0255b372f7628eca507feccf8d0a54b4
HCN,161,4,True,0,0.05611553715758282,0.10143697952414339,-0.026970619471842427,0.007838821067742252,183103dd01e64fa88e2f7d41efaacfc7fe6915c0758807068c94836b0fb1aeee
HCN,162,4,True,0,0.06608653894636586,0.1077286680747475,0.010387912090668472,0.03345838260621803,109fd6f5c0459ad86fd3ca58654dff6e3d3c052461706e3b7a8903207037ba38
HCN,163,4,True,0,0.05835999764398707,0.10806916493287237,0.027938678689172436,0.005162150459244952,1938fedcdaa290d2a3d0f68e30c50cab3f7f41ed68e56a40695c1690f6c05664
HCN,164,4,True,0,0.08631407331329478,0.14857658248031472,-0.010215966551941902,0.023516463203227422,1dbcd8a2304cc5fd08775e84100c59acdb694b22bbf6a19590d0479d684ea394
HCN,165,4,True,0,0.0779338933443409,0.14020008078480894,-0.008156253386268242,-0.021795746383479253,9215df94ece250617f0c94a7596a26fb507523f291a971f1dfcac4046cc58606
HCN,166,4,True,0,0.06480794195574473,0.14046192693662032,0.013644295627446734,0.0533422214121988,224bf09e037cdaf3aa8187e8c068c18674466560af4746960a7798317c6b9a72
HCN,167,4,True,0,0.08463704432928952,0.14046192693662032,0.00456789041454142,0.013192162284737297,ea707dfd65ddcf5497425783b6022a9892cd21d52f5748bb7988421a6d91418b
HCN,168,4,True,0,0.052530204017679376,0.12058050974638165,-0.008450940476181446,0.024663607749726424,647c3667e722a53137046240f931cbcf6c3008ebdcf77b2f52aceb89dce74ef8
HCN,169,4,True,0,0.06483873732629578,0.13516409011655828,-0.015036681392347484,-0.005926913490244434,0e1a2c195d2654ee66e4ddd951ab69af35e41dfdce15a0fb79c6192d5f742737
HCN,170,4,True,0,0.08127438225479458,0.16546991658356963,0.04334196954953118,0.01720716819748347,57d5df95ec4ce7e5713ff02e523d704d0c2677949f573bdd6b0ec0c45bdc1e86
HCN,171,4,True,0,0.058989900567674475,0.15849598757356997,-0.024984811397349205,0.004970959701495081,67fb59929108b429f4a0a717fb9908ce6cb20efeac4490846fc95f194e6ee39a
HCN,172,4,True,0,0.07949119005847761,0.15205484928413956,-0.026610882758779653,-0.01720716819748369,452b6ad29ff5bd7d937e41d75d17be5b165a745c7e4a56c759f0c78616061fd6
HCN,173,4,True,0,0.08261870925207418,0.1576584991958715,-0.02936239623569148,0.05506293823194719,c9f5d9e49e3af952d0cb35423742c1dcc8f31d49d7ff525c10372501325a7f5b
HCN,174,4,True,0,0.05726748279391771,0.16605837174828952,-0.02481285294193425,0.030972902755470377,a29d425a127b753ee276be91f24c06abcdd39c165dcb9d170b21ff608a960fd5
HCN,175,4,True,0,0.07945933336555008,0.1624780485716664,-0.044236397162140007,-0.01758954971298321,c8d14de31ca5051f49cee970532f1ec10806aeecc902bfc8caad6aa85e3f4f8a
HCN,176,4,True,0,0.0792769384702417,0.14077290988428084,-0.03486111541748693,-0.01625121440873456,067db201db1d6e8bca58005a2f696af14baf9918826ca60b379bf224323ced56
HCN,177,4,True,0,0.0907409835587116,0.14837335016031408,0.05446146465987822,0.011662636222738776,d252beea3410aaf41ea1a063f0b7828890e0c194ae2cc473a5fbe91164943145
HCN,178,4,True,0,0.07408325328745022,0.13867843000279498,-0.002939142944050843,-0.007074058036743214,2126af863d464bc2c8ea7a92060c3b9b6e92a005ad4e1989e3672fd481570777
HCN,179,4,True,0,0.0660001952274015,0.1352697571024262,0.03874054817792505,0.03670862548796472,26673de8fb9f250f59501b7f71de0ee0a978e7490f9cd8d58c4c4b5975cde2a2
HCN,180,4,True,0,0.05293875671914102,0.11453214843036791,-0.002898541790486764,0.028296232146972855,9f715add48596ed7a2b13389d527f90d9b062f22f6d67ad6b7eb1dad7b0f8fbc
HCN,181,4,True,0,0.05593560362151591,0.1308179991722034,-0.018247251258779906,-0.01147144546498935,cdb546ccd6c45979d16e0ac7f939ef4bfcd04a8f855667c3e98a0ae6844ff79c
HCN,182,4,True,0,0.0680338475190014,0.137408811823737,0.05412409329336998,0.032502428817468676,8364ac92843e436a8d12e8fcdf4cbdb89567076ca5a32f1db07f5a05829b8328
HCN,183,4,True,0,0.07390639220234455,0.13703365942380258,-0.010386768748757769,-0.0181631219862326,0e0f5a138ba3855e5d4c9e811c6f181b18232c669c6426e8d22bf0a9711ee3e1
HCN,184,4,True,0,0.07876764994326166,0.16485339031479038,-0.01695336999819208,0.011280254707239035,ab2da57b21eabd1a1cd0118d01e84b3af65ba72a47a16d449a6a6fbfba9bbad3
HCN,185,4,True,0,0.0643189141665001,0.14020008078480894,-0.024293272739555283,-0.026766706084974334,c87a4bd4bb0af61d5811e29aa8190ca9fbd12d2928ce7ee87517996abdeb0066
HCN,186,4,True,0,0.07662392507225067,0.1405416120446957,-0.03480512683956416,0.025045989265225943,917596dd0a284fd0c15faf1d5e1f6dde00d712412da269631c2cda8e69128f4b
HCN,187,4,True,0,0.07003686209660973,0.14449662875097197,-0.0066512747555036444,0.05429817520094793,cdb69d23a759d456125f2b4ede26f49218b717f0b2cf5e8ae1d1b7cb9c0a233a
HCN,188,4,True,0,0.07703479338915464,0.16485339031479038,-0.010719506861585515,-0.007074058036743214,e4989077cfe28d955b26add46ef783738d6e0f964d210cb08bf0b9a0b2b8949f
HCN,189,4,True,0,0.0745707709923756,0.14415518183476767,0.0401482003752518,0.05391579368544819,0132468355c048ce60fb85bc8197e9503f3a9ec3c6a2a2cb62f00bd03bda7d51
HCN,190,4,True,0,0.09094539478935997,0.16546991658356963,0.01588640062033364,0.004206196670495821,2fbfe62eb6204be499d5647c59fec4bd5d3acfafc856a5c3e9c41232120b134d
HCN,191,4,True,0,0.04364562191587522,0.06217958731387465,-0.021854878794195898,0.0024854798507474296,64efb64b3b287d1a2179c12baa72724ea7b7b6564b1ed5e70170ce2ad6726b51
HCN,192,4,True,0,0.07685794371607575,0.12342938668680213,-0.019829777199505738,0.01778074047073308,75239ac058a0f30549abdc36f23d6c75d0f3c8045db73ed9245efe6b8d165db9
HCN,193,4,True,0,0.06543337835263542,0.10424383124309895,0.02587491021833621,0.011662636222738776,ba06ce9a9e8397e8035545716d91e3061ef656cbfca5153381c94dc433cb27bd
HCN,194,4,True,0,0.07719994733608221,0.13036064381571455,0.04622828704837656,0.02026622032148051,a09bbb95bb8cad1635606b5d5c5c6cf80d3f574d0cd5f3d259c401168f7d52c2
HCN,195,4,True,0,0.08402882159131299,0.14033075466341224,0.04635733281360288,-0.01988383880598099,8c6f6c07273f2203a70e995ddd89a9d43b1cf6715cdea3cb13303b25370785fa
HCN,196,4,True,0,0.06897491902579789,0.14301208711058205,-0.017084156504098003,-0.006309295005743953,34a5ece0676ae730ecde59d54c4aeea325effbc0daa967970862349af75570db
HCN,197,4,True,0,0.05743519954725546,0.13958649026191208,0.03373298568275107,0.005735722732494342,0b423f229efae1a081f50ba7047f800f19a139ab1825c8f26b1c34d9c312d383
HCN,198,4,True,0,0.0826832772663636,0.1411433278262219,0.03662624348861909,0.00650048576349338,4dcd4d1caace943c5be736b42d57ed5fb1cecb98847cfbf9c0fa5ab0325efc36
HCN,199,4,True,0,0.05135706884943909,0.09298056744462611,0.02267056398838463,0.029825758208971376,6f4e433f3459f7279c3cd25b9e2a15d8d2c714ecb8dc887d4587fd08489efab0
HCN,200,4,True,0,0.08721611456427032,0.16605837174828952,-0.006519332427932012,0.003632624397246653,1ee6f3c0e30e723d1baecc1b0c5610567b09a561149f578f2ccd3034b2f6b9b1
HCN,201,4,True,0,0.054933025975004685,0.11352169496828216,-0.012841577364430812,-0.007265248794493306,8a85276b284e44811eae127846ff231ac1cb8529d08c07c1a19d37b1dba0b51a
HCN,202,4,True,0,0.08808822667010212,0.1624780485716664,-0.02608874442305953,-0.015104069862235558,e6495fc80da888be6395747a6c7eecaa45e006b7ce34e5d19bb29482819e3e05
HCN,203,4,True,0,0.07021398756237414,0.15259936556580292,-0.025038340644716106,-0.0007647630309992604,f61984473c13cde722c1f27500f88455bc2bf89e87a8291e25d5f3261cf9340d
HCN,204,4,True,0,0.08778287297857718,0.15293248507564286,-0.01637594733399661,-0.01644240516648443,f3c0a7b864a03609bda8219b56c3b78cafdba68ab1aaa01a8f0a736646de1e15
HCN,205,4,True,0,0.07337195836616851,0.14077290988428084,-0.01451542768316516,-0.013000971526987426,64f05c969d6c7916b6c64072487438576cbde746560a7cc7488964113333857c
HCN,206,4,True,0,0.06959264986145346,0.16260636252763447,-0.04093119237376097,-0.013956925315736779,58b65df725fd1856fac425dbeb5cfa42626caeed07ad24a2cf7c18ce5426154b
HCN,207,4,True,0,0.08071756212501902,0.15259936556580292,-0.025675983925406376,0.046459354133205455,3cff9e9fc0da723260cc06433aa89e148a8d2f87781eff70d8ad8823280d9175
HCN,208,4,True,0,0.058154249051641044,0.07744892801444124,0.014571134764987503,-0.0024854798507476517,f83c35efd77d276d5614212f87a3c97a371e2cbfcc8811f67b3ecd415a02f02b
HCN,209,4,True,0,0.08918308951021775,0.15259936556580292,-0.03043646350354079,-0.011089063949489386,f1d8116a21ad8b79236f11fe7d38b1a57bac8399655b36873ea5385c1d1ed99c
HCN,210,4,True,0,0.07801683881733144,0.13958649026191208,0.03688924859111875,0.026575515327224686,82c03474af057cf8fde51cb40d3da86fe26f9e1053eaa24a0bbaa53c211d2dfe
HCN,211,4,True,0,0.06307076715073748,0.15118449685775323,0.04596034657829717,0.0034414336394965606,8265d9b26b0ffde387f9ea0e86797e6bc3afa9833a5484907340d2baf2be497c
HCN,212,4,True,0,0.08004021514968507,0.13224801692942853,-0.01993041393907724,-0.004206196670496043,ebc17bf00dcc3e45b69a18d090ecb22367c3337f0e3d192d076febf6ac4386f8
HCN,213,4,True,0,0.08046864400722818,0.1390739306446829,-0.048046862114996314,-0.010515491676239996,e03d39146334937c04c8911f7aabfab58cf301796f1035d7e3a29df85ad91532
HCN,214,4,True,0,0.061965803042753745,0.1390739306446829,-0.04242853635381971,-0.03842934230771333,145cb86b8f0ab4b6b2d393bdb8588ddb20675d703df0d7610b56867a8bcf006c
HCN,215,4,True,0,0.07580250201043541,0.1433996482069515,-0.009018697770919237,0.00458857818599534,b17656f8fe330e9ddee287c04f953efcaf35fbe55c84d5b026ffc6981e62c88d
HCN,216,4,True,0,0.062115614115927933,0.16260636252763447,-0.018107657731351257,0.0181631219862326,544c495921b4badcdf46f2395b53ff957edac9aa93ba60bd57c2105888f0c0ac
HCN,217,4,True,0,0.06574576405446414,0.11802831605101392,0.02539213176921251,0.02064860183698025,58e0d8e99794b21802221507f4c28075073f6bd43235a5bfdb532402d4ceb0c2
HCN,218,4,True,0,0.08887817701498461,0.15640068239850616,0.05712951062710658,0.027531469115973595,e4b95703e025ad9f4f2fed42608c2dc9cc3e54cb212577a176f58ce0694141e2
HCN,219,4,True,0,0.08340143845543371,0.13367970381476751,-0.056951261898364525,-0.0038238151549963018,3599b17c2064f5168582ca2928e2058e91ba8dbe724716cf9a3dac8a6890ec7a
HCN,220,4,True,0,0.07058469584349528,0.11495490619327582,0.013281745485911545,-0.004779768943745655,e845b9bfab08dceb8a6314e3b4c03e580ca440d4e354b5ab56384cadbdb7380e
HCN,221,4,True,0,0.08167138342095237,0.13401303700222733,-0.003524042720608689,-0.0053533412169950445,82b53970c6cd498534e4c2e8b6422deeb7bb1a124351cdb05d0538af03beba31
HCN,222,4,True,0,0.08537579893480776,0.12891630612161714,0.022856120045887884,0.03192885654421951,5d5d90afab7ee6254ac35a5c22c5be03ceed4c89c94fe6ccadd95a6e0463f78b
HCN,223,4,True,0,0.06268178775403072,0.1478222360019078,0.03165784043335362,-0.046268163375455584,d1dddfdd9e242da27fe7d4939d2f82eac040f5182687625241356131b39fa3da
HCN,224,4,True,0,0.050316470130523705,0.1070188436522141,0.0304005984793847,0.005544531974744471,ddfcd8980caa3cb6668ba727861bd77cfc8042cb274375b26f9aaa17a1dd24df
HCN,225,4,True,0,0.08928226496690007,0.14930764933317342,-0.003955171418106529,-0.01147144546498935,e3f3251bc45508182d66f8170f55be6e4c7e953c614f7d62b2601c9b748bd900
HCN,226,4,True,0,0.04787772679092383,0.08795486607014324,-0.011492485245957251,0.022942890929978033,19c6d64c2e101b6bd013cde5cba5701ba16b8cc85fbe176400b49dbc84f9d49d
HCN,227,4,True,0,0.07482728598930677,0.13288952757508093,0.031408023297351484,0.012236208495988166,4875e7c6d0006f6ac5a160ab84f36cbac73c40df82e2f91e4c39b9cbe001ecbd
HCN,228,4,True,0,0.09242997445553847,0.16546991658356963,0.030572058403754765,-0.023707653960977515,4cebc5d39880db19adfb55a24df2d0b070c7b5e96d0488f48bf2b7713a097c75
HCN,229,4,True,0,0.06832954611266372,0.16879122437564234,0.02278586729100729,-0.03842934230771311,403c7f08267fb86e3afb2d732490d50e46f9f2b99a1e567fb4d2d8f5ab85c322
HCN,230,4,True,0,0.06985222672929209,0.13749029581963326,-0.00741417235421471,-0.005544531974744693,bf42ae66d4056938c6b0bbae14e145490c0448847ff6a97d8105ef81fc9096ca
HCN,231,4,True,0,0.05804541107996956,0.13703365942380258,0.011047580568428694,-0.03919410533871259,eec9c521e94cfe0e8caad0fbaf254e4ab45c325b072e797c80b21c05558c6853
HCN,232,4,True,0,0.07010086034378583,0.13958649026191208,0.0253255669542507,-0.007456439552242733,7af8f63c18010f11aee4234eb0d690d6de6694c86b7d50c7b2fe957f9bbae09b
HCN,233,4,True,0,0.07349965970436044,0.1263627066121976,0.04386430443111755,0.01931026653273138,84e619443649210967f8b16c54917b12def16f782de8dd48e6001bb927440453
HCN,234,4,True,0,0.061405996303654974,0.10143697952414339,0.004317015005038449,0.024854798507476072,6e104b3eca941516a64db28f6a39a2948178075b661265f8f8d2bcb6501d6187
HCN,235,4,True,0,0.07114878588987554,0.1639798183731262,0.022606733875671248,0.020075029563730862,ea289561e278b9d2ed3157e2090d6e6a2965bc85dd2970e48adbd733963b31e8
HCN,236,4,True,0,0.0759287093576074,0.14359047295571797,0.0041578599691400875,0.03288481033296842,495fc6619faa86cbd1cd0c53f614b8b74bd4fdab699a6484b754b1cfe8679116
HCN,237,4,True,0,0.07337123126254244,0.1309512989014076,0.02837557092705212,-0.0011471445464987795,c51b4c6f2151f8dcb77696f54a30b534e4a1d4c28fd78819a38b8ec353dc2ee0
HCN,238,4,True,0,0.040836483347891084,0.05993141381972088,0.003485648371000627,-0.009368347129741217,8ce6504f91ae08f4f1772988c27a18e7890167a9b0d465db3312a80512b3a6df
HCN,239,4,True,0,0.07530315303628793,0.14617321207961875,0.01876923436138589,0.031355284270969896,325a0b8c6b45c35f9484c7686ca9c27f30d861988804cfb53eebfa3d0afc47c1
HCN,240,4,True,0,0.06544015069525559,0.13679813948394004,0.015422707842469574,-0.03919410533871259,e65bffe3bf888d60ddaaf969e65f1e0a58f176bfdeb653263876b9b6b742a6dc
HCN,241,4,True,0,0.0880220407924484,0.14837335016031408,0.02038607782065749,0.016060023650984467,665ac69d2faf1fb910dbe28788579c51739eec576c46b5134c838216dc5997c6
HCN,242,4,True,0,0.045574249985734734,0.08492751316825241,-0.006357720353213914,0.005544531974744693,c5bb7afa78800a0e15f2cae9179a381340e2f8f923278092ebdd299d58011bee
HCN,243,4,True,0,0.05682726931883249,0.1029976428655522,-0.005198850022991142,-0.027913850631473336,52ae03418dfab2a6b5b7e2b6a6c23ae9363129b186e0dadf0005e80785493321
HCN,244,4,True,0,0.06288291923466925,0.1309512989014076,0.024830195596269977,-0.0030590521239972635,a1c3e53b79e6cb06be819cd43cf6575372090d8128e20b06e5998a682d77336d
HCN,245,4,True,0,0.06429009172123348,0.15640068239850616,0.027683277542785767,-0.007838821067742474,834a8feebb065cc421b8775e09e6138a63354546d9bc41f58d25861061c49932
HCN,246,4,True,0,0.06643587718068865,0.1383180390984727,0.03176357886045689,-0.012427399253738036,8253eb4e795d52a3ecf0d33db922b84026c871787be7e4eb77bb0b54ffacbfaa
HCN,247,4,True,0,0.08541928713716328,0.14359047295571797,-0.002056544303124852,0.0193102665327316,f48e5fde4bf8ab2ee203594ff4964538535fd1c80e511816facbaedacb772a0e
HCN,248,4,True,0,0.07361433238225455,0.13749029581963326,-0.025436595548835372,0.010897873191739738,21fec36d74966e43dabffc2bf151265a5b4167fd43670971d15826676fae3b3d
HCN,249,4,True,0,0.06824579481362522,0.14415518183476767,0.02208478290327287,0.049900787772702015,c866080eadcd3c2512782cfe77f35c2e02b0cb206987ceec750c1bfa4f9cfc0d
HCN,250,4,True,0,0.08029037140243094,0.16546991658356963,0.05988879601397423,0.008412393340991864,01f2ab12ab10ad8b8957eca116c06ac280581a78b9cedb0d3538c867078dc382
HCN,251,4,True,0,0.059605659115004234,0.11352169496828216,-0.0197039935883212,-0.01911907577498173,0e76e5d3b39f04ac7128c86388d750e1923521c060c0c7747dd8d12491c63207
HCN,252,4,True,0,0.0657494540713392,0.14611102405261106,0.04113782528906684,0.015677642135484726,aa4f52a1e943a8479bc436ccbd7fb64c1056eb430810fe68c68d28b580cc5674
HCN,253,4,True,0,0.08003569265808302,0.13742320298343105,0.002682001296048675,0.008794774856491605,8d4e7d56bdaba602b997c2f2c9946838c52374d0c631112dbff233eec9c9987c
HCN,254,4,True,0,0.07329586318550639,0.14032877838552044,-0.01610148128392086,-0.0038238151549963018,05f7fd93c68f7104792476c7727a5618109d28a250a0c4a464577f94622308de
HCN,255,4,True,0,0.06658530971974023,0.11875161445773534,-0.007943493410900837,0.030972902755470155,d313099e1b82d01d35e526b08dc96c6b8261b6db1eccfa8b0808e32381921ea0
HCN,256,4,True,0,0.034035820264598664,0.06623133245218395,-0.025612406426787304,0.010706682433989645,3aba8cfeb7c4ac4bcc8576e1fc99e2a8ada20cd0befd518f0a07854a024f2188
HCN,257,4,True,0,0.0769966807748983,0.16681384939693492,0.05414709598143275,0.030399330482220988,adda77573dfce36682184b60a66ef8ae0828ceae1f4a721bcb00d95dd50d8cf9
HCN,258,4,True,0,0.06531742679954307,0.14530734014036534,0.000503299099761767,0.05831318111369432,ee807448133b003eddd6859bb0f2a02b7b67c5fbb0c7d99eae605562a791db6a
HCN,259,4,True,0,0.05139300300060791,0.11545687197910894,-0.028053486814215933,-0.020266220321480732,2c6a8a6aa8f0954486a211fd703bd51c3391128e83f9c1ca2bacac57571ad79d
HCN,260,4,True,0,0.08477648713437465,0.15640068239850616,0.012288807114096967,-0.005926913490244434,ffdd58dbda055ba2e39d18201cc40f6a1bb28fb4ac8b627aa756502e210cdcaa
HCN,261,4,True,0,0.0688236586255371,0.14589349585356437,0.007324422503590888,-0.022942890929978033,5901929ebba7dadc4841c8c56d686faaacee36b7f61731b9a2e281503f6881c2
HCN,262,4,True,0,0.048493703446886124,0.10019646701565463,-0.023250497656426727,0.0208397925947299,e1efdbd04cc29db2088a5ebae4dd0fcc4a5ac03f71872f658c985a959241154c
HCN,263,4,True,0,0.06702105647791212,0.15118449685775323,0.013706315712977979,0.03556148094146594,e5a51bd6d0f2e846f884db686eacfd7e40c28e4774b8714d5dc66200ea14cf0a
HCN,264,4,True,0,0.08892507936584053,0.16772978300103977,0.0052845015214013635,0.04187077594720989,3b088fde022a336a3faba09ba7f11d9e158aa17641789b8a1163b8780a59a1cd
HCN,265,4,True,0,0.09405762493385846,0.1624780485716664,-0.017032417687342205,0.02217812789897855,2e0f7f739a99c1f6460330d4403582048c6e06dae478517c97c9ec95dc3f146c
HCN,266,4,True,0,0.06684660256592193,0.13788597339785807,-0.006796792229027959,0.014530497588986169,021d80f6d30f3024ab7eff27c976c57ce2825371d70919d30a7e70f33dc96613
HCN,267,4,True,0,0.07286888671474016,0.1433996482069515,-0.04820079360687113,0.046459354133205455,9a09d3577abedc5f6410e1c556ed5a0447c7eb9aa5d0d9cc9cd5320765679ca7
HCN,268,4,True,0,0.06896889975254293,0.13867843000279498,-0.04585969512553856,0.02236931865672842,42fa394ec9aa25c00ad30820912324adc675101e124048cb53ba3e831caef692
HCN,269,4,True,0,0.0643786977758748,0.1576584991958715,-0.014187155615104308,0.041106012916210855,562ec9f4365d7631af1424f2bfc53e985792a79318ef08e3d2475c42d1e17db7
HCN,270,4,True,0,0.08374494382311373,0.1383180390984727,0.0629101045702114,-0.0030590521239970414,436b87e7041c50c99a4b108aabced8a162a1f817a9f337f51ac70c10a402a798
HCN,271,4,True,0,0.06694910917296468,0.13742320298343105,0.026638882815038123,0.004588578185995562,18733174e72a4bad604be28e62ac6329e840fda7c5be26e2ffe16c51b3c6961e
HCN,272,4,True,0,0.07056452524475636,0.12676485324135,-0.02137620663930595,0.008030011825492123,ef3bc1d7e0c0cb0ebb02ee0c4c9980332ece1ca364eaf1908ae40072da714326
HCN,273,4,True,0,0.047720071028118316,0.07518162333068253,-0.006233385469120334,-0.022560509414478735,d3ef51a3627d2cbb44af1b0c0387512cb229e055b73cfff024b2816a713605ca
HCN,274,4,True,0,0.07430978621681987,0.14148292350597644,0.036208783728522764,0.0336495733639679,571e75774f36e0c26054b1dc3d33a0f6a4d7efe680224eb25d2916f3ddf6afd3
HCN,275,4,True,0,0.04267089489513801,0.07744892801444124,0.004442204097409919,0.016060023650984467,057ecf12c9560a8deb74359f666f996425582f7652040574c97eeeb6d8310e99
HCN,276,4,True,0,0.04490810569998397,0.10481768004626693,0.007136431933353116,0.007838821067742474,69645fb8db650ea4cf6f09e44e8e8f73e0bddaa9ef6c0e41cfc2a3668f156866
HCN,277,4,True,0,0.06861614291937529,0.16293253592455106,0.007630722752980601,0.014912879104485466,5412986a79b055baff4e163843d0759650f9bff98af25294ddd17759c8457151
HCN,278,4,True,0,0.038507603069403394,0.06820204364705101,0.011503678763997716,0.0030590521239970414,9930546ee6e6abf73eaff89f8ece038ccd73f6f776c10a7dbdf2f69e488cd5e8
HCN,279,4,True,0,0.07178274021004605,0.1309512989014076,0.02317611831925337,0.009559537887490643,af30efc87efa939af6b5c5035248705f8ce1cb538aa4d00807c21b1e098c7d9f
HCN,280,4,True,0,0.07121662536112693,0.14043625073719487,-0.002664709159998946,0.014912879104485688,9d5dd0faa184b36e32b2aecae7539b9c8bd3d91558225b99f48788c636e4f529
HCN,281,4,True,0,0.07954494972332274,0.1323117067682278,-0.0485340270085004,0.003250242881746912,1fa828e73f4bbd723b79f751f4f95ee24ca10bd4142c0445d6be59208ea73b36
HCN,282,4,True,0,0.06958701694701211,0.11645496422913945,0.03413545560391107,0.0007647630309990383,4182ddb97e72449a4d23aee2162446713b53e34bef193a741522ef2ca6e935f6
HCN,283,4,True,0,0.07380988007855434,0.1338594358493837,-0.02300166646332591,0.0193102665327316,5beffde54a8275458eeee03e322364c18ee51c83e65ac4f7a0378ad20947870c
HCN,284,4,True,0,0.07505964738364208,0.14589349585356437,0.024109978688920508,-0.028869804420222467,9fac2bb325e80a89fcc8c064b2948c825b04eda69b142b1346168cc738de9952
HCN,285,4,True,0,0.08105673148205839,0.13288952757508093,-0.01131603893711186,-0.0043973874282459136,f4b2d4fd10c493eeaf6681f2291153eadb1d734256dd194ec0af17492870be10
HCN,286,4,True,0,0.06563001563602491,0.16879122437564234,0.03194836690299829,-0.026957896842724205,36ffadcac394172f093f609b446794d5a2a3ad076821f169b7e10cd77c175bcd
HCN,287,4,True,0,0.08017548341290459,0.14148292350597644,0.011084955539967911,0.010133110160740033,07f2cf5b1d5f6b860fbf7e3428ff880d2ac5b0100cedb04380c83924eca987e8
HCN,288,4,True,0,0.05472860864211736,0.07698966064364082,0.020284258920084453,0.04263553897820915,fb629fa9823fa8669ea968aab4cee1e7a046f055b7cd5ecc4e1855ae0b488412
HCN,289,4,True,0,0.08253120275598744,0.14617321207961875,0.011576945642778336,0.045885781859956065,3955283c388297a055e05f0247bef64e485664debd84d7a7bacc876734b010fd
HCN,290,4,True,0,0.05836413086505911,0.13009776409068527,-0.04603355241755169,0.008794774856491383,4ff90ff4a397e4655eedeea185bc75311439530e320f0f1cff7bca5f1738ee8c
HCN,291,4,True,0,0.07115528584700588,0.14611102405261106,0.000946977481393052,0.010133110160740255,86f09d3afe5a2998ab69541511b47924fbc4714871f2d355b9c42db48677237a
HCN,292,4,True,0,0.06781065129840393,0.11630786562288374,0.003197659136521036,0.014148116073486205,cb5e3eedf89367421bc27381f566111d6bce80d86c154e5a9fa25c4693e71377
HCN,293,4,True,0,0.06315215750790541,0.13982254769264707,0.024263023085887347,0.046268163375455584,95857cf2d4388adb4fe093f51a18250757428d5efdfb4e060658f3793a81ef32
HCN,294,4,True,0,0.04259394020463556,0.08443278985800505,0.007886067364861749,-0.019883838805981435,023b5097a8770043285e44c5e4176e45f73023de9dcd077b63e34901c29c81f4
HCN,295,4,True,0,0.08284640867316934,0.13367970381476751,-0.03075265989634124,0.00325024288174669,f82dc535146dca3d808e5886d2d19e212fa65ada89c09c39f6448d0a52f5bb4e
HCN,296,4,True,0,0.08504625562162509,0.14043625073719487,0.02991515094525643,0.009177156371990902,2982ccb587542242f92dc702837b48725b189382a2dfb687620e22b1191e2dbf
HCN,297,4,True,0,0.05255519788426403,0.1211943052961304,0.007270094184548048,-0.03842934230771333,df45ef8115573b3ec75d14b1b49f45920a52925492f987931b8583b0489add1c
HCN,298,4,True,0,0.06180778960082162,0.1029976428655522,0.006827944820306575,-0.006500485763493824,9aac6508a30872e525e6f280d75a72486c66fe75309167a3420dfbd43fa15126
HCN,299,4,True,0,0.05326132335766308,0.10481768004626693,0.015950879213082914,-0.007838821067742696,021387e80cac794ccac2607c646f1a75f12b7138d321a81c44cb555f6c92469f
HCN,300,4,True,0,0.08334490179755889,0.13401303700222733,0.030984023831225338,0.005926913490244212,30679c07bfff918dced05a156b8ad48e46a47808243c3c76cb57ebedd62c9a19
HCN,301,4,True,0,0.0695181254563722,0.1525844229736852,-0.051228683423446775,0.026957896842724205,28833b2c72e4255e1742bdd8800b9ff7f167f12f8c7e2e9b2c65f6b3238d30af
HCN,302,4,True,0,0.0684113339218906,0.1478222360019078,0.04764955019944206,-0.03613505321471555,5a734d82ab1f1e98de0905094e83ef5fd8fccd1b7c25b62ead100e89ae753212
HCN,303,4,True,0,0.08057752075517081,0.16485339031479038,-0.006333781189954868,0.008412393340991864,f60747ad9f76905c407081917e80e8763cf0bf52b8b91e060017da2e5cac8e05
HCN,304,4,True,0,0.08079512788142754,0.12957596542446131,-0.007741175025101965,-0.011471445464989127,a539f72e66b4fb03807fb78c97b6046f968d4af8d50191a97afbbaa4e291850d
HCN,305,4,True,0,0.06955795250102763,0.1460703718275399,0.019846244843814143,-0.013956925315736779,57bce223e2eb23863bd2c260f36038cebcc526c0f5a91c6f70e8a0145070b4c0
HCN,306,4,True,0,0.07803794841152198,0.1323117067682278,-0.05555775744935554,0.006882867278993343,eaaf3e057e37f09ad2df6a4bba71f3527f907ab8296a43d4b03af95f5cc56c23
HCN,307,4,True,0,0.06985025292652151,0.12993741713021398,-0.029130608365788735,-0.01969264804823112,3f9cad64cc55d963a87c90a4c42ea910875946e4a4033505e845897915a31f42
HCN,308,4,True,0,0.046177809354646694,0.08370946035102557,-0.005059848193478711,0.0412972036739605,ded316f814560c4dab6b50731adb1b47fa348282a0e6a5e0a04f35da94cc08ba
HCN,309,4,True,0,0.07943390573410437,0.1525844229736852,-0.0055859561520663625,0.01797193122848273,1ee64aca1cfa8126263d6750d5e8ca88f8ebfdb13802c5b2eb1d43a16ac4313c
HCN,310,4,True,0,0.07757391759255242,0.14077290988428084,-0.04056483805062139,0.014912879104485688,85a57826ee3cea740501d7a785edb00f309554b94803efd5691e306d9400827d
HCN,311,4,True,0,0.07987241317488014,0.16293253592455106,0.02235214208397962,0.004588578185995562,786343ffbfec23d3016fd648cebf26e713b5faa144ae1da87c22dccb9b4c68d8
HCN,312,4,True,0,0.06043730800780457,0.14301208711058205,-0.015156571942412711,0.021413364867979734,0fb37aa575de0f92700323f4aff74d74221e69b72cab91d6fe58cd08bf715fda
HCN,313,4,True,0,0.060129110610893315,0.11943713969175902,0.005551164894947114,-0.006118104247994305,4982cad960781fb3627defe21fb97018ebd6b1e49ac97b59dc6d76efaf1e36c8
HCN,314,4,True,0,0.0712618208102928,0.13031966201185385,0.03660185730000465,-0.011089063949489608,6bb5747c828ce706f7418aaa0c5e324bd0f3d1e1f05d36f4b2c8c289b6702fec
HCN,315,4,True,0,0.05671254459590856,0.10387462046684443,0.022692372260066707,0.0007647630309992604,b05a11a588c87579e98180e19d7d74d52dd80c477f8c520793c69648446bfdcd
HCN,316,4,True,0,0.07887782271892316,0.13215970200114477,0.016734816428759514,0.008794774856491383,ed9f9d20872eb254061c307f475d927099d8daa0e5c11fdff6616f98dcc9649c
HCN,317,4,True,0,0.07946903996805801,0.16681384939693492,0.010666416715713778,0.02179574638347903,cf759b4c0572a87a2b8a3423d7e1e3235a6fc96785539124948d11f487125917
HCN,318,4,True,0,0.08664819440478365,0.15077098237003966,-0.013121339564003964,-0.019501457290481472,ba583558b388c3578043160c44c33f123b3f1efa8351f5c6b3de37c400f4fc89
HCN,319,4,True,0,0.08474073629676923,0.16546991658356963,0.02321283082613612,0.0066916765212434726,8915f5592d1427be990ee3c3940bfa720431bb08326b26e3bbcf6a943bdae6ef
HCN,320,4,True,0,0.07343414831613367,0.13224801692942853,0.017162948718455917,-0.000955953788749131,7ef7a32e18f9cad5d1274ff75c9c816a5808e004d515293ad211364c8a25784a
HCN,321,4,True,0,0.051211313175648254,0.09187247552575892,-0.012298986978557913,0.013192162284737297,cc23fd7c5343c685923a33daa531431ad10ecd9de7ee945a5ac1ad70251e455b
HCN,322,4,True,0,0.08134318568863586,0.1308179991722034,-0.04797996145510264,-0.03957648685421211,2ce750fe0cee8bca3720064dd0771f6368e2eeda2c488b8fe1699476864c7cc3
HCN,323,4,True,0,0.07283500495933226,0.15205484928413956,0.041224528503383207,-0.03192885654421951,d2b5f9cf622d331e4ff01118f3b3f3fac49706bd77dc73aa304098ee2c7c1441
HCN,324,4,True,0,0.07657100222815458,0.13495749388166556,0.04493167111942831,0.03651743473021507,0430419d93e21aad806e4e71e897f495daeb1be4cf31f0466f53bbd66cd40e7d
HCN,325,4,True,0,0.07341913604839083,0.12725983723100925,0.03417757645339292,0.017398358955233117,583a88b1ee0dac151dd898cabcf2d28547c361f1bd7860d122ea7ef9ecd07fa5
HCN,326,4,True,0,0.05409289688215424,0.1323117067682278,-0.029399618809653028,-0.028678613662472596,c003486dbe63d6676af93d7d4db483f1f54f660d0cae6e80e2ea0a7a4bffe883
HCN,327,4,True,0,0.06690180227249844,0.14077290988428084,-0.03843635582333538,-0.012809780769237777,7b878d7a575082d0f52c8a3025635eeb6ca5210d8f33e4e0025ef033901c6ade
HCN,328,4,True,0,0.05719618540306869,0.149912392774881,0.01678785689666218,0.030590521239970858,52d15498fa1cd75d45a5f1a342cc5a5d56c275b29e67cf6a3bed620419cc2d2f
HCN,329,4,True,0,0.07218364157631102,0.14990227692736538,-0.02855119986133592,0.01414811607348665,da1d0e59dbd7b92d4108fb086c380c2f0fb8d55c20e70c2dd590c1c6dab01e8d
HCN,330,4,True,0,0.08253406151546502,0.1390739306446829,-0.052885343648921834,-0.009750728645240958,999a8bed6b4f7acbe604f1acf768f1be4c9dc37b8fa5236fe8074c8bed8c6cb9
HCN,331,4,True,0,0.056998663414403954,0.10006823204580773,0.007935372560890386,0.007838821067742474,04fda526fce032cebcd5013acfb6fae1597448601041cd9987c5ffa9fdc318a1
HCN,332,4,True,0,0.07698136893583322,0.15849598757356997,-0.00832645756458561,0.007074058036743214,f75f7baeda9add56205f3146f8f90a66a50fc0cbef0a581e4730ae2abb709d09
HCN,333,4,True,0,0.06408416942241599,0.10480782430226242,0.014907182454970469,-0.025619561538475555,1a35c78b533741923efb50303293d82811584354f7fd3c46b8d2708265bb60b4
HCN,334,4,True,0,0.08996037273820723,0.14625238435322027,-0.06825491211626833,0.0193102665327316,292e869b38f800d3496e22971c67854ab799cd33f64469fbf331a5d6ff29b0e7
HCN,335,4,True,0,0.079459250924453,0.14046192693662032,0.04416247553137098,0.028487422904722504,6eaa0d6a2aecb335e16471eb361ab61c5963d77907c5505c6a33d67c5fb09be9
HCN,336,4,True,0,0.07345131374641709,0.14530734014036534,0.014293838770893297,0.06481366687718815,f5ddc40593955b57ba9effcc7d3c1835a6723f45d3de55dd107e1e15e324b100
HCN,337,4,True,0,0.0698971155030358,0.148442225582194,-0.0029380713867683816,-0.03269361957521899,8280193dfeb0292857fea8d33b2811c0ed4c23b2cb0034f332ca50ff7ef3a75d
HCN,338,4,True,0,0.06627744352849475,0.13940255314619335,0.006372521825832811,-0.009368347129741217,46ff665bc292882f02046ec919f220c1c8776e3a60c8f674e8d8ccb418542dc9
HCN,339,4,True,0,0.07871758492310094,0.1352697571024262,0.03356724155287072,0.05621008277844619,fb50875c27457695b14577617cd7dcff9f1161c53ab7b8f6df2301280b5429a6
HCN,340,4,True,0,0.05135884352568841,0.09627744473350695,0.029429470163930382,0.004970959701495081,11e610beb785f9864fd63c71d8b04bfd52e8676274b8398b2895ce522e7623c6
HCN,341,4,True,0,0.07272013742865063,0.12260042563302133,0.0030665931339852737,0.008985965614241254,7362aa28c192a8a1e6da85fac48ef5ef129af934d1a1c74da55894653abb9ffc
HCN,342,4,True,0,0.0627826685927843,0.1211943052961304,-0.0066625241308599925,-0.003632624397246431,43ff7e92fc2c6e02fefe0c0f8540e3410b651ae8a6ea2264ac759cef15228918
HCN,343,4,True,0,0.07469698027974703,0.13982254769264707,0.015692290056742664,0.0017207168197481693,5ada85f4c9b86cf1fb0cc1a317f30d1d30b5c884d9e6da547d894a9f776d1b28
HCN,344,4,True,0,0.0747153720471746,0.16485339031479038,-0.0356655807674473,-0.02867861366247282,1b453b2055968200de4a85cde262a2dafc659b05095bea3eef72d6402f90296b
HCN,345,4,True,0,0.07202783909000791,0.12260042563302133,-0.020451389170161205,-0.007074058036743436,1f21f83f2fb537beaaa5097d54bae2e4e2c575c1d4ee4b8773a4873294fb0e56
HCN,346,4,True,0,0.08491456932238807,0.15205484928413956,-0.016687465221701503,-0.03709100700346446,9562ad9cc06fa6ed629cf4f53c624e5bd334d858ea409d2ce0880fccbc94b8ec
HCN,347,4,True,0,0.07300229929077667,0.13031966201185385,0.0070356947467229425,0.0019119075774980399,15d443a9a657019bb9ec67b6f4a7d2e61feac6a02751b4848fc39637fa309564
HCN,348,4,True,0,0.06907761609600102,0.12783394492416494,-0.020986051786082482,-0.0076476303099928256,3502106653b058ada91dad11bf06d9e9d629f5c1d9e4b91fab3015f1badbb529
HCN,349,4,True,0,0.07797441242100107,0.13031966201185385,0.00563336919209112,0.013956925315736779,9ded445f240ab534a376e60056f0e177763bd6716503bdf187bb5724e031ffc1
HCN,350,4,True,0,0.0456959667752773,0.09102215770160231,-0.01528874247517864,-0.01472168834673604,dd8b594afa4a4baaa4c5715bc0b17ff48186f2e3bc54076d46210f5144b15629
HCN,351,4,True,0,0.06458973782429198,0.10656571331869531,0.004912945862513007,0.026384324569474815,4cbe01959f0d7fb5a90f97cc7d415e42eb1812361db9ed4e9e78796a82cfb878
HCN,352,4,True,0,0.07410521508224165,0.14625238435322027,-0.06511864769943276,-0.01682478668198395,6f761f3b5b345f123d1ccfc6b4e99de2e398b2cf117db642fa5a7c90407caec4
HCN,353,4,True,0,0.05443562425869512,0.10400920592186898,-0.01800292503544343,0.032120047301968935,53af4373966af6ceefc95d900dc16b7dd1d41d8de0c0d0af9600258a29b92f8a
HCN,354,4,True,0,0.07742100778549751,0.1576584991958715,-0.02129574115293953,0.009368347129740773,3b4d2bf2e4fd3d12b5bc48d434bd7b826430d67617dd96c6d14878f2690e7a37
HCN,355,4,True,0,0.04751288469245717,0.10143697952414339,-0.006916967123126616,0.013574543800237038,4c6a5be959e94ed48090652f569e677b5213f8d92c96e256dadc02849ed56187
HCN,356,4,True,0,0.04323134023121095,0.09982036797619508,-0.002021612437930198,-0.025237180022976036,37f18b93706a6e1f01de09cb74c4f7bd8eb577bb4af629683b738627d99fef98
HCN,357,4,True,0,0.05981200701555264,0.1077286680747475,0.014023251157957217,0.015104069862235558,1072b55be272cf5e513eac503366332aea63cb7750d96b545bf70211ec1a3224
HCN,358,4,True,0,0.07087246022800951,0.10313455814901155,0.024565731301397165,-0.0011471445464990015,4f372535835220886e017a6b7041159463d52a727862940c7b310aed0809e121
HCN,359,4,True,0,0.08619697243096924,0.1525844229736852,-0.046505098042761484,0.0038238151549963018,6d18dbcaec29f2d4b97571f06975878ba321459b82771eef694c84d93ce53403
HCN,360,4,True,0,0.08705717690983159,0.1470419317142104,-0.01907025991390565,-0.03212004730196938,74be7e37f6109191fb7c5100c5e3b72fcaefc5d50d0daec65db1531aa1f28596
HCN,361,4,True,0,0.05191006675149977,0.07009268475823963,0.018189952609042992,0.028296232146972855,f069610df06b6dc78ac5c461c146a516f019c6aa42e23b1e12eb5c8efd184654
HCN,362,4,True,0,0.07453552656166361,0.13703365942380258,-0.02581204841017959,-0.0030590521239972635,69314cee02dc7f7be1c9cc8232f932a9c74657a5485296190a6d1025add26995
HCN,363,4,True,0,0.0893009835410905,0.14415518183476767,0.002282229980248296,0.05659246429394571,3a9c60cd3cb1653d6958851182cfa9015e76e695ae126c9fdddf203b2d29fddb
HCN,364,4,True,0,0.06650864214003398,0.15077098237003966,0.026275469364015258,-0.011280254707239479,95a739b50b40330e8dc4e60bbbbb2b71d0c9bb41ce40e40719bf50cd498173bc
HCN,365,4,True,0,0.07539763810486538,0.14032877838552044,-0.04568253242388298,-0.05257745838119998,e94bd38d7de11463d373c408bd19c8af339ab3a91a86d8c71c0894580b8005e8
HCN,366,4,True,0,0.07367295588781161,0.10509877530913188,-0.0065567057716888755,0.0005735722732493898,8fccb573a964ecdf9a7972d8f1eaaaa349a55960a1531a8c18249b40a71298e4
HCN,367,4,True,0,0.05955584540353956,0.09574107762468603,0.011939370530233528,0.05219507686570002,ef540e2e764c8d4bfa056fa832b11042349ff724aaa4cc3c2f05837bf29773cb
HCN,368,4,True,0,0.06411673636015412,0.11875161445773534,-0.009755486534799074,0.047988880195203976,e5559f99022f306d6acf81b968f1b1878f0efe355843e50a9341416a5aff769a
HCN,369,4,True,0,0.08364967891097765,0.14930764933317342,-0.02955175119110076,0.0193102665327316,a8b748932cfd08a9a6aee8ba73e0eaaa828148b38867e3704d251b53da84319d
HCN,370,4,True,0,0.08357908893203493,0.1525844229736852,-0.0025372771300054,0.012236208495988388,8314787c5f3add7a23d8e53c536f84bb1771c6aa9e4a038736bf0eecad611db6
HCN,371,4,True,0,0.06815612209256786,0.14359047295571797,-0.006816657127174386,0.014721688346735817,e1870680676d66d01ac0c714e4da6afa729e8bbb724c932cd80aa10a3f1749b6
HCN,372,4,True,0,0.08491129328514521,0.14990227692736538,-0.0207837182740771,0.004588578185995562,278e9b9626d76a4192748c0357f3a524b86ca4cecdb7ecfd2e176a8a9af9d5bf
HCN,373,4,True,0,0.08015538305414843,0.16293253592455106,0.03935219375780297,0.026001943053974852,5d06d0a86c8e800f05b81a7a8a5670485a4884b4e8433084d7e0769cc5f070e0
HCN,374,4,True,0,0.06963883821410857,0.13190638527968898,-0.004272679927062262,0.027913850631473114,11a76095e1c6add709cedec2ef232ca000f0ceb7353d3344ea64709c7c5b05e8
HCN,375,4,True,0,0.06885474157575555,0.12404707849002714,-0.046831247451875946,0.007838821067742474,65195ccbf643d6ca19109828ca6c6af7a146cbab475637fa9419492b345f5208
HCN,376,4,True,0,0.08093231325104014,0.13215970200114477,0.026907688239671934,0.004970959701495081,e0a0e8a1364a9c4fb2464c52a5439cef65d310ecd87e2b19c790a0fb0cc5b41b
HCN,377,4,True,0,0.04131344795202681,0.11495490619327582,0.009721053703423577,0.015868832893234597,4a397e66592fbe598fd98cc6b30b0657412c6b7bc81fba8dbc2864955f8a2cf4
HCN,378,4,True,0,0.07022635013513161,0.1211943052961304,0.01568080592574672,-0.004588578185995784,b1313859164d646b056ef62cc430367a82920514b68531e681695d4b595143b8
HCN,379,4,True,0,0.07713350017235435,0.1639798183731262,-0.0013205614547400213,0.048180070952953846,196688a2f5a373fefc009dfdf3bfeb3090bf9d4bedc2ef10d12e48cc22e521b4
HCN,380,4,True,0,0.08426744028363874,0.15923157720068604,0.029267110564642262,0.04990078777270224,6e1aca62184ee57d21661056f24aa3a30fe39630b492a4460bf875d9bdec0d41
HCN,381,4,True,0,0.07292948142821412,0.14530734014036534,-0.017003093629205823,0.046268163375455584,044af03812e156c3077d45774650fbb27c941799aa3f2eadb9c5906dbec147b0
HCN,382,4,True,0,0.08263669483104572,0.14359047295571797,-0.013409677638030804,0.003632624397246431,fb7f550a08d37e65849e7048079e5367c1993a42227cf60391acc3eafc6cf9cf
HCN,383,4,True,0,0.06761250069839855,0.10019646701565463,-0.00451398891126753,0.010324300918489904,92451d85becd4ffaccf21795ded092a581ce9e3c59b593b2db0f2143659335f7
HCN,384,4,True,0,0.07614373534460551,0.11505377968617755,0.016437848629479612,0.01586883289323482,c93e51dd935156db7f9a137216325a5a979965e7bb9b6030a550651455ec5819
HCN,385,4,True,0,0.07807417951896371,0.16260636252763447,-0.027517719453592937,-0.013000971526987648,f9f2702e70e1f494fda9d0d38d8e0f0ba645d1c30dc5fc9e46f8b0f6db7c604a
HCN,386,4,True,0,0.06532506839775819,0.11856513534817305,0.024969061482059907,0.04167958518946002,ecfdea530a558b96a646ac919777fc5178bc75e726b7b4f6e3365cb90d6f156d
HCN,387,4,True,0,0.09201866837851311,0.14625238435322027,-0.004807373954567096,0.029443376693471635,cb308440f42d5f0a12363bfca5f0188b5791f23f191186d70c61f99eeb7626d7
HCN,388,4,True,0,0.06746223894253209,0.12767300716757493,0.036352361057213844,-0.00133833530424865,03eaffe10189451079fea62dd2544a26833de0c23ef3e7365a6c1cd7a7185dc3
HCN,389,4,True,0,0.08684407874205198,0.15293248507564286,0.009793031233267913,0.04091482215846076,b8e31d458606dba5a68152c607913a47d81bd4c2342cc7cd0e3ae53a4b4db588
HCN,390,4,True,0,0.07633254273224954,0.13788597339785807,-0.037154857092020155,0.000955953788749131,481ff8415add8c942603ec507a09d8015ede144e3787704a754a0939f5b61a90
HCN,391,4,True,0,0.08869725285569496,0.14449662875097197,-0.020343783487959843,-0.014530497588986169,eec3af956538bed2c5a9eac4b5c143a3659b9ffcd49a12c07dcaafacd1102f5b
HCN,392,4,True,0,0.06992160820647633,0.13153124804244243,0.039096673942126126,0.046268163375455584,70ad759107a372157de0528149f6904077f9d0c8228d90041885ddec9b9cd155
HCN,393,4,True,0,0.07426383570591844,0.14625238435322027,-0.02675805625003025,0.0015295260619985207,82e4503b920215c9a97efd2dc4ea720023f18ceadee5ff908d8a358a71e0c4f8
HCN,394,4,True,0,0.07683238678516693,0.14842071636903373,0.045314046306898836,0.008221202583241993,898a108392adf76eebb2191b9fc1b7fa313763d27086b8bf0eef9343302c7c23
HCN,395,4,True,0,0.07030586502312985,0.15118449685775323,0.010226650130152226,0.009750728645240514,cc4666ef1e6fc7280d19e39078cc898e6a9133ff8f71a03822382f8d61b48741
HCN,396,4,True,0,0.07004979439036399,0.15923157720068604,0.012061950914983743,0.015677642135484948,fe307359542267161db7b3a66de9367b2f0ea74f365d3df3f9550be69c181569
HCN,397,4,True,0,0.08066369893189222,0.14617321207961875,0.0708054683085868,-0.0011471445464990015,b80d0eb90cd81b438455acfd80e858574fa9eca79905fb1719c483ea565b3103
HCN,398,4,True,0,0.07705881961129783,0.14317307013680927,0.025274647358280777,-0.002867861366247393,12b6ca55f48a60bcd8414b51f83b16c4dcad9901488d316a6ecea97c69f85aa6
HCN,399,4,True,0,0.08864767661028357,0.14589349585356437,0.010313274883686052,-0.004970959701495303,4328ab96bc03f410dfa34ece4a4a441ef240802362704530739f4e4d304109b4
HCN,400,4,True,0,0.07715858763754257,0.13147984043169672,-0.014227015667074072,-0.018163121986233044,03f185ca0c7dfec9de01c587dce2bd7cdc489b653e35b5452d52517746f4e33c
HCN,401,4,True,0,0.07235613710200454,0.13867843000279498,-0.004157656368257934,-0.0005735722732496118,fc45525b32ff5bba24b8812a0d2313af9426b69ec43e421ce2c25a6dbcc32eb8
HCN,402,4,True,0,0.0905694593358501,0.16681384939693492,0.03716474542035342,0.05678365505169558,47ffd1d7e792cd34452719c5591062d29bd465dc4942434f32b35458f4174f28
HCN,403,4,True,0,0.07857998435699369,0.14589349585356437,-0.026229206522087933,-0.0166335959242343,a443e92eb29e61fa9bcb5aec2554cf80071dc25b46944bafbeb28c38a0c93218
HCN,404,4,True,0,0.05376019667011615,0.09298056744462611,0.03521217940553134,0.02370765396097707,994b0cc4bc99af9c225208a4813cad5fed4a18870660e8e7d46b924597034ca2
HCN,405,4,True,0,0.05411618928234684,0.13901310862731564,-0.028869121367378847,0.025045989265226165,28882e02fe8f5143e0593e99f271bc07e58ed85de0d6fc00dbd1e9ee68a7e4fd
HCN,406,4,True,0,0.0787664913632123,0.1406155801291501,0.015279664245046565,0.002867861366247393,daea33b25cbd4b63a8eb407b617e7d7a34088c5bdad1af47f164e2a4f75ca243
HCN,407,4,True,0,0.05074414803589167,0.14077290988428084,-0.02677050036469142,0.003250242881746912,60ae6831b46db826e33a7344712053c942826924206873f3f837df5bc53c0b37
HCN,408,4,True,0,0.08778153983607687,0.1419474893847542,-0.021529856646918644,0.06825510051668471,71e7ef8528294807c86a36925698d130db224e3123d649cbbb11c4783c64adaa
HCN,409,4,True,0,0.09310622246868169,0.16772978300103977,-0.026441142851095556,0.010133110160740255,3544efb78ffadf7a5e80c2461f76c41f668315e568dd627c903b9797198d91fd
HCN,410,4,True,0,0.06708301319673073,0.11943713969175902,-0.020843286708110087,-0.031355284270969896,4e73b94f7442c78d1804d644731f303cb64696b26b54d8607320c4ba126b31e4
HCN,411,4,True,0,0.07605732277375571,0.12260042563302133,-0.012400366098708426,0.003632624397246209,71e271772f4b4fb335080214fd3de606c10c6dfc6f750f521536dc7b3e073878
HCN,412,4,True,0,0.06526215483416987,0.12261056392225855,0.003118804195580527,-0.026001943053975296,06fe12ef0a9cab9201e23f153c4dbbe69f65af8775fb906b348908b1915d012f
HCN,413,4,True,0,0.06610869108170433,0.1080246914524046,0.03680773980565122,-0.012236208495988388,ae372526f174b1a408f0361d84db0c2646a9d2ae2a20ae7e63bfcdbba2645902
HCN,414,4,True,0,0.0611229292062199,0.1308179991722034,-0.006670094508088198,-0.030208139724471117,b8629a65f49fed4e60ce45a52b30044a42a747d31474f8148563aced310696e6
HCN,415,4,True,0,0.0531025274655285,0.1338594358493837,0.012447572726264289,0.04703292640645507,6cd6e94e7247277c47815fad59c876016da834d369ba20f5da81dd3716f9fa5c
HCN,416,4,True,0,0.05761091945146097,0.14150449642303428,0.036178350242469515,0.03670862548796472,e458ac0e5dad43e1fdbcd7f631af6166169e32cfa76857690729c29d681b9eb5
HCN,417,4,True,0,0.0588814032218326,0.09314827630390153,0.04221485851742868,0.008603584098741734,55ea63488ca2be2e35de5be016f0020ccdcdb51fef46fa1f5e8478ecde40e0f6
HCN,418,4,True,0,0.05869160677748091,0.10282533325003983,0.01421299698586842,0.04473863731345684,78fa783a8211e67fd1e97dfae4fc9d9796a65e81fae171144a79366c0413876e
HCN,419,4,True,0,0.0720695488824302,0.1405416120446957,-0.012774601814397046,0.0011471445464987795,f751a43d85477d3ea9d64a694c0984da80a6c5411c9e1c1d3f04c7ccfe68ad77
HCN,420,4,True,0,0.058368271919369566,0.14088058531182068,-0.02055869118638931,0.002867861366247171,d015161c8fda36a1b887cd025eb137dab636ee32adb5e1ead545cde83989436f
HCN,421,4,True,0,0.07386896722890468,0.15273886908093134,0.011592930360971199,0.006500485763493824,67cbd39296fa3956147de43c14fa35399ad305c06f2613219bac165a79c862d7
HCN,422,4,True,0,0.05868093838973189,0.12867461304668196,-0.00034287101535568354,-0.03670862548796516,e8d649f06dc78e2feb5c9500cb581ca20b295d3888aa73ea46f022638cc5e26a
HCN,423,4,True,0,0.08126571215789824,0.14617321207961875,0.026269351506973848,0.042253157462709634,9748853320cca8f6d751d6bfd162685e19b82fce5a4f939f5e9909e8521f988a
HCN,424,4,True,0,0.08232724696895323,0.13516409011655828,-0.009454749072791868,0.009750728645240514,acd6a0a2cf0339074eca418fd412de7e65ef1fc4fa999f72839ab4aaec5f51e0
HCN,425,4,True,0,0.06961896038615215,0.13288952757508093,0.006132241471989541,0.007838821067742474,fe217dd5351fddc83d8df91e5d8bb766aa09016b939e0efd442fbfadcadfb38b
HCN,426,4,True,0,0.08406698370833487,0.14837335016031408,0.011781379009257797,-0.0063092950057441755,e9f6dcfedc8d08068368448c193f209dc0ea3911a7d7b591e6e5188c14dc66ef
HCN,427,4,True,0,0.05654518062121283,0.0992256402550012,0.037681831967882884,0.022178127898978772,9775d9169746e390ef5c19ec64a2ad6e2a86710c924ff0c009b97fb3a1d7ba2f
HCN,428,4,True,0,0.07260076615737801,0.1433996482069515,-0.04176359064791746,0.029060995177972115,7400a01d9c894c697af583fa09cd76a7310815312c9fa9478157118132f691b3
HCN,429,4,True,0,0.05567690381907772,0.10706687515794043,0.024454533666020684,0.03976767761196198,42e617f02f5fc82aa24ea16e6dac0a1f2f63e0b9af966d6ab425cdb2773f9e91
HCN,430,4,True,0,0.052186954823369186,0.09827645742707253,0.012186114212983767,-0.026384324569474815,e7f9278892c42ade9392dc849caa6c74d080208939e628c627dc39438be520de
HCN,431,4,True,0,0.07577956336921506,0.16485339031479038,-0.044058431740696014,0.006500485763493824,931e60b2a9f6c1b68ce0325b09ba24278c7dd448ef97a14e9ac2f3e481bd3e6b
HCN,432,4,True,0,0.07611300640077547,0.1576584991958715,-0.01408836453345752,0.03613505321471555,12d81ec9532b3abe7385c8708fd21b509deb5221da27e8545c7f484e9f29adec
HCN,433,4,True,0,0.06899121106929919,0.10143697952414339,0.013540304843088435,0.011471445464988905,2d5c3cc7a3d395769e630a4bb707c786e6d809d9c0e6ed0aae48707752c0f58f
HCN,434,4,True,0,0.07249792934113417,0.14033075466341224,0.058597875585296055,-0.008603584098741957,fe44025f5b3ebcd15a97cf69949314bcafcb73ae3ed187d0327b53ef85726eb5
HCN,435,4,True,0,0.06666025507346361,0.1029976428655522,-0.0067768087828419254,-0.028296232146973077,6e0895f7f8fb6d3c03342e6904a482cb576df38e54da5287349cb56e74bea393
HCN,436,4,True,0,0.05488471601405411,0.11856513534817305,-0.006691972134053259,0.015295260619985429,89841db38092251987b270c1f47d3fe4507089b3716f0815fd373a1d14a360da
HCN,437,4,True,0,0.06261584290730218,0.1211943052961304,-0.007990845136625957,-0.020075029563730862,df4a57b4616f688ec35bf84a6075602f5a738ec8eff5ed77b3e49926fe6f1cf1
HCN,438,4,True,0,0.09152528541202684,0.15293248507564286,0.005797679739711015,0.03154647502871977,a39117cda67983ef2c12c08dc4575b06936a25290bf09b7565a027e1f7b4ae44
HCN,439,4,True,0,0.06471757351444882,0.13679813948394004,0.010748996470376415,-0.003632624397246653,51a8362efee36f061e09e99e8536d16563ab5b3607f1c81ef7149470b8036249
HCN,440,4,True,0,0.07346808812114798,0.13116358286165983,0.0009823097793537627,0.00019119075774964855,a5c80ee8ac48726f70aefc8d2f130f07ec7ef9eba4f1c43eeed2c338e4945a41
HCN,441,4,True,0,0.08901454031427207,0.14415518183476767,0.01350062756604764,0.0544893659586978,a8b10ed36a40ddef44c0a8647d0b49adb5a03ce222efbbc604fa9918b337f4a0
HCN,442,4,True,0,0.08709355432325355,0.15118449685775323,0.007470918648385005,0.0506655508037015,4c1b11fcc6173650ed325fc0a5f66f1b02285c1e762da5285331388663d88216
HCN,443,4,True,0,0.06617246871932633,0.132696682238662,0.004081112393664821,-0.007074058036743436,15de0cad7b94162ccb58a02a3fd62c5d8a890b7a6947b2354da6d1e5c0d9f5a9
HCN,444,4,True,0,0.07182089518989332,0.11495490619327582,0.025392042763561884,0.010706682433989645,0827a3ac88a6d2faca33e5035fe3aa30f5fdc98c835db45b2e05eac627aee55f
HCN,445,4,True,0,0.0872891422375861,0.1525844229736852,0.010901798187966438,0.009368347129740995,9c1babd4ef7652f28d87685cc670dc8a23e9dd64ceed5aa8cea5b40daca12632
HCN,446,4,True,0,0.05199451579849633,0.11691109065413471,-0.022435153661112928,0.015868832893234597,487d97303cceb7345b96dcda547c35c694ae5b9d1c7d1b13f39ce412932648f7
HCN,447,4,True,0,0.054106715409469555,0.14046192693662032,0.023939558891554302,0.026384324569474593,61a73c09dd86d8861212d5789071397f7d28e1965f7bf7b83361c7d45a4ed1b0
HCN,448,4,True,0,0.05900136823761089,0.12867461304668196,-0.00024034969285846586,-0.03517909942596642,d9edfd02528384ed1585ee94578a8b7fa0838265266715aafc43df8b87fd33ce
HCN,449,4,True,0,0.07606957186069754,0.15849598757356997,-0.0335559531632692,0.012045017738238295,49012cf0c781dd286d1d9956b194addc58d9edc39e3007952dcd7e152dece393
HCN,450,4,True,0,0.04874764898072443,0.10220742075998067,-0.04007507249078368,0.017589549712982988,678808440d8c4ecfbc6a648512836f5e3b2a7977be47f484877da42af57dfd10
HCN,451,4,True,0,0.07505245123576675,0.14531328846406727,-0.018227470291353853,-0.029060995177972337,22fb62b3055e5d016b29dd104c27578e7f0c4b2ed4743ef7b5ea04251bc263ac
HCN,452,4,True,0,0.05080108783465658,0.10424383124309895,-0.010996253509798715,0.03001694896672147,b4e1b5e4938542f14555ea6b076d80bace0000ddab4b28e52628da718761336d
HCN,453,4,True,0,0.07906438234235177,0.13153124804244243,0.018610280555389158,0.022942890929978033,e41905d439ccff630e7e2cd23476b360b62b66c546623149c3006def95f2953f
HCN,454,4,True,0,0.09420055434950488,0.15640068239850616,0.04712353309803907,-0.006118104247994083,99ab4a39102e8fb8854589804fa2396f6287718527531846ed9db9338aaaedfa
HCN,455,4,True,0,0.06820658723360669,0.12725983723100925,0.03608431065650297,0.013574543800236816,69a62a626e71f34b34e5e7f3792cb5ee73a4226778cbdd24fd75a112985150f7
HCN,456,4,True,0,0.08531172599295807,0.15293248507564286,-0.023118954150852744,0.008221202583241993,d0f5036179c6408a412efea70df245a7e369b953bc9f82aa952e5ed7af44cc39
HCN,457,4,True,0,0.060691037722531864,0.10006823204580773,0.012203883531029414,-0.0017207168197486133,95a3b5f62a4d87bfffbbdc62897d55c3c1f4575179562bc47eeb3d917891073d
HCN,458,4,True,0,0.04791808671914053,0.07964766664900433,0.0020964458533707653,0.02236931865672842,3f569a78d5135a7729299a467337ba5758d79881cbcff31d8229d57ba21da7ea
HCN,459,4,True,0,0.06849597631318986,0.13940255314619335,0.06639553129637465,0.0015295260619982987,cbec7595fbb5a8fb90170b4257e51e7ec49616879e2f9480ce8741b8e0c76268
HCN,460,4,True,0,0.0738707289916564,0.14874648419193423,-0.0031552928601605856,-0.03460552715271703,7bbb28b89bce18ba4995b7c856356a4c7b209fc9ac704fc063d63a883f49de53
HCN,461,4,True,0,0.08731471438751258,0.13679813948394004,0.0043742317942856435,0.009368347129740995,fa6a8de2a47cb2d661588e74fedb72fe708d729b8d43651822733b7563ad3031
HCN,462,4,True,0,0.06620880604403062,0.1029976428655522,0.012774550065800971,0.0005735722732493898,fa80f41f98e812b82265ba80265346105311b0f3cbbf4e411a702d3bc0d2d753
HCN,463,4,True,0,0.07088535817306556,0.14317307013680927,0.045204965419823884,-0.001911907577498262,bbee2fa54799001ac37ce3bed9ace31ecf1bc48f0c7f1380d9a13c3253136c44
HCN,464,4,True,0,0.07920178746133538,0.1433996482069515,-0.031503322955172886,-0.00019119075775009264,b2e6df0cfe57db90bde1de0dc4d9228ca77922ffb04059a3aaf2fd4e202d200d
HCN,465,4,True,0,0.06241408744020869,0.10019646701565463,-0.01804930368090174,0.028487422904722726,2cd9c18fe8af0542ab7bf4ebd491e9552b719b8ef2cb55d105520cc7934c4eca
HCN,466,4,True,0,0.07761324046485604,0.16772978300103977,-0.05650129047246932,0.045312209586706675,9dd9c878a6e4dbf068282fbf9608e61f3aa0a79c318fe23be1be74606cd14a2c
HCN,467,4,True,0,0.07981184519554066,0.13147984043169672,0.03535942760476729,0.012618590011487907,22da47bb375af7c71b62fafc2f5250dcf1df9ed8d6c72d1df5cf9cb993981b1b
HCN,468,4,True,0,0.06316171711040468,0.11472584232382489,-0.02353145555839742,-0.011853826980488646,9f0657474d8bc2e30190a0f18beb1d0a0b97bf07767991d521fad9d133d7506e
HCN,469,4,True,0,0.0883721106152232,0.14077290988428084,-0.012589493923390815,0.009368347129740995,8cb06ed2b21a9e30a9dfc427681df9904e84b894da82e7705023e32f2329b931
HCN,470,4,True,0,0.06228987179524829,0.132696682238662,-0.013916370881197349,-0.011662636222738998,c049c2db1348c3fe3f06dcf33ecf3f2c00c31ae7ddc12c1bc37fbdded77d1de2
HCN,471,4,True,0,0.08667164582329598,0.15205484928413956,-0.004393727515810575,0.0005735722732493898,ce254652b7b73827920da0ea70878fe3f09c021d87dcb39cd0c2d6efd47ab36f
HCN,472,4,True,0,0.05317348834946016,0.10313455814901155,0.004938127673713488,0.006118104247994083,d7dbe73934e1ab6f03dfbc5b90e4865ca7620c12ba560cfdc2c9e65af2584b98
HCN,473,4,True,0,0.051160208733878665,0.10656571331869531,-0.005976761425368293,0.022751700172228162,0ce1c05ca3fcd87e195df96c64dd9245b1bee44961dc0b6b3e0fb06246e164d4
HCN,474,4,True,0,0.06526248781993241,0.1080246914524046,0.04019195102496376,-0.029060995177972337,63135606121b97f6808e39669172c10e47e31104f401dee410f0560a0154864d
HCN,475,4,True,0,0.08710585812208028,0.16546991658356963,0.08146002858791368,0.017015977439733376,3948b4cf5586d1db3b913ec52869ef6a39e037bc4de9ac3f05a3dfa556ac2a2d
HCN,476,4,True,0,0.05107344671933013,0.11691109065413471,-0.007201441990902557,0.029634567451221727,5135a8cd97bfad683e398c200266fc8751a7d37a2046e1798bfe8ada47cfc738
HCN,477,4,True,0,0.06711190642928244,0.148442225582194,0.023748054481697922,-0.04951840625720272,f35d07e10153c7ba4c4c72a40fc93699c9bc162a53a7e68557fae01e20931f35
HCN,478,4,True,0,0.06127652586606243,0.10394441391725733,-0.028424468848959217,0.010706682433989867,69d6e6e9fca12f5202234cb6c6fc2e766b4b315ced1f9c6e69ddd7763c1b4dad
HCN,479,4,True,0,0.053066012879096194,0.12255840241574999,0.026761457847134462,-0.025619561538475555,797594a1b7623f6d5ebb6c3bead8fa067b81d01e36cf6cca3fa208ccf5e6540c
HCN,480,4,True,0,0.061430314366807806,0.14415518183476767,0.02890489767835769,0.013192162284737297,1217433f20650928d2f9cffe12eab9e7c0ad448d4dcbcef0329ae3f1ba0bc997
HCN,481,4,True,0,0.08328472629542333,0.1406155801291501,0.05131531996384919,0.004970959701495081,e7ef85bee5a7ecc2b3d5be61e361abab114023498ea64602cd19e2f671034610
HCN,482,4,True,0,0.07870109640746938,0.14930764933317342,0.02136396497232762,0.016060023650984467,5c3c276e2a940c0f5020257416ff9dc08da761b344e206c61ac7247786cf84e3
HCN,483,4,True,0,0.05701667407437257,0.10220742075998067,-0.012125297071308605,0.014339306831236298,faced7fdebbf7c645cf5c24512e570675b2543cbe2e6395714cce5a9b6026e42
HCN,484,4,True,0,0.07213030508349046,0.148442225582194,0.029440211529818905,-0.0024854798507476517,977e89cfb8428ec528029da07c61d75da22f00c75b5a4e71bb4b72a9ad42e2c4
HCN,485,4,True,0,0.09033557935080637,0.16924818974774117,0.00446592581619476,0.028296232146972633,91601058a86b37f762d48b1d25566e1554286911b87d1cb003e13590fe0e545e
HCN,486,4,True,0,0.06648754910497325,0.09860947700837194,0.013017200465976764,0.010897873191739293,149efd2dfda1bf0011f37a0729d6fe735e0c5ffc237e6baca4289b500f4b6e43
HCN,487,4,True,0,0.054400312244667556,0.11875161445773534,-0.014060575595412406,0.03938529609646202,55a2d001741b53c099e0552e453627b9b6159e8bd6b836b4626085c53555e6a2
HCN,488,4,True,0,0.05924964521554826,0.14148292350597644,-0.009826589897500959,0.024854798507476294,5b6339bca53016dd5dc946d0f3898d9d20549d8bea79970bc7d0f99fed0eaeb5
HCN,489,4,True,0,0.08605176246858641,0.16546991658356963,0.05496116787942684,-0.0076476303099928256,12579d613fb67b5b88c0aa97cb3d4a2731be9ecf330f09f00cb0dbd3c7681bf8
HCN,490,4,True,0,0.07505487364203993,0.16879122437564234,0.022556561671266406,-0.011089063949489608,c4f4b8fcfe03fb3bd3a252557ae05a0a6f57aeaa7bcfdbbfcc883fec3767fee8
HCN,491,4,True,0,0.06984738172497831,0.13867843000279498,-0.025145209652990053,-0.010133110160740477,370a4ddd7ce1a7e6f46eca4b4d4962162bbdaa253ba64459dfebac14567d407e
HCN,492,4,True,0,0.056723636756067314,0.12255840241574999,0.014193737501489556,-0.01644240516648443,7c1b83a37146b4bae3e6ceb0727872886deb61b5f7a5e0eb436329b59e996828
HCN,493,4,True,0,0.07563241751966257,0.12725983723100925,0.04963244975930459,0.010515491676239996,c2f72879c97f30acaa2bf2ed55e8eef89ed2672a96c4777ea7ee78f1cb57be04
HCN,494,4,True,0,0.045330472818090814,0.10118747473160075,-0.0010807921351159155,-0.023325272445477774,f78df8e11c803f993823c624f4f95635402e7f819c7ee9bd632a5dbe5ed4dfb3
HCN,495,4,True,0,0.054186077371895784,0.11104701813821329,0.021569179078441136,-0.01797193122848295,af4200371d2b996a6dcfb7942d1894af42c53393d4495278853eca83b1396060
HCN,496,4,True,0,0.05877554313595839,0.11352169496828216,-0.014668716827150652,-0.03001694896672147,f9db1c578725a9c55f968e76a28385a39cde98bd36612371a77706c476da0ce6
HCN,497,4,True,0,0.07916979442069033,0.1406155801291501,0.04546000298452335,0.0181631219862326,afa8be0b0ac444c52a2261ce760888ad1ea5d579e61005720e07cbed8616b332
HCN,498,4,True,0,0.06559731584993833,0.1383180390984727,0.05169291637218354,-0.01758954971298321,489e7c4327f556aa80feff21387560d6679708d13848515f210bda482f34dabc
HCN,499,4,True,0,0.07501766372951338,0.1359245163555591,0.0029808603468619577,-0.01567764213548517,85fee9c16576bafe239dcc773bd5a9a9320d0e217b8fc611855a0a9773439f51
HCN,500,4,True,0,0.08562955677346845,0.14046192693662032,0.05882416783354705,0.04454744655570719,ce2a22e33f377be6c8700e6a6c627b5c467baacfdbf10dced548c6a568c57f8f
HCN,501,4,True,0,0.07958794235788852,0.12783394492416494,0.015358541746371968,-0.0017207168197483913,a56c82a028e78a47cb43b7214548d34fd8a8a3ff7bb03701c44b09807898bddc
HCN,502,4,True,0,0.06287408811290046,0.16260636252763447,-0.035237237535220345,0.013574543800236816,e5204ea2e56a4b366c169ef50162b957cae17270ccff0d223cacecf492d1b191
HCN,503,4,True,0,0.06141875296017676,0.09298056744462611,0.04522020241640279,0.01778074047073308,76b63b5be872570942c4c2e0bc6cdf4565715049da18ec5aed93c44b7aa6e33e
HCN,504,4,True,0,0.08345092733501284,0.163162046627867,-0.0003957478680276516,0.047606498679704456,ba0aa7e66a9e5bb864cd3bb35e004bf1e0e18ea569db5446cc121acd2afc593d
HCN,505,4,True,0,0.09186564108010135,0.14990227692736538,-0.014197457333710695,0.00325024288174669,d493ce5ec561d4166abb7ef3c2705316291307c4b25247baeb0a4630195ec27c
HCN,506,4,True,0,0.08277670507229967,0.137408811823737,0.04254371476551788,0.004779768943745211,f59e927ec18e6c0f265c4d3d0237b50c52d06db5827382672a85a4e763abf645
HCN,507,4,True,0,0.08661286552040891,0.14449662875097197,-0.04721830257758319,0.03231123805971903,2adfb304a4dbd1a680b9c9def9c3730851c54fb147d55280d65c48b11c634ee4
HCN,508,4,True,0,0.06691962797430051,0.11453214843036791,0.04686232986176386,0.009177156371991124,dd7ab636e66b38dd1510ffae3d2391019be1ea41a06c8ba749c062a8a6092d55
HCN,509,4,True,0,0.06367562873623575,0.10143697952414339,-0.011435608150290655,0.0034414336394965606,ed4774bcd78a70fb1368b1d9a215305f0057852db6b00abce9ff9a39ae4cab61
HCN,510,4,True,0,0.052080834534746344,0.08363407576974245,-0.031070011990111723,0.023707653960977293,87ec8dc21eeecc6c73240b19660ecadd48369a358a6c782206b8921b9d2c8bd7
HCN,511,4,True,0,0.05790698830281089,0.11453214843036791,0.022125618038403516,0.024281226234226683,05b4561d353cb0ef5599b53d938a404ca7d69c9c464e55651c3431560d0ece25
HCN,512,4,True,0,0.05850353965985454,0.12261056392225855,0.01036813425858707,-0.010706682433989867,26bb5117a04cf769ca66345c1a5891f826d0a1c5fbac8197696c5ad62d7067a3
HCN,513,4,True,0,0.07550195195840982,0.12891630612161714,0.006756647690923101,0.004015005912746172,e68361dd33e3655d85867052df01aae2b696427da1c11905960b669e94d98215
HCN,514,4,True,0,0.07982789242111257,0.14611102405261106,0.01314099108351563,0.008985965614241254,b15ff8f2b83d179125fad25e248514a34c98cd8d9b2b7f62b2665f1c55ff9721
HCN,515,4,True,0,0.05203479339686633,0.07270779997974977,-0.01615182494008449,-0.0017207168197483913,36aae8b7156ee795697c135c27d3487e39983a318904235402e7ccbf8aaa0c9b
HCN,516,4,True,0,0.06738279108047734,0.132696682238662,0.013658238467026296,-0.01414811607348665,1783dc55122dd97032519f450f2cbfd19305464203674f3bf87f2061caf3ad1a
HCN,517,4,True,0,0.06421033580663435,0.10282533325003983,0.023664574983643716,0.027149087600474076,ca503f85d63c9a55a6c4592b24a172b2d2880d20559e201476aea5587851ddba
HCN,518,4,True,0,0.0683753414027318,0.11645496422913945,0.03058614607913812,0.042635538978209375,55fe7551b5377ba3e6462c4a6de463d00715a8e9dd9477cef66917b9adbab641
HCN,519,4,True,0,0.07836324357055874,0.14415518183476767,0.018682587420246533,0.05181269535020028,7cdcbd20cd675b3286437f6b99f19061feefd678be7d4db593c9572846b25001
HCN,520,4,True,0,0.05881546107725229,0.11104701813821329,0.028454639455319786,0.012809780769237777,fd666ad842051f616f14ebd55168cfac33544f74f7de2b4a67a1c1161c8d537e
HCN,521,4,True,0,0.07365045451199963,0.13190638527968898,-0.027396371638959582,-0.012427399253738258,4d98b13161758843644a1e0422245cdad585f1b688fe59ab9eb05c57636d0c7e
HCN,522,4,True,0,0.07232494332940355,0.14930764933317342,0.013096042525812646,0.05181269535020028,8ad486d5e5d451d7926cfe4b2d91dec81662e432957d0415f584e65fd19ba5e4
HCN,523,4,True,0,0.06375753145877981,0.11058449133755477,-0.034232480042912794,-0.011089063949489608,a402e909e1a45790ee31ce9cf2e12974aad1502c4c2eaeb3c1d9e0fff6ad7d30
HCN,524,4,True,0,0.0780026176556326,0.14331948766179145,0.02785765574526522,0.010324300918489904,240386a263c91bfc1cbb992798cdb146d9025638eec040cb547079d502912eb3
HCN,525,4,True,0,0.07533873437642766,0.1309512989014076,0.02083480104058033,0.015868832893234597,797890d5e734a843cc5115e0b71990daa84926e365fedfd533c8256cafcbfbf0
HCN,526,4,True,0,0.07012093547215145,0.12404707849002714,-0.013435660632556745,0.0011471445464987795,1a0d195096e1d5e8515b6d93c886e214e226371fa7731208bb2921f6b6b8f7f3
HCN,527,4,True,0,0.08345030276942857,0.1433996482069515,0.005067184391588153,0.03766457927671385,e237659536f3f74b2f35fce17b97e6b8e2495f3f0353661b670d17ea00214d43
HCN,528,4,True,0,0.07076360542686039,0.12255840241574999,0.004740680586343693,0.001911907577498262,7a40969f3504ef0b80af73c03f7be7cc6f9243fef12266ee28e135a627ac5ddc
HCN,529,4,True,0,0.0836235773914546,0.1639798183731262,0.021473937993323755,0.05429817520094793,8032ffa5b72aef2b7b141173375a81328c5a63389c46040f033bb285ea9c6607
HCN,530,4,True,0,0.06804480123096572,0.14842071636903373,0.025434345013393145,0.0015295260619982987,5da7bc7600aadb6629b9286aa9d218b6b5c7e0fd2cccfbbd6fddc62f6114ced9
HCN,531,4,True,0,0.07017262892565748,0.13116358286165983,0.0169603262122473,-0.011471445464989127,6fb45d2bc690f5c013f523776542db887853c02088cb6ed30ece81f8939e0df4
HCN,532,4,True,0,0.06810572916821792,0.12404707849002714,-0.02634867793638751,-0.008985965614241698,a098c6d697a806d242e7ebfdef1094936b8eb79f40366b4c4c511692908789e4
HCN,533,4,True,0,0.08289815234491074,0.1478222360019078,0.06584317132120887,-0.01510406986223578,724d0cc5ad6690f338b9a346a9510659b8631b11ad2c68f5d017ad451d57734f
HCN,534,4,True,0,0.06141683318950596,0.08370946035102557,-0.005355818516363575,0.03498790866821655,f06aee8dbe405eb69a83b578be6f8d543b6a7ad07922656fe2fef1ecf8755900
HCN,535,4,True,0,0.06975326960175748,0.1359245163555591,0.0016908464566887105,-0.007265248794493084,ac0ee17d0db2501feb752bbcd4f63dd9d6345aea76f35734764c7308289513e0
HCN,536,4,True,0,0.05346504154861552,0.13116358286165983,0.0012158817405494293,-0.041679585189460244,f5a7f9f348eaa4e6060a44097aeccb25229ba5c9b723c57474ff2930ca8f7629
HCN,537,4,True,0,0.053566102431682916,0.14331948766179145,0.009241178951166606,0.042826729735959024,7680e21991ebf1f6f55dcc3fabd3d4ea32707df8d9b0754da04220eca17e5890
HCN,538,4,True,0,0.06383983703766384,0.14449662875097197,-0.03637925486047844,0.013574543800236816,7cb64e65490f89313eb9cbf0e7832a7444bece9a76afa7bc213579bad3c67bd7
HCN,539,4,True,0,0.07616812644253984,0.14842071636903373,0.04440418785738154,-0.009559537887490865,18f1bec1b7ec4c38d54ae10e796d19254fbe130fe40577b6b6558bbb04c03366
HCN,540,4,True,0,0.05520323925896718,0.10019646701565463,0.015408913893204756,0.025428370780725684,d29943db15f6f809576d19ac4606af100c8ee7b84a5b5b500f3179b8fa87e0a7
HCN,541,4,True,0,0.0842023898625799,0.1470419317142104,-0.01805204590324605,-0.0181631219862326,7e3f31b43789df5b054ffdc80e170c5ed7e6b6e1b7404af6894b267149c6bae7
HCN,542,4,True,0,0.08322517279715701,0.15923157720068604,0.015363931724835744,0.008030011825492123,b6fefdd0cb4c4fe68ee65b54fde37ee7cdd260ab61a24aa734c12a8540c64645
HCN,543,4,True,0,0.06987708147272437,0.14842071636903373,0.025361553399994907,-0.005735722732494564,94cc9087f55e893baa22e1dc107b0ed8ebe1ec49e05149f193604a9f3c5a14ea
HCN,544,4,True,0,0.061035118421640513,0.137408811823737,0.05557206454183672,0.016633595924233857,e170f44f2536380763dd11651fb87686614a9ad40027b3587cfa62b58ed20384
HCN,545,4,True,0,0.08889457001203378,0.16485339031479038,-0.05149056352692405,-0.03460552715271703,78c93ba86bba9be75e987197e89ea6b52cdf5db73987ba28e34265f292a4aca7
HCN,546,4,True,0,0.07412820989717692,0.13147984043169672,0.0335359308023786,-0.01701597743973382,6b6a9cb1a98df1aa33be6998493d7e908737d50005ddcdc5b00ec73d9fb30f39
HCN,547,4,True,0,0.045158110426652694,0.10509877530913188,-0.03602596997904284,-0.011089063949489608,15c0a4d5e3e079fa5b2910d152a5041030847bb5862fbf2fbd9591dc8b780759
HCN,548,4,True,0,0.05166089374454966,0.13009776409068527,-0.028461312521291138,0.03575267169921581,2aacae76624a7dd7db9aa02bec360683df86de94f034957832a84efda4aa74e0
HCN,549,4,True,0,0.08797803776652592,0.14317307013680927,-0.01983503264086961,-0.009750728645240736,378fb5bd69887b320703162e52f38eab52a458354f872a8cca57ad4bd0db0a35
HCN,550,4,True,0,0.06510476700385039,0.13703365942380258,-0.021681058556593413,-0.03173766578646964,c1b65ae5f7d092eb10f8977ae5200310c00db14870145fc1554752df0a52b9bc
HCN,551,4,True,0,0.049961186591937316,0.12255840241574999,0.039188704687835196,-0.02045741107923038,944fc6280a585adbf9478454a312a5b79fcc271fa902abbf06f47c4a9843456c
HCN,552,4,True,0,0.06971129257347602,0.15923157720068604,0.02042656569560153,0.047415307921954586,e6eba7f9124ac0a79eeea6d6910cdf8f0dbf9a35902510061126c1d7dcb213f3
HCN,553,4,True,0,0.08336934286024918,0.14449662875097197,-0.0385123467047892,0.04053244064296124,95b6e39a94dae88908a595d5ee70f4646f1e76e7f164ff28b51cbc97aa50d308
HCN,554,4,True,0,0.07728081590100137,0.13679813948394004,0.0300135000224504,0.008221202583241993,2d3f0c1ef9339d6ab8f1dc20dea0fa4380dc86cd775a645c4c9891a1fc4908c1
HCN,555,4,True,0,0.0668552744008006,0.11645496422913945,-0.00038964692904408516,-0.008603584098741734,8a98b8984fd7fce8529a93898870355cdd1be4aedf9e996609684b5e442daef6
HCN,556,4,True,0,0.06143628713276363,0.10424383124309895,0.003312673395405197,0.01969264804823112,2b948a07f191984b61ca098fa02c6e2b8511bf7e8baad53fa850d643db783ba4
HCN,557,4,True,0,0.07414186649956574,0.14449662875097197,-0.017421938728957587,0.02026622032148051,bef553cde8bb4dcb9f8b79a02f80b629cf5743bfe2b2f39b7412e8b9792b9255
HCN,558,4,True,0,0.06934590491611325,0.12058050974638165,-0.012634166545228087,0.014148116073486428,0e785cabdf9fb687a2cf7547c2190025a4b2298255931497c3666be8834d8eb4
HCN,559,4,True,0,0.06170941390021477,0.10461300219827041,0.009174242251149156,0.028678613662472374,8efbc2e5c2065e954c4ad11d5fd1dc9bb7bb362950fbf1bfa324c2442835f0ee
HCN,560,4,True,0,0.047272030071109555,0.07698966064364082,0.012671677753498756,0.008985965614241254,3d598a12b040264e5219a5da86e9c96a5084d5b8e1969560a2e7f630a542486e
HCN,561,4,True,0,0.086018590386863,0.14837335016031408,-0.013360995364972705,-0.0166335959242343,4b4f812321e5509007e9389623f35c69f7284f71d14af11ae0af8f29a7541d2c
HCN,562,4,True,0,0.05753186743580608,0.1308179991722034,-0.01474984481512398,-0.023898844718727164,a73ed211e9272fdedf621466e0f891f0c67fbb50f3d144b3068f762fedb3f989
HCN,563,4,True,0,0.06313068540427673,0.11104701813821329,0.03917738337752019,-0.004779768943745211,81dbd980ae2cc04e86354c0b28ca84b27dcd997a6085a8d92076d205ec97b0e0
HCN,564,4,True,0,0.06829392108257253,0.1077286680747475,0.0032256205357585888,0.025045989265225943,223ee4ec773135e719a28cc9e71b852a1f6c5d02091bc31d6c8677b6f24fd60a
HCN,565,4,True,0,0.06738154793799182,0.14301208711058205,-0.01698570882698447,0.028487422904722726,bff1cb5d244c5f07a5c797deab486abf43981f26f5e34945002de0ee823c0807
HCN,566,4,True,0,0.07554610420696023,0.13958649026191208,0.02199443503345555,0.016060023650984467,ad9f84ecfb0c26ab974f476da2e54a0ba52ff09223284cb33743a6beda934118
HCN,567,4,True,0,0.06218766521465996,0.09298056744462611,0.02163789165287744,0.030590521239970636,305b7ed677acbad6a70d924e76ffc0d115352bfb1765d2cd38715293d65ed080
HCN,568,4,True,0,0.0646837459941606,0.1080246914524046,0.02541215679029052,-0.006118104247994083,97ef91baf052dccb140e62863ee68eed8f7756996bf3080f792c51734bab987d
HCN,569,4,True,0,0.08512292093861612,0.1433996482069515,-0.03403890342285565,0.02256050941447829,8a7d17e0a2fa6a1142046fd030baab368344273f511103f2a9e091d1104baee9
HCN,570,4,True,0,0.08964417643101905,0.16260636252763447,-0.025772832198407203,-0.010133110160740477,38484657cb84f5c33606633eca3771b77b5fa41be983611fd10fdd74326a957b
HCN,571,4,True,0,0.08008373357468339,0.163162046627867,-0.019277954564300037,0.027340278358223724,287f77c7266875918d7f698d26e7c4025fd53e21a79a80a227b3b5083be7f944
HCN,572,4,True,0,0.07951289689545551,0.1338594358493837,0.02576737189781042,0.05353341216994889,18b0c5fbfade67e37cba012b7fee837aca56ff6f55efafedf4429b0066db92c5
HCN,573,4,True,0,0.08043266319549167,0.16485339031479038,-0.030307392554180357,0.01892788501723186,71d960a7f28d6140b4a817b5de732810da4001a315f3a78598b02da1bd6149ed
HCN,574,4,True,0,0.07093174286199391,0.14148292350597644,0.027184106207955416,0.03670862548796472,a6eae308ede24e986304d14501a2aa537440383c5f7f49a502baffdabab0b7d7
HCN,575,4,True,0,0.07667923737353713,0.132696682238662,-0.009776105336526841,0.003632624397246431,9de72564d0ae12b065169e9663c36ce1ccc0f01f7123239bac315c61dc006ffa
HCN,576,4,True,0,0.06459494576580696,0.137408811823737,0.04178513237639381,0.01911907577498173,ea3eeaa3b49638a5343f36e504365e7786dcf97acca8977c6de2ac7436163310
HCN,577,4,True,0,0.0497450929153251,0.07270779997974977,0.019300812259358757,0.002294289092997781,5740430e9eb963116d76a8e888031410b56253bd551a516aadeb871b70fac848
HCN,578,4,True,0,0.043852322598676136,0.13190638527968898,-0.018365124158032042,0.01969264804823112,20b4c4b02c83fcdc7b00e18d908f509af7d88274f63e59a28132c7f3de33c197
HCN,579,4,True,0,0.07817314288152949,0.14033075466341224,0.06127825231440043,0.013765734557986686,7ead59507a0275a8952b64714184c1d5cff9516a43ccb1e06b25c61f248f84ad
HCN,580,4,True,0,0.06552108368008122,0.13367970381476751,0.003809234830874031,0.011280254707239035,3467787ab0556e48c07fe8f40fb1480d58e62eee76c90e37187ec30e223c9e7f
HCN,581,4,True,0,0.06921770020135262,0.13116358286165983,-0.004584517128062959,-0.0024854798507476517,ff8232d7f73808cfb9c4ef006ff456422f35d5a954fb225e254b10e1fe845b59
HCN,582,4,True,0,0.0828774154319103,0.1624780485716664,-0.013954079677177544,0.01854550350173212,8ec1e6f0b4bd94b1ac321a0cf275ac702f4bad2e9b9e197cb3351b741fa7e3be
HCN,583,4,True,0,0.07166463310358409,0.14033075466341224,0.03385390134443611,0.001338335304248428,f920ed6398e90fbdc6b9d7d852deb3618591aec17d623319d5c1901107946126
HCN,584,4,True,0,0.0686122084811044,0.12891630612161714,-0.01754599690877412,0.008985965614241476,2d0f3c65b985d8d28b930fd68c76ff07d2c77407ab0367600eec9725c51c99dc
HCN,585,4,True,0,0.06340105031585726,0.12767300716757493,0.030904564545774615,-0.03556148094146616,68a6871e4de4651ac4de7ae4a4dca042afa6220be68d87313f1d7d26b7c1b789
HCN,586,4,True,0,0.07505976996972336,0.14837335016031408,0.033858023101440704,-0.021604555625729382,d1a704d76ef37d80bf96dc290b1731ad2d0b226787daec575d51ee6d812e8de7
HCN,587,4,True,0,0.05341356180286263,0.14818627565220321,-0.029296856459933185,0.005544531974744693,6a00c8f180ab4d0ba5a7f20e1b7adf8cd6a31fc540679b68bef4d1c17d91f77b
HCN,588,4,True,0,0.07646500245930578,0.14077290988428084,-0.0009102802529656895,0.013192162284737297,dfd05d8e5eaea81395bf59cf2cd5edeebbd14909552fec018df5e3d897b04679
HCN,589,4,True,0,0.0546738280148932,0.08443278985800505,-0.005156105911396924,-0.003250242881746912,92a35b2816724833ba55fa83398ae98f326eee5611dfb40447106f2dff815fbc
HCN,590,4,True,0,0.06067664760680237,0.11545687197910894,-0.02004426866912179,-0.012618590011488129,b8c7704788f45ac73139c35748c78b89d14862e6f10859e141cc12f0b720f0ed
HCN,591,4,True,0,0.07449172260003847,0.13009776409068527,-0.00440518159789316,-0.00019119075774964855,c990ade994466c39cd8fcc53f317592ef34163f563130032bb51cbaf53baa127
HCN,592,4,True,0,0.05406835438549938,0.11453214843036791,-0.0025082180449171876,0.010897873191739516,eb299337410ccb0faa2ee58a732c773fe516a957c445af10585ac67fad10f9b1
HCN,593,4,True,0,0.06607519627302763,0.13867843000279498,-0.02216516924657541,0.009941919402990385,4f1638f58bd417adeba8ae4c621522de95cc67c72a50bfd4243183083ce43362
HCN,594,4,True,0,0.07622065191165271,0.12957596542446131,-0.04379747299720904,-0.023707653960977515,4fba32da56e0c651b0b599056af78536d097cfd3029d82d82963cc43bd0ac0de
HCN,595,4,True,0,0.05905167566105036,0.14531328846406727,0.0045108054025280175,-0.042061966704959985,85aaeb5ad05a11e33bc409af50eaab4824004e6c23c3809b3b1bc1747e98f62c
HCN,596,4,True,0,0.09252544409104523,0.1624780485716664,-0.0384199030357526,-0.023898844718727164,ddd68ad0b3ea507833b2ab504f5d9f0cd0bbbfd26be042f6d4164eb2faec3119
HCN,597,4,True,0,0.06696874991827621,0.10220742075998067,-0.040383636387226085,0.028296232146972855,4102ea455cbcc096e6eae0e2411b41bc3ac1faf3612bdf171ca091c26e880d0a
HCN,598,4,True,0,0.06261695858093141,0.0992256402550012,0.025137736096682017,0.030208139724470895,019a02b1eff77d5fbbc26015c7f4bf089d94b5f39526739d6acb46348713f847
HCN,599,4,True,0,0.07981280353808648,0.146450750990564,-0.047860208379852276,-0.03766457927671407,b98b697908541a5abc2cd2370d662fae7399d8d54861c43c473f40ddbc84341c
HCN,600,4,True,0,0.06039648246624598,0.10550083757382914,0.010642370952277602,-0.009368347129741217,3abf8d63192f5bff63dcb4cb784817d21c8525d9b5a165d785d465bebf34fe61
HCN,601,4,True,0,0.08449275392601341,0.13516409011655828,-0.019979201409682235,-0.012236208495988388,d108f5fea4e80d29cf3da411ebcf4fe8959556f40b97fd35e0c97390ffd73b3c
HCN,602,4,True,0,0.08757159184682238,0.16681384939693492,0.035097723297238925,0.014912879104485466,78197a826276af5e6f17646450a713bf053c9d1f60383eec2a371e918988696a
HCN,603,4,True,0,0.08940832566093845,0.16485339031479038,-0.004462440713015159,-0.024472416991976553,62e662bd5d259768d43725730d843a028ceced4bbbafcdc5f92afc9614d82c1f
HCN,604,4,True,0,0.05782865183503623,0.13013519923866246,0.004020170436203063,0.04970959701495237,1ae8e1de102b7faab515f095bba1a5e09b5c5ac9912269389c8abc114e34b68d
HCN,605,4,True,0,0.05148701313931659,0.10656571331869531,-0.01145121659383741,0.023707653960977293,48a94a829867bbb117057c6632773d2694b661bc3b82460fabe6db3451f6072c
HCN,606,4,True,0,0.048936918692970344,0.08492751316825241,0.004882667397840823,0.010897873191739293,722c61f942cb7df41cae8ccaaa9225f1fcf2bd0c0c0dfd60ce009f648de580a6
HCN,607,4,True,0,0.08328078256979335,0.13958724441317652,-0.029134315596761162,0.013000971526987426,ffe4a56d868fe4273af4a973d9ce75ee8a961163eca248112a3c51a567d13652
HCN,608,4,True,0,0.08761674273086818,0.1383180390984727,0.04847200819114206,-0.01625121440873456,17dce9cb96c372f93a8507fc9d3e8f451664f6c50a1668ee3dcac88c24eaef05
HCN,609,4,True,0,0.07340772079192408,0.14088058531182068,-0.011555801159056855,0.021222174110229863,4830a604a703901ca7a0574fa9947222cec952338a9baf300990435a4a1a1b4c
HCN,610,4,True,0,0.07019041487583556,0.12037952992620292,-0.056879256643764586,0.03479671791046646,28aebaa5ea9d053368930f5f926271026820e0522b0ce7ac2d0c7a73b8dad30f
HCN,611,4,True,0,0.05828812417033386,0.14697268838881608,0.05051158348681373,0.010897873191739738,470b845593ade11391bb651cc80acfc7c02058b265d46bfeae6a27dc2718ffa9
HCN,612,4,True,0,0.08740668224956735,0.149912392774881,-0.017561780910984037,0.004206196670495821,c7b019cab003f6036399eb8747f378fc70c3e2f1496aa45471922e37e8acf21c
HCN,613,4,True,0,0.05570189206635035,0.12676485324135,-0.0033197918851182173,0.015486451377735078,60c064c37cd667ea65f3a1e5d4e92ffd0a4962337d5cd1b0c46a072397f754b9
HCN,614,4,True,0,0.07079297233610633,0.13401303700222733,0.001074462414800692,0.010706682433989645,e144f430c44a410622ee20342276a36e761bfd7762555fd032ee4800be7f4ce6
HCN,615,4,True,0,0.0928748307704312,0.16879122437564234,0.019175108438525212,-0.07303486946043014,a32546e7dc6c760900c239257a976048a9aeb13828abf8db684e25d2f0453402
HCN,616,4,True,0,0.07038041361556696,0.13401303700222733,0.03102045401690723,0.021413364867979734,3cdc5c643c1b9443e13eb9bb5b69d0e15b8617863c42bcb162aa3bf782cdbc40
HCN,617,4,True,0,0.06122834225499611,0.10509877530913188,-0.020152179173635876,-0.025045989265226165,dc939e639036268ab733dd695040a5abfe6a9096fa3eaa4624c8baa871d8cc8c
HCN,618,4,True,0,0.07880719466000591,0.1323117067682278,-0.007310876574713188,0.007265248794492862,8e87b0c24c19a491848c8feb3c2d402b7eee92d19348ec2e598bbfcaf568e7af
HCN,619,4,True,0,0.06116496014803624,0.13788597339785807,-0.007955527176128907,0.0053533412169948225,b100f1c9e0ae664ac5ca69552ccddac3de83fabdd16fffe60d228cd346525487
HCN,620,4,True,0,0.037744665432666795,0.05839424085340722,0.02223224020897918,-0.018927885017232082,a4e3b991af60cffcb545cab79d913a300c62a46ab793013d17cd3edf634a2444
HCN,621,4,True,0,0.05201158705139303,0.1419474893847542,-0.0072413643853002085,0.04110601291621063,44a61b188b867fef84199520f602368ea485ee8447bf232bb2e6132d89786531
HCN,622,4,True,0,0.0743910238069676,0.13116358286165983,-0.00810884562833114,-0.010706682433990089,c41d1eed8fa43342fd4965061ce5a8b952c1425ee3917aede39756a06c76cfcf
HCN,623,4,True,0,0.0541302524253503,0.10118747473160075,0.009399823629164139,-0.01300097152698787,33b8a6f7cc670fe78281341ace00eb38f653e8e6428834394ea2abe292d3825e
HCN,624,4,True,0,0.08615706188819472,0.15273886908093134,0.057865084613587525,0.0166335959242343,622d7b18f816856a77736749d496ba9482d117180c5971987f1ba0d3d14f5d6c
HCN,625,4,True,0,0.06884169636836848,0.16924818974774117,-0.011222083428727103,0.024090035476476812,642ed3710fe7fdc5712da4d55d5d11e4c76a801279239ddb6a5deee59e36df92
HCN,626,4,True,0,0.08273205497487264,0.15640068239850616,0.05763962394463773,-0.011853826980488869,c12236abe3ce42f0e1f076bf1f831942b3529e26bb54a854db695cf5e1601c4a
HCN,627,4,True,0,0.07066575334911729,0.13788597339785807,-0.0003995758414867545,0.01625121440873456,e85d4b0e521371822be8ff96a06c116cccba8705bdfad0976cfa6a8539f1d02c
HCN,628,4,True,0,0.07376219804810955,0.12058050974638165,-0.03929447334022229,0.0154864513777353,4412627807dc21d1eebda3fd67ff085f0676fac41c6074294e6f1038bcaaf97b
HCN,629,4,True,0,0.09533256625655238,0.1576584991958715,-0.0033394147839143073,0.030016948966721024,f59344fb052db8ab97388faeb9d329171d023cac8e1dcce21e26e097db82ba37
HCN,630,4,True,0,0.08700327762474107,0.1624780485716664,-0.031019585311429676,-0.021413364867979734,0b5c42ac96cdac9e73ce34611b14a1e36a338af7ef56f47caad0fb2b497ff9af
HCN,631,4,True,0,0.08387824020989511,0.14331948766179145,0.03637665813504998,0.010133110160740255,ea24ffac31b8cc95cc5bb03365d9cb24f0b84f08eb6695598aa1def163963945
HCN,632,4,True,0,0.08311631612962048,0.14301208711058205,0.017541508855819288,0.01338335304248739,2783752d6f7944252b8305c6deedba49a627fb29b616f27caa0b26eeb88b576a
HCN,633,4,True,0,0.06789214365684902,0.12037952992620292,-0.034771348316839035,-0.01644240516648443,426b30901f79bd7208458c75c96e6ec8686891196b887cab0e78c9d3cf379fc4
HCN,634,4,True,0,0.07502923665586796,0.12255840241574999,0.006207286615500074,0.01911907577498151,2319bd5aab45a1c882eb3b7d0e6cafd665b29ec746251c0b50e7713bc4aa13e1
HCN,635,4,True,0,0.06565361755090675,0.13788597339785807,-0.021150346622545557,0.010706682433989645,10bb9f8b3dd813901059d641dc1ec5efbde2a1cffb43801dc5e992b2b008b89b
HCN,636,4,True,0,0.04912287375445845,0.12261056392225855,0.010911148429978423,-0.025237180022976036,4acb396f3768e41a295ecf66dd8c1f1d320e26e6fa6153adb456fd53f33f7e63
HCN,637,4,True,0,0.05923621220961123,0.14046192693662032,0.015889449737089834,0.02389884471872694,89b25536d2525af0555efbbd3f67d71ec435b4c3e554b2f60019d8d76b067da4
HCN,638,4,True,0,0.08347827712450323,0.1405416120446957,-0.022217296779961204,-0.01433930683123652,9bcd7fe3471529cdc93238c380c50cd4388948502dd4558b9b8ed63a7bb9c008
HCN,639,4,True,0,0.07128586675597635,0.12957596542446131,-0.005696700859826098,0.013000971526987426,2e56cd5f46f2845b5e40e0b0a1e03e49de255caa6390594d93dd1b669e24ed75
HCN,640,4,True,0,0.08174333660684847,0.15849598757356997,-0.0012940121060678322,0.012427399253738036,ee777d824a75224ab0911ea7f1e3b3b8ac1c51caa6d2009578581510236c68b6
HCN,641,4,True,0,0.08225650293958849,0.13013519923866246,0.04113254201445948,0.0021030983352479105,2d56c3eaa1fce82eb27d1715bcc12f5397c4ecf1d4b4bdf838d73a99c79bfacc
HCN,642,4,True,0,0.08866128323405036,0.146450750990564,-0.05980276435858567,0.0076476303099926035,0f22de8e218c6235869e3b3e0b1de270daac8d800e85cbbecf3bcf7eeebc6474
HCN,643,4,True,0,0.07835943508201373,0.14990227692736538,-0.040615843301278653,0.02198693714122868,f946362d041c2d426c3a5e6527c7b8bbe0c35b34f6a59145652241f48df7062b
HCN,644,4,True,0,0.08564476052867984,0.16605837174828952,-0.06257770977918709,0.009941919402990607,ced84c1bada0e37934f16c00805e511c95d234764fdb1757cb4e55eee23c7098
HCN,645,4,True,0,0.07392171367148499,0.14301208711058205,-0.021467056186759148,0.013000971526987648,2ffd9f59142cc6054c580aa0b029e412164062de59eb44e4bb6d6666fb57025a
HCN,646,4,True,0,0.05433364224006149,0.1211943052961304,-0.00880829901098612,-0.008221202583242215,f33f964c4090ebb55aa0da298a690dc2be1ab75bdaea41b6b42cf5419c6c6e1d
HCN,647,4,True,0,0.05816927451952323,0.10656571331869531,0.010534659579709116,0.005926913490244212,ee2869cec83908a9121967582a0ed93fa9b89656ca5e54f79542d3bc51d56aa5
HCN,648,4,True,0,0.06585117394108807,0.12725983723100925,0.0036417914661068806,0.0017207168197483913,39046e4eac31d4ad1b7bf8b2b1b8ca98d8f9f3fdb3225455dfbe06d23046600e
HCN,649,4,True,0,0.07727028679337945,0.13495749388166556,0.029863304548762182,0.02064860183698003,8acd98afedfb950f98d7d41a8e6ef3e4a03ea9f141f24bd6d5e06e39d6d77233
HCN,650,4,True,0,0.08763958301646854,0.14359047295571797,-0.02146806602542961,0.014148116073486428,e1a3052e742079104306d589b770249ec960552444e7c5066331d3df48c92898
HCN,651,4,True,0,0.0636285966828116,0.10424383124309895,-0.00735340842589105,-0.002867861366247171,44fed172521f5f7b5fded0c4a1e943a3e91087c6cf8330da0571b60ec698ea2e
HCN,652,4,True,0,0.0777381273019971,0.14032877838552044,-0.013539261959784499,-0.010897873191739738,6141ab7873ea439290762386a7a38a7d7edccc815e0c946029eeffbb6ff8fe22
HCN,653,4,True,0,0.07872688853509245,0.14317307013680927,0.032971849624034544,0.007456439552242733,a7d2a4493f6a6f5595eab03ec17067790a709a02b3ad5bcdbecadcb89bfa6882
HCN,654,4,True,0,0.041271775221857265,0.08169718105768428,0.0027618437844680876,0.024472416991976553,3754675d9325657dbc25f0dbd2c2c849264ade13b4f5f41c5f2746b4b9eabc32
HCN,655,4,True,0,0.06945108594407129,0.1080246914524046,0.003859768617621606,0.003250242881746912,f82bd381a7a9d457da0c1199353a4930666b5e4f7a2b5293c165b88a829cbf98
HCN,656,4,True,0,0.06692351451236077,0.12725983723100925,0.04053941826556473,-0.044929828071207156,540b207d6072c266b56fc56c9ec9673e268d9077a5782ea468f51ca834115f98
HCN,657,4,True,0,0.0669748081910771,0.14611102405261106,0.04160437818190266,0.030590521239970636,ff94db1f6d89a0c7d4609e13be1119843793bf6563380a11f1fce679e60f24ba
HCN,658,4,True,0,0.06306231344174912,0.14148292350597644,0.005862893715934181,0.0351790994259662,c270af1a3011e0018a717dfe62714a88a6b374e13eaa64f7aff0777bacafa63c
HCN,659,4,True,0,0.07881023025604329,0.14301208711058205,0.004515212013732839,0.02122217411022942,b1c613fde42f704eaddeb688afa486bb9a5efb7610e3ae433652dec30c2dd936
HCN,660,4,True,0,0.054217635348858324,0.14046192693662032,0.021129342007968344,0.01586883289323482,6b288a4e8f8629545ff5180721bd83391ae94e9902491b66361dd29d37b9c3a2
HCN,661,4,True,0,0.07710532170375191,0.13516409011655828,-0.03561246352557945,-0.03173766578646986,61c97327264fd976110709db490cc9dc9e3d1a1809e3d6476564f2517eaa586e
HCN,662,4,True,0,0.088192816968053,0.15293248507564286,-0.029742204270063466,0.007074058036743214,c767f9677a58da05e005b45cb9404f60ddad8bc95c08066b7d6fdaf9b510be1a
HCN,663,4,True,0,0.07835521082035468,0.15077098237003966,0.04769279479887745,-0.019692648048231343,8b5a216c2e75fc9ed4cff9971f0892e473072d0550d379ca1700acf2b4fcb2e9
HCN,664,4,True,0,0.07226167704152593,0.11691109065413471,0.004532088953073776,0.05028316928820176,65f93d66f5a041ed1203ff2105d3d4d4789582d11e173a6909b2fe4cad56b93b
HCN,665,4,True,0,0.07695041837648982,0.14818627565220321,-0.02720255845687758,0.045694591102206195,9d43092c91c5f53136d32f07c88f26446bb40617e1d9f8a03db4ddf23dcc983b
HCN,666,4,True,0,0.07886547132236928,0.15259936556580292,-0.00810064332088345,0.026384324569474593,08c717fdda136908c18150f4653efdf4df187c0c64242041bc1b12fbf4aefd8e
HCN,667,4,True,0,0.08156106189562326,0.14077290988428084,-0.010007075347211902,-0.01338335304248739,d08abf499c2453b21804deed13c8ec23b8ccff2fdbacbb765c84b1347b62e298
HCN,668,4,True,0,0.08413482501761511,0.14625238435322027,0.006574923878162275,0.004015005912746172,3fe931b285ff9688d6dd9de8880e59d34a99bd8aee1297643839ca85a66928ce
HCN,669,4,True,0,0.07359823061141933,0.13728831190594867,-0.017441313351295173,-0.014148116073486428,b32524e335e349e063ad4517e351260bee356716dea740c64d39af1d030b59c5
HCN,670,4,True,0,0.08038904455399601,0.15077098237003966,0.04601267084444105,0.005162150459244952,27ee8fde2e5492748830f55fa6ccb56df3974aa77c4f6fc04de603488679ed21
HCN,671,4,True,0,0.08656959709664894,0.15118449685775323,0.0477196594865974,0.0351790994259662,53925d982e983b3505712e3811893a9af706967afec549455a1b43efe5893e66
HCN,672,4,True,0,0.06746708793428165,0.13153124804244243,-0.00011727529895777522,0.016251214408734338,1e3d9f46b528f0c2d146546fa76e47061443a90d2194a59c15af659c672c4687
HCN,673,4,True,0,0.0476730384761183,0.08344148565340496,-0.007727721373933072,0.0034414336394967826,808a26cc2df8fb1d7dd669229377ba612ebc7466bc80a74dd1e07bb4df637f08
HCN,674,4,True,0,0.07802034020851153,0.13036064381571455,0.048856207665254336,0.026957896842724205,334be1310528b4d21faf6b0d5da5ca409d0a65b05a9235293eefef5c02792c68
HCN,675,4,True,0,0.07474556382531138,0.11453214843036791,-0.0017135697692420848,0.03460552715271681,a703ecdbd5f867789d44d4ecd9633cc2fbd40b3be71ba63c1c441cb29a1ede51
HCN,676,4,True,0,0.08678786652222066,0.14449662875097197,-0.05383493024563912,-0.0007647630309994824,984d208a69593f9eb7ec475d42bcd1f159c33481059121c75c0af016afa1f414
HCN,677,4,True,0,0.0751291461000554,0.1308179991722034,-0.02914044127000137,-0.013574543800237038,2930c9e1539bcc40c6b94ed5cd1a14d4e5889db44c4a03e07947338d104c61ef
HCN,678,4,True,0,0.05928558181878043,0.12993741713021398,-0.03049193272866435,0.006691676521243695,0f7afb7e6608105c294e5390d65028184eb7cc05ed780d475392b4a5e5e563a6
HCN,679,4,True,0,0.052775869271297314,0.11875161445773534,-0.009436705711357352,0.026766706084974334,3e349a3a0178db2ad9c815cdecbd932cb8b267c21d211bf3aa7e0b1f920617a5
HCN,680,4,True,0,0.040044272198680335,0.07009268475823963,-0.00891598340463129,0.03269361957521855,0973c222ca3513487686bf3ca34d8d6d4f7ae55a73f7c2ebe112e319f1288343
HCN,681,4,True,0,0.09344618764478221,0.16879122437564234,0.039118705616432825,-0.05104793231920146,74f5fbae57e0ec84894ff04004eed0a85b48f95f14f229a099707513c774c66f
HCN,682,4,True,0,0.0692444245175802,0.12725983723100925,0.02973244806480846,0.005544531974744693,b827f5ef754214823543bf75c8f05c88afa4a1691a16ba4b003ad591e8067bec
HCN,683,4,True,0,0.08520914986489025,0.14046192693662032,0.004323237169218563,0.06806390975893462,e6ca2df8ede9d071b439afd7fecc3c3d31cb3d5ee2b12438e0b071093649f066
HCN,684,4,True,0,0.08578064932161018,0.1470419317142104,-0.02021925217785947,-0.03173766578646986,67ea41e69b4e53be71b30b10d7cb04683d7f605304ebd5a3746f647bbd7c36a2
HCN,685,4,True,0,0.0861323070246495,0.14837335016031408,0.004341631410254676,-0.02944337669347208,22077af0be7a2f0d11b775784b4e180091b1376555a8c40ab2ab134122ad9c51
HCN,686,4,True,0,0.0737513744511095,0.12261056392225855,0.03892548979232635,-0.011471445464989127,ed4a7ada3babbf39a596727f2fd2f6edc008cc93a8e03a98ff5c19e6e279166a
HCN,687,4,True,0,0.06468233813278387,0.1308179991722034,-0.011637973080707242,-0.008603584098741734,473d1168d9caef80cbe5f525ed298239d80a7500ffd7341d169d1c29a0b77b2f
HCN,688,4,True,0,0.08514034004682482,0.16605837174828952,-0.0527488132496603,-0.002294289092998003,26122483f6574c5e6a3801b53d79fff155c341bc0dd7d38614458d36825f60b6
HCN,689,4,True,0,0.08870678253359271,0.16879122437564234,-0.0022811757648515396,-0.07877059219292493,2a7e39468044c6832104719af31c5360e2ab9e344ed652c7ae334e2111686f88
HCN,690,4,True,0,0.06679450234160735,0.13728831190594867,-0.013836177891540569,-0.006118104247994305,4e3d48462f62c8b39fb7c1d4267b89f452abf29329647a0e95233332f795b34a
HCN,691,4,True,0,0.09134643148396214,0.15223306379556073,0.038263448148619705,-0.020457411079230603,de325f072d071416c93aeabc4f2d9f2f8538f08915a10c1e313fb7e00aa62450
HCN,692,4,True,0,0.08603952684582136,0.16546991658356963,0.010493554382866366,0.0028678613662469488,0749dd848dd6179c79b2669323b30bbe1b8f248ad259136db8c0cc7412d02e58
HCN,693,4,True,0,0.07577388875370451,0.1405416120446957,-0.02895618999382088,0.03498790866821633,27e852d848d9a889be25408982de76fa1334122bf78565d880cb120ab76d25f8
HCN,694,4,True,0,0.0837833405802161,0.13116358286165983,0.0027480671498714138,-0.022942890929978255,e9906b84fea8e7aaba2283b429a28758707e7daa4f94cb321e7257796ef7c148
HCN,695,4,True,0,0.08702379446874636,0.15077098237003966,0.011081055139834373,-0.04665054489095555,a25b32aac96c9765af0aa4e297240aa3684afff06a9dcb7870f7403eec20c5f5
HCN,696,4,True,0,0.07593122150631025,0.1406155801291501,0.017052036015752448,0.014339306831236076,40750e095572c7fc5b18c4f9399c667e7180adb773ecf873ae810deb0ab9a46d
HCN,697,4,True,0,0.06958497046505202,0.12725983723100925,-0.0040108810944525786,-0.005735722732494564,9b2c95f04ebabbb68d319ae9e28f1140ac839168f66d6af076798b329b166f86
HCN,698,4,True,0,0.05473263414467401,0.10480782430226242,0.005344673361443952,-0.002294289092998003,f5287a82ff594e2491c8090aea862e44127d11f94d65e517889a5029b857f05e
HCN,699,4,True,0,0.08374136245892544,0.14625238435322027,-0.020797432109687763,0.004779768943745433,bff5da8188dab7cc465f8bfe3196fd52d8a1a3e6bd159a7dc118aced88430bec
HCN,700,4,True,0,0.07095017511987835,0.13901310862731564,-0.0072099944254031545,0.0005735722732493898,91de40af406914703bda932ab7bbbd220949799d19f3fe503246ad948f232346
HCN,701,4,True,0,0.08840858106369001,0.1419474893847542,-0.014490603055344664,0.07494677703792818,190702098a4fa721b038858575b16e4cbaacf94ffc717d97ad3afa3b043e8d77
HCN,702,4,True,0,0.06869374048598287,0.13788597339785807,-0.04214437406473026,0.03575267169921581,7378731d2d0596bff9220e50fff3c1a79d5fe727ce9c64e59de129d755c5ef27
HCN,703,4,True,0,0.04773397457657587,0.08363407576974245,-0.005447024866610306,0.014339306831236298,9d079b09d866b37e2b86452e5dbbdbeb3a88ccf3400ca9c554947b54aa98d0f0
HCN,704,4,True,0,0.0842974699420767,0.137408811823737,0.027673316378948876,-0.002867861366247393,7c71b79810a88de632f34b74c0772a521da5d14b3b93fd75b2a89622c70e79d4
HCN,705,4,True,0,0.07043771457443708,0.13703365942380258,0.011619490526747489,-0.013383353042487167,b77fbd979139eb5c506c531d46771fa5c14c9bdd10ee8b2dfacbded0b08a3557
HCN,706,4,True,0,0.08477832763705626,0.14697268838881608,0.023952572662563565,0.06251937778419037,c2d12bffcac2b771f195612c7ab47939903b82d60139598efee9ec2d211b7cb5
HCN,707,4,True,0,0.05413290342198733,0.14033075466341224,0.03865004874254829,-0.000955953788749131,6fd691aa42151a56762fbc74a83d78dafba6c28c56c62928ba8a4eda4964a356
HCN,708,4,True,0,0.07776968895619914,0.12993741713021398,-0.011132146836145163,0.03709100700346468,3f9d7287034fa94e5a1adaef0edbb48557317313c788efa98be894d8b3a0b54d
HCN,709,4,True,0,0.09412224493971973,0.16924818974774117,-0.0010400870285951491,0.07207891567168101,eefc01b564dd7e61ca9172095b53a7b7b6254e3f3e01d0b62905b54d6180bddc
HCN,710,4,True,0,0.07689247019060898,0.15923157720068604,-0.0019732739413016454,0.021604555625729382,b0a1b118eea4e0a13fe64122304f0352f6f7639ad3783db2ad4c41e62b65a634
HCN,711,4,True,0,0.08095057768298551,0.16293253592455106,0.009013516091822327,0.009368347129740995,66ac35ee7b446f379ff8992f3623901794d11230f09dbe366db09b02c52a8b3e
HCN,712,4,True,0,0.05792536986884451,0.1419474893847542,-0.01187040647676385,0.031737665786469416,744ae5c75d171516464cc2dd2ca987d7a4d0f7a68d0e858f5a7795b887d7ca42
HCN,713,4,True,0,0.07412733169555134,0.1460703718275399,-0.009793172626379132,-0.007456439552243177,1f138066ca737a607cc52833399ef9791aa5872188f9c26f33fd0bb1348a21f1
HCN,714,4,True,0,0.06882289013479043,0.10356072386621482,0.004003731026757107,0.022178127898978772,3cf5617328d6b642ccbb72e52b9450902d55613d6e8ab6bb1c2cc75f226d7978
HCN,715,4,True,0,0.07955415018763268,0.1411433278262219,0.042053662901380795,0.045121018828956805,b9d4216b5c1b60e8d32989b2f84d763875bd76ecf3020d6f3a50426f8bf0fb6f
HCN,716,4,True,0,0.06013500594230586,0.12261056392225855,0.012324860380991565,-0.008794774856491605,0ee72e8329793cdbeada6e78f27ab624ee8c0fb4dedb1ec3a4d24ffaf7f93a0e
HCN,717,4,True,0,0.08561654175935562,0.1406155801291501,0.015579561783225282,0.016824786681983728,76f05b337aeb1cf2893f4824faf271d2f6d5eda117a112f657867805128065ca
HCN,718,4,True,0,0.08949877540505323,0.14415518183476767,0.020789109462423294,0.0676815282434351,59fd58f54a1cb70d111a71f9a8e8fdb25217cfe3108420848cc3e593df0016e1
HCN,719,4,True,0,0.07660121512253039,0.16546991658356963,0.06655370538958261,0.014148116073486205,f897324e4eb9394143530760ebd2cb3e79e50b0701c61c9ce441ff9d8fdd96a1
HCN,720,4,True,0,0.06358923099371684,0.13960949265069209,-0.004898162583412136,-0.01969264804823112,864267e4be332908150893652d6e8490ffc5c04117734f5c716fa9a941edf079
HCN,721,4,True,0,0.07678170980871281,0.13013519923866246,0.015161274853908724,0.026384324569474593,e9ec893c448f2cdc49c5a3c58c292b064ad451e2e201a09fb9a3c16820274b68
HCN,722,4,True,0,0.07410745528075287,0.13982254769264707,0.017838971375889745,0.0007647630309992604,4064ce19e85db6985c5563795ccaf1b4f694f902e659422bcea893a51645ef7c
HCN,723,4,True,0,0.07415750384102089,0.13901310862731564,-0.02948964330980064,-0.008221202583241993,d443aff04df93dcfa0d6e22cd4f26b58062a184400c3a428ab2108a04e1482af
HCN,724,4,True,0,0.03602341087628226,0.07270779997974977,-0.01708908451879032,-0.020457411079230603,37d453f76f355b430831853385200c93c8c10994fc80c5b4c5331f58ad259ccf
HCN,725,4,True,0,0.0656265725777607,0.10706687515794043,0.021784379670678033,0.02026622032148051,3b371275207ce1b50207beb49cb6b57b18961c8930452c3068192b05559a34aa
HCN,726,4,True,0,0.07963281851559646,0.1328772146889351,-0.009107443659098768,0.014912879104485466,7932f6b1930f0b812d955e7f90643241c12d379dae61b295454d8f73d46a3d6e
HCN,727,4,True,0,0.07868455968714964,0.13679813948394004,-0.004043877517471817,-0.01586883289323504,495e261169056d3037fa7de3eaa44d9b536994d46a68c635d3e01d25976fe11b
HCN,728,4,True,0,0.07574067898781361,0.15259936556580292,-0.01983783658605831,0.02294289092997781,905e9697044501a6ba8615406452a08e9450495011850e33472811f81439c799
HCN,729,4,True,0,0.08351927873370246,0.146450750990564,-0.03452197040846805,-0.01644240516648443,70db5e1d4a31969c7e8f7615bdd337821915cf0a73d7681bf916d0903c3aae84
HCN,730,4,True,0,0.07798626060993638,0.13958649026191208,0.01969516229154622,0.028296232146972855,e0e77b8471266fa6ab9ea8bb489eea92223b1548a9339f556979eca186995e55
HCN,731,4,True,0,0.09227350990166865,0.14818627565220321,-0.013233978138891933,-0.006118104247994083,0b85172479df779ef3c31ac0c8cb49eebb71ddda2a7b29af749fb456b87164c2
HCN,732,4,True,0,0.051403570361947135,0.08492751316825241,-0.006333673007426155,0.012618590011487685,1ebff774c344b28654f8cebbdc2d1f2e1cbf491c3f4327d7ebd0445787a7f522
HCN,733,4,True,0,0.06145497450674853,0.12342938668680213,-0.020174173090980796,0.011853826980488869,0708d4c49b3c17a5bbdba516500b6d51c15ea9cffcf26225a57954f47b17c60a
HCN,734,4,True,0,0.05760952873318881,0.10220742075998067,-0.014965441445975225,0.013383353042487167,dcb44a9294cbc0a42bd00fed49d86e919978294b724acb1ed73458e0438746f1
HCN,735,4,True,0,0.09213677257307283,0.1529497621342089,-0.0007702946044791936,0.0632841408151894,9cd47b1d7b890d86a54eae3d5ed54f4403cc2a884b9876363754a4fbc44eb8d4
HCN,736,4,True,0,0.050158342845007295,0.07964168387252947,0.01747916530637994,-0.012809780769237777,de83c72eb14791d56355e827f60b48d31516a526fecdbb6b91bdd2bd6a88c166
HCN,737,4,True,0,0.06175639492873332,0.15223306379556073,0.015199575970704204,0.010324300918489904,15bea6409a7c07ebd478a07e90191b915ff3a16deaa56c21459cd6fd445e6bd5
HCN,738,4,True,0,0.04428431229982795,0.09574107762468603,0.010045649432481873,0.026001943053974852,bc95657ec6024517b8f46ddf2ebb4e06b1487f02697d18924491b848bd9f4e67
HCN,739,4,True,0,0.08149559475929812,0.14317307013680927,0.0013397256206870711,-0.012045017738238517,39b2eae77280a09634a4d00080543dff244ddd7214b4cfe9ecb79969a6150447
HCN,740,4,True,0,0.055443027725756704,0.08281056819192015,0.0006911405160632267,0.009559537887490643,da8fba99657c086f9b8a3367780db610e0e69b00d2a6331b01ea9b97e5cca2b0
HCN,741,4,True,0,0.0501048146839193,0.06820204364705101,0.0059914134473308955,0.02064860183698025,0db1f66952fe0cb0239da37eba65a55fb2b6e818df8f06948716ca9a81f62ba5
HCN,742,4,True,0,0.05677602848792296,0.13013519923866246,0.02826014267516319,0.041679585189460244,8542f2ec4ad081e1e3bb08a58663a9331c9f2a9a531792a5e483be06f620285f
HCN,743,4,True,0,0.08567975164860729,0.13958649026191208,0.053764002009195844,0.019501457290481028,0edb50ea3454a1339ab6845833059049ef6844a05d68e0391533958f17e545d5
HCN,744,4,True,0,0.05360770615281585,0.07964168387252947,-0.011080267725352977,0.008221202583241993,efd1ee5664c538a8c12f150634dd7f7120cc3de97a7bfc91219543a050ad446f
HCN,745,4,True,0,0.07241945770829482,0.14088058531182068,0.0019170170180142776,0.01586883289323482,b7e41886679fd791dc4495f800e9b7bca157e5781dc0faffd1fe06223930432d
HCN,746,4,True,0,0.07384163394047968,0.14077290988428084,-0.012072791678095829,0.024854798507476072,b2073d975a74961d9efc9b9ddc455b39b13a6f5bb94993c51934da0bf4884b83
HCN,747,4,True,0,0.06882222017180792,0.10806916493287237,0.01096808210753375,0.0181631219862326,61b4ec7c91c8613303bd700e177e0b9290b3bd8b0b6ac7e40a90162e4ff3d251
HCN,748,4,True,0,0.06812485400663672,0.11802831605101392,-0.0027947766444778033,0.013192162284737297,2ec649ded56ef538bbf172cd2979309eb6254bfe3e65f4125f07b2b373c3c780
HCN,749,4,True,0,0.05777490291196517,0.1077286680747475,0.026235087562489046,0.028678613662472596,8bbf8a0c5f070f7aad80f4e580dbef1028b3f4fa1d33cdd255fc3be3f2336f8c
HCN,750,4,True,0,0.06233634847284241,0.11630786562288374,0.03261427522387583,0.028869804420222245,921efa14aa3df955896e8782a3236d068542649ae5ff6599e85abdce42657546
HCN,751,4,True,0,0.07214474508116128,0.13031966201185385,0.01457460891287421,0.013000971526987648,32868da200803ece2aba7e03e39e8176e154e178c081458c2903f2574a7c8f98
HCN,752,4,True,0,0.0827155064984134,0.14530734014036534,0.03310798882822774,0.05391579368544819,2d2db2527c5d6136b0bd20c096759231de8ac41a1afb94e095d8eefc2f1a1962
HCN,753,4,True,0,0.07818597751448975,0.1406155801291501,0.024087928010098736,0.014148116073486428,fbbfad79e952e3bb856f7c8151eed7a7c30541c0b6477aadfb549889ee148d34
HCN,754,4,True,0,0.05323782379408751,0.11223214273815166,-0.01427489227076828,-0.04684173564870542,4d01f7705cdbad0208dd1900216608e53f2eca23692447e05af2b7ba6947d199
HCN,755,4,True,0,0.05886272816666177,0.09413617444523986,0.03850048691957819,0.03594386245696546,cad0f48ab5e02b62cea84d5dd7b4593365c827d581568575fe9f974b960fb6c3
HCN,756,4,True,0,0.05951214548651904,0.14043625073719487,0.0006225589691097877,0.041870775947210115,783b8fb8444a0c4789236aaf758ab5ee4928a91ca9e94c71440df8dd803c5096
HCN,757,4,True,0,0.06376696063490718,0.1328772146889351,-0.009698301208971971,-0.001911907577498262,a3a2dc5a8d488c72f158d505e60a0e8e6889a9e191cd2f219f94d76e69b67fa1
HCN,758,4,True,0,0.04925914210899023,0.08799618729186148,-0.016505016506809467,0.03384076412171755,a9275053fccda1aa4e2c25eb3c4dfd577957b12e812e3e0bfc1a40717b420b0c
HCN,759,4,True,0,0.08869430873331934,0.16485339031479038,-0.07455464892737873,-0.03288481033296864,511a4d51f959bc1473c12226d5b5cd9ba0737e0f30ed399f3975448c6279e4e3
HCN,760,4,True,0,0.08553649023825872,0.149912392774881,-0.007852026054507633,0.014530497588985947,5386f603a0e674cb197c697554d5211d262393c6a245a1c9cd45acd311cf7359
HCN,761,4,True,0,0.08758739531499718,0.16605837174828952,-0.014674208176826298,-0.006882867278993343,5b6c13caab738410728f746d35bd793b2ba2e0d21edf63eba6e6629c0c26e104
HCN,762,4,True,0,0.06768028774125838,0.149912392774881,0.013520467792396351,0.05200388610795037,6bc21d13456946c0648c906b041b373aea7c3043f7a67514a7cf02b22c1555f7
HCN,763,4,True,0,0.07398383966610148,0.13009776409068527,-0.026986853053302173,-0.007456439552242955,4f6a6f3a56824d558fa29c1f02494299d3e32f4d060b725c7ca69f0241ed0afb
HCN,764,4,True,0,0.08886139456241218,0.16605837174828952,-0.0074161383513864365,-0.0034414336394967826,c8404efc3671301372923fb39f79a84f93ef8b8095003cbe60f68d84c6ac6b4b
HCN,765,4,True,0,0.07957576741810954,0.1352697571024262,0.005564176766297502,0.044165065040207674,011ff056dfe6c47b54eca38013d6cf5a6da4643da9425a05df74931fd47eeb7c
HCN,766,4,True,0,0.0695366055932604,0.10509877530913188,-0.01852664772365653,0.018927885017231638,6a47c99a3ab10ae953a1c735176fff06bb1330f62468e9a140d983ad77f7f915
HCN,767,4,True,0,0.04751821736862221,0.08600162143857427,-0.0074751761023317265,0.0193102665327316,e9c8c6db0868021f5c09ba9c36fc806f50804ec428e1b9da1066fb2fbd6a5f0d
HCN,768,4,True,0,0.04608582945879622,0.12957596542446131,-0.033949145228535205,0.005735722732494564,42f5e2d1125bb57f2c40f26255d47a0aca46aa135aa38d7c3f43f19c9e33e0ed
HCN,769,4,True,0,0.05537956974624292,0.0734471739421838,-0.011136904773621836,0.010133110160740255,582bf9475a6126221ca77073d0151dfc5632c13136e6d9bfcf1a9206d8ccca01
HCN,770,4,True,0,0.08174883071578445,0.15077098237003966,0.024009355242917696,0.012618590011487907,e0046ee49111cabf25359ea54c4389ebc53749e87e094eb2c9b83d039b824c50
HCN,771,4,True,0,0.07161720164796843,0.13788597339785807,0.00947578073869626,0.012809780769237777,b5401c930fdaf6d2d413ddc7e3d0aafa9a43909ea8a5fcebebcd4dca13ccbd32
HCN,772,4,True,0,0.0777850580764717,0.14043625073719487,0.009119334645736998,0.008221202583241993,3c5c5787aa15d25dd53caba3a15cb84418ea35a45c8a120a00c9c986d35cd32f
HCN,773,4,True,0,0.08387003652910306,0.1309512989014076,0.005880915564852707,-0.012427399253738258,e8b0d516668e1c0efb2702b7f93e707d127cd84f0a7ca0123658939df3dfdf22
HCN,774,4,True,0,0.0596280000955354,0.12342938668680213,-0.01242862683970647,0.0005735722732493898,79e975acd6b3065532be7b7e12b4079c67c7519f8126d6109c8b3764a386e182
HCN,775,4,True,0,0.046636104029343005,0.1211943052961304,-0.010856534220511138,-0.03154647502871999,5a18274fbc12e31f5d9c453ea37438aee78871b9b1744c0a3e79af1b304931a3
HCN,776,4,True,0,0.07886113600721349,0.14033075466341224,0.06142773891372477,0.0034414336394963385,1d8571b27f150fe51ff79bb2182f9dee374233777a59899d1399685d65f6c2eb
HCN,777,4,True,0,0.08262643747737107,0.15640068239850616,0.06316478932950886,-0.005926913490244434,cec7f04b7131897df8196235df6875799988a11131e180dd09033dbb5366145d
HCN,778,4,True,0,0.04956771234958295,0.14449662875097197,-0.009442515906228133,0.028487422904722504,cfd0bddf1f27c83da26bb0c3b88bd196951c33d9f8fdd93eced3679df33acb75
HCN,779,4,True,0,0.08014839072371839,0.14617321207961875,0.025832769230190067,0.03823815154996324,8f744cdfea35848fb7f0d3ba307b8dd3102a6ea6d6b43dc113b3544b10d62e13
HCN,780,4,True,0,0.07308535665341892,0.146450750990564,-0.016522249180912274,0.006882867278993343,4cf874570d84974c8753a28b46e008a7d3fe6d43f6bc071beecb68467d3259c5
HCN,781,4,True,0,0.06343959357711881,0.10775347241027583,-0.007211045311026565,0.03326719184846816,1c1b934a575e9c6a5a9aa1eb2537e765955cf3d33bccd90ce9583c467f92d670
HCN,782,4,True,0,0.09406303699886012,0.15118449685775323,0.0609264393555895,0.050856741561451146,4544a7628670941dd139fee4d89f9d568656ed1d948056ff1681472970ea56c2
HCN,783,4,True,0,0.0736737474959464,0.1308179991722034,0.0026923796060616123,-0.01338335304248739,714e1e9c3cf6ff0afc505879dcc63a478cb224cd1b4632fdda52a5963a90999e
HCN,784,4,True,0,0.055139135464095546,0.11223214273815166,-0.023219440552799453,-0.0043973874282459136,3d1f11fe43c858e1b2b711a733bf80b9352daa9863b80c8060fdfcde87cc469d
HCN,785,4,True,0,0.05691476911485137,0.13224801692942853,0.007559174473210639,-0.01701597743973382,abedb3f589698978fceaaeed20297e345cf969bc680056154307e774967d7047
HCN,786,4,True,0,0.08445875348006149,0.1478222360019078,0.06077296131264176,-0.030972902755470377,79b90e62952939af1fca345c16d95ec48517a6cb05182430997305003f5bdcb4
HCN,787,4,True,0,0.060204648204455515,0.1433996482069515,-0.006495901660689585,0.044738637313457064,b244e17b4a4ce6fa7f4c57e0af2b4e1d16470afa618715e555a7661efa108199
HCN,788,4,True,0,0.09021243740470143,0.16772978300103977,-0.008062423646423289,0.026957896842724427,ab5ff41eeeeb8ba612c72501927447a931c3cb7a4650a543d7d6be2343ac1a93
HCN,789,4,True,0,0.04851548800376954,0.10394441391725733,-0.01754128499502694,0.013000971526987426,b326a8ef5eeec29d5581d22f6b0a7518f7e06fb70570b3850c8c8d438c1d6f36
HCN,790,4,True,0,0.09029502607370599,0.149912392774881,0.038088378599232975,0.014339306831236298,e901a6196d3b86959dec1e23e79107e4c3a263eb75fcea95de8a4e21ee053aa9
HCN,791,4,True,0,0.039163508755206196,0.10006823204580773,0.02227133462376618,-0.006500485763493824,beb083599ca10e8b73c7d083f80131baf99a3e85a7e9f77394583a33282f70df
HCN,792,4,True,0,0.06169872281925157,0.10875523719779594,0.02928674610129356,0.0030590521239968194,830173960d638c0414f44634c03d68203ae815ce8959dbb60791b2edbf3c1b40
HCN,793,4,True,0,0.08236340047292404,0.13901310862731564,-0.030834982229928087,0.009559537887490865,ba844dd4ca83af860aa639bf8d37336a966e875934131e116c852cd9d51a00e4
HCN,794,4,True,0,0.07222868128733793,0.14359047295571797,-0.025946438648207337,0.021795746383479253,21cb938b7d55d59e0e16fb66f69fc1c1afb97254563ab8f48124773606fd341f
HCN,795,4,True,0,0.05792937558326931,0.16772978300103977,-0.030376979178077024,0.031928856544219286,43c7c5a44f9855f8edc56dbffea467e5de47f8c98799c2dad5217013aae0a5c7
HCN,796,4,True,0,0.04132714446843478,0.08529929199567422,-0.016008877773951102,0.0363262439724652,a678b708cb39162881706c4c21da162cf8e18b8092609de65494fa13f9507ca0
HCN,797,4,True,0,0.07716980399163265,0.14857658248031472,0.006571929853798952,0.010706682433989645,377b23a6d78b9f8970ff6f1870f0728a41ebe61bd00bcd847e601e86bfbe3a2c
HCN,798,4,True,0,0.08211876834869632,0.1323117067682278,-0.037364481245511616,0.02141336486797929,fbcce6fb317b72430924369586ccc9145595cc2b510fe5d9ee000b45f41bf431
HCN,799,4,True,0,0.06969432838826085,0.13009776409068527,-0.02202314258248772,0.04894483398395311,3cc2f4586200a6a577a3fadd6960f5965ff51e4bc3df79dbd75099dd4d5c0189
HCN,800,4,True,0,0.06802361145105702,0.13940255314619335,0.048351309714672164,0.01854550350173212,505d317d984c178fffb9d665e6647a2072187c16cbb5c1d3f26465c5bc561d8d
HCN,801,4,True,0,0.06972213490690841,0.11431774920006774,-0.03461224292135667,-0.03307600109071829,ba8f1ad68243e2bced3b59e8e246b044b2e3cc203501ef594f30c32aa1a580f8
HCN,802,4,True,0,0.09218594895460136,0.16485339031479038,-0.03744747639779478,-0.028105041389223206,4243db44692a2eae1b09d50654bbb4e2918481854345b6dd5e2afc5c0a861f52
HCN,803,4,True,0,0.07543531683737555,0.163162046627867,-0.000961974113934172,0.026575515327224464,337e6c67675b8ae145dbc59194a2666c221fd45e81c91da75a3aa0c77473dc8d
HCN,804,4,True,0,0.06780293524573605,0.1080246914524046,-0.009755268848858245,0.0005735722732493898,ec977c02a7a7274b414fce581f036a80b664db77208b5f975a1a36c8db1eb2e1
HCN,805,4,True,0,0.05856485253422166,0.13901310862731564,-0.0051046648115309345,0.023516463203227644,f4bf68d23193168c4b3415ad4988d6a0606475f1c2cd6bcf63b7cbe51656721e
HCN,806,4,True,0,0.0724988980246686,0.1383180390984727,0.03405772750568614,-0.004588578185995562,186f44e61c35f2b93467b47f3f5ae2db9d902219f905151a860c449548c9b83a
HCN,807,4,True,0,0.06773629025703837,0.11196048358502834,-0.008717470202965094,-0.008985965614241476,23c5e67fb5eb9773e34567e31b20e8a8114112b5d20d68f8c6838269e578d8c4
HCN,808,4,True,0,0.08476712294236642,0.13929466490657919,-0.032768780317466994,-0.055062938231947633,ac50461d550c162dcc6e5f9e43cc423bacb0213f06fa4f876ed9f86296bf3d1b
HCN,809,4,True,0,0.08030486059257116,0.16605837174828952,-0.028486278443033308,0.02389884471872694,7d9aacbbdca8481f0795bb6a9b1951b803d36cf3e98f5e398bd1b1e049bcd28a
HCN,810,4,True,0,0.05905612050805036,0.10652754970767911,0.006315012246566942,-0.0007647630309994824,44ede70662aca731f680929b09e1a7449b6950133b05017f2d3adee51264c08d
HCN,811,4,True,0,0.0916131796577148,0.1576584991958715,0.005422589932274624,0.0053533412169948225,f4159a9e97c4b65e7baf49ce6467d2b774758c6e026231d36e0cfb838f49c5fd
HCN,812,4,True,0,0.06953340076461606,0.14589349585356437,0.009770825901762814,-0.010515491676239996,a607cb94ce3c945859127e804faece199b401a4c236727723dfc39314d296cf9
HCN,813,4,True,0,0.07961903074795555,0.14837335016031408,-0.013091365765487195,-0.01338335304248739,22e8327600b755912bf0843220e5c1f15a58e6d0a49a2da40d6e19ee6a0c8d01
HCN,814,4,True,0,0.07625834245796338,0.163162046627867,-0.0017483297455860303,0.013192162284737297,b3890fcbcfe20cda59dd7550868457c7cf3ebc375730319739863db0d4dafd39
HCN,815,4,True,0,0.0768562333691715,0.14077290988428084,-0.00292352975877197,-0.009941919402990607,0d7e203af71d158873f72e7bb8659236197a69df031283a31b282245ad2674cc
HCN,816,4,True,0,0.08594951331850122,0.1624780485716664,-0.030345116256154103,-0.004970959701495525,cdddbf73e0d3100d052dd0bf3eaafb7fb79ead13b7d2b8ada407d6e255260c04
HCN,817,4,True,0,0.07566856510474824,0.13901310862731564,-0.00489619325157431,0.0011471445464987795,25f855dc49f06f3ba40d483ea68297b03c0538fa664e756d0df8d74286bec60b
HCN,818,4,True,0,0.06086119098322248,0.09755680102750786,-0.001517138673843954,0.026957896842724427,78fd33386976e2d003446a49db97fac6e9275fedd2a870a0c1db7701926f46bd
HCN,819,4,True,0,0.09189510787947715,0.1529497621342089,-0.02462102256554477,0.08240321659017114,ddd5db41f50e4dcc8ca4000605e399feead9847997987bd8ed4a6906c7572c94
HCN,820,4,True,0,0.08965895725281962,0.15223306379556073,0.011983302385454087,0.013765734557986686,2b09b216316e8f745a71bda40fba1113464457d0edea8e06fe0513bb2865febc
HCN,821,4,True,0,0.06773647027780651,0.12342938668680213,-0.011913157907534888,-0.005735722732494564,0b142c60a488506be942e03b65831c7a1e9c84ee86f443e4ac2b7d5e3dd55f8b
HCN,822,4,True,0,0.08028119816407574,0.13929466490657919,-0.05839196952955583,-0.04148839443171015,cf064050ecc513b1bbf638471a3dcdf7ae4ccea30e1c44034b11f4c4ac927669
HCN,823,4,True,0,0.06432994923276696,0.10706687515794043,-0.008512924843853353,0.0017207168197483913,8c3c6aeb607d089aaad6252f34732a357341d58e774accd99ae944d34f3b7997
HCN,824,4,True,0,0.07357039504305175,0.11352169496828216,-0.040333173689620194,-0.02676670608497478,e1be0360f26bd9fbcc31d4dda8367c3447482643243b869bd5169ba09c4da7f9
HCN,825,4,True,0,0.07128824748976026,0.12993741713021398,-0.04985192067468236,-0.0026766706084975223,d6060f7b3416cff7df8a1ad85aa72cc425ae96debdf5fb236d513d24cdd1112b
HCN,826,4,True,0,0.0849078397288277,0.13901310862731564,-0.003318226698574067,0.043017920493708894,f3a8cc131679d8aed43623b478d01535270bb3dd4d0d4261a9fde9ef7f8c9939
HCN,827,4,True,0,0.08108791936107142,0.13495749388166556,-0.003858118681261402,0.01797193122848273,88b09d3feefb97f5d22c06139dd26daf5e89f28e69995df78723bc42b1d5917a
HCN,828,4,True,0,0.06579457700926478,0.13367970381476751,-0.010218943507630307,0.00401500591274595,6ea6740a45a5c2369516662e6409597f2207a49ccd1941e203f241cc79042387
HCN,829,4,True,0,0.08171432110139971,0.13516409011655828,-0.011653543328056237,-0.015486451377735522,3c8dc8b05a13ab952db2502f3390f82bdd0ca6a8de493d9ead8b67386b450966
HCN,830,4,True,0,0.055326729283033664,0.13703365942380258,-0.011264894090283972,-0.03173766578646986,d5236346851695f67caf94952e3c805f2b97ee82ec7a87d817357b13fc78846b
HCN,831,4,True,0,0.07011751975633014,0.14148292350597644,0.005952369724721018,0.02045741107923016,bcdeb667fff872b45369e0b0440583445a14fb165a638c899afe4061e1c6f91f
HCN,832,4,True,0,0.0862835593993216,0.163162046627867,0.005555240879905554,0.048753643226203236,99c996739ccff256219f60140e1e0f2954906db0174b216bdacd0a7bffc6c9ad
HCN,833,4,True,0,0.08788620352005484,0.14530734014036534,-0.026924634031225247,0.07169653415618149,efd511385ca994295c7cda0474cd928c71dcb9854ad6d653773903ea5859652f
HCN,834,4,True,0,0.0807312284233826,0.13788597339785807,0.01579927354670474,0.01969264804823112,bc2d92665878751256d37ff47fea988d30ac03d839581bee68047d9d5de30155
HCN,835,4,True,0,0.07995075442266895,0.14148292350597644,0.03410359298005594,0.03594386245696546,c0830e3448f40a5bf971add40d8f90a0ef330cc21d1e5d4fdd4847e29365c518
HCN,836,4,True,0,0.03738231473847799,0.06623133245218395,-0.02195262926423891,-0.0001911907577498706,fe533f0050e876507330a98460bd53ea2f67d80dd4c4490341fbc9f664baa549
HCN,837,4,True,0,0.07545004451596933,0.13036064381571455,-0.006134735340123321,0.009941919402990385,8ec23f722f8eb8f09eaff18debfafd526d51197bf46e21734717459092c9342f
HCN,838,4,True,0,0.07287720586575466,0.13940255314619335,0.043185757960647386,0.024663607749726424,4a2b7f5afd10086dbf6d9af3f1c3a28bea99d481b863cfd91d464cf5415b5258
HCN,839,4,True,0,0.07419377004446588,0.14020008078480894,-0.03882903722929232,-0.030590521239970636,5c6efd50977152b4bbda6e91429d48c4a7c2d61a6ef13aa282fbc881ea742e9c
HCN,840,4,True,0,0.06421213241804914,0.1433996482069515,-0.033040593818124186,0.03938529609646224,89e852ea475758f26f99c2b9185e589c3a194a1adcbb11a71f91a150726f36cc
HCN,841,4,True,0,0.08886461295129174,0.15118449685775323,-0.0017940708606480893,0.03154647502871977,8df5f429bce142fcfbd1399f55cd243734903a566562cc1ab92953606e7a45a4
HCN,842,4,True,0,0.09624429733487326,0.16485339031479038,-0.02362737399362369,-0.01778074047073308,77184440768734be4e3e8fa311e13d3a158798f7741ca914c1c3e7ddfc9cc96c
HCN,843,4,True,0,0.07894387969172233,0.13516409011655828,-0.027149865358852443,-0.01911907577498173,b17f7d67a8228dc48000520632f6b758d915fc757dd2d7dffe1bc8c0d0be8f58
HCN,844,4,True,0,0.07288431113760419,0.11196048358502834,3.802112821094106e-05,0.05028316928820176,80d6264e5132376dc16054521431c7c30a782711c1491e69e574e4c358f66677
HCN,845,4,True,0,0.06193728969466781,0.149912392774881,-0.002632922413450256,0.044738637313457286,0742cced6e39840e571ee693791567bab0cf3fe2cd3a744f46ade121bd928288
HCN,846,4,True,0,0.05592386097523809,0.1275907990143893,0.012461796319826579,-0.007838821067742474,a5813c04f77906cac882c9589ad7a5cf2fe19722956046542f2c7c8100f70fdb
HCN,847,4,True,0,0.056672960646681605,0.14930764933317342,-0.0039870224805278465,0.03173766578646964,1c50fdb554b7bec2e5908fa0dfe9ff538902b378fbb2f70817df96b87611932c
HCN,848,4,True,0,0.07482177300475691,0.1433996482069515,-0.037856479134782184,0.004779768943745211,b1571fc6e50cbf221cf50b7748e7b60ab8d58068062d56c5af83ccb91199b1e7
HCN,849,4,True,0,0.07696034981177867,0.1383180390984727,0.03614201019220098,-0.030208139724471117,fd5929091be34a6502cf8587794a3227944b96fd5f8f8734146a32fc759893cc
HCN,850,4,True,0,0.06196280580689538,0.11453214843036791,0.027042756339836993,0.03957648685421211,fb5c7becef7e2820cac71388cd80a4861ea56e5837c78a6c273bde7e302e4f0b
HCN,851,4,True,0,0.05881811049982827,0.13153124804244243,0.03515351215558837,0.03689981624571481,ae9be544044da6c65a89b5bfec540d242b86e8d9f4512fe2290de8de3c408cca
HCN,852,4,True,0,0.05562413571518236,0.09050201305257422,0.0029556915520470017,0.010706682433989645,fd64af92c6c7e1f2ee723a5e19a0a3586172f4ce44cfa0d6a2ea69d3991b9d35
HCN,853,4,True,0,0.05541738629427196,0.09333932871633842,0.04790755479833675,-0.014912879104485688,ae64211aa6f3fdbdd9a098d2ed957d13b5ebb799d612f08b21fb80056c456222
HCN,854,4,True,0,0.07828101240504776,0.1405416120446957,-0.02518008646231218,-0.03575267169921581,59d42eff0403a4a5f9316b556f7a0a2b64d08dfb5120129a43a2615984c4119a
HCN,855,4,True,0,0.05901238646565679,0.10143697952414339,-0.010084159428021433,0.043782683524708155,3be1bfac39464fbff02f2e54a2ae944793a5b28e9ea100d682a6851a953a8fab
HCN,856,4,True,0,0.08003641220379665,0.16260636252763447,-0.025527825309257235,0.02236931865672842,488f70f5b772d4fdc48d2d0cdf41c98a173f7fd66ba906cda0681d23a3257952
HCN,857,4,True,0,0.09276289913071048,0.15640068239850616,0.03677646816421154,-0.01414811607348665,ec6cf9017482a5cf582e881b1c36df871b20bb0d106478ba81205cca3e2b8615
HCN,858,4,True,0,0.07638219518084954,0.13147984043169672,0.03235550284576627,-0.005735722732494786,f2912248006edee2f5c8753d7347a0ce1ac716ec3a7fe5c21da7c6d91ee7d2e7
HCN,859,4,True,0,0.06118576291660159,0.12783394492416494,-0.009114338223815022,-0.022560509414478513,e4619ee07e5bd6869c101ce68534666f3d678db4b3f74070d2bb1f0a0eb83bbd
HCN,860,4,True,0,0.07591527154379087,0.13958649026191208,-0.0026129858419969842,-0.01892788501723186,a007c36e6bbd68d23557eae348a16225f5d12c5adffd74f7f3f993599e4e6a0f
HCN,861,4,True,0,0.05964234228815361,0.10480782430226242,-0.0018654578111605424,-0.015677642135485392,9a40e2df768def39044cd1d78188c9cbf8d8d39f4d4132a3bfebedefa1c2d61b
HCN,862,4,True,0,0.058171908612468785,0.09827645742707253,0.02135052380707725,-0.008794774856491605,f4c1e315ba613d5fbc3d3146ab0ca023ad553415bd75753202874ef7a2ff2ab9
HCN,863,4,True,0,0.06372549943968243,0.14589349585356437,0.009531802797984934,-0.05066555080370172,5db5bdab35bd6da982cd14bba93e3296d5f59deb39af2b340788675196235b8a
HCN,864,4,True,0,0.07458888281856743,0.1211943052961304,0.00749484979139492,0.007838821067742474,28ee12050c8bebe4d5b46e6fdcf44833d67744ad302c9ed2157683b6b8cfe909
HCN,865,4,True,0,0.06490108105621863,0.10356072386621482,0.016333745001539723,0.01338335304248739,a16a926b16dfec74773e9c8d91409fe106c3426bf6555aa2d2b8d909dfd3220d
HCN,866,4,True,0,0.07595884353920981,0.1529497621342089,-0.02127422344889407,0.05104793231920102,8f7c054904c243e1887d874fdebcb481588916411ccf0e807d220e88028b53e0
HCN,867,4,True,0,0.06197520243452961,0.11875161445773534,-0.018502677019652358,0.012427399253738036,45875592b73621f2ac801126691f8c077f16538d24214c1fb397a8ec6c6c051e
HCN,868,4,True,0,0.0711900315242837,0.13153124804244243,0.05511488897954897,0.03804696079221337,7e5ecf32875be2fd46289f5ba8dd3b708867ccaaedff7422dfd0c13b8395f2d7
HCN,869,4,True,0,0.07188814280001372,0.14359047295571797,0.0005514296259907514,0.05391579368544819,4f5c2e56b5713162c850a3e89f9a9c394c7cf4a66bdac33a4cf78754c5c7f191
HCN,870,4,True,0,0.0742773880951348,0.14697268838881608,0.05319642289359905,-0.010897873191739738,a8dfa7f712d766bd49560a45dcd1099ce1566e1573f34c4ebebda6f32e335cfa
HCN,871,4,True,0,0.0766451675357781,0.1383180390984727,0.06151194117986836,-0.009750728645240736,aad57aba766ea8d526db1b633c619a794d2ca105ab4f8a16a8eca712bbe1d57b
HCN,872,4,True,0,0.07766191883495735,0.12891630612161714,-0.012095029706722382,0.015677642135484948,861746b9d4ccde5f80ad9347edd9d038418297270c5c06421df759152be5a243
HCN,873,4,True,0,0.07347143329067578,0.15223306379556073,0.02789384973495035,0.013383353042487167,c35e9c31ad2160b5d3a8bf324368c7d8e78132957391cc709eb4bb52cde32e15
HCN,874,4,True,0,0.0674676969353764,0.1390422904855647,0.021853703132513447,0.008794774856491827,75387dba11b9970f6ba68cee31493396241e06111f521342b9c023ab1eb3a619
HCN,875,4,True,0,0.04798873219228897,0.0850807272729356,0.032942390464516746,-0.006500485763493824,012aec30e7675c85218977cce5248b55db1479910d118225db401ef50c9b6019
HCN,876,4,True,0,0.07702006771699353,0.12676485324135,-0.0062266517419082845,0.02657551532722424,37b034972e267622aa2e26916e07e7e0029a28b4b3276bd728923bb19a35dc1c
HCN,877,4,True,0,0.07185825590943357,0.149912392774881,0.028075594030774642,0.03613505321471555,c007a9194eb812576581026b75ecd2fd41ac3a09b2cbc50145f8427091b3006b
HCN,878,4,True,0,0.054839703749181554,0.10652754970767911,0.01965422761331226,0.016251214408734338,b56d0ea70ab266de11c11df606977f73d34fce8bc910f8353feb5ea7b54326e1
HCN,879,4,True,0,0.07476373778810433,0.11196048358502834,0.015796101289121012,0.05276864913894941,c6f16a7cb2bebbb8a7eb23e7c7a6103e539c74eb3cc073b625479e4639ed8489
HCN,880,4,True,0,0.050981708653271104,0.12993741713021398,-0.027857002935377517,-0.011471445464989127,eb8184750c06000378b563bbca3368a7bc1b799c4eb48e15c0f0f9c29bf1b499
HCN,881,4,True,0,0.0917335797983876,0.15640068239850616,0.07623217185891784,0.04416506504020745,dabd4d6dea7440357cab80ef562ff381f63998a5666ccf183d58ba7722d2eb74
HCN,882,4,True,0,0.07432938752642682,0.12404707849002714,0.011626341733663503,0.008985965614241476,eb3093f9bf001c512f489035df1b0d9e08e832baa9da340da9f53d3bbb238578
HCN,883,4,True,0,0.05069946273182238,0.09298056744462611,0.005079210918392363,-0.0026766706084975223,561c6f0ec0178e85b1d6e997622fa70bb2ccde453d33746498d288df9634a973
HCN,884,4,True,0,0.06847845758890604,0.10356072386621482,0.010296815697139916,-0.011089063949489608,044926ccf74cb45a6860771c6a52d502e3a9d0bdca5b19d713867e535adf1422
HCN,885,4,True,0,0.06212079720831582,0.13013519923866246,0.010707159095100893,0.0363262439724652,b0086060766a20797a7824e794e1d97a4041221867cf10e1268bfecd3fdac4e1
HCN,886,4,True,0,0.0747409110312319,0.13940255314619335,0.028758327044609233,0.02141336486797929,23f1df1283bdced919f4ac821340804f7e34d1be7ddfe385946bca06560b33c9
HCN,887,4,True,0,0.08246634077151682,0.13516409011655828,0.0018253183594656441,0.0007647630309990383,b0624abee454544b97ce0a7736dea3035c038fc2f1d2625c15843b5770b7a923
HCN,888,4,True,0,0.08308972350093431,0.14818627565220321,-0.05751837776993107,0.01873669425948221,3b53689bff1aca8d6e7d23e9182f2bf79356301f6bd13f76e3c2f9ef3112d309
HCN,889,4,True,0,0.06915208630784526,0.14842071636903373,0.02362480237694964,0.006309295005743731,04a96e38213ea94b97128fb1932721de36ed2c87a9e4a92c15a4fe6b57846b5b
HCN,890,4,True,0,0.061456628645397644,0.10282533325003983,-0.012995214269419852,0.01911907577498151,1458ccd21d20e9f8516123926e76c095671e84fec2de6d2da16f80f9d3ab0b99
HCN,891,4,True,0,0.06093489201252224,0.10875523719779594,0.023200475485076755,0.031164093513220248,c8faafad461d61ce95e327347ba797447125e0b0c771b01bfb6b1010e9e13515
HCN,892,4,True,0,0.06793504360258878,0.13867843000279498,-0.037685783797198225,0.0030590521239970414,bc92fe39806ae7ae9dfba32dfcbf86e31eb34b049dda70f89877102513fc895f
HCN,893,4,True,0,0.0807088891251238,0.1529497621342089,0.02095171617407754,0.025619561538475333,5a46df11c4ce254df83e79403bead535f5fef1a25920aa698bf39c72fa1df39f
HCN,894,4,True,0,0.08027243404025601,0.16681384939693492,0.05561740387888303,0.03422314563721729,bd72e1a8ac54b4ffb1ca36ba09acd1e8f30f1b1badf889cb80d1ae9746ffc75c
HCN,895,4,True,0,0.08425921783728198,0.14088058531182068,0.012828457100949597,0.02007502956373064,c400be203e9e1fb1987b1a5f1298f60000c4f43c5d2a5c67c549db26aad9a6ee
HCN,896,4,True,0,0.08924052395707,0.14033075466341224,0.04625257944325312,-0.01625121440873456,b136ebf9981bdaba332db1270fca5f6012b90748568b62178c83c6931fca1de5
HCN,897,4,True,0,0.09714105697096911,0.163162046627867,-0.019006855343608464,-0.0021030983352479105,37b547a0407b93f66beed4643dfaa298c2c75d6454f2cc66e80e35102ed61709
HCN,898,4,True,0,0.09099568331120275,0.14837335016031408,0.016548984947804657,-0.003250242881747134,b4195ab11fc3f4b9b7edba8ca328e0d47e8996b0667cbb006395ab39319ca190
HCN,899,4,True,0,0.06982262117308093,0.12891630612161714,-0.007715440545778218,0.012427399253737814,fa52cfdac34bdf4c8697253c16649a9add4dd7428136dd845e881616ae3a4dd1
HCN,900,4,True,0,0.07966376173666266,0.137408811823737,0.04408327625197539,-0.01720716819748369,9c19bd5b63b054232022b26630373c2e2d1849cd2333ecfda4480b9d5be6e8b5
HCN,901,4,True,0,0.08771263634122654,0.163162046627867,-0.037536095054953034,0.012427399253737814,53012b1a4ad49c9f9f29cbed6ef8fe168c3ddbde93a4baf82de9088ee9194bfb
HCN,902,4,True,0,0.08977051227566943,0.14148292350597644,0.012435278684609141,0.015486451377735078,85cbb6f2dc8d5737da199ceee33b7d30c77f307ebca73a6613b4b779d7bd7f81
HCN,903,4,True,0,0.08452389072850323,0.14148292350597644,0.026775125823370383,0.0154864513777353,d7ab0f08c8ad2d36a25a1dc3aeabbb4bbb493b041560a3dc0694a46f63412a6e
HCN,904,4,True,0,0.049420631061618356,0.11453214843036791,-0.00025954770241787273,0.009941919402990607,a6f32b2f892c6ded0f35e9d92d6d32ce9b505905637e70d967fc7d7e6d7b4b34
HCN,905,4,True,0,0.08843846658686016,0.16546991658356963,0.03587039578939222,-0.010706682433989867,dddf82b0dbf4c856220cb5da7a48a2c00483f624154a59831053b5e1ba992708
HCN,906,4,True,0,0.07355450223684691,0.13190638527968898,-0.0251508756206813,0.0034414336394965606,d9b2c3ffbd69857512c9f1e03829868460897502b536992c6cc7b040857a8636
HCN,907,4,True,0,0.08294081354905117,0.16293253592455106,0.04059805230986013,-0.009177156371991346,4845e4375671fd8fb30eef0949f37fa2835f1c23445e44d2339dcd3114118660
HCN,908,4,True,0,0.053019632963344394,0.1070188436522141,0.026373662569260103,0.0017207168197483913,190aba5a15db12bbf37d8b56adfda11bb51dbd6ef335dd5c00ddd33749cf7d17
HCN,909,4,True,0,0.0751985393199918,0.13215970200114477,0.005096173282051808,-0.0021030983352479105,177a9eb6d8ec1d839471776bd1626768202b7aeceb73aeb4c5c5ea7bc42d4458
HCN,910,4,True,0,0.07760181666868728,0.14331948766179145,0.013025341666236923,0.009559537887490421,a50277bae0c37e798f8ff9ed43117c14f1327f6e9e81a4362eec82853aff9555
HCN,911,4,True,0,0.05307750072024308,0.09298056744462611,0.00801250327031977,0.011471445464988905,50c90e5a19aba124575ba017d395eabedcbdbb34df138ebfd47fcc376d368159
HCN,912,4,True,0,0.06508147711493202,0.13367970381476751,-0.03487411122798978,0.025428370780725462,382752b254ffcdbd880a565c69a3e64dff1e3d34915c1d165eb4b578b86be5a9
HCN,913,4,True,0,0.06706926657307904,0.12037952992620292,-0.002884104493461992,0.03537029018371585,c2c8709e9137a7bee0cc509811288d2424414a7a2089e06969656eb94c3dfd2f
HCN,914,4,True,0,0.0637969750545358,0.11630786562288374,0.023613802269287554,0.046650544890955326,038b5d68ce6ed3255fd3f25e536f4f766d4747e71e0da5ff9247b2e690e405a9
HCN,915,4,True,0,0.06356578199163958,0.09574107762468603,0.027953102983925948,0.04206196670495976,f33c5283e77439862b5fc857c6238cb16d2699b4d2a45957dd3291bbd7fc39d0
HCN,916,4,True,0,0.07417652377921484,0.14611102405261106,0.05028561388804986,0.033267191848467936,38940c7a3cbd85d7c68d0dc5cbecff338de94efc4388bb95c6559e6593cac28b
HCN,917,4,True,0,0.047792848104236375,0.10481768004626693,0.03174641815604051,-0.0011471445464987795,94307cd9dd4dd0eb42989605704dc3b95a0646d45fcb18f82df8d8556e19e119
HCN,918,4,True,0,0.05692963403222085,0.09102215770160231,-0.003095770522379304,-0.022751700172228384,22b6860dd098947822745015d18d35ceb1a2737cef9428dd79d40e28a4f4e9ac
HCN,919,4,True,0,0.07129273494452246,0.1359245163555591,0.012358687534486767,-0.004779768943745655,6c200789b593beede50e5546b2c05a34b87b698c8d0f5f40ff4ecc2309f06428
HCN,920,4,True,0,0.07525463701179,0.1383180390984727,0.02362920365382215,-0.0347967179104669,35455acb2f040c9b364ddf2594c5361c21add8cf8f79eea14df7a1348ccc911d
HCN,921,4,True,0,0.063616731060551,0.13013519923866246,0.006948457885860071,0.01931026653273138,051f6a869b5068dbb39e75cab47e23b423779e7cab9d058b5de502427009c22d
HCN,922,4,True,0,0.0813847588874061,0.1478222360019078,0.030284725107086352,-0.046268163375455806,1e5b89a09cf23b9c4ed19caf31665788f140f0e6980013cfc5caac2061a582d5
HCN,923,4,True,0,0.07752112608523097,0.13901310862731564,0.0005558118263995215,0.03422314563721729,8d0273f4c68a7d8f82fbec3ebe5ff114511a6bea72f1ee75d12fcff4ea0dd096
HCN,924,4,True,0,0.06673957950983346,0.13749029581963326,-0.039014422826609385,-0.0015295260619987427,a51ca349e2eced2661bb08fa033826de25115c3d42fe6745499eba8a9aed31a8
HCN,925,4,True,0,0.05268502162586229,0.11545687197910894,-0.010045553960480902,-0.020839792594730344,658eb45a001e2230bf29e70bb2ab18943bba27381a4556fbcbbabaf9669da79e
HCN,926,4,True,0,0.07438018060642718,0.132696682238662,-0.02877291313915653,-0.01720716819748369,9adff1f823fefafeba6e90d8e92bf8ec78c6ffd96270a29d251fba415c31b3a5
HCN,927,4,True,0,0.03223935486541418,0.06048986350782608,-0.004469804326905802,-0.005162150459244952,c8e9cb5f1abc2ea1613a115590e014c38da2561e19d062a86f561ba43191510c
HCN,928,4,True,0,0.08260005291021101,0.15293248507564286,-0.02146495419662431,-0.009941919402990607,4c5e79cfc35b59cde4f186148307f61c303662f15f431949609b53769667ff13
HCN,929,4,True,0,0.04353706961769172,0.09050201305257422,-0.0055123463627075875,0.024090035476476812,5f4ab62aabece309fff530e709106465d2f46658ce79c130d580e27a514a8925
HCN,930,4,True,0,0.08116478601772953,0.16879122437564234,-0.019906442446632866,-0.03307600109071851,84298af95d5196ec773efd8de4d412a9844f980cb8c87e820b5afaa37dc59000
HCN,931,4,True,0,0.06742795924679558,0.10220742075998067,-0.03218777176585008,0.024472416991976775,b9cc5d1dacb2b013de40ecc41fd677cf2ecfcf528f6976af106cc28a341599b3
HCN,932,4,True,0,0.0724015855946305,0.14697268838881608,0.047115136614594544,0.010324300918490126,25f70d1a53e8f34217fe77d065bae0efd25c49990df7aa05a30177dfcd5dffa3
HCN,933,4,True,0,0.07320159875407188,0.14317307013680927,0.04311491189549388,-0.02179574638347903,cc55baef66a1e9ff0b907eb8b3278c5250a8356032a78700549083f2fc16733d
HCN,934,4,True,0,0.08889632402852915,0.1529497621342089,0.011335925436046779,0.0011471445464990015,cf341a6cec5d360706735d4acbcd1730fde23bcbc95f901815e5213753b8eec1
HCN,935,4,True,0,0.05788165521925248,0.11058449133755477,-0.025421932233219646,-0.01911907577498173,adb27b3fe37223578dd503dd87a2b0bf63bf3833a329b53da562a4e30e06d83b
HCN,936,4,True,0,0.07538480420219769,0.1529497621342089,-0.011553871684116146,0.010706682433989423,9b800d0710cd20c8f64a9b6009ff54f658cd8818606ed52a6806f3956a30aebe
HCN,937,4,True,0,0.0810784004642433,0.16260636252763447,-0.02321207320802654,-0.006118104247994527,85d38b65964ccd230980e25515f10824cb30a0d85a6791fa14760bf27cca4978
HCN,938,4,True,0,0.06761135772071492,0.132696682238662,-0.011513044658134852,-0.03441433639496716,e64f39ae821f644e74d7e4b9b73adac9bc1f862b01746d85c0e46aa4e8e7c55d
HCN,939,4,True,0,0.06826436706324866,0.13788597339785807,-0.027665877653518134,0.005926913490244212,a208ef8797d71369953379382f061d6380accc427a92b32a3a04cd3a3aca1165
HCN,940,4,True,0,0.06574367555207933,0.1624780485716664,-0.02396164612840712,0.011089063949489164,a493fd4718f9f9be7aeb1c1dd4b2bc6387445bd555d159e06f902044eaab0da1
HCN,941,4,True,0,0.09014196113522766,0.14990227692736538,-0.03332553159063689,-0.002867861366247171,6c15e815e77f12dd16e181052ec4e6ffea6a3a84966d1fc12ae6c6503568037d
HCN,942,4,True,0,0.06056882787775319,0.10356072386621482,-0.009408022258705628,0.025237180022976036,cde01dc519d5061b8cda4659be56b972e1216f65ec702a09bd6244503790f6ec
HCN,943,4,True,0,0.07956799203624673,0.15273886908093134,-0.0021293713352583676,0.002294289092997781,7dc5ca9220a8e2b3ff91d1197a0912eb49cc3fd10496a36abf4358c12fd7ba5d
HCN,944,4,True,0,0.0851889787525427,0.14033075466341224,0.041675040938090824,-0.03403195487946764,589621cf7e6d66738a6d27681d1c5a06601da92fa62695f5549ce81a1696c3ae
HCN,945,4,True,0,0.08504625763097778,0.16681384939693492,0.04699571599622776,0.05812199035594423,46b85c5ac9b04de6f145fa38b7a302b1c8677a435b95dc510d198120536b4c98
HCN,946,4,True,0,0.07384879945984835,0.13401303700222733,0.003993405588642807,0.07169653415618127,ff5d7c58b14c25ce52e133010664f21c35f5639273ffad456eb861d431d2cc6a
HCN,947,4,True,0,0.07867624282598772,0.1460703718275399,-0.004662437596390623,0.000955953788749131,1202e652735cbda309476278cb3a5fbcad694fae79d71f4e1e492c21c5631361
HCN,948,4,True,0,0.08739944139805081,0.13958649026191208,0.052340078887882724,0.0386205330654632,f36f7b6cf2482af1ecfc353c54a8f8c6d122347fbe2e445170ca0e3f82bc2d9c
HCN,949,4,True,0,0.06997018613399436,0.13728831190594867,-0.007516978314572764,-0.0003823815154997412,974cbe96f6486eda0cb7fe53d163de2067c9f26219e4e562753ad4250f0d9fff
HCN,950,4,True,0,0.0651050331163646,0.10113136168876037,-0.013112600479900705,0.027149087600474298,708f2d0318ec77656bcd6580b9e3c87f53c9541644e4bc9574bf9f0f93a42413
HCN,951,4,True,0,0.06847336110467872,0.14449662875097197,-0.015562825415426751,0.0181631219862326,d4509d12f55ab828f0ddb771dedd57d35f1fb7586b92401165a3acd97d294bd0
HCN,952,4,True,0,0.08659743804057182,0.1411433278262219,0.051297765708698595,0.003632624397246209,84dccfd161b3d8c3eebd9928fa51bcbd35dbb2c0ebe64c4e42fc3750ac31d844
HCN,953,4,True,0,0.08861451064869862,0.14930764933317342,-0.01984282666204029,0.01414811607348665,c72d74f2a1cae36049ad4bb406837f028013935740dda568c226e2f7fe5ed4e6
HCN,954,4,True,0,0.06656836418669895,0.148442225582194,0.016561346380596698,-0.03632624397246542,5db9a39d5fd6ef822d1e7fec6e119aefef56885003d8575c055c68fe37edd9d1
HCN,955,4,True,0,0.09334007992553496,0.14990227692736538,0.005556978151520564,-0.011853826980488869,23209edd50a83e38738fd47e73d49e3ebfca3779f393b726ad32eec06c5d8453
HCN,956,4,True,0,0.07750323548536868,0.14088058531182068,-0.012467742903174761,0.007838821067742474,b712ec69bb6dce2c2736dac037fc634fe6761ae25bcc7badb6bd4299fadeaa75
HCN,957,4,True,0,0.08904233444505644,0.13940255314619335,-0.01625514046323362,0.011853826980488202,2ff1b75d0c764b69ed0ab0c6e8cbf2d214152ccb14cd36f0ece975afff56b426
HCN,958,4,True,0,0.06202420737696873,0.10006823204580773,0.009031766929576523,0.026766706084974334,851c3a5d3f0dc9af2a290f0134dc383be1b9eb9e7339fd2b1ac4901459e96b5b
HCN,959,4,True,0,0.08547089665538975,0.14043625073719487,-0.00932166330269002,-0.005544531974744693,e463d7dd1050bdc395ee6a906946f0a67c0687867b7ab0c7494168ff08ebdc15
HCN,960,4,True,0,0.097347968683928,0.16772978300103977,-0.0565620838689731,0.004779768943745433,8d8c197f4aa9058152df8d4a7ab52ea54e7fc404721ff36792fdd8d0c80cc131
HCN,961,4,True,0,0.06431376018303146,0.13960949265069209,0.011492889175837462,-0.01586883289323482,f7b6b99da7905e91048ffd499a59e29cfdbae753bc18eb0bebeea0bd60ba7ea6
HCN,962,4,True,0,0.06398278065263621,0.11545687197910894,-0.01859310834399186,-0.009941919402990607,0b7e1a60de5f1d4d3b700975f4987cccb55b8e914e3f1b3b1b1a50a316cd91eb
HCN,963,4,True,0,0.08255095905503369,0.16546991658356963,0.06129392355824015,0.011853826980488646,fe1c5f42c932c387a13af1ca27d78247aafb5b5f6dedc2ea3b598feea26e06b8
HCN,964,4,True,0,0.0842410887962658,0.13958724441317652,-0.0352201827569969,0.011853826980488424,8f05e734166a2d034a42f2db35c5b74bd083e2f4d7ee1c3924c58e0ca0626ca4
HCN,965,4,True,0,0.08249103527384416,0.16772978300103977,-0.029111149302636585,0.061181042479941494,90ff403f67a0956f3c31f85e9855142703e481b1ca116b8b9cc4a7a4e062894c
HCN,966,4,True,0,0.08462155164462196,0.15205484928413956,-0.001330554320658317,0.0005735722732493898,87088257d107af15fb23b99c1d4aafbf119d38d49c3c548f74a7cb888a0519bd
HCN,967,4,True,0,0.08400120068131348,0.14046192693662032,0.05098425152852082,0.009750728645240736,dd18d70d2fa19c737f99f1ceb4eb9ef709e3d7d3e1541afab16a6ce8c30e1a83
HCN,968,4,True,0,0.07314242378397717,0.13215970200114477,0.03670238214598287,0.009368347129740995,451084f0e35b56a24430085c4106c57c67affeca2751c6fb65102c85b9c4c969
HCN,969,4,True,0,0.07738676537679895,0.12255840241574999,0.01248505351780027,0.01606002365098469,26395664bd4eed7c400d5ca66ff3768b480a9bce50d5ac1b4e24976b9f86d03e
HCN,970,4,True,0,0.07075787898192211,0.12676485324135,0.006608322508172115,0.0390029145809625,5087dd888cc461f4c98c521e0ded2d627bb14b90b18ae6ffd45b919311810643
HCN,971,4,True,0,0.08683781469540207,0.1406155801291501,0.01166702686303922,0.007074058036742992,5b07c15b1d7a5f06af820ea4ac9c295611da6ac1c5ffed6082d6df9f3c5d2902
HCN,972,4,True,0,0.06086598216313999,0.13031966201185385,-0.0010379473908921355,-0.03594386245696568,200f3bf7c177c1a5717962e1884445ee73e55fb316b9078801c994fc558b6d8b
HCN,973,4,True,0,0.057029243588646736,0.10806916493287237,0.02679958766862245,0.005926913490244434,59fde2640029149f9d6860537dcbd58747d5b2c3db61ade747f9716ab2cff526
HCN,974,4,True,0,0.06948146543131725,0.13703365942380258,0.010118274923059722,-0.031164093513220248,7e96915da910fb719194f36dab14bcfc45b6afb86f38c00d33860786903a8965
HCN,975,4,True,0,0.08870214078122825,0.1624780485716664,-0.06753396589535288,0.01720716819748347,cf62fcd181476c66aebd58c6ef475364233b698d77f5a95ba70d1919690f6d9a
HCN,976,4,True,0,0.0821212811955028,0.14857658248031472,0.020158345396072086,0.04301792049370867,2ad12888007bdb830aef0bc6c007f4575db4461f753a8ac7bfb34583ad1a5232
HCN,977,4,True,0,0.0740694702762305,0.14818627565220321,-0.008763105082759015,0.03881172382321263,d109b370b67ed5bb9080ee1f4b4c872749f4600682cb15180da0cdc951608bcf
HCN,978,4,True,0,0.057963182219254554,0.1390739306446829,-0.03143886165708154,-0.025619561538475555,fbd18951580ed958766eaf129d6a7ba5ab018699346e077a07267f761db6adaf
HCN,979,4,True,0,0.064372750647524,0.11431774920006774,-0.0014748834575952774,-0.020075029563730862,affdf9fd95e8e35529d53349c49eea92e8527d007009ae1d3c4d2d8b5b3fbbb3
HCN,980,4,True,0,0.07377117210272603,0.15118449685775323,0.039268159646290046,0.050283169288201535,2eacaeb5ecd5c6d1f0924d9c0940ba8638d29bb780feabb4f96c8b658d28d7ab
HCN,981,4,True,0,0.07113156424816057,0.11472584232382489,-0.012245978907414967,-0.009941919402990385,964092273a1ba633c24a1090d4c3f830a2986eede242842e324d825dbf655c5d
HCN,982,4,True,0,0.0751938838261299,0.13153124804244243,0.04108545995905355,0.004588578185995562,9684cb787c0da0027b1a82ba6bbc26475aa1bf8ab7a6c65ee1b661604464a6dd
HCN,983,4,True,0,0.0724663184795996,0.11630786562288374,-0.012950268251835872,0.01644240516648421,419012e3d45383139faebe094d52d83db300d21f14e77eee7630bebba8552fd8
HCN,984,4,True,0,0.08139892504464599,0.14857658248031472,0.00422862648363842,-0.0024854798507476517,9573ede0efa3cd6b424b5c3f8b2ee051606ee018e906b4874ccc390f6867765f
HCN,985,4,True,0,0.07451845426321335,0.13728831190594867,0.031018437949556832,-0.02256050941447829,7666aef1170e72dd7805b399468beae8291c662b98c06ef9b790db8b2eb4c0fd
HCN,986,4,True,0,0.0662442635552803,0.1109621151658105,-0.01632599194959683,0.02064860183698003,bef95eb46e8f6b62ec3cdd02f4c068194f9da0b6d4f836b587b3bf5202ff9ebb
HCN,987,4,True,0,0.0835269463404479,0.149912392774881,-0.008096304253901954,0.013956925315736557,f2ed31695a753c0388dd0a422477dff16fb8038946efacd7dc12e423c9fee732
HCN,988,4,True,0,0.06964800675734685,0.10143697952414339,0.004660399854227393,0.03326719184846816,e6c550e8b1047ccf272bef588124472cd7b04976e1b9f7e42299305585fa7443
HCN,989,4,True,0,0.07730135035298621,0.16879122437564234,0.028583167595889192,-0.06538723915043776,6d12e8d7e9e5ad26c37ea9cdfca9c8024695476b32574c093e93457ca5463b84
HCN,990,4,True,0,0.0475654314995176,0.12260042563302133,-0.018973163379689018,-0.024281226234227127,b832acf2e9a993112c9a7c113ef2cbc0e74c0089d45b608c65a81f0a7a8d7264
HCN,991,4,True,0,0.06553101525907287,0.10113136168876037,0.037461235103748214,0.027531469115973595,15f999c9d250a260831aa0ec8c4407eeeebedbac2d1cc8ccd896948f13e86fe7
HCN,992,4,True,0,0.06537276335429598,0.10143697952414339,0.006718848087882812,-0.011853826980488646,ef86bcaf5e1732d0328d618008b64ffc8bb74c086726538e4dfbdd4aa355c218
HCN,993,4,True,0,0.07059126978217219,0.11104701813821329,0.03327923749441419,0.011471445464988905,ddbd99a389d45b9f8038fc82d613c8d9bc73c913b5db338643c1eded9f30e07b
HCN,994,4,True,0,0.08649920162135064,0.15640068239850616,0.06243876615347843,-0.005926913490244434,53a9cffc07d835c8c8b8c1ed2b16a3362623974859d27f67a62e097f8f2a8ba8
HCN,995,4,True,0,0.0682271387773021,0.10394441391725733,-0.025388281154013592,0.028869804420222023,0c5c69e8f223ac9ca20ff881c338f2e67297b5af80a3d44e5da3250da780aa2b
HCN,996,4,True,0,0.06269585715797445,0.09573548266968862,0.02420238430556365,-0.013956925315736779,ec60f4ab9997c04e1cc38f573d55ecb43f575f8b0f7995818c03fc1780473371
HCN,997,4,True,0,0.06166829907538328,0.13147984043169672,0.04041768824809333,-0.008794774856491827,8ce9c8020ccd3e966ec45a6576fd5536da9f17a4d89358cafb8a0c3b3ab563d2
HCN,998,4,True,0,0.08585649752399203,0.14589349585356437,0.02577183111618364,-0.024281226234226905,9131458c4e185be39c851ebd802216d19c67482d168eb50582db2c178330d559
HCN,999,4,True,0,0.061893905922380116,0.10387462046684443,0.02949975882355016,-0.0043973874282459136,0f22bf010de8167c9b0a82adbeacb3e92b6669a64074537065ab2ea71a86a0a3
GABAA,0,19,True,0,0.060057136817905206,0.26414409287918666,-0.015277037468807153,0.037755143319858187,aa2de18e5c39df6eac2a1f9b7da7db23def7f1946b540a896211ee39fd7750f3
GABAA,1,19,True,0,0.07460031803256052,0.25575105068328813,-0.031580925438307705,0.04673104626263935,78a7e644139250146d726ade73e2a955ef2f397698a8768d287a69a3a758c149
GABAA,2,19,True,0,0.06372251867863588,0.15138929551264285,0.008263476761284583,0.041619209160696946,98bd614ac89bf7fa20382cffb961742ee508c99f5301723cedfec011d41985be
GABAA,3,19,True,0,0.07310415638742936,0.24462877837793914,-0.01587249073493302,0.04435625579795732,b653e339f8d949a93e4536e37a1f73d85030026374b6881ea611f35d9f3150b1
GABAA,4,19,True,0,0.06672058456713907,0.21223272073788021,-0.020531100332761953,0.034213082965756425,94285d23097d89ca5cb2eab8e1817c32eb0b8368f9920248dd2f5288ea021da0
GABAA,5,19,True,0,0.0727144596738532,0.21206967519236422,-0.0030365772852114503,0.040773944758013436,87d0bf05bd730b1403d9174a6c411f0265f93fc11709273e0b9b0979c421dde5
GABAA,6,19,True,0,0.06736780671103566,0.19175754277388193,-0.0016472476536133485,0.04777756409453282,b72f8db6cfc2a81a71331e870a55432883d22aa06f53177c5e2d28bc88660691
GABAA,7,19,True,0,0.0629975830110664,0.20301424922086403,-0.01625165243966742,0.038197900864121004,282c12ed45577c1539f54e4c4ac4ae8c1147ecdb06ad20c01242fb921400242c
GABAA,8,19,True,0,0.07347743430381788,0.26414409287918666,-0.028874843125481275,0.04604678460332412,373b658f0ce58a0c02b142ff3974bcb9c78dd0fec7bbc3a13c63a9c092b55dab
GABAA,9,19,True,0,0.07077590432001117,0.26381836729261826,-0.021986313920865364,0.03614511588617564,3736d2c8617ced8acc0c45ac0ea7f018525a6eccbc547d4ab72939622bf060d7
GABAA,10,19,True,0,0.0726245766566704,0.26870449868105456,-0.019772000673932144,0.0443160051121152,0633027e0aafefa516059549a816c1516dd091f23a2d3f0941c52cca5a752489
GABAA,11,19,True,0,0.07027172563606741,0.2352945782183694,-0.024356043702732588,0.033367818563072915,3b740f6f9393828354e71f9441ae37271b2a2ae4cec51329065b23081fb00065
GABAA,12,19,True,0,0.0699039390766845,0.24909087021311177,0.0017050540286871474,0.040773944758013436,e8a54e189fc8514eceaa689964477bfc97884eaaf85aa67d249b3e730ffe60f2
GABAA,13,19,True,0,0.06999719380402045,0.23172676210713683,-0.02541369811272287,0.04886433261226897,b26866910d28f9c322dfbb4bfc486063b65ef5576334daa2b67621b901e9cc4e
GABAA,14,19,True,0,0.07049024224889879,0.262072144984798,-0.018357179546196978,0.047334806550270225,47d41a0dd2a9e3d1af3abb9a4b62be8ef5dc12ea5ac04f2a8deba64772c2202e
GABAA,15,19,True,0,0.06875151296217048,0.23908179776298785,-0.027512230540130744,0.04995110113000467,eed227e3d005c092d123a0f4c9ba2e6561900d09e727c3a1814ac88eb787a3e0
GABAA,16,19,True,0,0.07397907890649792,0.22847567845809524,-0.029709819867819176,0.04636879009006056,c8e49cef56bd657b4c2921259d6fa31ddaa67ab83eb2a2cafb801e3f4d79952c
GABAA,17,19,True,0,0.06513280433409342,0.2107831359904513,-0.0034418986044475464,0.04375249551032623,b4d3cf2d03fe5b2aa1bd0e58b491c861170f611d0dcb48f57f042b1d9d6cbb39
GABAA,18,19,True,0,0.07763635426068612,0.25506362102609403,-0.025364011034912703,0.03513884874012385,299ee016017f9a44d2282b423275a718bcf96c9109fc369a128156bad46bb919
GABAA,19,19,True,0,0.05165168603867049,0.2673608226974795,-0.006587437437229227,0.023063642987503963,0b8e0a7b6d2b8238bf82d0c0c7ecfd932028a22990c215d8ab7c26bf473a9a84
GABAA,20,19,True,0,0.0733539963687424,0.24464602259951837,-0.014545255400470136,0.05860499858604906,9a835b6d7b83dcc51dd50ed3bbb3467544db2837a740a878159fcd5e76f52567
GABAA,21,19,True,0,0.06657977368385502,0.24769655279367575,-0.0011170412989316425,0.04069344338632919,21b6b563a6a9c71f5339bab7c74b83d45d149dae4deed786ad1c50b675e9d3e1
GABAA,22,19,True,0,0.06794587829533909,0.23130029866278146,-0.03035261415888968,0.036306118629543915,849ae128a3864c3f14736178168fc98af91046e44a145b45800ec425daac2da6
GABAA,23,19,True,0,0.07843852382620262,0.2659763824655771,-0.010923230389761951,0.05667296566562974,3bc53cbab41a5bd9a024f0cfeb7aa967efc36812ab89d12541286eadf8c4109b
GABAA,24,19,True,0,0.060777241195152806,0.26098925119271876,-0.0011893076175284456,0.03292506101881054,5ebf4037727e52c66eb129565c6e07b9fddafa6b7f453fd2f0bfa034d91fed08
GABAA,25,19,True,0,0.06517935927703723,0.23302760297482164,-0.027204447405887677,0.0443160051121152,9672e26139c91b2c2c17f9fbcae0eff1b3639a1d2489acea8548d2d37d169b43
GABAA,26,19,True,0,0.07740895416062005,0.2657371918489867,-0.0014282350692462753,0.05421767382926368,db0b2b8a4f82b0d1a780c24849eaf09d0cd88556008ef5c4685d504d5c8ea309
GABAA,27,19,True,0,0.07613854596352818,0.243860158914527,-0.024768385720422614,0.03731238577559559,972f532b5999d7a8016f99092d57ac0e0f8bcfde683835be0dee28ce7a3c61c3
GABAA,28,19,True,0,0.06465775094841322,0.23060298022014886,-0.026157454402098823,0.04568452843074555,363bf8f4bcce07036c71c929b30f5c62150fec0f4ded0aa8480d35ed5a6f3e47
GABAA,29,19,True,0,0.07201329969579436,0.270048680232652,0.00899580110424636,0.04648954214758694,ce4553adde572960ad5dfde82b598eceaec339921e709a2a782c3c3dd1f72142
GABAA,30,19,True,0,0.07974374985029897,0.2505168190566292,-0.018094791180977232,0.0472543051785862,bff1cdfe539c73029bda4982ad46a7950b71e7fd6c99fd8f3467dcde813b0884
GABAA,31,19,True,0,0.06566309234269538,0.20917912380989714,-0.010507729862974102,0.036225617257859666,249f0defe19bb287017e08b0d9495ccaaf58602bcb17bf0795f14af85fcfbe89
GABAA,32,19,True,0,0.06885360125700547,0.1784083458962206,-0.0048423620048116955,0.03618536657201776,97893b7a8eb8187c583d8c7d67a7daa6601394970b5120ae7bff374f612bd115
GABAA,33,19,True,0,0.06723223027560511,0.250502878734276,-0.013135950995716295,0.02084985526619043,50504aca4e28c91e4b9a02cb40474a4b333185b8dd903bfa4b6122efdbab32d2
GABAA,34,19,True,0,0.07005216417133757,0.24464602259951837,0.007130227610475215,0.044396506483799225,ff7c2caa3799c911cf8b77f74979d2da31e24ff0bb6429c847d9bf0a54682e95
GABAA,35,19,True,0,0.06937329194550396,0.250502878734276,-0.013325602330942932,0.03546085422686063,eddf3dc0544aeab07156085c0b201d4986697a4720a4f34413046e0e7cff8cb5
GABAA,36,19,True,0,0.07786480820143361,0.2043748008938798,-0.016591773215111516,0.035259600797650226,0251c67a147f1e3fcec34f7ca6f3d249f76abb34a374f816d19725e01fb41b53
GABAA,37,19,True,0,0.06160815134104759,0.20901467574246493,-0.03915806998438032,0.036990380288858926,8165e789d25f286cf22bc547cc91c17a4c6cd346cb21b727d325c1de137f2ef4
GABAA,38,19,True,0,0.0687257938224199,0.23650038805460727,0.011093149663021773,0.05031335730258313,600162e7bf518ee5d632ce3226050d6565ea3653ebd4ecddd5ff0bdf0a4073fb
GABAA,39,19,True,0,0.07004656757718034,0.20979943395582198,-0.0020381882600377654,0.038117399492436976,e0e3dae503ceb6714f75d0fbbaf1b523a499ca8604b6db7bd173328588df988e
GABAA,40,19,True,0,0.07486636309562393,0.25302499944646406,0.027252298297818722,0.04081419544385556,0d52eee07f649e3fb85d921e3fb196f4df1f20ac1657219e4e7ab295a9510e59
GABAA,41,19,True,0,0.07265693824375594,0.23775194456465268,-0.004815562386109251,0.05035360798842525,c85e9c3ebd776280a73400d16cd3a7fa64e9ff5354b600a006018cb5e574d968
GABAA,42,19,True,0,0.07730994620141936,0.26738537591919276,-0.002998301241579293,0.05381516697084299,c15d50c195755032c31c48a0aea8719ce4cd8746d3e8d197ffc5f95b1f925626
GABAA,43,19,True,0,0.06863742909468748,0.2043748008938798,-0.012795275890733038,0.044275754426273295,e81d0ff1ab5caa9d8f88719aa7abd25861996add7e4a9cbe9e1f4428537adab7
GABAA,44,19,True,0,0.07440619375656136,0.23137115041905656,0.0026354926434184467,0.0491460874131634,93f479d23536e8ca929c525bce2ff4bc825a45b50d3f9142036fbb4b416477f1
GABAA,45,19,True,0,0.07114804258367928,0.2666207005815847,-0.0018278555833937116,0.05325165736905413,e94fc0885fd646ec6a2d6a7d5d77b5ac26e67bd33ee70fe1ef7be6596195f252
GABAA,46,19,True,0,0.0730730652829979,0.22787588252960178,-0.031699268821266946,0.034293584337440564,e5fe36c8383ebec42096b6576c8756047c4901fadcd08c100d120a235d5b386c
GABAA,47,19,True,0,0.06582413426631938,0.25684801788091505,0.004606936875445111,0.03670862548796483,26c478e64dcb00c1fe1daf03d4bf3f1fee9b3ccd384d078b79bc78a2914c2b74
GABAA,48,19,True,0,0.06803534771024107,0.2670693685447492,-0.024752412419009717,0.0284572348903408,99e5c5a5903da213638300fe5078638f66124396b98ca27d938ef0117cba168f
GABAA,49,19,True,0,0.07414399468273072,0.24980090299938887,-0.016656473620709322,0.04528202157232508,ea13ebecc4455739407b2f923674daaf157c5c832619aec41cf46a640975ace1
GABAA,50,19,True,0,0.07484212437182704,0.25684801788091505,-0.029725263595385742,0.03538035285517638,f156e67edac4acdb1e72ab0c958b55fca358cff7361448b8c8186da49302f80e
GABAA,51,19,True,0,0.06570311870959321,0.23775194456465268,-0.020683391990005573,0.04471851197053589,ffee613d7ba6fadba4a2a0c7157185f6420533a0164d72c3d7e8b9deba0f85ac
GABAA,52,19,True,0,0.07927755889562672,0.2346462067588031,-0.009080400414822831,0.0576389821258394,bb5d942123219c7e4d35b0ab1c718f3569eb94301de17a8b0629dd79e9a694a0
GABAA,53,19,True,0,0.07359620720914754,0.2589932062583206,-0.018833854953123064,0.040411688585434646,2bc6519a69a2ab6b0cc4944d6781fc145990bfa2c8dca7ce919eb383d15b7698
GABAA,54,19,True,0,0.07096928021198727,0.2516641748279357,-0.01214217289866193,0.053694414913316835,845a9357c851561bf40d085765657d60a8efbb3e251f218cab1bca166ddc50ae
GABAA,55,19,True,0,0.07939891099143959,0.23497416707476657,-0.02756563616375529,0.05063536278931957,18e93234b3538f5a1ac8607dbfe1d946bb34403c930afd0b9eebf2ec3b95e7ab
GABAA,56,19,True,0,0.06361547138266768,0.18858729298711535,-0.01767827260463628,0.03167728975770634,a1f85d5fb011ccd77b7bbea6a6448085ec0a6d4fd1ffceef9b4401c7b2ebbafc
GABAA,57,19,True,0,0.07909153678650058,0.27073079373725994,-0.025973273991210855,0.050152354559215295,1d14a1426bffa6b2a3e8b2fe4b3bd8d190830fc55f552775ee84793b8a3907e7
GABAA,58,19,True,0,0.07245711140979189,0.2007704551898075,-0.01870289721440277,0.04962909564326823,93ff287a8c8e7d585b45a32dcc88ff89dadd9986984c231d4ce879a3f186f90f
GABAA,59,19,True,0,0.07074049866891363,0.18600134550486663,-0.017979602638536596,0.02797422666023608,27b87bd2153cf424be4d76e92027e39bda3f6daa60723b59d19234659933d5f1
GABAA,60,19,True,0,0.07348148961968214,0.250502878734276,-0.01077776002572306,0.05309065462568563,8752d3bcf880216827fef08e611712d811bbd287be73acdd182b71fc10acd7be
GABAA,61,19,True,0,0.07281045214042159,0.2666017571182683,-0.01816257386125808,0.04669079557679723,36291c3c1631efe535cfc42704969a7901f48cd7ee9a700b53a9e8f78fd89a97
GABAA,62,19,True,0,0.06510121618260906,0.25960850200547475,-0.013641107941327224,0.039807928297803996,c4bf1cfc52629302f73234a92c207e060757a609803b2f0c8fa939dc8f93790b
GABAA,63,19,True,0,0.07150087630507163,0.2657371918489867,-0.02053356338771839,0.05035360798842525,7d4f3f95c56f448db0641ddd80236044a7b764297410db620055d454da55b446
GABAA,64,19,True,0,0.06988197791426716,0.19175754277388193,-0.0007409500725708007,0.04826057232463776,b0e4bd5e495e3f960abd5963917541d966453c100ae22db037cdc5d0787498e2
GABAA,65,19,True,0,0.06625080142984278,0.24695703634583405,-0.018850470628091864,0.03348857062059918,00cd7c2f28f0711f5f79bbc13eecf55b367226cdc8f18250fe17ed420984f700
GABAA,66,19,True,0,0.07218510005019621,0.23650038805460727,-0.022120403906275454,0.04347074070943191,00009d281822d0ff0df82004b8d0b76f58e9b72af17c0395effaee21681220c3
GABAA,67,19,True,0,0.07134429736065569,0.24769655279367575,-0.017030565484146498,0.03864065840838382,9f9bca65c22eda24c9e3f882ac09870931c1395d382cbe6134695ed26718fff1
GABAA,68,19,True,0,0.06949046278588296,0.20934819945563976,-0.018745737539205942,0.026887458142500376,8a1f34fc89545cf8c622f98ddece211ac242ab56a2e29cbada6c544c2b6c8ace
GABAA,69,19,True,0,0.05463407830722708,0.22936929820130142,-0.01585299231715398,0.027410717058447442,98b8af79a2c30a00b180360d8d07f8837a4cafe49a47352df1072ac29b788d91
GABAA,70,19,True,0,0.07114100595907775,0.21623911080378513,-0.0391359982750874,0.03851990635085767,108fe550efc6370b9b006a3d8b97e7e0c380f8961ded0d38c6b6ec6db4875508
GABAA,71,19,True,0,0.06465836007441181,0.23219201427101066,-0.018147981995790374,0.03320681581970497,b108f9ec3c84b4270b431d861122410a72f772e1200ca15399889bef48d40fb6
GABAA,72,19,True,0,0.07365549165956012,0.2670693685447492,-0.01781240188344957,0.039445672125225206,b7aa9e71f47447c16d3f505bb111dd89f9dae17e7d721c0388b397341f32829c
GABAA,73,19,True,0,0.0694793847708946,0.1960149611207158,-0.020026305518030307,0.04520152020064061,ead19cd5e8df01acccdce617c4bd4f247c4afe402d2f8aa4fb7ea4c021350bb0
GABAA,74,19,True,0,0.07017842888774779,0.1979760674345433,-0.020428588009969495,0.031234532213443522,f6bed9e165ee19be23643a8855c8f9070c501e61a911fd739a5bdfd5d62672e2
GABAA,75,19,True,0,0.07387984522238773,0.25575105068328813,-0.01249510509752505,0.05490193548857869,d5a33bf6fa2c289e4fa2955ff72c9208fda97eb17b475b8a96f8d8de61a9c764
GABAA,76,19,True,0,0.07509058399663518,0.23256234182693555,-0.003603485486209035,0.05220513953716022,183568d59827205c12b9604a694fe3170b84062a8ec7a9cabb84f348fabcd32b
GABAA,77,19,True,0,0.06580852043267481,0.22787588252960178,-0.019047002648885814,0.038117399492436976,849039388801a64a2f2effdce96044af4883bb58114f8f48ad88ba0c502c43f9
GABAA,78,19,True,0,0.07139868614776856,0.23814500973666772,-0.019419990730461523,0.047053051749375796,cd469bd48fad0235fe07f848447e6be31ba990c35642ecabd48aa4ef641e1b63
GABAA,79,19,True,0,0.07173745550825036,0.270048680232652,-0.006466527666469268,0.038479655665015544,9e408ad7a698b5d5dc187111fb99b98daf5a8e38711d9f7fdb55789ef8b65ecb
GABAA,80,19,True,0,0.06770246720061206,0.2104954982227114,-0.026614226579599665,0.043229236594379716,d320ff28960835c2a608f0dad15de2e153380161b4aa0c30eade369c2d9bb56a
GABAA,81,19,True,0,0.06382539471241977,0.23908179776298785,-0.016737702346665717,0.037634391262332034,e268f362c7acbbbf2588d659bd0cf7dafd22fff3586c0323a69365ffe3bf87af
GABAA,82,19,True,0,0.07450065632703484,0.1885181482418004,-0.03792674065330881,0.010827434491515575,0c586bb4f36767cc4ff360b552a7dd05f5e549ee2029430dc0f36e03f5746f4b
GABAA,83,19,True,0,0.07477547291490556,0.2666017571182683,-0.02738481369409551,0.05083661621852986,35baf951b606c2f7105b1accdcf8ade4ff198f1d158bbdd205705d6067d9ea35
GABAA,84,19,True,0,0.06958337842223283,0.2622189387377464,-0.011058283990829754,0.04636879009006056,7d9b25f1e7f24b303e53b428de75851697089bf668478db47ee45db5811ef604
GABAA,85,19,True,0,0.07796907541170574,0.23830755205402002,0.010588047509773935,0.029262248607182184,6c352ca8e0c77954f30252e191c091202181c48c433e333e6d95420c18303cb1
GABAA,86,19,True,0,0.07357927765463647,0.2346462067588031,-0.01654520800993109,0.06013452464804736,54c2a9fe173a84b7335d5efb66df9e144fcf3dd5891ed8766acd5733ab30e016
GABAA,87,19,True,0,0.06914722391287527,0.24115641147958108,-0.026709493201193313,0.03880166115175199,c38db92fa712cb5ed2f7a88675929789ebd68a79544f99dc0b65f2cc1a083cab
GABAA,88,19,True,0,0.06533048771006894,0.20301424922086403,-0.03740796871005103,0.02922199792134028,a82351b74b798f83d87f7988a779f2c12fd643ae1dac57f36cdf7f4e160e48b1
GABAA,89,19,True,0,0.07339567344726002,0.26414409287918666,-0.02600206670003269,0.03304581307633647,74f6177517dd5a4a4ede6deb1fa7c219e389793189382fe6b3c15c76e5ebdef1
GABAA,90,19,True,0,0.07086313533769557,0.24959526418997952,-0.01257364315129661,0.027652221173499525,c1829ffff5f8fd2ed49b1d8c65acf7ff8b281af878d6fbc1290721a219c8ef19
GABAA,91,19,True,0,0.06870649634097711,0.22084024531329846,0.004577473784524555,0.03216029798781095,032a20f8aef39adeba2d0b60130c52146ffe2b6f6e040223d73a3ed44c4e2957
GABAA,92,19,True,0,0.057955716792524856,0.22000194150410665,-0.018354039931448796,0.02825598146113062,d5fd2b90e71a13e9fa45e1756eb9312add266e2888aec080a50aeaefa338c1bd
GABAA,93,19,True,0,0.061032171970713735,0.218950434032052,-0.007826779666694206,0.026122695111501115,20e8c67d898ba376049810b19eb051f86b339d3ae1feaf6844f6931aa8370f2f
GABAA,94,19,True,0,0.06890863627155733,0.23130029866278146,-0.03390227420455605,0.037714892634016284,77e8e789b7832661f937a00f396b0b5e5d20649b2a58396f15c91edd36384576
GABAA,95,19,True,0,0.07033073330578378,0.22964442341678995,-0.014074182648293965,0.05059511210347789,fba91ffb879e37f6da3c4f301486f2fb41782e1a52c27eb0bb57ef8e584d9194
GABAA,96,19,True,0,0.06739953130136302,0.20901467574246493,-0.005805211915294928,0.04129720367396028,2012e1441c40c840bc2a7a016d9a9d251e14c177f694336ed5c41638adc49db1
GABAA,97,19,True,0,0.06772467326188622,0.27057778765285784,-0.029158995468472115,0.03546085422686063,4b19f74bd144d3760bd35dd5616b3adb79ba76d0ed7adc88455a88f452ca6af1
GABAA,98,19,True,0,0.07690945983974196,0.262072144984798,-0.027465084842168475,0.030791774669180705,8b69620638899ff54c01a9b62e579294fc78fe6b0abded4a226576babdb4e304
GABAA,99,19,True,0,0.06818794751298925,0.246225514758039,-0.012762647377458247,0.04145820641732845,4648a20578930a8ed24344ec8c194d9423b4afa09ee8cbe0ab2b497ea6d945e7
GABAA,100,19,True,0,0.0689225919278076,0.2666017571182683,-0.01487176255827749,0.041820462589907015,d73fc73be12a69e8edd29c515d4a493c4c0b416b823090d2b0b8755472f31c31
GABAA,101,19,True,0,0.06657285750667512,0.2341879782693961,-0.0006392471652449938,0.03284455964712629,7f21e9a42830aa2e601ebea960314b982a9a40c3ac291f068ab4e3479e670f73
GABAA,102,19,True,0,0.06793746452438627,0.24362036570650095,-0.01669650748452023,0.045040517457272666,d8a48568dbd9d89dfdb0d15533495e4fa8a6395975e7749c3e94a0ebafa62bee
GABAA,103,19,True,0,0.07038449253767763,0.26738537591919276,-0.029498836676843387,0.04483926402806204,2b4d9bcba96a8cfda926f1ae9e73070aae6941ac211184bec74614ae83336c45
GABAA,104,19,True,0,0.06538950960228805,0.25302499944646406,-0.00404940206214488,0.036386620001228165,2af64dfbaa1a34727aa3826764630283b6c7ddd4fe0b9d5803592969dd59d37a
GABAA,105,19,True,0,0.06528569114575565,0.23775194456465268,-0.016552385832799832,0.016744285310299367,96e1b6a3053af0245f354e8ac37027c3e987cd7a991fd67516cf584ba4916e56
GABAA,106,19,True,0,0.0612202568282329,0.18516289555389834,-0.019860026755765592,0.03835890360748917,7ca8dece9e7a1c85655f139df080716fb277977f3b5c393501473ab8680b60bd
GABAA,107,19,True,0,0.07305350224291607,0.2622189387377464,-0.011572066929984803,0.039324920067699165,2d687672cabeaaa498cf9197ddc8e7df22976a3776ecdc8171af36cd041c5c29
GABAA,108,19,True,0,0.06381733108302218,0.17879877831497354,-0.04128414152262616,0.02889999243460384,48b63c8a6f00f63a38d606af33d4776ffb06383e08d4514982267205c4884b7d
GABAA,109,19,True,0,0.06853761579569217,0.26878741977916587,-0.015132411673555168,0.040693443386328965,7e95335e1d619fc8b7d6887530931a621cad61a1ca63d510cf663f065e03e5a4
GABAA,110,19,True,0,0.06728829998234598,0.2204361098196314,0.009892927089668602,0.048944833983952996,13505a7e00dbe0032ad5a0b3ca17695a4d5c386dd09c9bb1e19b7b9879e92cf7
GABAA,111,19,True,0,0.07319961223773938,0.25506362102609403,-0.004073081084494445,0.03936517075354096,5a0f09fa9b633f6de55c48198f75fb36f00b1fc9d2b8c0179a142fcbf9e829be
GABAA,112,19,True,0,0.06788862176472422,0.2413807724748212,-0.01457550496764215,0.050071853187530824,87c05ab262546b6dd79f9cc4eaf977d60c7ecdc787d58ea9e4d069cb805863f1
GABAA,113,19,True,0,0.07035637153542788,0.23256234182693555,-0.012137223682380682,0.051802632678739746,0dd1728e5514c83a7a6874d4cfacc1b68f77c8def06eb16e990819b276558efb
GABAA,114,19,True,0,0.0784846479436791,0.2346462067588031,-0.03839015171726734,0.03542060354101828,32f1b0634c6dcc8c07785ad6b83b74cae752c55f7d0165fe6413dd55c40d408b
GABAA,115,19,True,0,0.07195648545726732,0.23060298022014886,-0.04536606978542279,0.024874923850397024,63ffedfe28d23fdb3616ba09ae52fd570ddf13e4621395f9bc8844123e142bb7
GABAA,116,19,True,0,0.07544933594726047,0.270048680232652,-0.0008618911643700766,0.0547006820593684,9c470023583acf42d9a66474a1428364f1f08c86a4726c211e3252ef8cb42c84
GABAA,117,19,True,0,0.06728956498930956,0.2441648864274054,-0.009680204771099099,0.03425333365159844,facd4b3e78498fd74601eb412e91949814e90bfae23eb9581f9312b7e5c3f194
GABAA,118,19,True,0,0.060701947386224905,0.23908179776298785,-0.013261723550129112,0.0483410736963219,1ceaa81ec90e5e507e5b3d499e05c293019d5ce77b2684cd1e748fd2ab585867
GABAA,119,19,True,0,0.06882124970512199,0.26414409287918666,0.0027819489858789126,0.04995110113000467,295f9b8644be443564dd70735c2f4d585d1b9c9f63d1cfc0cd664499d7007114
GABAA,120,19,True,0,0.07613996784382863,0.2291591054215947,-0.009588209205687592,0.025357932080501744,cc95b9181ac392be3b8f9c887b65c0cecb6f111b30e92c5545412e9362e85942
GABAA,121,19,True,0,0.07284132494820232,0.21071187730297317,-0.015406731286355502,0.04012993378454044,81e861bfed6379609ea40900a20cebc279635025339cedcc0262e3adb649f32d
GABAA,122,19,True,0,0.07352805549938134,0.24695703634583405,-0.0347425820973033,0.04584553117411372,b6c8d5507c508ef10934dc896005773dbba74105312c799666e6fb3cf95500ad
GABAA,123,19,True,0,0.06976497040861472,0.23137115041905656,0.0039138795909916535,0.03755388989064801,a2ba2ce1ff9613d6b1e970db9f99ab45c9c7cd6f7e725787a3988ac7641ffebb
GABAA,124,19,True,0,0.05452887286785032,0.23256234182693555,-0.015719040899192516,0.030228265067391957,7991bd38b456469f7b3123626828ebe9fea363477b84d694b92464b3beb30d78
GABAA,125,19,True,0,0.06705798708995393,0.2153537380075569,-0.011660087028160904,0.050353607988425475,508efa80596f5eb5cbed8526ed0878c36427171edfc7f638a492d5e7b51af73d
GABAA,126,19,True,0,0.06481065019094756,0.21071187730297317,-0.011883807397034873,0.04487951471390439,1815e0850ae1dda436c2690af7fdf3e684359739e0453e9f431715e9182794ef
GABAA,127,19,True,0,0.0760110893009727,0.246225514758039,-0.010907915613998398,0.04910583672732127,d87207f69bff9e0e146a2eb7be0e15815476b50e4b437e54c1a558a94d6db60e
GABAA,128,19,True,0,0.06856785336475386,0.2072533659765797,-0.02465490916774593,0.04270597767843287,747e9015636204c49d5ca7f05f84c20b3a6c4c875a203c7efd26e73a3e642e65
GABAA,129,19,True,0,0.0778550077730044,0.23907022009241025,-0.005576089470380907,0.048099569581269486,a64ff4d1d172bc1782d776e7f7fb34bfca7bf4f7f395d1564b38844d249441a9
GABAA,130,19,True,0,0.07324066197227029,0.23650038805460727,-0.025828624416266877,0.042102217390801666,4784bd6147d4fe9aab665e4e6afadeeabaf24aab13a6ac8c5fbe474b839b4bef
GABAA,131,19,True,0,0.06989978274214168,0.25050414810816424,0.0020997560851068187,0.052567395709738785,95e1f6164e2ff4a3df95ee61f9ade663441bf118f079abc81957106d84ee0cdb
GABAA,132,19,True,0,0.06660304046323773,0.25192560751320914,-0.003250018918819819,0.036024363828649264,325547e62f473cfb73b2abbdebfc6a3baf9bc7d55b6a2edbef13e5e3f8ba668b
GABAA,133,19,True,0,0.07684481353908618,0.2666017571182683,-0.014942963792360597,0.05329190805489625,4db21883b824d3d4be50d9baedb5ed667861e6af9c3ed4d5e012d2f3e046d135
GABAA,134,19,True,0,0.07069798412175561,0.2346462067588031,-0.01888465529141392,0.051037869647740486,35797942a56671aab6c1d54790da7beaf57b9fa7dc22328c74fca82d02b4749f
GABAA,135,19,True,0,0.07318088002421504,0.25192560751320914,0.004126356071429527,0.051037869647740264,40dd4d98f1f4d4f1aac135ef6c1167e6798b337d633112ad0108f8446c2b8fad
GABAA,136,19,True,0,0.06964284604573562,0.18890206893042488,-0.02122368861067292,0.04169971053238086,4e17b7c56c907c81c5740f5ff12b506d166266a394edfd3adeb0e75989a2b033
GABAA,137,19,True,0,0.052045330848248555,0.18726272773120556,-0.01241242556844857,0.02761197048765751,81fce3ce0ec2e8890a753956c48b90dab1fec5cfde36b990787a7c1c4984c9c1
GABAA,138,19,True,0,0.0664457607736188,0.2327491159995836,-0.017017821673879663,0.0413777050456442,14448b00d4c7c3c8961c9552bb5a2b237ef38a4b224491f2965469a2fdba1817
GABAA,139,19,True,0,0.07138606138795442,0.25192560751320914,0.0059082416619467,0.052446643652212965,85a34f1155e483a7031c279335a06cf4a9f4d368bbe2206b46fb1b37a095010a
GABAA,140,19,True,0,0.06890863612396819,0.2659763824655771,-0.018671878490303273,0.03099302809839133,1b32daa9a85bffa14a3b4f8639bff00f890fe34d432941bafbd17a21e9af6c83
GABAA,141,19,True,0,0.07620489505551187,0.24942330699225887,-0.030171843377391427,0.034776592567545284,31462faa8e71471734e21d4313d2f44eda9d5d9032022c9cdc255c5c6f3451d4
GABAA,142,19,True,0,0.07193392739150721,0.270048680232652,-0.0037818615065385863,0.0353401021693347,5dfcce28c1f9cb4cc3de58410b61f3a54d9a1e26184bfe954d94a259653e4704
GABAA,143,19,True,0,0.06280517310446607,0.19175754277388193,0.008112209158403605,0.04508076814311468,00e2ae9d5da3bf0e190213884003c57456ef4628209ffe152a3f2353e82f4b2f
GABAA,144,19,True,0,0.06882084109296925,0.23654217148969822,-0.020153016180986638,0.04093494750138171,a3b35735ff571836ffd75b9327d9f57f6b8969e60289c9447debba4e1801b414
GABAA,145,19,True,0,0.0771541227164126,0.23814500973666772,-0.02613087773783751,0.036950129603017245,372a9d06ade8df958f4f1f8082b3d7bbbfedd7d16d7a3a71c1099e93d2115bce
GABAA,146,19,True,0,0.07454728410448307,0.26098925119271876,-0.01090748805770736,0.051440376506160956,a9d4080c3788fa5f8454f391d9469b4f9b7551d64dce8e2dbe3a186c2542d756
GABAA,147,19,True,0,0.07369039740168803,0.20934819945563976,-0.022212023349165833,0.025076177279607426,995e770a9f17be9c6aefdd86ad4d5e24fd60a00630df3b3f292116ec15537afc
GABAA,148,19,True,0,0.06510124203396546,0.24769655279367575,-0.0064543637138243515,0.03634636931538593,e3cc8257acdd11bae68560d80595d13a5f0c6943c1cc918b67162a71ff67ce92
GABAA,149,19,True,0,0.07123917835840234,0.2413807724748212,-0.018046204740241878,0.035058347368439935,c17d83963b994d22b7c49b6b482d848575a84908304362a7874d026dfd0b0dd5
GABAA,150,19,True,0,0.0690477835142237,0.22936929820130142,-0.01301969799924474,0.04681154763432316,32bd30f96c825e302d2ae58ef71a9439a8967b6c05027ca69642f40c600edc5c
GABAA,151,19,True,0,0.0682420654888835,0.20925371170110624,-0.0033182154780686535,0.037835644691542436,725de8b3d7935029f4ab473d7b5cb095cb5cdfe1b8681253858cb1245c9fb07f
GABAA,152,19,True,0,0.06487787310121285,0.19170138140658252,-0.018968949876822627,0.04101544887306563,1e6d2b56d995043248c004de13d74772ee9e03918b8b3cd19691b27dbe23baa7
GABAA,153,19,True,0,0.07923573237159928,0.2659763824655771,0.009172600716778723,0.039445672125225206,4675624e859aacbbbc7b31e8e37abf62bd5a5e76b8145618b908742a53e7714a
GABAA,154,19,True,0,0.0683420374176827,0.24313437650461592,0.002344045543972495,0.05140012582031883,a1fd1a10433e23093611790ef9d34fc1d06d52073aa0f0629c95ade11f767fe9
GABAA,155,19,True,0,0.07259623010423945,0.262072144984798,-0.024818363786888176,0.029181747235498157,bb2f1fca3700dc98eefe62397ed9aed16289858c8f225968968288571c212365
GABAA,156,19,True,0,0.07327337809283814,0.23219201427101066,-0.012668125308671785,0.05003160250168892,ac0736c5cc9e76ea528940886514020e599e14ad309b0cdfc22f14658150f239
GABAA,157,19,True,0,0.06456738860665885,0.25372758854577326,-0.011480545629782624,0.03634636931538604,0a6e53f345f782384fce90692a66840c6f1931e5147aa40e28e701b88777d2de
GABAA,158,19,True,0,0.0745321772800105,0.2327491159995836,-0.010045581382129853,0.05945026298873224,0f2e4c64ada05d6041b10cf12f42eb458aee25d15ca7bf0f840539d4843a08df
GABAA,159,19,True,0,0.06164744454322958,0.26878741977916587,-0.013880873047601217,0.036386620001228165,877e580d60bde9984b9e448d2f785869b2ae89a52cb5f0d65f3e9dd4b26ed76f
GABAA,160,19,True,0,0.07278476807189743,0.25179855529557216,-0.014177182397150379,0.05723647526741871,879056b1f81dd403abc02de1af7474289d354deb7300cf5ef892593d95f35159
GABAA,161,19,True,0,0.06818359314318805,0.2437033658593397,-0.0020226760345412043,0.05204413679379194,671d561fe420745a74c13250e0df763479df4b15452498175ad1c93548fba1b7
GABAA,162,19,True,0,0.06321115860792842,0.21173358325813474,-0.023994117418359107,0.0296647554656031,883f20f76d74e9bdf18635b92d73140bdd7e515935cda35268f05622b1913be5
GABAA,163,19,True,0,0.07309774799373259,0.23529367650260422,-0.007665765409714753,0.033247066505546985,83ecfbe9bdc9a80d565635e17677947254d7162a854e05f3f5058707c9d91117
GABAA,164,19,True,0,0.060997677100693634,0.17050533767993903,-0.01806040291696931,0.027893725288552274,0d8e5791c91879c4e3a1d98835290af773391904d11c86121458fd3a8cd65690
GABAA,165,19,True,0,0.06671085539262307,0.1864315327214351,-0.026189638181254526,0.026806956770816348,803ecdf0aa6eebe73f6c40a6c9377f9969c8a181ffba9bede7c00afe2cb2b83f
GABAA,166,19,True,0,0.08262715943311816,0.26761754752779926,-0.01888760142252366,0.05900750544446964,2ba4bf6481acf5c654ef9604f9cf3aa7cb467c90c3839bb3367cbb93cf703282
GABAA,167,19,True,0,0.07813638178127277,0.26381836729261826,-0.03947601851623617,0.04145820641732845,338dc59f9df9d9d235f8f650a311fef3a48a4eec5c3f7b15ece2f7881edb7d80
GABAA,168,19,True,0,0.07285355814427252,0.2673608226974795,-0.026121951629775042,0.039163917324330666,f2a9f0439dd9a8f2e6a5cc661dda32915670f6b15754f9c5342a94a65310b150
GABAA,169,19,True,0,0.06983525941136719,0.25771042629947477,-0.022582866559182957,0.04463801059885186,63227591ee8857ae8f4d9f171b381b7407aa65d092d612feebd682c76c1eae40
GABAA,170,19,True,0,0.08311577774400557,0.25960850200547475,-0.0164610723732439,0.05220513953716022,2c815f102b030cb18a1951c9936978406e0529763566fb4343df20ca929add50
GABAA,171,19,True,0,0.07397746284808944,0.2287037661994594,-0.028791925686987963,0.03864065840838404,b9fda19f48d4a9d9256b3fccdd656abcd670dfa375b122f299f4c1a6a8a79f69
GABAA,172,19,True,0,0.0757162385679345,0.24959526418997952,-0.014085658819842806,0.048663079183058455,52ee9ab45ae897d88fa89a2ae05707e302f8bf8cddb6f4d2e57cc6a3f66824ba
GABAA,173,19,True,0,0.06301565092680395,0.17862922712655804,-0.018837549230810824,0.027450967744289234,e0c11d6e9699059a1f538926f65c47af21a9853e2cfa3082e2d13949397d2676
GABAA,174,19,True,0,0.06200742360893901,0.1845040295536107,-0.023602132804408704,0.017509048341298628,b50ba0eea94637cb52a629cba813e18f81258f12f34b2ee14f9b03c2b7f54d59
GABAA,175,19,True,0,0.07190379413339598,0.270048680232652,-0.002408767455839511,0.028296232146972744,9d6ba5e2a943afebc9f3f1b885b93dbfb4910f5e9767d1e9956a36306448488d
GABAA,176,19,True,0,0.06254783881330807,0.16093987314579777,-0.030418545102384176,0.029624504779761196,7d16e786d419333a41930b9c19f1d52cdaf6ab445bdc7f45ef4d1abee22929e8
GABAA,177,19,True,0,0.07366700606664976,0.19709509058124336,-0.00427661261534551,0.047697062722849015,a5b67eb11a15eb96b5c2839141cfe2c786955882f95bc96688f345ac38b778d9
GABAA,178,19,True,0,0.06580229301934723,0.23037953794664062,-0.015700427060348465,0.0410959502447501,121d840867250384c5ea82a14cbf6f04367001c59cd04b957d52357b8d17b846
GABAA,179,19,True,0,0.07893643880151298,0.24980090299938887,-0.01578267313754189,0.041136200930592004,3d0da7a0b24372ce579377ca642f4e8579359c085abd0db73811b0853f28334b
GABAA,180,19,True,0,0.06784808349732331,0.24942330699225887,-0.02033754997532422,0.03739288714727984,e15ac2026e5ab7742a285c45889d9e37049f28387ba584077a0b1b3c8d1b1ce2
GABAA,181,19,True,0,0.07403229669636571,0.22681394133090774,-0.024709069837764552,0.051037869647740264,5e0f2bb1fd5bcc89aead485c75b9668c93bd2cd69d7eae991ac6996966b2509b
GABAA,182,19,True,0,0.0778776981240136,0.24769655279367575,-0.007270385619345898,0.051400125820319054,fec304ad2e27f8352c8d5171c8de805143dd203dd06d54bfa89cfabf6c2976c7
GABAA,183,19,True,0,0.07053817619759274,0.22182448817763586,-0.0020562732387781057,0.030067262324023458,4103bc787446d1379922d5b5d068d4ba856d36fcfc90ae5d775b7dcff4dfbdbb
GABAA,184,19,True,0,0.07599323556387984,0.22365582862147812,-0.025558622173669887,0.04491976539974629,7f156451b0176e9721244dce062c49c372c41605734da3c006dc0f3b88d2539c
GABAA,185,19,True,0,0.07179362203791935,0.2346462067588031,-0.021152868953192794,0.050957368276056236,ab36f1384ae359a17595d6bf1965b8dd5a55e28b70ebca00aa0bd9084227b751
GABAA,186,19,True,0,0.07252005113731368,0.2413807724748212,-0.0033081715294442926,0.030469769182444484,215e882981063dd6a0c00f1ae758734c49adf95b7f08d32ba8ba2458844bca98
GABAA,187,19,True,0,0.05680732793217792,0.17972241737296132,-0.021162757263043286,0.03642687068707018,034f307be8125ff5287d114444b3c087a4bfb88ca60f1a1c306d396cf307c9f8
GABAA,188,19,True,0,0.06719750070900189,0.23302760297482164,-0.04499359451693419,0.03767464194817438,8f2767616e39d5ba40da1ec15e469df0a25cb8cc79e40d2869050908d5437161
GABAA,189,19,True,0,0.07446101747732374,0.22570692951389212,-0.013681194372405336,0.041136200930592226,8070bf551641d88e2b4e7894445322fab551e5175dab946801acf69f987038e6
GABAA,190,19,True,0,0.07970369115501387,0.2666207005815847,-0.016688509039737953,0.06303257402867646,31abbe7aa727a289ddcfe36136e10aed281f1511e48f10bf92bd60a8182a0105
GABAA,191,19,True,0,0.07639647374899132,0.2659763824655771,-0.005239657802446063,0.05457993000184247,bb1eee867a77f24171891b51cf4ca7d9c1c0c7004006147c7599f26282a09234
GABAA,192,19,True,0,0.07172708097421554,0.23567608705356963,-0.010071107170598337,0.053493161484106544,0b110a1b9b97b79a7ba3393c04d235b32506c1cbd3c372fe9862c8379afdcc1f
GABAA,193,19,True,0,0.06645120953510053,0.2055365416846342,-0.026220445706706785,0.026122695111501004,271fab7fd2dcf0d6f5a5dbdded594f7136f85b8baef4d8d163aa52b3da1b5630
GABAA,194,19,True,0,0.07464538637390049,0.2666017571182683,-0.03435431761112051,0.04483926402806204,00744b6ad0213c1fb3f09f3f921e3761a0eaffb5d35cfc1a53b80b823fdc3d5b
GABAA,195,19,True,0,0.056184390230349546,0.18381892559487076,-0.011854205015405794,0.035903611771123445,2d4226f9dbae6a8512dcd8ab4c1650375a916f47b7f2cab4774e4ed796e0a1ee
GABAA,196,19,True,0,0.06683100818660685,0.24067415548576698,-0.0236750366615317,0.045845531174113496,ec23c6129965afe4ad1b7356d48fa261cc0126bbd3a7b85784b05a8d30eaf6ec
GABAA,197,19,True,0,0.060304877576713226,0.20300530978542022,-0.013960382153899165,0.03884191183759411,f4e600bc3d0e29827e1fdba75fb0c9a563aef64dc7272605e2baaef0f6b54dba
GABAA,198,19,True,0,0.06777881641411511,0.24462877837793914,-0.0075176988573582015,0.052728398453107284,7d8a7dccc0d555a77163465a7c4d9658cbd8ce278e7f7d7e25e6eb4fc7ca47ba
GABAA,199,19,True,0,0.07251378845264415,0.2335617579752076,-0.026139379140935226,0.04471851197053589,69baac5d6bfb38837b3505f4e7816b70c790822ab3e28a741c813f1347dde2ed
GABAA,200,19,True,0,0.06842753972122813,0.22232335742482706,-0.011162885665477296,0.027933975974394176,aaa79e9238469082e0ae21df3e418228590b543f1d7381499f656910f85c6842
GABAA,201,19,True,0,0.07681475777636475,0.25915049692456693,-0.03486521692611699,0.04190096396159104,460ed58dea7c1ab872221152744c2017f9c9b2c680446e97b3e8bc408170abc8
GABAA,202,19,True,0,0.06811716123042941,0.2341879782693961,-0.019350027327714514,0.04455750922716761,98403742d3e83e463c5988d2fa91ac63223041f2ce2f16e03d19731127ea018f
GABAA,203,19,True,0,0.07815309331668847,0.25179855529557216,-0.016588816221375202,0.0425852256209065,ea2d411ba362f1b5979dabe8159f79d63da360b728933251b309c4111d6c1c2f
GABAA,204,19,True,0,0.06547600080070205,0.25268592500059506,-0.006730838929649208,0.04061294201464516,097a31468491cf81a9720fea6093c5315f8571e2b4dfef9e8b53adf06a35be6e
GABAA,205,19,True,0,0.07768555865091199,0.2204361098196314,-0.006801659647001745,0.040773944758013436,ce2864fa7ab940359bd660bfaa40d2d07e85c95c1e44579a6ef410264d92c5b2
GABAA,206,19,True,0,0.06996306341387443,0.25435694606105014,-0.011397413228653841,0.03558160628438678,d2442cb2c05b485e9b704ceeccba1fa6b037853b9d5b4efabe0346b3a67908d9
GABAA,207,19,True,0,0.07421298737583289,0.2622189387377464,-0.023008320902273338,0.04314873522269547,ffc9e180efbe629028153fee4b76cebc7f658ab4514827ea7ae10f88e4ceea8e
GABAA,208,19,True,0,0.06744741636187541,0.24769655279367575,-0.010263809568577642,0.04391349825369484,1dc952eb307e485b6270061be6322c9ebce693f6f2bbcc266dc5e8af70bf158f
GABAA,209,19,True,0,0.06621808088106303,0.22412671732097142,-0.020579986705782094,0.0443562557979571,a437e91a850d791fbf75d09540561bdfd69a5df1f6f11e126322cdd7c091c2bc
GABAA,210,19,True,0,0.06551623592205615,0.2007704551898075,-0.021444572476907453,0.03288481033296842,8cab2267dfb7446db8e55326b6d9499310aa4ed8717f05f1075d10fbc07a00db
GABAA,211,19,True,0,0.0778764974992038,0.2271534971855287,-0.02565849870804371,0.04906558604147915,c2798824ae095d5068baf4b648092455b77490cbca213cc7a28ed5d039659a82
GABAA,212,19,True,0,0.07863720117014049,0.23238148462074645,-0.002725433544254807,0.059973521904679306,175d880687105e9236e3030a8bc38563de7d47511a641893a8daf3cb5201f1ec
GABAA,213,19,True,0,0.06605819718050643,0.26098925119271876,-0.0196275037030329,0.03473634188170338,fa122f1736a64a598cdefcc97571bf852e05ba4293ad08fd6cb14bf5d5ee7155
GABAA,214,19,True,0,0.06187965831832698,0.2291591054215947,-0.005893321069895263,0.04101544887306585,387866b4d5a96f4f5ceadab779c7a279d8f70f949f5a537257131d8a858848ec
GABAA,215,19,True,0,0.06387083515284915,0.22365582862147812,-0.019855110274445753,0.026203196483185254,18801a41427f300318af45120f666ef5d5ff314096b56ad3f5634bfac74c5ebe
GABAA,216,19,True,0,0.06877907129232608,0.19004763034612593,-0.006592262070131527,0.030791774669180927,db80f38908c8cf93b59c55e9ccf418951fd55ae0edde2d77336bcf1316707500
GABAA,217,19,True,0,0.07093020230965658,0.25000796265282144,-0.00945186348962368,0.04862282849721633,58560ca2104403957d48751b041f20387312a5a94a24ae723c328db653fcb212
GABAA,218,19,True,0,0.06616224369887204,0.21266700297190785,-0.01234554589805148,0.021654868983031483,e7f5718df29405e60b539c0f0c94a9a5527c49a9e7acc3330ae50cc31d7fb7b7
GABAA,219,19,True,0,0.06244664546460377,0.17741031604832136,-0.005179268141910942,0.03682937754549087,9b63698f0ef8b1d6600639112cf080ec9f938ef8d8a22ae63b4183744aadd66e
GABAA,220,19,True,0,0.0705862165433704,0.2516641748279357,-0.02802253736362359,0.042585225620906275,1d083e38f31ea5611c4805b8441d0d68d69b977dfcba951e99359a9dd5647122
GABAA,221,19,True,0,0.07331643346193358,0.24462113307288605,-0.014883659424105522,0.04830082301048011,ca0433ca079e624c7d22462a0963616dff0c62fd6cbd93fe0b8e9a4721ef4b6c
GABAA,222,19,True,0,0.06580715186272913,0.2670693685447492,-0.0386767326467945,0.021493866239663206,73f72adc623ab0e43ee022877a0f85b42dbba20786d27401a945b3445116a666
GABAA,223,19,True,0,0.07287840822539073,0.25268592500059506,0.001786304203335476,0.04773731340869092,2a9d95bc2f9c495c3ba456a9e0d74645f13188b9bb592855abf25d8de4376e3e
GABAA,224,19,True,0,0.07063377785421109,0.25771042629947477,-0.006558250654735698,0.05325165736905413,69263d5f1493b34a327849ceabdb2032074b495ebc011de9935265bbd515627e
GABAA,225,19,True,0,0.0718839039634581,0.2341879782693961,-0.017536853246386874,0.04753605997948074,ed0e86c62861a53fb8534187ef98cb9b1c19af24fdeddfd422f70b4882400beb
GABAA,226,19,True,0,0.0648964841720252,0.20934819945563976,-0.011223298873937582,0.035460854226860405,f8c1eb6b2ce0ee2f5f0cefad68ba86391fd9ad5720553ff884e5c9819a420817
GABAA,227,19,True,0,0.07193671813880469,0.24464602259951837,0.0011767931812638466,0.03823815154996335,bffedc3865505905c6782a64885f95b9d35dcdb56066a41b34210009107cfafd
GABAA,228,19,True,0,0.07563437760924954,0.26414409287918666,-0.0006504970088820894,0.05365416422747482,ec4b511c2c251f574bab6f74ec1b819941b490eb9e8a0eb04201c51409e0101a
GABAA,229,19,True,0,0.07141575778468354,0.2346462067588031,0.0017530041655458017,0.060094273962205236,86e914cdefebc21bbf033435849975aa552efbde7e157ef2326e2c2792dfcc52
GABAA,230,19,True,0,0.07413535066174759,0.2352945782183694,-0.014806996666796746,0.04528202157232486,3f1a37f37cf6a9842842d39362b2739c280dcc8069b92a8e0ea95d1ec15cacee
GABAA,231,19,True,0,0.06755068727701229,0.21492977077805217,-0.03430585150881815,0.0284572348903408,1fc740fa8a50da108d9fa5a3d1d1bdf0ec3d26dbb1d7b3290a5bf96fc1e59ae8
GABAA,232,19,True,0,0.07615063612406538,0.26761754752779926,-0.01823053511300876,0.04983034907247841,3f787873bf84d1ebc91da7848d976a171c2acb0499066071aba6b4b228bce7ef
GABAA,233,19,True,0,0.07307617334054714,0.25771042629947477,-0.013232273635318315,0.05260764639558135,ef0e66d05db01c3bde4ef5999aba7f440be5a7ec5d4822f728edd4a052a159d9
GABAA,234,19,True,0,0.06442987154827347,0.20931329468226526,-0.02872915175152091,0.03111378015591737,cb3ad4bf78c252f9f2b420b5410d7da9fcffc4afdcf701270bd4fc2116521f88
GABAA,235,19,True,0,0.059737617270123645,0.25302499944646406,-0.017729444343062006,0.017670051084667127,dcf72e91e0fee0a9ab60abfb91911a25e19ee14414644c2a25f62612583555f1
GABAA,236,19,True,0,0.07592805837869102,0.26870449868105456,-0.01618487619333897,0.05164162993537125,c46d25a0ca1cc560ea47b916caa8e1506889168d93ceef1dbba0baa4cf2ac2c3
GABAA,237,19,True,0,0.07344011950787709,0.18269465595431517,-0.02243917089845393,0.04347074070943191,22f6defcea9f46ec661fc0216ac78c25acc4f770732a61761c323492360d036c
GABAA,238,19,True,0,0.06882409194228127,0.2666017571182683,0.009475977473650588,0.05200388610795004,2d26ea682f696f448f357fd2918001cf56e7f728366237a4675b4fb2d14705de
GABAA,239,19,True,0,0.08226929282841078,0.24299690808779495,-0.004047735396086161,0.03364957336396768,bf2a7ad42cf47860a3902cb4363c7e4e95db603b49530900a89ed94a5408e786
GABAA,240,19,True,0,0.07802991026359024,0.23990087457239143,-0.02914360873530919,0.02817548008944637,6c0e6f30df593a7c48282c8e446ffb33eb57db7ccb9b9b383c94539d1552fc63
GABAA,241,19,True,0,0.07070790331048278,0.23219201427101066,-0.011923073148145669,0.03872115978006785,d7d560b12e39d7050b322837c80637f02e768b9b414b82605fe2ea803c7bd480
GABAA,242,19,True,0,0.07404014091669081,0.21071187730297317,-0.040607444365725165,0.026404449912395656,15e2e93049d9bd2e0d0ab350c455ca4369855714ee78e14825459df8ca3c0958
GABAA,243,19,True,0,0.06052794102061019,0.23830755205402002,0.009257339816643562,0.025559185509712146,d630a62403f13c2ad600feea94b879ccda48c9cf291a487fc61b7887179aa2a7
GABAA,244,19,True,0,0.07580360826224536,0.23256234182693555,-0.009110591135499613,0.06033577807725787,7232cc8262ddb5cc25e922e3af2765539fb7bb0815319dbb7cbf3b7241190e0d
GABAA,245,19,True,0,0.07219111076719104,0.24942330699225887,-0.03281117873038619,0.046570043519270965,5b9686586bdf56cb0d6a5d0067f814b232d0819d373b812592d79baf10a43043
GABAA,246,19,True,0,0.06699543412477511,0.23041690512715915,-0.002741736569012998,0.048019068209585236,da0815085007b6e860a03b57a009ddc8dde7d71e2c39db2951dc1c529a827813
GABAA,247,19,True,0,0.07436905280973251,0.21345269335651446,-0.036503071758928085,0.02789372528855205,c881abd8dfd2d8694a6735e6d04ef9eade19497a02aa5f1b90f818ad82d55ccc
GABAA,248,19,True,0,0.06819689465732245,0.25435694606105014,-0.021875049944502623,0.043913498253694505,ffe6e4d3da8c1113e9f777a677306960e09ca122b2c6be4b64a310ec6866b56a
GABAA,249,19,True,0,0.06540471440356095,0.24695703634583405,-0.02686739754991585,0.029181747235498157,07501ef55d213f4a2ca12ca6949042209eebd009c1cf66feff4fc1586a56501b
GABAA,250,19,True,0,0.0668731634752858,0.19004763034612593,-0.024344685971406932,0.043430490023589785,d376396dacaa519c92aa58a643b404d41fb16dfb08ba03d090b0b02d3ed3606e
GABAA,251,19,True,0,0.051443232623771984,0.14290776224433752,-0.025086162181804372,0.01674428531029959,005a061010d57455862c9952e32d913020a96226099bd953823299bacd50ed5b
GABAA,252,19,True,0,0.06852528736927756,0.22182448817763586,-0.012980249338618854,0.04165945984653885,a5d5ca1aa6b769f1ae8096e5e9fd9be7e014e35b9a0ed17e8a7cbfaec9dc5f4a
GABAA,253,19,True,0,0.07472481154208242,0.22397916313296082,-0.03449879321942939,0.045322272258166985,c9643523176982f87cd68f8d631916f3ba800edeee782a7d6f23b63e14f224e6
GABAA,254,19,True,0,0.07534135866265698,0.24299690808779495,-0.0018979018452704999,0.06118104247994138,c3361b79c153392f6645518483ea15b8e4bc436ca78ecdadc975e2fee3fef78d
GABAA,255,19,True,0,0.07356725020749516,0.23060298022014886,-0.010910657860660145,0.020729103208664057,ea9c6e7b00bab343e27d71528b04ffed8889afc50dfa630d650b17a4075d6f63
GABAA,256,19,True,0,0.06145936895559276,0.19485880602107916,-0.020894858119835824,0.03755388989064812,89a8b06c3123d09b8f09ac9857c7eb711c120faa4683007434f432c0e7c8ea08
GABAA,257,19,True,0,0.06300567037951392,0.243860158914527,-0.01526703377166272,0.04230347082001196,4a9f7c93e700c65db473157f1ba76dd0a9817a1ab9fa0ee58cb83f3ff2ea5fb8
GABAA,258,19,True,0,0.06024785771734459,0.24959526418997952,0.012390793240361964,0.037030630974701495,c9cc013574d2314de0a5b5791e5d6ffa04229ad5742a21ed944d2e5f5f11b06f
GABAA,259,19,True,0,0.06446191657651744,0.2352945782183694,-0.010304391396102286,0.04214246807664379,8da4f6c0fe8d67ff68c712c491283b87183ed746529da95a310c8e6edc002561
GABAA,260,19,True,0,0.08151001305342323,0.26098925119271876,0.0212958473611089,0.054821434116894774,1f63d1960ad16e6dd052e20629675f89f93896346f80ba48bb749dca2d25ada4
GABAA,261,19,True,0,0.07212379940088957,0.27057778765285784,-0.03790202395580167,0.02712896225755257,72de75788b44604401c58ab4b5beb6a2924a7b05b9c32d697d2f713d30dd6ad8
GABAA,262,19,True,0,0.07318585966622637,0.19374655127141893,-0.0016787831558067179,0.042102217390801555,f6d65b089a5abac8bb9753743fff1a65902919954340587403cf676b66014ea1
GABAA,263,19,True,0,0.060050822486179,0.2182438920836201,-0.004768576613396247,0.02922199792134028,b324383b98c88d35d35b81d3ed7d717a586b97aedb969b0ec27b66f1b0fbb8ef
GABAA,264,19,True,0,0.07668314713754047,0.2666017571182683,-0.030223270873735775,0.05059511210347767,58ccd5b906541e9046c3a98ab5a2e571fac9a6e00894df5e9c36416b9db7f8ee
GABAA,265,19,True,0,0.06733496843300034,0.2673608226974795,-0.029335143088326854,0.030711273297496677,40bc59fb99da0904a831566c590785d653c0c9b08d9fbf2979c082e060ce73a7
GABAA,266,19,True,0,0.07008039390038924,0.2505168190566292,-0.0008565311134833831,0.04991085044416266,9f2dd2e47a100111ccda6604f5373ed13b4812a618c9fe0c11b0eb01087dfe92
GABAA,267,19,True,0,0.06771384660805035,0.21128507818065653,-0.03235430791435312,0.029544003408076724,576cd8edbba62ac123eba8ac0bcaa39ad357f7500628bacdb7113d18277c9d65
GABAA,268,19,True,0,0.0679346497097169,0.23037953794664062,-0.009310853095144456,0.03960667486859337,ab6e19f6417d9bdcc47263c00ed54069179e5a0d4051667b0b0df8b7833f2d12
GABAA,269,19,True,0,0.06991074448659503,0.20979943395582198,0.0032680436995475848,0.050554861417635766,19af9684eb5d4318b43a0f649432b903fcfe8c171398ead47f6873e27bf50969
GABAA,270,19,True,0,0.06871313163235368,0.23775194456465268,0.0123202919653429,0.03868090909422617,9acf4931aa39d2d11e7910581dde05f23d713fb4e5bad1f8fef451eb23541bba
GABAA,271,19,True,0,0.06588556502297739,0.22136392490731316,-0.0024299096579958324,0.0445172585413256,1492dfb9261913aa883ee51871b28f5b29e63120ffea1019864182412c121da9
GABAA,272,19,True,0,0.06892112455975416,0.25960850200547475,-0.029575283571683153,0.04930709015653156,5060fa6d328d1cc5db68f06c73b2a9caef25d29efc020c260c3b803a5db1d9cc
GABAA,273,19,True,0,0.06679825597585305,0.224132086208583,-0.019980329467801372,0.029262248607182184,1e3dc8de603dc7fa99e9bc21dc13db4f698851ca778a5e7de3de4c6b93190c8d
GABAA,274,19,True,0,0.07190450074165419,0.23830755205402002,0.021740291146730595,0.019843588120138866,560efcb8778dc6202268a5806f1073dacf9973e5b9720886fec2db4c8845cb86
GABAA,275,19,True,0,0.07595399503708804,0.250502878734276,-0.013060111184416856,0.04270597767843287,a9a9210feb438a9ce8ce5f098ddf8478d4ff6138a8cd9e4510577784e9340d04
GABAA,276,19,True,0,0.06624300959085105,0.21128507818065653,0.006863605756646907,0.027813223916868024,fe000f3ab5d1682625baaeee1c26584573bdaa59112ce9e9c95da120ee9be9a1
GABAA,277,19,True,0,0.07596036897960076,0.21240770000770148,-0.020575383727968077,0.03578285971359707,226b230cc391236c835b5a97900220a2b8007be58c4a3db6870dbe886c3432bb
GABAA,278,19,True,0,0.07536138259207933,0.270048680232652,-0.015056823899918026,0.05353341216994845,69e9073e34d0dc086c2a158188420e474a5ffbeddc8108411f39e496783a6ce3
GABAA,279,19,True,0,0.07413002556907497,0.270048680232652,-0.018495213107977415,0.035903611771123445,7e920d214ef53c07d012f508dc2cb44495338a81c6c0a77223a356ea4d82c86f
GABAA,280,19,True,0,0.07082960901523165,0.23529367650260422,-0.03873764278654557,0.0324420527887056,af804c259e0292b2b402115217c90527d284b45a80adf6f70a230e747da5667a
GABAA,281,19,True,0,0.0646323947273725,0.2666017571182683,-0.020450507561802,0.0388016611517521,0803a1accc78ffe662973508b229b825959800e12ff714f138fd5444e9a19602
GABAA,282,19,True,0,0.07773653171473331,0.270048680232652,-0.026530204049293626,0.030389267810760012,7c746943a09804707d72b03e98a7614895b16f4031ab63c072df368a6a0c7d9a
GABAA,283,19,True,0,0.07712100278797786,0.24063742685307213,-0.015438151387093368,0.051037869647740264,fe422ffebb84a05fee483db2d0b77a4906f0ba2d37fe64fe89e7dd73196be9b8
GABAA,284,19,True,0,0.06222208370620405,0.2403259446396795,-0.012271095414171818,0.0351790994259662,b93346a09f1991b29099774214d795fd873076b29a64236097f36814efd0de82
GABAA,285,19,True,0,0.0646347917820382,0.24115641147958108,-0.02201592198563973,0.03908341595264664,f9740d2019b06bf177acad26da312dd0ac3bb9d23294e2be21ef220191d34872
GABAA,286,19,True,0,0.07170040486867477,0.2028797034095285,-0.025234555504942024,0.04624803803253452,49fd1cac98e3ec1f1ee15d1848dfade2bd35ea00ca7cf89b6e14ae2d83b60699
GABAA,287,19,True,0,0.06903254979224242,0.22931937082018758,-0.017813608437649675,0.05506293823194697,0b3482df0e6e230bf0edd7719c8651abba19dec336841994252bc2e134fd4646
GABAA,288,19,True,0,0.06949355849408968,0.2441648864274054,-0.028360475548079966,0.030872276040864732,53a1da0294e91d20eb68a3b43dcde78c2f243f9ec01caeeebba425b281e1a527
GABAA,289,19,True,0,0.0622767220283708,0.2088036721813845,-0.012744832699837838,0.03960667486859348,e28009012c4dfce0fea83cccbe6b2b5f21855e96a717708acb06920a5e9c2c99
GABAA,290,19,True,0,0.06129757925414137,0.20625839994794642,-0.014497738032525964,0.02294289092997781,85f617b67db6b088f011361e69ef73019015f1c1cafb58b7773176238a19ad4b
GABAA,291,19,True,0,0.06964013587315124,0.23219201427101066,-0.01195689119217258,0.04954859427158409,68d55cd14a0813f0c9449727d73dec45047fb23cf2c3e60e6e4869ded7256ff7
GABAA,292,19,True,0,0.07248431613758309,0.23137115041905656,0.0017806672829014936,0.03976767761196187,db3a1776c230e3be9b38695239945d40b46a7599de9dfa6af3fdab4e13177e91
GABAA,293,19,True,0,0.0696147447361838,0.24695703634583405,-0.04136463199831897,0.028980493806287755,3c19cd290d776fa52eebd2ae754842759b89b7ec55cbe22a7ee22ea051d4a22f
GABAA,294,19,True,0,0.06925965778905492,0.25684801788091505,-0.011247689400693428,0.03618536657201776,b640383a50821b393b2a7b086af0b1e8bb934cd207a92d8f0aea8db4b370bb84
GABAA,295,19,True,0,0.06500765963529977,0.19358990241346838,-0.018330065935387108,0.01058593037646327,a52e303b2bcdf7125c98aaff0244f80a7ddb236809ca5506e03ec3e44f9a1694
GABAA,296,19,True,0,0.06035105565597538,0.24909087021311177,-0.004703974510104514,0.030188014381549944,8671d50a8f14cc252824770a48bdbffddf22b5160d4dab46e30e34b950347c3f
GABAA,297,19,True,0,0.0738705092527572,0.270048680232652,-0.0044734261605261505,0.052245390223002564,ac34fcd61654eed72fb4a089f610c0351bdc33e50ecb060f758410ecc67ee6c5
GABAA,298,19,True,0,0.057954656007735667,0.24462877837793914,-0.004916259647449905,0.03187854318691674,0b4cc758219e0b202b5e4ff0993e803d9bb530b0f9f56f76e1e1df8943251dec
GABAA,299,19,True,0,0.06874523114178129,0.22770055452288818,-0.024658412151785658,0.027531469115973484,4dfbbaa22bd10fefbf72b5d8afa2b6b3e5455af3b58f3ddd1e059d9d99edcbcf
GABAA,300,19,True,0,0.06465757667216639,0.17862922712655804,-0.008300678340116274,0.026605703341605946,2255295313bf2e73798ebf4bc016662999e7faad7a2fcfc1041d20c06772effb
GABAA,301,19,True,0,0.0668713195700621,0.24959526418997952,-0.014559334205946906,0.039606674868593705,ab6195e73bac8433f851c2c6c44ee7cdbd16e379715b5efe9258996be85f5e24
GABAA,302,19,True,0,0.07248893181944725,0.24676939235076603,-0.029112649966424486,0.0322407993594952,232475e0897a451a2f67d9896995e2f89ceaf21d079987ce13008ca26483104b
GABAA,303,19,True,0,0.07273930475839822,0.23830755205402002,-0.0023041055869783555,0.02093035663787457,f76df8f67a5e3727377a376ad769a5d2458fe09ab07818ae27a50c198d7f6756
GABAA,304,19,True,0,0.06818517796892498,0.21266700297190785,-0.013830366776172998,0.027813223916868024,f11387fd02c0d550f04d4b22326c5e6b9780cf6268f8bce9e4b0f31edc211a5e
GABAA,305,19,True,0,0.055227415243255716,0.17972241737296132,-0.012565937487089895,0.03755388989064812,ba3b81b37dea3a94f435ed8adf1690cdb7cce7ca72863991b9de8ff00ee5b902
GABAA,306,19,True,0,0.07355342274661124,0.27057778765285784,-0.013818493094926776,0.051239123076950555,1ebac83540e2a01c810e82f5794205c1b403ad4ad37d7b8aca4af968715f9d12
GABAA,307,19,True,0,0.06960970340414725,0.21173358325813474,-0.035683186452343696,0.024995675907923176,d71567972cede9fa9c47650e2a800dc944202049a4954c62b6eb0bd6a4782c06
GABAA,308,19,True,0,0.0621015193336748,0.24695703634583405,-0.025310003926625857,0.033850826793177746,88ca71e48a4c722b9e154456162126b85f4266ffb5134c2a7fb15a236a205811
GABAA,309,19,True,0,0.07713296796117314,0.2007704551898075,-0.03273648950860841,0.04157895847485482,9f4f08aeee9c878e0931375091180cecc7c7e8ff5dfaec55e45434d02f545cc5
GABAA,310,19,True,0,0.06785335643756447,0.22412671732097142,-0.021221799698689425,0.0312345322134433,bf9650bb3ce603337b440ee42996087b9289b5aa61f69122066991f7053419fb
GABAA,311,19,True,0,0.07471150156604811,0.2670693685447492,-0.04695540632334927,0.03155653770018019,872d4bc804358ab4b6be1002263f409b01f066ae2b5d3c08cc505f5df635d72b
GABAA,312,19,True,0,0.07300177953355828,0.22412671732097142,-0.020560941932739718,0.04834107369632201,8823f20bcf11e81a936120775fc1df047eaf5a9efd910b7f8e815742cf15449d
GABAA,313,19,True,0,0.06459855682964119,0.1736476614881223,-0.034636978606958246,0.020004590863507143,c0e774847561b191ddc386921c7b14ccd71842ed622bd94b1546d0782e73fa74
GABAA,314,19,True,0,0.06579359769101832,0.23060298022014886,-0.005702431051183954,0.030751523983338802,103daf618be562c08b0e4c109190ed2196aacb6c43da5cd25fe69efae0f80f50
GABAA,315,19,True,0,0.07409436740109218,0.24942330699225887,-0.01978922717218068,0.03699038028885915,7d3fc47a93014100751fa23af67c0348c6139ef85d72a236818831b2db5e006e
GABAA,316,19,True,0,0.06567695336902088,0.21630790581323572,-0.017806649839001265,0.040653192700487284,028d897e867e22d74032be77bf3b94d1b95e32be2ac38bc5b9d6ca643f745a76
GABAA,317,19,True,0,0.0800909575510596,0.2341879782693961,-0.003485603169104179,0.052164888851318536,358d0091a8c99804743797c09ddd714210b9a9e21fe540baa6772df785a7e458
GABAA,318,19,True,0,0.06901696969488745,0.2166726617664438,0.0047480024421515665,0.037070881660543176,1e784bba7256875dba64355274c2aa46c573fb4f88d982dcee9d70d73b82691f
GABAA,319,19,True,0,0.07606828988143134,0.25192560751320914,-0.01680788562039348,0.051319624448635026,9d7eeb69ed9e4639f3913bcb6473029f765ae733121e30152a9f1e17c3c3fea1
GABAA,320,19,True,0,0.06320546393351004,0.1979760674345433,-0.019358368623825006,0.03880166115175199,857efc1a3cd6c65d4e178df50b5c72139328bb5ffe041483d8bb6e1497d0637e
GABAA,321,19,True,0,0.058924971412797865,0.20651033508455158,-0.010139002808476683,0.020487599093611752,a58671f7af8beee2a464c7e9dd6e23cfe4291b0156df3341b2761f8a4c08140f
GABAA,322,19,True,0,0.07844508466919402,0.23830755205402002,-0.007003403706541178,0.041136200930592004,e6d46de975699f652e0f538ff70e96ffcdfd2b79ab7479964d4099a094da7695
GABAA,323,19,True,0,0.06730151702413684,0.21206967519236422,-0.01752685364047024,0.04045193927127666,92dca03a5f942bd5a5b9d163c379aee79567f57f5fb68c081393f8f8c3d51736
GABAA,324,19,True,0,0.07628180326625338,0.23814500973666772,-0.025317399859283052,0.03831865292164738,3f0305d29caefaf0347d80bc0207bdc0927a7c55bdeb5aaebb661219a58ab709
GABAA,325,19,True,0,0.07622317608230988,0.2153537380075569,-0.026778359980538236,0.051239123076950555,12e6d3e46b1e865d09d018fbb1d2bd658e6cdfc226b5e1db75c1570417e32365
GABAA,326,19,True,0,0.06388255252703394,0.25684801788091505,-0.009449727669206709,0.04363174345280019,43da0ba796492c1f6b13b326dc1e87dc232ae2d943f2f66601e8e250c8981b7d
GABAA,327,19,True,0,0.07732193389940525,0.26381836729261826,-0.026929697279167497,0.026404449912395656,897d6ce952e7fd3f33ad587f47c22107e8c5166282f488174daebb85f23ac572
GABAA,328,19,True,0,0.07279524962172489,0.21206967519236422,-0.030254843005278698,0.05329190805489614,7db07672b22c82d1edbd41c9084012ff9ca4dbe83dba19b8fba6b21cc6886873
GABAA,329,19,True,0,0.07201702369503034,0.27073079373725994,-0.027741518777352647,0.04632853940421844,c84a0c3a051a5ef0a53b6ffdc19ae2defe39fd0486807f5ee329d3eda9bf8f19
GABAA,330,19,True,0,0.06704635148918203,0.23654217148969822,-0.02470493453569178,0.03441433639496694,f78223f021142f8ae9d864fe01ac078b49052c06401529587035c3496bfc9622
GABAA,331,19,True,0,0.07364311805346417,0.22182034669866016,-0.021321528021938985,0.04604678460332434,1be7ccfca33a307b37dd56cbf114b61c15a93574429553fa893f332fe5e828bb
GABAA,332,19,True,0,0.06917410369409548,0.23907022009241025,-0.0178734697770353,0.036587873430438456,dac5f8b1821948ab1cb40377ab01dfb194f853d327b4d1b64932268c4586505c
GABAA,333,19,True,0,0.07279689098859378,0.25050414810816424,0.007231488763814298,0.04407450099706278,f781116934d6a7714373c239ebf26e977c3dfff5487db1fcf94cdccd09f9b58d
GABAA,334,19,True,0,0.07259380443171545,0.2659763824655771,-0.01430349826595867,0.04789831615205942,ca32875d1dad8151fef0bbaae5fa5a316e2386a2f344172fcb401372200dc81f
GABAA,335,19,True,0,0.06873885650746772,0.22936929820130142,-0.00984617556209888,0.04101544887306585,058165d924c2936c186b604a99061eb15894c957d8c10b6a7d148e9d57d2cbd5
GABAA,336,19,True,0,0.0705683268858891,0.2291591054215947,-0.017659098362979853,0.04065319270048706,3ac8bd10f51867594031d236a25825950a468c31ea4a4ae9cce0930c7d8e5a58
GABAA,337,19,True,0,0.07163705720660583,0.27073079373725994,-0.014493777028323773,0.04411475168290491,8a78a661f6d10a838887c28e0ef1f284384dcc08adf9e4edd4ddb9ee0d1137d6
GABAA,338,19,True,0,0.072562952686269,0.2312598700935068,-0.005433204468250574,0.03976767761196165,25b8150f8309d090b4d793a480aed749439367d5c550147e484be3f0cb022ba6
GABAA,339,19,True,0,0.07186425597628075,0.26381836729261826,-0.02217100577584441,0.047898316152059195,505048c150cd9b27daaaca691af9d6c6a33082ffe5f4f626d390e356d0868373
GABAA,340,19,True,0,0.07458957534136089,0.24959526418997952,-0.01591461379235204,0.05755848075415515,fdd46303362d863e4aed96d26e6937c557b024b804080b801f3449c4adb214e2
GABAA,341,19,True,0,0.072430929396933,0.24063742685307213,-0.013857631943939852,0.03851990635085778,694841edfb4ce6f225743e68857c7f40c15816527e7aaf183fd550f8dac59575
GABAA,342,19,True,0,0.06993897641998839,0.23497416707476657,-0.02574363647319311,0.036587873430438456,ab0bea054508bcdff488de029564bfcf939c303bc780fee3311813856e861067
GABAA,343,19,True,0,0.06399195026510322,0.27057778765285784,0.0061962444062100275,0.029825758208971265,ec44776b799749c783e7eff7849f6b224aa3bfc937e6a564e917f8e5088847a6
GABAA,344,19,True,0,0.07123866422263982,0.23302760297482164,-0.024306653825666658,0.04178021190406489,912fdaab29d75b4f29b8a4241440a4a6f992831ff99fbe8a7ff3a0e6b49aa601
GABAA,345,19,True,0,0.07066769683067924,0.22217572536448285,-0.0126732632890727,0.04282672973595858,6a8a02c00926998093ab530cac9b323873482764fc5da7d2cfd6440d0cc344be
GABAA,346,19,True,0,0.06229181971325052,0.2173000028720043,-0.020343163450969426,0.0330860637621786,227f09b833313f7f85fb9b99221de331471321da79bdeff2754e4cc64c0ec258
GABAA,347,19,True,0,0.07422761161127686,0.2204361098196314,-0.008707487125910074,0.045080768143114236,8c3d0628aab0cabd211857785b13bf63e8f13359122cc3f6aee2e236ae5aba8f
GABAA,348,19,True,0,0.07026504435702362,0.25960850200547475,-0.02479654085245131,0.022500133385715215,aaae5ea3f006924522d93b4f2112ed2c84bde8c8fb4d0144a0ae42400eaa1c77
GABAA,349,19,True,0,0.07388236017442382,0.2670693685447492,-0.033342257334804115,0.04290723110764283,44ededfbffbee688e7d4cccdc56b440dcc59416f1c26e368368854530b9a047c
GABAA,350,19,True,0,0.07611024284313317,0.20039561629940603,-0.0012061792969564333,0.05196363542210802,9ef6ea149f815648902cd6c1629d7c269b785bc261f81089893059f38d80b89c
GABAA,351,19,True,0,0.06886202435797899,0.22885734417587797,-0.03926887233953913,0.03389107747901998,400402f9cec704b3c17db147c6dd749ced66e3ed39e6a34ad3b371fdb3f9c33f
GABAA,352,19,True,0,0.0748113777693752,0.23990087457239143,-0.015585863259789834,0.051319624448635026,878e77f7605e98ad264ff2bb045aa4152865fa12781a90d411f4144ec74be71b
GABAA,353,19,True,0,0.07321194609413184,0.22936929820130142,-0.025918667361120695,0.05333215874073827,07e7f5ff5ee3ad773d9e1cf8cb3a4e7890ce9156a8af7b34264825a0388f8538
GABAA,354,19,True,0,0.07148005568059018,0.21206967519236422,-0.007889787477779686,0.05554594646205169,ed3465522222af23d529d4ec4333d98e0e10da014ebcbfbf43b63f2d0cff0b4f
GABAA,355,19,True,0,0.06874039431299424,0.24313437650461592,-0.0271592738955706,0.046771296948481034,8961ff6d3361d15b8f3b423418a7c38777c8df67fe591738a5f8427d4bd3493e
GABAA,356,19,True,0,0.07121152262339014,0.23497416707476657,-0.0019081624041228373,0.026082444425659213,13e6cd806fccad888a57417b0df5a525de0877d0e061bffd3ae8f832f8e013b4
GABAA,357,19,True,0,0.06962115002319562,0.25179855529557216,-0.013694781488991614,0.03807714880659496,04fd65c6fa7dd376963577415deb4bc9a7901f0bd8d8533442bab0dd2e8f04da
GABAA,358,19,True,0,0.07094295139325107,0.24705060304107676,-0.03476648434459362,0.03203954593028491,1bc0efce9aa4d6e6692cbc79ed35d57a015301359d9ea091eab2beb337e74545
GABAA,359,19,True,0,0.0766410287521202,0.25960850200547475,-0.017735933163868678,0.036950129603017245,c48f372dd30c59ce324bf625f1019d5f414dd5c4c73ed5bb9e3d26b85ddf8cc0
GABAA,360,19,True,0,0.07211073255872787,0.24599853037859915,-0.021630499965095806,0.037835644691542436,f8c673c88945d9c92209239cc68a993c40e7cadafe9ebbf428d3949f01fff73d
GABAA,361,19,True,0,0.0702924383469357,0.23256234182693555,-0.0012153769527620817,0.043510991395274035,aaa97057c0b8f3b7d98e41e2d972fe241a4406be0288128ac50d7e85a5aa4ec0
GABAA,362,19,True,0,0.05815634671437049,0.1792664167538932,-0.015426203369355962,0.030791774669180927,692832a4eaa95106f944c1a7cc3ca3199975bd7c5951753bf63991300b656d89
GABAA,363,19,True,0,0.06446840320470253,0.19826688583632887,-0.021032435161872476,0.0028577986947865286,24d2290d35efd2f6c4c59d50461d7a16a995f9347b69790f28c35dc023f7708a
GABAA,364,19,True,0,0.07612050220442533,0.2182438920836201,-0.017579290601806852,0.051239123076950555,3bc7fc98c2fb1cebf54279b06353c08df386fa95912f9e0fe00f7cf5372f267e
GABAA,365,19,True,0,0.06637866637337923,0.24462113307288605,-0.00027967283512353447,0.036386620001228054,ba3a17c640f2906ec321bc1a54d36e3853b233a12aa1879fb953e4870ab18e6c
GABAA,366,19,True,0,0.07849182738226874,0.22217572536448285,-0.00946233741786151,0.039526173496909456,451b1cea2985acf4bfbbae7f033e181606c4deafcb458ea15a37939489ff9f55
GABAA,367,19,True,0,0.06406057337432014,0.19739312228262845,-0.00585811271658665,0.04186071327574914,0d27d544c773ceaed76bf6f15e4c622ae9c6479fa954da014228fedc144d2aaa
GABAA,368,19,True,0,0.07110547213460616,0.20301424922086403,-0.029409961273323848,0.040290936527908494,7b2f0cdb5094a9b06f7f6e7cd21e8a66635d754d0178991f855de4f8369724bf
GABAA,369,19,True,0,0.06700081097490879,0.22885734417587797,-0.020101256265372847,0.011753200265883224,6618a1f947d5a8d6296e330db9698ff89d73b5fe835a78ab3c0626c82b95614b
GABAA,370,19,True,0,0.06957902871663456,0.2173000028720043,-0.011350711618915543,0.043712244824484436,9d82083b39b4ef596c03a7a319323aa1a4cd5c85cc5ff72539b898c226c510e0
GABAA,371,19,True,0,0.06771792218370223,0.22182448817763586,-0.011145248702314925,0.04584553117411383,b95b8ce32a4ec844fdc83e301224591df23628277b60013266ea44c3a0c49987
GABAA,372,19,True,0,0.0758436649867396,0.24299690808779495,-0.03192340527977189,0.03932492006769883,1f961806eec660ce5b2e415fcae46703865f6ca7cb6982e755064e4d4a3f22eb
GABAA,373,19,True,0,0.07225051140160314,0.26738537591919276,-0.025626635919589358,0.04214246807664368,9bcfa18e35de46eec5ea36526b8567019a5cb4a6022228992176193d92e9c0b2
GABAA,374,19,True,0,0.06896340236623802,0.27073079373725994,0.0004920380094393106,0.04797881752374333,4b8375bd93ee757d1e4c6676fb77e5c1c8ffaebacb36fe6fcc29659e4bdf9031
GABAA,375,19,True,0,0.06866938846136454,0.22681394133090774,-0.010163769092429664,0.05345291079826464,380854b0ba4141a0359ced0c72f9671370db712bb079daa768dcfef079a6b0ab
GABAA,376,19,True,0,0.06532666601609434,0.23775194456465268,-0.03698940343420776,0.03348857062059918,b8da79aea44b8206f33f2fd339c5568e8bcdeb6fedcbf8767d69ac14cc8b10d3
GABAA,377,19,True,0,0.07201680889177292,0.18890206893042488,-0.03433049481183059,0.036507372058754206,8c71a7c22871a58075cf0c6ed91fa22812413caac09996817f8e4c7f6f111e75
GABAA,378,19,True,0,0.07501203703266801,0.224132086208583,-0.008655213872310608,0.0519233847362659,529f933904fdaccab1fcf9d630d946691798d7cae61675b3e2c8085c57b9f32a
GABAA,379,19,True,0,0.07769325798669817,0.2271534971855287,-0.01630983212891768,0.04222296944832771,9242125c7367d387afd6b4584d28212a510e656f815daa07a8a8303317482d4c
GABAA,380,19,True,0,0.07045215418240935,0.2063102404272355,-0.016104114556014792,0.05357366285579057,feb2ca3629cf07fda58edcb5588e97377099ff632fc238f58804de302f78cbce
GABAA,381,19,True,0,0.045065712941861256,0.11756304093901496,-0.005869036773036296,0.021051108695400722,84a47e5c964ced6b3c9b273d5a216c66d37438bf0c3df9fbfe4aac82a4c68d16
GABAA,382,19,True,0,0.07182040151138662,0.2505168190566292,-0.029744753800766688,0.041256952988118156,fe993a2ddba0de96139628442b80eb5c48d889001e6ccad32c8af57440a8b7a7
GABAA,383,19,True,0,0.06128426702596655,0.21266700297190785,-0.02558990885241741,0.02278188818660931,00714c27c2dcddb2a149a806b094377c495ec2e3777a0ab1a32be7cb298f8b46
GABAA,384,19,True,0,0.07190402175491935,0.21240770000770148,-0.008363804123849405,0.05614970674968289,d31b9b3fe92821dd1467f17721f1b8d7a16c3f25808c42403988bc228af2c9ba
GABAA,385,19,True,0,0.07097496154970803,0.2670693685447492,-0.00029723092740674417,0.0398481789836459,f3d0b34ecaf424182d78386efca4aba00ed3e93c3622d097b9e804a971059c2a
GABAA,386,19,True,0,0.07502302992153069,0.2659763824655771,-0.0008367577916328361,0.05260764639558091,ca363134d6e7083387cd8bd5033f1798ce0a513a2378d47d5a22b144d328d779
GABAA,387,19,True,0,0.07324426699337086,0.25000796265282144,0.0007350367623712994,0.05148062719200308,5acdb903c55f77b05cb908a08c43b6518f5ba844d848854bb57fc8dc3ed9d335
GABAA,388,19,True,0,0.07539346490160591,0.2441648864274054,0.007703688012469012,0.034494837766650965,4d651d348930fca19ec0a0891e908d54fd46c1182e0b6b998be8804c893d46b9
GABAA,389,19,True,0,0.07173139680224716,0.19170138140658252,-0.019981280914859623,0.032120047301968824,09406dbb3d3513407358ff31c9d359126af1739087a07b95b80c3666f32f4eef
GABAA,390,19,True,0,0.06781247266119232,0.262072144984798,-0.017942278669039746,0.04117645161643413,ee74b018bce3e506e28f9eaf8b0913d407f703a893174be002b7cee7887d7c38
GABAA,391,19,True,0,0.07060755180982785,0.25915049692456693,-0.030968883340544595,0.04298773247932708,fee1213e33bafb03714fd4b7e236f126ef394e39644a42e918a113f0ed583cda
GABAA,392,19,True,0,0.058589761358590536,0.25050414810816424,-0.012285964159480134,0.042383972191695984,7ef12c457d06fdaf1d30beff3aa7a05e5fc270b22e81ec6ebb0965f88464303b
GABAA,393,19,True,0,0.07449410963590185,0.25771042629947477,-0.04259300048433512,0.04198146533327529,503b4370db334d364f39c0b2bbd3183b04b8af2b53fce05e54a21f350c98d7fe
GABAA,394,19,True,0,0.07707779858382348,0.2341879782693961,-0.00678832742707236,0.059611265732100516,fdad8a6cbd29ff84efa7bb9847baea79a618aa8766a0de146cb09af486265994
GABAA,395,19,True,0,0.07434660989360209,0.25050414810816424,-0.028522154358682883,0.028779240377077686,3ba62886dd3c8f553390fbf1f538de9fb69f68a4931b9c7830a6510a8cb6e725
GABAA,396,19,True,0,0.0649752688840833,0.2346462067588031,-0.020890515755209282,0.0381576501782791,96b426e63dc7275795439180c28049aacdea0d27add797d7e68cf4bb964bf0d1
GABAA,397,19,True,0,0.07149488798515792,0.2640465520846702,-0.001659509631311451,0.05079636553268796,cdef56b7f4358fd09affab01594f86ae381688469ac4f85e42b1ffda73983656
GABAA,398,19,True,0,0.0731652178348981,0.24676939235076603,-0.04121970495917049,0.042222969448327485,c7b50a1cd376e0724412db9a61d76f31b49415bc644f48cbe3441bd8ac0eba34
GABAA,399,19,True,0,0.06678530594655532,0.22964442341678995,-0.013947930378671813,0.04004943241285619,60f37f6745dcac170a930747f7950917e4b1dc09b77a0fc5a91d1a3492139b75
GABAA,400,19,True,0,0.07992151678566209,0.23497416707476657,-0.006903533253571625,0.03803689812075284,129f08ca731c5423ffbad4a14355b7fc7da0ae2871f983a1d6bac210e8e0bce6
GABAA,401,19,True,0,0.06572115782422018,0.21623911080378513,-0.020348563461941138,0.03851990635085767,5f97119706e4e44805e85835514b5a5badab3f8c7f18185aae1d000a23778d9a
GABAA,402,19,True,0,0.062145825672231904,0.21206967519236422,-0.009982331865396876,0.03618536657201776,c7acedfe2df2ef9a34f77c6bdce1bba604d1d767180d42cc18b6146ae80dd928
GABAA,403,19,True,0,0.08016280305700586,0.24769655279367575,-0.017784354043646866,0.059611265732100516,885c6248726e68506667279556e784a515fe3a252bcd09b4c97fb12208658fd0
GABAA,404,19,True,0,0.07508004566318922,0.2622189387377464,-0.03159168591148975,0.047415307921954364,f764ab9ce26aed99dd666e5fd6e15e74e2187135ddd034c0cf30ca5a2b84c14f
GABAA,405,19,True,0,0.06796053399152474,0.22084024531329846,-0.01430082540723654,0.035058347368439935,3c5770c742c28607d734f167bf3111c9ba735d474c3842b04215cb282d6a530d
GABAA,406,19,True,0,0.06486946976593487,0.18114637612329604,-0.01666922311071084,0.0396469255544355,6bb029a8a17d4b621846857508e46dfdfa451107edb8ce249626d37f9641f151
GABAA,407,19,True,0,0.0664389725803427,0.21173358325813474,-0.019088760298114904,0.0489850846697949,005d4509b014fecfe0b890bde42d800f01c93ef7051d4d06c66df632237e7a9e
GABAA,408,19,True,0,0.07106450474695865,0.22964442341678995,-0.00902628740125766,0.04351099139527381,9f73f57c8e2b9c132d34e56549bf9e311ccae8cdadbb36d9831105e6403d332e
GABAA,409,19,True,0,0.06698208603069984,0.24705060304107676,-0.017357667848157066,0.03731238577559559,bf7e9eaf82e347474dcc98ab52e47902763779c71441b79023ae030158e5fcd5
GABAA,410,19,True,0,0.06416641677370878,0.21206967519236422,-0.013790671396961551,0.04097519818722373,3f3263597784de3776683504675cada1103eb0272c2f3b313eccd9e6db12a250
GABAA,411,19,True,0,0.07549664285133058,0.25915049692456693,-0.01899109334433513,0.05071586416100404,caa5d7853eb9a41ce17cf3b3b3d47a15debe35b872249e1746a983687c8316f1
GABAA,412,19,True,0,0.07330679200904255,0.19170138140658252,-0.036991030388455304,0.022781888186609645,3091dd6c567d67733ff71a9ad8f18fb9dbad6e03b40a277a2345761b03892a24
GABAA,413,19,True,0,0.05599874576221177,0.1655251239011893,-0.008461428344291644,0.03465584051001913,7cad536c1503c8378d30f2dd1867e248bbd1fbe61bb38e7be339411f917daa79
GABAA,414,19,True,0,0.05975423456581465,0.21630790581323572,-0.01643565507036615,0.029141496549656032,98c63c11e8117fe13df4665ecaae103e4fb4563287694cc5840391a0c4468257
GABAA,415,19,True,0,0.07145165314346814,0.2413807724748212,-0.024613787587785874,0.015094007190774916,b589e160a8733852385234955282a598d0fc5780032e63a29a661bd7a7a92b5e
GABAA,416,19,True,0,0.06433633918206996,0.18414299627098601,-0.0011780995831942587,0.043993999625378755,f6bdafc028d9a1242c48237f00b5ab475ac71edc90bffcdfdfba300988cb993d
GABAA,417,19,True,0,0.06938793059805672,0.22570692951389212,-0.007604546229067921,0.047978817523743444,a52defda5bae8f5faf141e3a1e46d241073f103107fee2da747094506cd71001
GABAA,418,19,True,0,0.07204834816159987,0.25506362102609403,-0.0049115170182323364,0.04548327500153526,d1bf7f7d0fe4735f86aa3eb0b10770543c1e19e7340d6b616ce2ed4a3e8d0677
GABAA,419,19,True,0,0.07209205176909556,0.25575105068328813,0.009617067538874036,0.048663079183058455,b5bc458d3621cb17e88e8527e9b1d72f59bce146b9c9ec34cef5426b4495f540
GABAA,420,19,True,0,0.07553398145684871,0.23814500973666772,-0.005591876017916775,0.04962909564326823,47dcff82adfa584f0bcc74a403237da21f359d6f2fdc54e7157149112565029d
GABAA,421,19,True,0,0.0715780110545248,0.24462877837793914,-0.00363464242010636,0.03437408570912459,99751bf9968c085c8286ada75876c383f442f10f99ac99d610a30694aae143b3
GABAA,422,19,True,0,0.059440180581352614,0.26124851425557066,-0.02164016343425934,0.025438433452185993,e96d7cf0f9e6978051630ba50d24bdc2d7c00a7d6eff7835bd9151754b2233ef
GABAA,423,19,True,0,0.057289846294685455,0.22084024531329846,-0.008244470401628679,0.03791614606322691,16b251a2cbffd1fca78d698690fcb183047ec4813cd5458fa4653489fdeac27f
GABAA,424,19,True,0,0.07174540756156769,0.20816690577171498,-0.016173999270050254,0.04395374893953641,19e35812a08410e7a1838b4f90baf0b42a0746a177ede2e515180bf6b0579456
GABAA,425,19,True,0,0.06769688099850053,0.23990087457239143,-0.012515937450393588,0.03582311039943942,03204442941e143ab0de54fc57716f004ac8d2ad398a29106e70b1f985f5d1a5
GABAA,426,19,True,0,0.07194258169008412,0.2153537380075569,-0.00432192944076859,0.03948592281106733,21fc8cce060863a27a74a82be6322734d15b1d2d158c871b35cd4957d7181de2
GABAA,427,19,True,0,0.0701101766995541,0.2657371918489867,-0.009984667679751258,0.041619209160696724,e76f5966434e13f28ad0217b09c4b4f965082b745741f522d659d77c22df3741
GABAA,428,19,True,0,0.06842666004043461,0.2335617579752076,-0.013147620853172004,0.04206196670495954,988dbe5b716873d522ff545ca54449c7f9ef97d8ec3abe383688583cb2ebb8ae
GABAA,429,19,True,0,0.06680053089812117,0.2166726617664438,-0.020006136358553972,0.03489734462507188,a9691e9e4e71cd8b2521624f10d62b419f721bca8f8a1576e9cd209d61632ae0
GABAA,430,19,True,0,0.07444959202874694,0.2666207005815847,-0.010905585214553426,0.04089469681553948,ae56dd31b4116517df3aba4c05450a9b199a5c8ae625bdb3cc80e9f7cc4cc178
GABAA,431,19,True,0,0.06287069612223797,0.20979943395582198,-0.021049006616459698,0.048300823010479776,6edd83bc021ed08641f6267812ff4de222b313eba2fbed20c5a6a4fece26a7ff
GABAA,432,19,True,0,0.06963874958152622,0.26381836729261826,-0.02002866573281037,0.047214054492744406,50652a65ed60dbb72663f4382f51caceab3c9c3448a38437392671ba787106ea
GABAA,433,19,True,0,0.07154134332353525,0.26761754752779926,-0.011105669276157304,0.022540384071556896,0ae528a7122bc3c1b297db2445c6c86f2e17ca44dadfff80a363539c059c4b25
GABAA,434,19,True,0,0.07517404811458034,0.22931937082018758,-0.01684499186389221,0.03948592281106733,6ef30c9edfe0cd574ab341d50c0b0c1311d2b9bb1c86b1d11d60c71df400d2ad
GABAA,435,19,True,0,0.06525826213132274,0.22020356990485884,-0.0046660922917869385,0.03296531170465222,a8ed8853b87b31caddaca9b33542b8eafeddd8170d6495973078ac2c59f3a2f3
GABAA,436,19,True,0,0.07524672625350055,0.24462877837793914,-0.025754927663492744,0.032884810332968195,f9fa6aa63c19d5fb10585bb36c6c78e881c94f2c6331a7f305ee0f0737af538a
GABAA,437,19,True,0,0.07429251008860933,0.22365582862147812,-0.009205042899447458,0.04061294201464527,326b98991044794c8fa345158d8a1dcf0e6158e21b058e740e4a89043c07d9ef
GABAA,438,19,True,0,0.06899646829152604,0.23567608705356963,-0.012805850420148479,0.04202171601911742,18bf6061e2ba26b0647dfd48fd450404fcfe23c828e1a3f0eda7c8c5cabfb395
GABAA,439,19,True,0,0.07655286993959906,0.24462113307288605,-0.006038560551088867,0.047254305178585976,a30abb0c21a45fb1ed37030fd4b28a2e15c39835b82e36762389452b70e4fc95
GABAA,440,19,True,0,0.07672269271900702,0.21128507818065653,-0.0016216344085873136,0.04508076814311446,123a7b0e6bd046c7bb1022bb753640d5244461225c4b28649ff7d342da7755d8
GABAA,441,19,True,0,0.07437076983975374,0.18987506183629443,-0.011440197090531345,0.05478118343105265,f916d5c474dd743d5c41d7d2d7e95c8e42d05403a1e9b513ec8aef9233af14f9
GABAA,442,19,True,0,0.07454414813379491,0.26124851425557066,-0.017627824285771032,0.04532227225816676,7f87589b032f5149cb5d0cbade77b74e03c9efe2bf8e5b2978c865c4df1f9193
GABAA,443,19,True,0,0.06818673761275218,0.25960850200547475,-0.020668911268525214,0.02181587172639976,7c7cd96699d998bbe649d9200780cc1fe32f417411016991d398ad4e1fffc8fe
GABAA,444,19,True,0,0.06448552264774658,0.1860746899762593,0.0010730232045537136,0.028497485576183146,1a27416808910e6f58efc3e448a244ad0e5ae3c505561c4aaf39fd09c1480d9e
GABAA,445,19,True,0,0.06838246796288434,0.22847567845809524,-0.01566654919503785,0.03884191183759411,33d647ff048b283342b20876e85ff4d28a27a26a28bc933a7ebf3adf01fc12ab
GABAA,446,19,True,0,0.06532283744438788,0.23990087457239143,-0.01794361346873896,0.034293584337440675,3237858211ffd040930bcbf89eb0109ace56735b991eace3f034b8569d52ab6a
GABAA,447,19,True,0,0.06922245088323668,0.25268592500059506,-0.000855808874814068,0.035259600797650226,37a6a6da18cd907ee128ea8f9525f6646c7deb8fe624851cfc9dc0ecaf75a9d5
GABAA,448,19,True,0,0.07817344487422448,0.2622189387377464,-0.035791659642501195,0.05071586416100382,3cd7774a0e72af673310e8129180b4896540f96051f498238af3cebc961c2363
GABAA,449,19,True,0,0.07074947513607475,0.26878741977916587,-0.012012880797639625,0.05449942863015833,041a7a0033055bafd77201b3df83586917b861e8510ad46f8610a1d424148227
GABAA,450,19,True,0,0.07202173526610309,0.25050414810816424,-0.010719144823592597,0.04862282849721622,fea0e05cfcf5336f9ce47dd8bcc02e123eae425916be443dfd77139fb605453c
GABAA,451,19,True,0,0.07245579392607752,0.21041445249918678,0.015666435242703836,0.046288288718376314,47c2e9c356a5ba5c762cd312582e191cd25403f1e9ed6f9284714f60529b6268
GABAA,452,19,True,0,0.06931102588656296,0.2413807724748212,-0.0051299924566015065,0.03654762274459655,d66a07a0a30c94e47d3e9e5fe94b2364e4f6763a99ad8e2518e34252637bc16e
GABAA,453,19,True,0,0.07546288526383434,0.2657371918489867,-0.035424672921667844,0.03280430896128417,b001de5577b6f8910d7f26352e0def28358ef3de865a53b8077162fbe0984ae9
GABAA,454,19,True,0,0.07290942551859052,0.21492977077805217,-0.03073206235204151,0.04415500236874703,afe8f30a8ec6e7ea982e3fbd260fde7d4067e2aa1cc5f61cb692aabe5a392b5e
GABAA,455,19,True,0,0.06883999018822848,0.20979943395582198,-0.008869437345275344,0.04604678460332445,785f661a5b9ac51007060e71d3ed5f9f67ce33bd28e5d2e93c775dd4b41e3c09
GABAA,456,19,True,0,0.07091182642874384,0.2659763824655771,-0.0313702197936665,0.025760438938922436,900cf3bc2abcf64a87947a5647f9061460a07951244f3edebd477e34e1ba141e
GABAA,457,19,True,0,0.0665859873899194,0.22217572536448285,-0.02372271378796209,0.03042951849660236,d0f1d246fa95523ef52c139b6dd44b6e6005907b8613c2248e480664618d1cfd
GABAA,458,19,True,0,0.0783127635124233,0.24362036570650095,-0.03056828400116851,0.045523525687377386,ee8cc07334510040db88d8e5e43002a3e22c2acb0fa9cab7389c3faad1ae3e69
GABAA,459,19,True,0,0.07234717395472463,0.19170138140658252,-0.03313438218507847,0.024150411505239666,04675b3fa24b049945ba0dfc5d2d1f399c2328d3952652ebcb6cb44d4f20e417
GABAA,460,19,True,0,0.07091289670951809,0.25050414810816424,-0.008554988835562938,0.036587873430438234,738ef27195d28e4df3082da29ddecbdd12a60752e5819994aa1e4b37a97dead9
GABAA,461,19,True,0,0.0708809108329627,0.2173000028720043,-0.022695052588143527,0.036104865200333736,cc2f2207dea3dfd07a467791838a1632e2f05033ad3754fbf55428ede6a97eb1
GABAA,462,19,True,0,0.06647603869820937,0.27073079373725994,-0.018677066369689577,0.03956642418275136,ade3eafa169a27f003c34d464348c5a7e32431f8658f8f74b7921c4d17141756
GABAA,463,19,True,0,0.06684917290748045,0.26414409287918666,-0.031207627615641442,0.03678912685964886,35c58258561c8d25f3e29761b70f0d63fbafa77a600fcd8966170626391b7517
GABAA,464,19,True,0,0.06795135489585173,0.2516641748279357,-0.017233543187559208,0.04182046258990724,5a72e10a21afc1bdb0142c911f2f576c5af33564b4227b69440a3041d70dd153
GABAA,465,19,True,0,0.06567715520813229,0.23807414692049042,-0.011596700333410093,0.04314873522269547,f945c206571517aa5eb35603a2675c33aa8ad55140344f372ac04b47b62be9ed
GABAA,466,19,True,0,0.06534601629094033,0.23256234182693555,-0.017601987197349622,0.029060995177972004,529f9073155b58c194882e1968fc97c1c462196c19c69106896f29e93eb3fd7b
GABAA,467,19,True,0,0.07106608723717568,0.1831808552675358,-0.012879628942625176,0.043792746196168464,6800ec89fdbe9bed03e1746799a3cad8afa80b8999d5e3b1a5256df64ff7c4c1
GABAA,468,19,True,0,0.07694937998919739,0.23654217148969822,0.006349342294672322,0.017589549712982655,3182af45938e0317aabe6f9ed2647e11fcc94be0cd7d8e2dae59fe6fbbdc8daa
GABAA,469,19,True,0,0.07647652238435187,0.26381836729261826,-0.012989764556099459,0.06440109734730648,97a002aa2524ed713457e0ba712d86a993579679503a15cff305ad8eb1220c72
GABAA,470,19,True,0,0.06609482812750526,0.23775194456465268,-0.01526617093378202,0.04359149276695806,5eb71d27bb464b0850ee19c99eaf64606aab40a37d7d28a720cf3bc1487ef41e
GABAA,471,19,True,0,0.0724932927390583,0.24695703634583405,-0.006654906268781291,0.062348312369361336,da0b938cf7ff440dfb405c4710cdb0d14364388a2554148458fcb04da83e8996
GABAA,472,19,True,0,0.07376336166212445,0.21492977077805217,-0.02990197344724832,0.03618536657201776,193dc3e5a7df860d87c0a4e374ea961f5b834bed89e50823023a6da318bb347c
GABAA,473,19,True,0,0.06853554536661946,0.23807414692049042,-0.029929549320592663,0.024593169049502484,18ed2db7b026f0902527780c4a751ffc809c977e219f43d87ad326a796b6d87b
GABAA,474,19,True,0,0.07693213523930158,0.23497416707476657,-0.012483578271636375,0.04129720367396028,417c8f9b9491851f75b6fc697ce1fa5bf4106b3cec2dbaa3956bcd7afc1475c4
GABAA,475,19,True,0,0.07014975265292213,0.25506362102609403,-0.006084673392772633,0.0443562557979571,68c2ddfd7de958ad560d09dd2c91aba5bb6598eefb57525d2f938b0994aefc9b
GABAA,476,19,True,0,0.07940295252555997,0.2271534971855287,-0.0297923803132063,0.05148062719200308,e49ab60d8d9f2c78ee50db871487ad2b0e3069dbe40343e95080f4361025e518
GABAA,477,19,True,0,0.07020805716775587,0.21206967519236422,-0.006300145339657615,0.03968717624027762,1ab8a4295bedd11fd67df7f013cf3b20f43aacf8ac35d70cfc97c909c430256a
GABAA,478,19,True,0,0.06214760977357576,0.24959526418997952,-0.021858353340310943,0.03493759531091378,f62a0ef5f76d367f092990cc700fc5c5dd73c760c513c8866f9ee5fef6a924cf
GABAA,479,19,True,0,0.06555414042425112,0.1877448984294275,0.010593656670202733,0.04966934632911013,8d2446b8ef01991ddc58e716ea1e96bf2481006fc2aba9880594bf0aeb143192
GABAA,480,19,True,0,0.07422031290064189,0.2666017571182683,-0.017135952097255824,0.04632853940421844,cbd7a1660a6cb9294de833868ddbb2b98e67018e8fd71fcd2381d7c430514ec9
GABAA,481,19,True,0,0.07252446633520106,0.22412671732097142,-0.009198099540043136,0.05288940119647556,9862b9d4a6952d9de045957e6b1ee1422f1f9a60164fadbdb650e7a989ba72d4
GABAA,482,19,True,0,0.07393470652206158,0.23567608705356963,-0.0050055128574291174,0.03610486520033385,d935f3654a519c0dc762358f2f8536b1fd683ac769a45dcf8be6eed83a233bee
GABAA,483,19,True,0,0.07373167191636641,0.27057778765285784,-0.01146132282102652,0.04745555860779649,e6a3b39e62d4ae7e38f72ea2a1c1e9cd05fdda371d510a5e97b26863e2957f74
GABAA,484,19,True,0,0.07053292720072608,0.2516641748279357,-0.02027211491585912,0.022540384071557118,df4f19e931c22c368e7d1af13fdff6b67db5bfa1b57e644cbc9d3063102a9024
GABAA,485,19,True,0,0.06511726910644106,0.1908391421378088,-0.0312468759146336,0.03389107747901987,482b179071a5ee6c29d89cfaab55736b999533d06cb58c41aee1307df8124665
GABAA,486,19,True,0,0.0712323117982197,0.25000796265282144,-0.012131756885217726,0.05598870400631473,d1c2fcea59826d6fd20751ee569098142b06f14375d33875b3eaaa3687ae05ac
GABAA,487,19,True,0,0.07777162020228408,0.23907022009241025,-0.005328431918700582,0.056753467037313765,b1922385ee9de6dc4c6b171b779c96dbb7fe0cfc787b13fa2fd3cb23b12c45f5
GABAA,488,19,True,0,0.06323450496030944,0.24676939235076603,-0.020853198186106425,0.031717540443548464,4a35236e23fb9532dbae97cb273010e7ee770ea06fd3400a5c4555cc82bb917e
GABAA,489,19,True,0,0.07359487236296806,0.2287037661994594,-0.04064719008329898,0.04041168858543487,cdf565d804b44dc6bcdecc5ffb772d50438159faa3fa8c82bd8c1840ebea0994
GABAA,490,19,True,0,0.06931355886180912,0.218950434032052,-0.005694378240724163,0.043712244824484214,9eabe395f6efdd816648ef4c6055d11ddf4a4936cbc479077c1f43e6e868f84e
GABAA,491,19,True,0,0.0770993236485128,0.2271534971855287,0.0033916395365236607,0.05200388610795004,ca42c4ec67759cd27ee3aae0d1f9fec16a25ead0207dce4b988fec39ed991f3a
GABAA,492,19,True,0,0.06760354242674173,0.23497416707476657,0.005952658794401433,0.046851798320165505,fe68df5d17aa5d4374b7d41b3c6e071509e2f044d5babf7f1d677cb45bb1c58f
GABAA,493,19,True,0,0.07833227449966988,0.25684801788091505,-0.004224721442919632,0.04822032163879586,8f037a3d4b1bdcfb01c8a1ef73d8370e69047c3f7c15e8af68a31b35652f233f
GABAA,494,19,True,0,0.07046479585835888,0.2413807724748212,-0.006017947529462608,0.041337454359802295,6666a8f5299686d6f457b2d77736a8eccc602fc944dacfda1ab775ce6e6cf531
GABAA,495,19,True,0,0.06911241726659471,0.2516641748279357,-0.010861281976587644,0.042866980421800704,808c1963b1a01928bc2f26002a4f6db2fdcb1efdc92ca08d43412899d11c6425
GABAA,496,19,True,0,0.07270144196600943,0.25179855529557216,-0.007132169004522737,0.05240639296637073,0029c72f8b62b1ca0fada8c5d21d7ac3c57201c5f16d7d8a20b664d24fbd8764
GABAA,497,19,True,0,0.07118686643698596,0.250502878734276,-0.011193672230854101,0.045926032545797746,e178bfd9e6873bcce9497914c404877c924285c4de8aa914a06e4bd954a85877
GABAA,498,19,True,0,0.06542286175778309,0.21206967519236422,-0.019467569885955438,0.02749121843013136,4d9fe86102c48a981e89ecc9b0e0b7adec559f8163df03c2d91972556c610c0b
GABAA,499,19,True,0,0.06610580375080716,0.2666017571182683,-0.008031697025379092,0.03594386245696535,7baa0f7b5be20ee83b86fd4653cb4fc38db7883e050473dd87c531df1d4aee16
GABAA,500,19,True,0,0.07358691211603884,0.2670693685447492,-0.01410737536745632,0.05687421909484014,267498aa410a0c7bc650df2251be0c514f6f7b94845ac5757a65180109949489
GABAA,501,19,True,0,0.07312480117831777,0.21240770000770148,-0.028399129124637046,0.04230347082001196,c20f18e19054bbab3b7b400e2e6fe8a5c4b3527aedc0a9e7c1db14cf14ae9887
GABAA,502,19,True,0,0.06934420999729611,0.22885734417587797,-0.03188199450518803,0.026605703341605946,9b183973233dd7e47b6690813450adcb6ffdb0410b5b832ccb016f1ed51b2075
GABAA,503,19,True,0,0.07698046356448118,0.25179855529557216,-0.025036014112917115,0.05317115599736988,1585abf132d8025da6a26e83efbc5c1340dbb14c61a565a71ff4e36bea917637
GABAA,504,19,True,0,0.07166698868284244,0.2441648864274054,-0.03284715570413188,0.03932492006769883,ce396e31a23b596404386fc3b2a2192c4ecfd852ee317c263bde65d62130663c
GABAA,505,19,True,0,0.0710194175319402,0.2659763824655771,-0.020122722179820585,0.0529699025681597,db9e0f6b02760475fef5a119c9838ba3baec6149902e88c2c75f228e1b3ab8b5
GABAA,506,19,True,0,0.07141644288658255,0.2312598700935068,0.008088496120060018,0.0614627972808357,e722e69587f052ebaeacf84694d0aff082b3de55764b1efd25640ad22663c6eb
GABAA,507,19,True,0,0.07148490969268483,0.2173000028720043,-0.016404325251736518,0.049508343585741854,22c1f0dd6e119193d2afea3b75718461005adb39a2fb468dbc39c35560946a5c
GABAA,508,19,True,0,0.06801528413673759,0.25435694606105014,-0.006070283349306038,0.047334806550270225,952f8e1d4532ac4135c7c761346217ab44779900a98c2f7f3a35b8dd8fc3443e
GABAA,509,19,True,0,0.06508304919328893,0.20375840367403644,-0.011785134146552911,0.04781781478037517,268bfce0f0a9718514383aba06a235212e36263df9d405648def777e6fe4e496
GABAA,510,19,True,0,0.07653359626839755,0.22770055452288818,-3.8337943137234376e-05,0.0415387077890127,0eb6823cc46f9d59f2929eaf51f93f11cc1de9c67b2522e3f88480d0b0fe9204
GABAA,511,19,True,0,0.0691638495397286,0.19374655127141893,0.009463329404775678,0.0415387077890127,f185c0141a9becaff1d8d9aecf97918da66c4a945c7d1ebf7b6d19eac9076b04
GABAA,512,19,True,0,0.06687524139704704,0.27057778765285784,-0.011710566813816214,0.04097519818722373,98245c399e3b0fddd735ed2108bbb47c01413d6e8f4f12f249f12a1449c5e96d
GABAA,513,19,True,0,0.08269577386751466,0.27073079373725994,-0.01718247919138083,0.048944833983952774,b240b0c7eb6736f8d0d773495f75e6c3895f3bde90bfd2d61ab3dfe9e1ea9841
GABAA,514,19,True,0,0.0726576593256434,0.24705060304107676,-0.018230709467979223,0.0425852256209065,3483f9b074688dbb43912e24421a53e1a97e6b9d4c7abbcdf8b06c7c530bd941
GABAA,515,19,True,0,0.07772294634862295,0.26870449868105456,-0.0314869345065778,0.038680909094225724,445da2a414189b0984304931e7f8144d27fb1f9f60b1b48b6d3a1a7e9e45e6f6
GABAA,516,19,True,0,0.07264133224420029,0.25050414810816424,-0.001267161457249255,0.04528202157232508,40c046e4335abee3cb7a259d70ace2d5592eb9098c835ada5d1b59cf5462cf84
GABAA,517,19,True,0,0.05804413215563305,0.21128507818065653,-0.026924112245453324,0.01771030177050903,d34f3fb60b6325d63ec66e9d8a76bd11823502dba3dde4bd5a1abd51408c270a
GABAA,518,19,True,0,0.06662408972679675,0.25771042629947477,-0.02319365396523776,0.04813982026711183,35acfc5bb6217d4e428c5374a854d83611e9a69bc28786b66cf315f1feb21667
GABAA,519,19,True,0,0.06694332728819334,0.23137115041905656,-0.007685813055377633,0.03920416801017279,afb2b2aadbe224aeee9fb0ee4805cc63b84286a957b286a501d2935673825b39
GABAA,520,19,True,0,0.05959732536267395,0.23908179776298785,-0.0083556635159856,0.03578285971359707,a776c3dd7a863b692cc6efa9f79f3857457c11c3a3cb708dc39e0025a96946e1
GABAA,521,19,True,0,0.07234679332853418,0.2441648864274054,-0.01330701620947261,0.04149845710317057,92b713b556c32fa702862e5473b735f250240c21293d19321b4d9218d0b0b9cf
GABAA,522,19,True,0,0.071422127326881,0.20301424922086403,-0.0320231233952577,0.009660164602095733,56ea6b7f69dcb47867751b6a6cfcad8ad18aad7f0c75250ad196fb1ce0b666f8
GABAA,523,19,True,0,0.07094646415439308,0.22182448817763586,-0.014610425553704065,0.03759414057649013,55d00a5586c37b7224215da87f8d0aa661fa800bbe5258a6d8c528b69eac26da
GABAA,524,19,True,0,0.05788889729754659,0.17050533767993903,-0.012280020663114843,0.037352636461437716,a7e795f2eec7ddc94679c3254121d36639f5164b447ad9f3ad5f827cf2436d64
GABAA,525,19,True,0,0.07170136165341681,0.2640465520846702,-0.009612858200131136,0.03626586794370201,ff0b8b2eaec22c72cae80da9a89c612aa7bdc7f97777d1d1323a010ed7581b38
GABAA,526,19,True,0,0.07368249858800308,0.18437907407269152,-0.014871104297807802,0.043671994138642534,dc332fbf0550bdc4d7a2b05da90215e68b206d5f7a1d1bd21a02b0e4e7df1404
GABAA,527,19,True,0,0.0687264941391628,0.25179855529557216,0.005017547896309704,0.04053244064296102,6b6ef078c2ef990a654dd20e4f92f46af6370c5eb6b6a79bbdd486b8209eaad2
GABAA,528,19,True,0,0.0774453844534675,0.2505168190566292,-0.002534672483750944,0.05212463816547619,21364ed900237bf972fb461c87d6658f0952145753f68da4404d70c30d9d4c3d
GABAA,529,19,True,0,0.06539352127336152,0.17118691051089138,-0.012626300896045883,0.038680909094225946,cafb4c2d5bfe05c1dff943600babdf59ab44582ff3e84f88126e76a404896949
GABAA,530,19,True,0,0.06721453928378045,0.224132086208583,-0.016088818841028862,0.0415387077890127,102d7e7ac8b9ae0b17c5dc106933686040f1b4d86ff43971017ba8432af618fb
GABAA,531,19,True,0,0.06912228454665889,0.22062428375613424,-0.025664227846241783,0.02769247185934165,0bbef40aa690886b3c609b1ab27d357d951c9f798a453c472ef7eed75913e60a
GABAA,532,19,True,0,0.07561471921967418,0.24769655279367575,-0.01919181660556446,0.039043165266804514,f43363eb6fd8bed184eff0d887b77060785b4fc1d4a946c798e2d6a52d362d06
GABAA,533,19,True,0,0.07158040305607302,0.24063742685307213,0.01308191993341623,0.050554861417635544,32885fb827781e1eeaea1cf4bec19a9d1b3deb4602990a614ea7b4d8734e1a74
GABAA,534,19,True,0,0.07132925714379139,0.25179855529557216,0.00917333214968652,0.05003160250168892,01afcce0efd47e416044184d5a0fdd4abbafc7110eeaebaa98664a5dcbc9ece8
GABAA,535,19,True,0,0.07390855250041885,0.26414409287918666,-0.015913803922677383,0.03228105004533732,97994a45333a38555c020f0ac7febeffbd4695673209c9555ca23a51a9911bb8
GABAA,536,19,True,0,0.07388503010881449,0.25960850200547475,-0.028920161019437618,0.04930709015653134,995161f7cb5c3f73c3226d352f08a7715a149077ab31daa57f52095afdfd29f7
GABAA,537,19,True,0,0.0784370161346872,0.24319462437709966,-0.027816120363866714,0.05727672595326083,8dd7560ff129804211b87b9e2f8ab995d6ce9f86e6432ae2c54257fd317d4f86
GABAA,538,19,True,0,0.06329011552279673,0.2335617579752076,-0.01958249059819317,0.034857093939229755,d53486d238e9c874c9600102f9a87595beee57d2f8fcc6572bdcb468f221b9ea
GABAA,539,19,True,0,0.06871665231915923,0.25915049692456693,-0.010643020086380517,0.04004943241285597,974f4a4c304b8eb4c9152d8a9585eab3a0757f6c130cf5b789f6b0d0da76cfd3
GABAA,540,19,True,0,0.07483548355253253,0.24115641147958108,-0.0319462023978645,0.029544003408076724,e6431abc8a433251a319b3f0d86aeb0e0ddcbb743d34d95e16651b836b48fa87
GABAA,541,19,True,0,0.063640564294864,0.21223272073788021,-0.01598756138670865,0.042182718762485805,7aaa32b4a8e79a948143316bae3b2cf142e011145b4491d30206785440d48297
GABAA,542,19,True,0,0.06260399533652446,0.18858729298711535,-0.005732662902950825,0.054740932745210524,2bf4dbeb54fb90dd814039230a82177587c7832ad1ec55ffd6bc8f785958b5e9
GABAA,543,19,True,0,0.07066773543169724,0.2291591054215947,-0.03348911609144789,0.0383589036074895,9aba38f07b454cc9ddb967a77cb756b17582c3d23987ac8a80f0015ab77d3cf9
GABAA,544,19,True,0,0.067275465861708,0.22570692951389212,0.00042263714397239305,0.03662812411628058,e39221369f385bc21140c57e13eb74f1c56e79984f04b6327fdea30aa7e484b6
GABAA,545,19,True,0,0.0682087389365208,0.2659763824655771,-0.013203960279451143,0.03115403084175905,5ad450e77b696506def31b76d2c6d727175defab48147dde50844f8cd88dc5fe
GABAA,546,19,True,0,0.07790460148406389,0.23497416707476657,-0.0012669566302148105,0.040773944758013214,debb4bdc2afdcaec55da1f50c860018b218c5fb3c6bea9593942601c267f9a7d
GABAA,547,19,True,0,0.06967052353665643,0.24942330699225887,-0.022884921647277512,0.04870332986890058,6469916936e494d10f3f07e1caae7688f16a51ae376c22cc4a3e3e93c224d093
GABAA,548,19,True,0,0.06830807752981004,0.24299690808779495,-0.026059086317688385,0.04149845710317035,f9075a1a0fe5fc05dc724ed77e21746332d9c3fec78a074ea63f9213011f13d4
GABAA,549,19,True,0,0.07944648648601899,0.25960850200547475,-0.03322513274649497,0.040411688585434646,f56af9b12b2fa452ef387387288c0b97d947ea576be8cb811744062b9e477cfe
GABAA,550,19,True,0,0.07090435368244435,0.26870449868105456,-0.01844845794540495,0.02008509223519106,8a6654d3c4ffc82577afb34d5d908811f12f2d9d0f040cd9d2b190bc8baa8e88
GABAA,551,19,True,0,0.07518677681640494,0.22570692951389212,-0.017582529007120318,0.04270597767843265,ad30fd5de858969399e56fffdcb2701a75ef9a9ef420e0157a2d3f689f8d08ad
GABAA,552,19,True,0,0.069709229554521,0.18726272773120556,-0.019662322407001387,0.034897344625071436,e504dd84fdb41560fd2e6c125fc33e5accc3980444871729f196efea1caaa19c
GABAA,553,19,True,0,0.061982384063167285,0.2088036721813845,-0.008344390513738142,0.03876141046590997,19394ec0f0b087e73c178a8f9ab656befa9c9a25bc9808e2ff6628101a33a07b
GABAA,554,19,True,0,0.06429398543754665,0.18556436284574307,-0.0077988097399659395,0.02741071705844733,de894d3e2afc05dd25c375a31dc1e98099995693aacc6a5e0d29ec97fc141cd8
GABAA,555,19,True,0,0.06965536405567552,0.18414299627098601,-0.02122861298359391,0.05413717245757965,63067a86a3a3cd32540d9328c4aa8e8d97023275183bfa6c97bfae5baf0b1cf6
GABAA,556,19,True,0,0.06859183352531481,0.22182034669866016,0.005042816523181504,0.024311414248608165,c515b5c1b4ef9335e1a662db44de402828e559cf8124ef4a69fce6bf9f415c54
GABAA,557,19,True,0,0.07505200638861348,0.24695703634583405,-0.03081801696071973,0.0483410736963219,d9c1335b41ffe2569a2489e85692632fe50783b8f55dadaffb1573a285eb0b66
GABAA,558,19,True,0,0.06919291533356305,0.24959526418997952,-0.0030917631983862215,0.04463801059885186,5e9e1b1a2ed1fa5d19b6cb4aae2eb691564fee0d17078e25a35aa65e76239385
GABAA,559,19,True,0,0.07045589460655395,0.25179855529557216,-0.008288375915736168,0.04596628323163987,9f899b41f288f5f130ff95bd4c5a8e0fbe09deef50b86fe5bb26c65c53adb47d
GABAA,560,19,True,0,0.07716149106885972,0.25821891257847657,0.006114416889140273,0.048019068209585236,3ff8321e1d7b8527fd3d36cf657a631ba85cfb663c4c46b3ce981755db93df2f
GABAA,561,19,True,0,0.07671830372558414,0.250502878734276,-0.027782604487193385,0.04954859427158409,6873c0244581704142f91781a3fcf9df3cccc5e496ec83bfd8df85441071c7b6
GABAA,562,19,True,0,0.0662118253907606,0.2107831359904513,-0.03157722126912632,0.048663079183058455,d1d31817c41d27ef283188825aa3a609692ec18d671f03a387adf03b671f6969
GABAA,563,19,True,0,0.054296336396699334,0.18029581143496867,-0.004943492327325494,0.023506400531766558,756614a28e2643fa976994961b6b04e17a669381bb16f725bc36367e5404f407
GABAA,564,19,True,0,0.07722653618417344,0.22084024531329846,-0.01485758922135072,0.05457993000184247,f5f664cec55e4189a17ab48ff4c367cf449b071209e56abd2220cb120ea87772
GABAA,565,19,True,0,0.07437344370748167,0.2287037661994594,-0.0262915971854909,0.0512793737627929,0bff065cafa578b385b631294bd5876e7d8e3247d6df670560d4b654db2e9c97
GABAA,566,19,True,0,0.06231821596576974,0.22232335742482706,-0.02938485881234465,0.03248230347454795,5ff3afbd9c03ebd6150e40eb8fa30df25bf93339ce696916edf9e0ab34a1503d
GABAA,567,19,True,0,0.07022883032483329,0.27073079373725994,-0.021709341610373967,0.039445672125225206,100b7ea7973e40126064b2e099fae5496a1d95afbb27442aff89d9dff03a1391
GABAA,568,19,True,0,0.0731187161091063,0.2666017571182683,-0.021444038163733747,0.052366142280528716,fe413bf041b448a0e4d374192e8df89e2d2bab18d4cb3dfa2ffddcc90ca3ecb6
GABAA,569,19,True,0,0.05554200548074112,0.22412671732097142,-0.00685818149167261,0.03968717624027762,8ce10869901f6008fd51cda86eba107584c98300c100aafd7ee978991d99529c
GABAA,570,19,True,0,0.0665230560933756,0.24769655279367575,-0.020889927530117758,0.03288481033296864,07a453ad2f12675b01be393ac30bb89cd2eb2bf93f34d906fb139c37663f7436
GABAA,571,19,True,0,0.0732143297989518,0.23497416707476657,-0.03157208053749416,0.027088711571710666,c44670a074170b4c9a0ac92ecdbd148a9b5846acfdaf47cc2b3d345fb64dae77
GABAA,572,19,True,0,0.0685136420108993,0.2666017571182683,-0.02861952746027785,0.03598411314280747,6b39441df7c0baa397dfd8d0462968539bef1d387ba2869ca1f8b76846de6f36
GABAA,573,19,True,0,0.05059618873183784,0.1583915104621259,-0.004764242059956736,0.027289965000920957,9285cf9f4fcf241e1582df141873d1754691c9b01ba58ac961355faf984387fd
GABAA,574,19,True,0,0.06133158237869334,0.26414409287918666,-0.010065413732449846,0.0454027736298509,3561c27ded0478ed32ebed088c6f805c3c4369624fffac48f95ee219c70c395f
GABAA,575,19,True,0,0.06302017930736305,0.1815781670337736,-0.010656703694801317,0.04093494750138171,2f4e249cf9255a9002fbc0a8d4df4204368aa2aa8a15b0d6a5f094c99d51ab0a
GABAA,576,19,True,0,0.06439786214360663,0.1754702039639947,-0.024779595694641054,0.022661136129083492,dab497170d0a9e5d895cf574f42c06feba34632b0df6f5635470e87426fea4b2
GABAA,577,19,True,0,0.07577036278443919,0.24462113307288605,0.0001288686211344814,0.036024363828649486,b78afda013dcc2bffcf1ecac573a622041189b895d4f97ae2d3f54b9256460e1
GABAA,578,19,True,0,0.06855196376158335,0.25575105068328813,-0.004189905795464632,0.026122695111501115,020be5b3769a6e44dc42f214d2ce8662ae25bbf804964cefd02292712a6073fe
GABAA,579,19,True,0,0.07149883176421219,0.23177813607771997,-0.011219738467409313,0.04157895847485482,6a532926fd5e95ed8551cfab4b0e8e073ba5d6c98dc71feea68ba9372c1637ce
GABAA,580,19,True,0,0.07896686835468036,0.21630790581323572,-0.023331686607257485,0.03940542143938308,df56b31561eebe145964fe7661f603bbc698602ca28bd37eea0c94b39644a531
GABAA,581,19,True,0,0.0771686734201856,0.2437033658593397,-0.04487326986630502,0.03960667486859348,1a50b26baf36d2b78a150d22ff7484d40b5115630fcc00c3c0637109c419e4ef
GABAA,582,19,True,0,0.049821600447338625,0.23060298022014886,-0.014467728770507726,0.03055027055412851,006fb449f8a5d9850ca8c772baa975b7d28f35f9fc7795b0d2ca4795b28363fb
GABAA,583,19,True,0,0.058772153921116156,0.16681302758735003,-0.014434127726393298,0.03203954593028491,a96b622ec5d87f815623524f1941cf9700c728cfff6e0437ed3fbe47b8a22046
GABAA,584,19,True,0,0.06349948110117493,0.2589932062583206,-0.015161715687894706,0.028899992434603616,21d718ff5e68cc9a2ad629d5c68860ad86b6b88a6536e8fccfb87b95dc96e8cf
GABAA,585,19,True,0,0.07157343397633459,0.23497416707476657,-0.019683691458630692,0.0425852256209065,51f120424360d13f447c24f79719e7d75f3554fe840ad2786ebf2f748a50d974
GABAA,586,19,True,0,0.07148521232918821,0.24599853037859915,0.004132082038351914,0.0446782612846941,5eb485d82ebcb00b05d8f9b825ea3653c65f522d2f37b3103b9ec76858fc877b
GABAA,587,19,True,0,0.07106043605331384,0.24063742685307213,-0.012152474302931537,0.03920416801017268,a25ea89b6f1f6bf610960e5d5ce60bb359586eb4bc83715d1da5812b56de7d40
GABAA,588,19,True,0,0.07157815115782724,0.22681394133090774,-0.012496024184887489,0.031355284270969674,6659bc0b3c5588e30cee18ba73d03f510ac3cbd63526f7dd0ef41f8f61c4eeca
GABAA,589,19,True,0,0.05790871357422199,0.1885181482418004,-0.024450111914697592,0.018434814115666498,6a41a235e716be7fb33b02043624882be14a6cc233a2bc3f323c5a5c2cc69fdf
GABAA,590,19,True,0,0.06992043040300958,0.24705060304107676,-0.008726781012255547,0.04970959701495248,827069f00a338145a897e0e112e67a0291251bc45ff488bc6eb6bade0761296e
GABAA,591,19,True,0,0.06434403551701183,0.20901467574246493,-0.026683521961929024,0.0330860637621786,774886b34597a7ef4ef3c7ca0bf8a4f25f576f0e354a59b822f8a9362b0809e2
GABAA,592,19,True,0,0.07633476849349861,0.2413807724748212,0.008690240680089723,0.02616294579734313,4af2d8429a86c8e58f784cbcc416e032821bc6f535fd61a150cf2fee7ca96a88
GABAA,593,19,True,0,0.08048832652919788,0.26761754752779926,-0.004850205044849343,0.0546604313735265,8d3f4d2c2f228c9681ef25cbe599396b52b0381d163fbf702fe18206ebbbf91c
GABAA,594,19,True,0,0.07075196812317168,0.24319462437709966,-0.008124290817630442,0.04729455586442799,be2695ff78cf63f9076a90ad1e993e2e7a046d58dcb5bb0b87f0366055b1058f
GABAA,595,19,True,0,0.07752339510204938,0.25960850200547475,-0.033481242332657146,0.048019068209585236,74ff7a61e441931fbaeacb298e165780865e183c093caec0ae8585f33f840f24
GABAA,596,19,True,0,0.06358555019880754,0.19170138140658252,-0.01769208035030201,0.04415500236874692,a14c0734cc7ad3662a8b3355d72f8255e2fc170abb5430fef73f3bac64c44136
GABAA,597,19,True,0,0.06264372289300071,0.24462877837793914,-0.016106374320479233,0.027450967744289234,41fbc7aef305848b1c0d4dca2c7f46c84ee8c6566e5d2ec349db2b6bdd988218
GABAA,598,19,True,0,0.06194965627240978,0.17009133518103595,-0.016173094075913053,0.02439191562029208,697ba64d57be1f70da8349613f80afb2e40c15e1df4c3679d5d3567666f6168b
GABAA,599,19,True,0,0.07749849439710406,0.25302499944646406,-0.0015582470703325857,0.04129720367396028,b3e81c016b7bf334b91cfe5870150732855015fcf9d0620432c7024dfa25b9c3
GABAA,600,19,True,0,0.07492610990099399,0.22936929820130142,-0.01732308779016556,0.0500316025016887,b55bdaf4882d4fd2ec8262896219d185026e5785f68a3a09d68410697fb20fc8
GABAA,601,19,True,0,0.068127476838297,0.19825500628344347,-0.0105341018115499,0.051520877877845206,5e3526a1aef8502a09486a91e9c01ecbdb7cab03535693c92d69c1e5e83c7fbc
GABAA,602,19,True,0,0.07090044947286904,0.22000194150410665,-0.024925213444807026,0.03678912685964886,1141651b9d6160b6975e280055f52531f365905725c8e395c659517113efa4d1
GABAA,603,19,True,0,0.07183175064456619,0.2413807724748212,-0.015729822800180537,0.035179099425965976,b5cbceb78953ad55f7d7608b368e28866163ea92b180ba3d3cfc2c29812adda9
GABAA,604,19,True,0,0.0642218430655277,0.23814500973666772,-0.0023006308938888775,0.03216029798781106,ab576867ffc7757c3fc2f94da3aaf0070479872376ec59ed1b04f5b214b03b4a
GABAA,605,19,True,0,0.06392064137400291,0.26124851425557066,-0.017460431444302538,0.026484951284079683,e748550fcec819b0ac8e76b93c0d1344a6a0832c284df2ff830004c431e6ec4a
GABAA,606,19,True,0,0.069813015638135,0.22570692951389212,-0.02304769491400549,0.024512667677818456,9591701661cfbc6c5dc6a91d0ba1858f02f68aa51d0f540a5276782783f849b9
GABAA,607,19,True,0,0.057107823105176425,0.25915049692456693,-0.014282004169243523,0.03236155141702135,8ca7c2df8d73c5e09db1a9095ceb2eaccbe02efe90a390121814ebf839eb9fb2
GABAA,608,19,True,0,0.05949253902032125,0.22787588252960178,-0.0019432285093459178,0.029262248607182628,369d60819e6633b5b03c7c41b6031046e4701498a51afb24bc11ffa90ab93de0
GABAA,609,19,True,0,0.07796355266411631,0.24942330699225887,0.0060303751937265115,0.05337240942658039,7d0021e1fdb7e66fdf85e20b9a4f2049750881094444cec4cc23f9d58412ed0f
GABAA,610,19,True,0,0.06495744099748435,0.24462113307288605,0.0037771733748499514,0.034414336394966716,58420b3e2bf0212d5f59f055567d3d5222b0ed6b0323c9568e56a913258fb85c
GABAA,611,19,True,0,0.06696588445036886,0.2064105703778399,-0.010064492871897812,0.047536059979480294,2297cbad205a01715b992878b3e8d90929bfcc77878d3a230f4a81d2c7085c93
GABAA,612,19,True,0,0.05624327106276546,0.1682115496186633,-0.01846849930339811,0.028859741748761714,0c5af95e99fbe352f833a3cda72ebf5182a2bbe18fbdca28b47e76aa8ee85b73
GABAA,613,19,True,0,0.07218011535187192,0.24299690808779495,-0.0274592147310464,0.050554861417635766,b3e8627b0295982e2032a0ac41bfaeea4326b89387fdc56ec0a3d87a57a1ff34
GABAA,614,19,True,0,0.07100838373426384,0.2670693685447492,-0.03900269135453316,0.034374085709124924,1de421a4d8969e886b9883325af047d5431b8568a788740774d7c64487b880b3
GABAA,615,19,True,0,0.07143363531396522,0.25960850200547475,-0.01907228374183778,0.022339130642346827,c3ea080792a1f98aecbf3c579002917490ec338271130e097a22d5330e9df4bb
GABAA,616,19,True,0,0.06836568333480207,0.1864315327214351,-0.034193865600459894,0.035823110399439195,1aaf4ad3f9c2799962b0b1abd6a75c0be6f21187285ae4f50d7947612f1f791e
GABAA,617,19,True,0,0.06458865600569255,0.26738537591919276,-0.016612415756988907,0.02894024312044574,407e1d202d0a789829954a6950f8d8dc81941d06ac9a599c1a1fe49b9fca6fa9
GABAA,618,19,True,0,0.0667751245702758,0.23219201427101066,-0.026396560914281553,0.03135528427096956,ffc2a2f60e0afe2ec9ddfc81a20cd3c32c9186d3e5e378fa0f1351418e6c61c9
GABAA,619,19,True,0,0.060150791104276506,0.23654217148969822,-0.004883948813612982,0.04198146533327529,6dd822029877efd3a34ff94bb9da173771d2c5e5d96d7d10216e47e32a5c9115
GABAA,620,19,True,0,0.07676972784997733,0.2622189387377464,-0.014446434200808378,0.04516126951479826,f12ba64c6f7bac03762b2238cd21bdde6566f9357fffa7051a84265a3fed50d1
GABAA,621,19,True,0,0.06333366092281346,0.22217572536448285,-0.030401635695873397,0.04250472424922225,e3b3cbe204062b41fb3181e5605395348866f53954d6f7edb1b09f29e37981b2
GABAA,622,19,True,0,0.06323913059854588,0.25960850200547475,-0.01889967276536808,0.03288481033296842,86a0cf803b93f0b638862b0ab0320b04110108b58a817ff4f7356c6df26e089f
GABAA,623,19,True,0,0.06918839739525673,0.24063742685307213,0.003930501102319628,0.03558160628438667,6c8b2a9bc285a0a1678604b36394f68db06cd931ae570986533037c768c9c622
GABAA,624,19,True,0,0.07276835654555071,0.24909087021311177,-0.016040541823878485,0.05377491628500086,0c4a541cab39a1b16b508a6eb7a755fc76a7fd73223c4d0492e12fe3debbea19
GABAA,625,19,True,0,0.057005781861500404,0.2341879782693961,-0.009806469409764373,0.03320681581970464,f9ab95e0b090d844a25cede385d267eaacfd2fc358213fdfaf51faf0ef6c1220
GABAA,626,19,True,0,0.07078280700246554,0.25821891257847657,-0.017332060036037378,0.04306823385101122,242822defe196137691e7054727a19edd081d6b46dbe0ae5f2c7b7c40f3d948f
GABAA,627,19,True,0,0.06211368365844416,0.2622189387377464,-0.012376266694032356,0.04693229969184953,880058ef677e450b299d477b6b5bdc15745a95693415a738b817e2cbaedc7470
GABAA,628,19,True,0,0.07426365307724214,0.2666017571182683,-0.007777034794826276,0.050756114846845946,189bca0253d2ba0f18d4fd3f4fcb58824dc9168ef7dc8b618f5cd61cf7a55ba2
GABAA,629,19,True,0,0.07243282329725581,0.2204361098196314,-0.016756845080498906,0.05123912307695078,e00ce199e6b41e951ad9eefd4bc8f316decb8cc570de2360b54174e47b5608ab
GABAA,630,19,True,0,0.0729740984925963,0.25684801788091505,-0.012779783271001266,0.036587873430438456,118c40e8cb9cac9229ae9bef45ee0b06dc4781fed56a696a1389abe3bf45c62a
GABAA,631,19,True,0,0.05893628545032406,0.23567608705356963,-0.017927561253643587,0.0138059852438287,94f07a4d660d7dc2807b596f472f6e72bcaf4c00c4dd8da4602b5ace47456bec
GABAA,632,19,True,0,0.0679742404384115,0.24067415548576698,-0.01285151149301833,0.03493759531091378,9a288b03ca98e9d4da83ae36be010c68e930ca58e2e427f0bbfd7f5a2eec3ff4
GABAA,633,19,True,0,0.0667487493548285,0.24599853037859915,-0.01502686390253416,0.03827840223580503,5b0979b29c2413fa3e12ca2c1a368b837ad8cb55964214f8daec51f5cea59cd5
GABAA,634,19,True,0,0.07655839852752536,0.25179855529557216,-0.0036285156300803756,0.048824081926426954,b8bb16fb6f5cbe4a63de7b61eeb404fcf205dc1fa18297a0853d655a37257171
GABAA,635,19,True,0,0.0640052965607495,0.25179855529557216,-0.02053282002225565,0.03256280484623175,28a3c47474f3f9c85017d38ca5e6074c8fae722d603abbc2c86462eb2daccd0d
GABAA,636,19,True,0,0.06899550035561453,0.2589932062583206,0.0026100767626895394,0.049427842214057605,2edbeb85312005f58c8f5c78f5b30b2e4ceb88a181fff8b9293c1248a15087f8
GABAA,637,19,True,0,0.0717922856104307,0.2670693685447492,-0.017883464339001565,0.039083415952646416,db2a51ed30905cdfd63d1a7b4a2a66e7fa2b43b851d021781ea27fcd10cc8e11
GABAA,638,19,True,0,0.06234332194595218,0.2182438920836201,-0.018245324217842418,0.03179804181523249,53403794a0f1fbd7d830e05ea526c677cb5d97ca506d81e0d66d5528850a7ce7
GABAA,639,19,True,0,0.06659019792817657,0.24695703634583405,-0.029229154767470567,0.038399154293331406,3b96c937f6634a48377a3b879a775fd3c7fccd313ae39ef600c9be39592bb156
GABAA,640,19,True,0,0.07351043082774755,0.262072144984798,-0.023227603430256094,0.025760438938922547,daef798120524642881a618a2ea63d90b9c275d9f2abc0ef95c2ef53dbee198e
GABAA,641,19,True,0,0.07391313512672462,0.23256234182693555,-0.017187827163313463,0.0370708816605434,e8ae97016ca0eb3dbcdfe91c2753ad5ea63fa5af3189e02831f20b6e429e07d6
GABAA,642,19,True,0,0.07039819221611045,0.25915049692456693,-0.036518116134535816,0.03654762274459611,b80bf145cef1698259e153102ab0cef9e5f98e0967a7378688d0d64da989669f
GABAA,643,19,True,0,0.07681396998080692,0.26381836729261826,-0.014948916772814957,0.051118371019424735,66852cc0bf9b1790ab4050090326c024aeb5eac0a490e2acf9f8f447568d304e
GABAA,644,19,True,0,0.06443514660227874,0.2276020063494572,-0.014152913297742709,0.03622561725785989,fbbd14f6da251e338dbb5c633c070b8fd6985da7595dbc50b772d0b1af65acf9
GABAA,645,19,True,0,0.06581635653855948,0.26124851425557066,-0.027978261744299404,0.03244205278870538,8ea0620a2280d949098051b49c3ba74571c8679a97186655035d513698e15125
GABAA,646,19,True,0,0.07436071244331428,0.25179855529557216,-0.010696214758857625,0.045805280488271594,f8297977399a613972e538989fc8933ea70c4a0957d1478c4a34978ad85b4708
GABAA,647,19,True,0,0.06657266184394002,0.22365582862147812,-0.043793614778886436,0.024512667677818456,7fcb045879acbc7624cfc70412f50b5e37716343225c459c577748531461d576
GABAA,648,19,True,0,0.06743256986489986,0.25506362102609403,-0.016571827491522972,0.0400494324128563,ae83761001b29e15179f6a692c373da08a272527ccff0b724c20cec4bcb7acc0
GABAA,649,19,True,0,0.06721146710202862,0.2287037661994594,-0.007744625849808395,0.05441892725847408,71c00c708e42a2a6d0836342818e8e6167329b39c1bb4507d8e93cd51a0563be
GABAA,650,19,True,0,0.07914617033322524,0.26124851425557066,-0.02620161188984582,0.03888216252343624,1553c59824bb508cb373d687101ae2b573cfb0d39053f61c0e6365bad74ef132
GABAA,651,19,True,0,0.07657248893805661,0.2640465520846702,0.0019383220384177058,0.04954859427158409,fddadf2a893f169cbc48613816ffca2e2ce192340441d903b169854c2dd5366c
GABAA,652,19,True,0,0.0724007653908595,0.25960850200547475,-0.014346458364818515,0.029342749978866323,dddda4f416a1e8452591a4fe89b41c94dbc1fdb9a62712c6975ff07cd34090a3
GABAA,653,19,True,0,0.05882762951157054,0.21623911080378513,-0.025578255137177708,0.023707653960977182,bc27ed6883a971c94162f4b93576c6c9f651edb74d468ddc2d5377f4d88346b3
GABAA,654,19,True,0,0.07391256225613753,0.25684801788091505,-0.03481829468213782,0.040290936527908494,ceb826ceb1315dffa8a37623a76decd16a402d0f893bdd8340ccf96ff43a53a0
GABAA,655,19,True,0,0.07659026853015889,0.2291591054215947,-0.015238698262695083,0.049629095643268006,a56fed230afd8b89af49143f9db61a6d37ad5379e764924e18ae77cf28d3daf7
GABAA,656,19,True,0,0.06192460091700206,0.23137115041905656,-0.024885113730596098,0.01807255794308782,60d04c9a3f98bd499d5f8c9af071fe0dfd70a954d335a7242786bdf749b31c15
GABAA,657,19,True,0,0.07329959245871136,0.22570692951389212,-0.008243605970284396,0.03795639674906859,46bd94eb8c9cad318cf23126492deda1d62107129ea96f3f678c57e17a62e184
GABAA,658,19,True,0,0.0704144223705786,0.23908179776298785,-0.01493206912172873,0.05618995743552502,4432f841c28c971fc3937b1280a7de0fb14d1c928107e0f726120d2643d8f6d9
GABAA,659,19,True,0,0.06829698084869096,0.2437033658593397,-0.017132039089528206,0.036306118629543915,dedcb6161a38dfd892fd4b7ea5efe006167c939d06c7426dc87d203b1530c1e9
GABAA,660,19,True,0,0.07516479340608188,0.25575105068328813,-0.012075758815353055,0.04709330243521792,b1fd244dfd905b9a3532e76129fc1ba1d1c94b8efe0ccaa38baf66f4081bc99a
GABAA,661,19,True,0,0.065618729570869,0.21562868857111125,-0.014152678585855005,0.0371111323463853,bd14a567ea848aee2ccf50ab14e5402bceaef9ace315f8e49e4a20bcd1a2ade6
GABAA,662,19,True,0,0.06250082397002178,0.23529367650260422,-0.009589323667829719,0.03622561725786011,b2206037b0ce06f823b5213a83d7d22a1509dfab864c4509321a54cdaae0d62e
GABAA,663,19,True,0,0.07665356264747886,0.25821891257847657,-0.022216215605373346,0.04403425031122066,6f55db6a11ec4b14e47042560dd667d078765621721c3880e2036f1aa88823b0
GABAA,664,19,True,0,0.06777465063968358,0.19004763034612593,-0.015293584038610364,0.04045193927127666,296684e9a5561026ee4de9ffc82d018498bbeb19ae9e5b149bc5df585d3e10a3
GABAA,665,19,True,0,0.0738839530887756,0.21492977077805217,-0.016168773415638826,0.043993999625378755,481419c8b2ecbe11cf001a8f75de3fac55e6044a7d64bde2afc674ebc897a881
GABAA,666,19,True,0,0.06650156511762643,0.218950434032052,-0.00957611555916249,0.044356255797957544,39aceb9782e23d74f3cdb968ffa5e051adf435715132dc3323ef9bd8d7ac82e4
GABAA,667,19,True,0,0.0779364767400067,0.25268592500059506,-0.016119892122521184,0.04254497493506415,c4dbab6585d1dcb0ce445fc063de9114cacfa7ed8e3c43e2e8c87c415cc57f11
GABAA,668,19,True,0,0.07446453261740682,0.23137115041905656,0.008875363450091545,0.04983034907247841,343c81e20b7ba2094781767d5b2a8939f99888ce19df7b0fb2d7c1c2f29292bc
GABAA,669,19,True,0,0.07195383190220707,0.22062428375613424,-0.016166001909015293,0.04318898590853759,0eaf09726375787e8fb33e12c27941119829849c43c8776df61b1ba07fb9155d
GABAA,670,19,True,0,0.07891844460166966,0.24769655279367575,-0.010607249448151945,0.03232130073117945,7cacd0d27a5a6d20c7f4dea281ea4b825233b047c2eb3733e0bd0f1bfb891d26
GABAA,671,19,True,0,0.06909639446544838,0.25050414810816424,-0.012334300900951778,0.049347340842373355,99e1adcc0ecbc966111f33d6aef0beb6f36d99c4db2ba564e57504eaa747721b
GABAA,672,19,True,0,0.06252743951228569,0.19374655127141893,-0.004246589660866773,0.040371437899592744,a29cd788c8deb3cf0209b956b728fe4d1ea67ada9d687fb6f0e8509aa6d59149
GABAA,673,19,True,0,0.07595448570239693,0.24462877837793914,-0.008917381819949721,0.05309065462568585,02b91d2e7bada8bf13507e8c748dfe6fed319ebced1cd97561f80f3fade436ed
GABAA,674,19,True,0,0.06827385302746777,0.21206967519236422,-0.015446863501485275,0.040572691328803034,80a89ccc3699d844b64d436e6646198fffd53add79c2ec3f74ebd4fe45be539c
GABAA,675,19,True,0,0.07378604769030613,0.24115641147958108,-0.03032305142391367,0.045604027059061525,7e5fde88cc8f0b5b81c60bc3cb0e4f3266a9ba5c69dad8ec0b439979ce1ab355
GABAA,676,19,True,0,0.06947845159386573,0.22217572536448285,-0.01884309210754931,0.04286698042180115,16226c789b6934aa83dd8a8531e61a882fdc06a171a72af3a9908b09e2b09a55
GABAA,677,19,True,0,0.0787345193549181,0.25050414810816424,0.008184403258543638,0.03550110491270253,a83e3a086469190fd666eba348ca750d46be53a9383aedc582f1fca2888884f0
GABAA,678,19,True,0,0.07366745475753211,0.23060298022014886,-0.022852036614856797,0.037070881660543176,6f6aaa3866f5780109ddc3736ba1ae4929556338ca6ef196dce0674f2031aa8f
GABAA,679,19,True,0,0.08112026526469616,0.24980090299938887,-0.02754147000980245,0.04793856683790121,71ce61442b0e60568b2134a15465c239004a5944db79ffb0c619a1b7fe722fa6
GABAA,680,19,True,0,0.0677415561224856,0.24464602259951837,0.002889686527592472,0.03469609119586137,5d1d9173a90f02cc36797fa336542a2e13002e057fa2f826fbb671b3db383476
GABAA,681,19,True,0,0.07146519886551657,0.23807414692049042,-0.03292354871339964,0.04862282849721655,ee29359031c3fbedcdc0edda7206bb5eee41a624421704d4d2b069dfb8b07886
GABAA,682,19,True,0,0.07065819087253487,0.23990087457239143,-0.032998206660932894,0.03195904455860099,2ee6477c6d5f4db90ae71eb3c3150898a1f26c8d7555e961e87663fe014257fa
GABAA,683,19,True,0,0.0612293535374832,0.19745773489205448,-0.013135228336840443,0.03851990635085767,c2e2b6e6e907362cb9ad95599de8a36386e91ebba43ed777698e2b738f0295f9
GABAA,684,19,True,0,0.07339707492369674,0.22182034669866016,-0.0061710911326402496,0.05711572320989233,2424a957c2dbc9be81b4ead50ea2a4bbfb1f96a1bf08fe9122fa8aabc1850b79
GABAA,685,19,True,0,0.0720792754347773,0.2287037661994594,-0.01943238363480515,0.04230347082001218,ad825951f05ad7d3c18dd65a26e3120945429d1138ec9b5f92e62cf0763f1af7
GABAA,686,19,True,0,0.06760008584893386,0.2204361098196314,-0.00427889345092769,0.06017477533388971,5ad40dbc2181a3b38097e20fb445a5366bd1768cfc71372bee6c1c69c4ac8f25
GABAA,687,19,True,0,0.06380250131964352,0.18938742327511127,-0.003561249265783939,0.03960667486859348,c93857f0f33d58a4f7ba4255a3c1b38fd994a950fdf6672f7c3a9879066d1a1f
GABAA,688,19,True,0,0.07033142809732561,0.2341879782693961,-0.00683082729246598,0.03493759531091378,844820837cd6118ba552e86260561a2197cd6deb288cc8db2a22b767d55492a5
GABAA,689,19,True,0,0.06720688167817855,0.25192560751320914,-0.023573658600178016,0.04669079557679723,566db5eae5cfa53cd50c3ea9d80f3b78bda1fa4d6fd42771c640aa306ec0950b
GABAA,690,19,True,0,0.06445242720751918,0.23037953794664062,-0.0034909062461179197,0.04652979283342884,bb32ef4d4e5883d2e2f319368ee435171cf86f6c04d16b46ed0b336baf9b2cb9
GABAA,691,19,True,0,0.0712829125419504,0.2589932062583206,0.017557449502842326,0.0544189272584743,12588f8b5510c2bb84b6d465ed5889772bf7ae3b80c61caa0e64ed0df1423532
GABAA,692,19,True,0,0.06385129976739905,0.2045733405222593,-0.034398309978985964,0.030389267810760234,327d69f8fe0258bb1b72045b51ce07358eac128d15e685d25e5b39f14108db5b
GABAA,693,19,True,0,0.06842598055320676,0.2173000028720043,-0.0038253674063040144,0.0485423271255323,9f2d2da1d252c95af8ff25054353394ccfa5703b1362b8201301fe08d75ca33a
GABAA,694,19,True,0,0.060972939636834166,0.22770055452288818,0.0002283568787320167,0.03650737205875443,38edf500b8cda719591605473618585c10a120906d582eea70eb9272f35085d1
GABAA,695,19,True,0,0.07529556299670652,0.2352945782183694,-0.010615152799586802,0.05015235455921485,684cb496d2b6f2a9b1302160131772e7d3786a045c911a32747f56898fcfc1b4
GABAA,696,19,True,0,0.07463961178380867,0.24959526418997952,-0.003226970897542536,0.023828406018503445,d51ec2e1cd9d266b789b5c607eec4efa7b850b3c2564cef4742ded47b375d7b5
GABAA,697,19,True,0,0.0666379544465391,0.21071187730297317,-0.02253035398015868,0.034374085709124924,c89ac56a482517acddee0f098174fcffcd9d2f14afc1c07e867d41ca7967721e
GABAA,698,19,True,0,0.07724850037283244,0.23130029866278146,-0.009843290672237215,0.05949051367457436,fa701de102f0035d324735b0935653be61fbb38856a087cd9674f41b34fd3827
GABAA,699,19,True,0,0.07971001530350826,0.26098925119271876,-0.020067811794323154,0.06089928767904684,452167d2977c34b505119ce62282824b06b583b3074396ad740ea8996b91dc11
GABAA,700,19,True,0,0.06337585930217125,0.2670693685447492,-0.02090285819627713,0.03332756787723101,f9402204abd354260ef601ac4eb95c7eb256b1f5c299ee5de8389d85f023e3a7
GABAA,701,19,True,0,0.06996865305970511,0.23990087457239143,-0.03476378918261602,0.03481684325338763,3f73abcaff1e393192f4f91e64f4278ac735b4a5ad7e257952964a16ff0ad046
GABAA,702,19,True,0,0.07353591959922168,0.243860158914527,-0.018286931390665284,0.04858257781137443,42e06afb7b0c2d92132fceb8666a7753cceb8c1ca71905e99055881339dacf57
GABAA,703,19,True,0,0.07925844204481411,0.2622189387377464,-0.029443154062133825,0.042182718762485805,8b9dca0a713e0bb87225fe4254189c390afafdf4412840f0228cff5f17a1e57d
GABAA,704,19,True,0,0.08037879945920393,0.25000796265282144,-0.03447056373857471,0.0403311872137504,d44c827ec351a4f631f082de4699d14d93519b90f650b3405f3f3506fb6c880c
GABAA,705,19,True,0,0.07328102809008598,0.23238148462074645,-0.016198641535501324,0.04528202157232486,ddde7cb40c0764e36f7c90c4e4d53afdbb1aa7c6964585c048ed121b86b5533b
GABAA,706,19,True,0,0.061981948170754954,0.19358990241346838,-0.041157179907578056,0.009861418031306135,634d33af1220203d2075981d945e72c7e284b362724f2921ed6557c09e6cb4fc
GABAA,707,19,True,0,0.0692683905604594,0.22931937082018758,-0.0069166332225332194,0.04403425031122088,1faa851981454f250c6780dd481e5549fe81948ad650b61bacd6ea708e0f70ae
GABAA,708,19,True,0,0.07540351868112338,0.26124851425557066,-0.015126326376160959,0.05397616971421171,0a20ba8ad1684ae2ca2ebffd8fa52cee40795abe9d84bf8d7c5cfdd702d31bd5
GABAA,709,19,True,0,0.06784248574805385,0.20039561629940603,0.015145621708996249,0.042182718762485805,bb4c18504c92ba169a5bc11a31e511f13d0b5caa0ad9b3347bd2074be11c9e24
GABAA,710,19,True,0,0.06578551203399936,0.24909087021311177,-0.004769174145475175,0.043993999625378755,70f4a51635492238915aefea976651a838a007257aaa1da52e9f961c58936336
GABAA,711,19,True,0,0.07660998824364029,0.2622189387377464,-0.012559951710974904,0.0388016611517521,cc98227d87842899c221b7d508d9ed5483a2a699ef4ed493e83b5f2729cc2ac8
GABAA,712,19,True,0,0.07556694144536387,0.23302760297482164,-0.017544316904724244,0.0371111323463853,5241ce2cb0f159f43d6a24263879bb6d3a72eb8a8e8b518d16eecc8767904250
GABAA,713,19,True,0,0.06869199829265454,0.2516641748279357,0.0165357023666024,0.04970959701495192,26994e24b1f9997b1ecdf2dff246ec46076a9b4537eb8494551481be1f5b02a8
GABAA,714,19,True,0,0.07270584501675832,0.20925371170110624,-0.024128444995440868,0.046288288718376536,cba8bf9178c54bb5200b4f2b39d716b4705cfd11eba4ce118534ab46d17e67a5
GABAA,715,19,True,0,0.0648456662983206,0.24313437650461592,-0.006452684179569346,0.04487951471390417,69c9c584282b3a0c22aa3a01bf83ca76e26b6431ebda7c6c44bc231faff65791
GABAA,716,19,True,0,0.06344450438046408,0.18402808074368832,-0.021401527206546866,0.0351790994259662,8e72dce14380f9aceb61fdb1311a33947af1b8d586d28da4b9c1147bd11415a6
GABAA,717,19,True,0,0.07117041872123143,0.21562868857111125,-0.030722065321707737,0.03803689812075284,acc8f8cd8414160348dd71931d7a00c4e7fdfd119c5262199ae8a727131c33cb
GABAA,718,19,True,0,0.07812322754038609,0.2341879782693961,-0.02260606215430272,0.04669079557679723,ee2bbfa2e954b07d98e7453f15bce7bdb2c2aec747cf9eea86ed171fa052f38a
GABAA,719,19,True,0,0.06902039283062052,0.20979943395582198,-0.013560382178025465,0.049226588784847314,c99e5eab856cbfd9c3e53551e503912285292681d888b79833f53b64a3ba8fa4
GABAA,720,19,True,0,0.06949596483238596,0.26381836729261826,0.005712900647578012,0.05248689433805498,326eb05d44a1d8ceade0ddb0e6bbd81f5dfffbbc5b910285d956afef30205349
GABAA,721,19,True,0,0.06858426902261198,0.23908179776298785,0.003656316713952501,0.04157895847485482,8afb77832a65a789368bedb21ed74d3d07d804ec6c9fdbf35ae26b73d54be829
GABAA,722,19,True,0,0.07005665404303114,0.18161573938675013,0.0026168631143621557,0.04379274619616835,b318e461777ca4468bebd5894c7d71d2877339cf75eab51e92c8db9130399b64
GABAA,723,19,True,0,0.0669545342801061,0.21623911080378513,-0.01892852700841563,0.04318898590853737,0303836dbce4c8092d0b719aebdde21b54bcbd998de09a241ae35b5eedd74b12
GABAA,724,19,True,0,0.07438508226337055,0.26124851425557066,-0.01682211029661662,0.046570043519270854,c2f0488b9a36af263625cc18a5a64f3ca4cedbf3b1145d83ccd0b37ec4c7ff31
GABAA,725,19,True,0,0.06832147016297047,0.2291591054215947,-0.020497393776859996,0.02894024312044574,3c568a3180545b2be23b3cd9b952e8f6dde5c06a23d91015d2ef0c9fa7dc4376
GABAA,726,19,True,0,0.07230998647744474,0.22397916313296082,-0.03986909501100344,0.038680909094225724,d0f79e4784dae237fe36451f2713a85d5f12a1491e439bd9021d077348770de6
GABAA,727,19,True,0,0.06983813276790102,0.26738537591919276,-0.03332097368119458,0.04375249551032656,9a52f4137abc3b79aadc3d999d4a25be055d9f1161052eae1ac355d11e861c2d
GABAA,728,19,True,0,0.07276499546646682,0.2673608226974795,-0.027380848863263196,0.046087035289166245,4f5a8e31f9bfc33c928d1bbaec93369cc4c0bf1934384252b130d17ff1350f72
GABAA,729,19,True,0,0.05850918678911922,0.16430852625453907,-0.020510363270470844,0.027813223916868024,0d40940c52f7aaf09de1d776bd93244d61aac5317864ef5a1e08c236ac825e89
GABAA,730,19,True,0,0.07354028785212258,0.24909087021311177,-0.019495070028630934,0.05429817520094793,23842b3fb1ac822508706804e53dc7605f9e2701450a9b0decd4146c7949b65b
GABAA,731,19,True,0,0.07910324285079295,0.24464602259951837,0.020640950992554474,0.035903611771123445,a30fdee1dfc60db969d96977328a3dc4a91d9ad8c7d8216d6011bcd4670e10c4
GABAA,732,19,True,0,0.07189420224580739,0.23041690512715915,-0.012610314350807839,0.026967959514184292,16749ddef0378fd55770b4ce30267c8cc970926ed1f394837bf9b449b3ecd2f9
GABAA,733,19,True,0,0.07522166401175354,0.22931937082018758,-0.011693927843536844,0.04242422287753833,ba9f9ffa9a2528ea7874d77ecc0d404e5aff1f593b27ad70c67d296fa6f3a203
GABAA,734,19,True,0,0.0686221812293134,0.22412671732097142,-0.0009871354820618627,0.03952617349690912,687e96ff166d9e33fa9fb777e34081c7381e23b663372f6ae96feec89f8252cc
GABAA,735,19,True,0,0.07353348166268624,0.24115641147958108,-0.015242127212278689,0.050756114846845835,317440aeb252d9df4e43e4668b7d611e6c646425c3860634c56d36edae6c16b0
GABAA,736,19,True,0,0.075304555465174,0.20925371170110624,0.006790902301539781,0.05727672595326072,c986091523e3f22b59d4bb18887bdea0f152d47717f7da8666dec61e4f91e122
GABAA,737,19,True,0,0.06642832093863534,0.24462113307288605,-0.0011948407642945469,0.029342749978866656,4f8b4abda461c87981ddd1110a99ffb5b58060c63402dcda6f5d38bc20185cb0
GABAA,738,19,True,0,0.07452888891175824,0.23302760297482164,-0.02446110977015259,0.026806956770816126,7534b03c6fccf74b4e53d84a2af0933b86a410ec0f2e6df32ab51a3e0c14e3e3
GABAA,739,19,True,0,0.0657794165324928,0.19963778226691434,-0.01261182087355639,0.04620778734669262,034427e43d79f262103ab0a370bfa0d6b4ff9affb6d850205e42dbe181f3dd95
GABAA,740,19,True,0,0.06541465834881072,0.2173000028720043,-0.011763427815504768,0.03582311039943942,5dc5944ad7a49345ca83e7c0e04beacd28a1ae28555b7a5b9ff36766b4e54544
GABAA,741,19,True,0,0.07108889595268322,0.22936929820130142,-0.008337075315746123,0.03892241320927847,f67165e9c3d16ce650121fe197b7dca347cb565ed59c34834c0f87dc42242779
GABAA,742,19,True,0,0.06475193396317831,0.20651033508455158,0.014964065023570283,0.04805931889542758,8206bf86ef49ccbf1c288d26f9681d932858d793af5cf359bb0484bd9768134a
GABAA,743,19,True,0,0.07274711119573282,0.2589932062583206,-0.012697583083268738,0.04069344338632952,918ce2e9dff76c219f4313702eda501e1586829b5d530320916856a7c7655b66
GABAA,744,19,True,0,0.06494946043649526,0.19745773489205448,-0.009547663771644288,0.0470933024352177,592c3f4e26e36266c0e8e343251d712f5031fa1c983f1d0782f1bfdb776de54e
GABAA,745,19,True,0,0.06884503533624009,0.20375840367403644,0.004990673539029711,0.04822032163879564,bef4befa98ed5833d2a048902b8e74d6dd17441b421ee8245708e2089ab339e2
GABAA,746,19,True,0,0.06619620834588828,0.24115641147958108,-0.0018991723303813934,0.0351790994259662,946d24cd9577327ec22fcd8fda8dd7d11854ab3c49d39eab0f098b86df3a57e8
GABAA,747,19,True,0,0.07918771027121449,0.24695703634583405,-0.03744569341005799,0.042464473563380234,0cc4631f18b13865cf7a566a1e3b3f516eff0fa30ca6d6b02786dc484e70786e
GABAA,748,19,True,0,0.07087225481911794,0.2341879782693961,-0.009291764344234732,0.0341325815940724,abc4b45073f24bf54ae96fc3ca2968dada07e05a179e48d4378800287135228c
GABAA,749,19,True,0,0.07084603348759082,0.25684801788091505,-0.04355949109939994,0.0341325815940724,f85433ec4fc2f4ee69bebc3941f215a38bea6b2e967aa37789ad8c1f53864d3d
GABAA,750,19,True,0,0.07968384351818902,0.2346462067588031,-0.006515043095137063,0.0512793737627929,1b5b9c2d7551a9b7ca8e8e0c8395e12ef3424785ba6ef653bc26f4e9ff2798fd
GABAA,751,19,True,0,0.07298290585341144,0.2437033658593397,-0.0014497992126156767,0.04121670230227592,12968847f26d889c0b29dbdcf8fbcf5f88f24382020902dca0628fd1e96415b7
GABAA,752,19,True,0,0.07603829150793255,0.24769655279367575,-0.01229604800456574,0.02769247185934176,fd210fb58b0f82f8a0fc03fad2714d1caffad485dc6fcb48a0f0b0d4e6da8791
GABAA,753,19,True,0,0.0690360583708732,0.25268592500059506,-0.005732662570639757,0.04612728597500815,692845bb1ca03700fce8fee72cf77f521ecd9fb5801dd3f20ded386d6f4e4bad
GABAA,754,19,True,0,0.06593831617274065,0.25960850200547475,-0.017544864509701164,0.038278402235805475,c63c0dff8a1c9e23da3e66691636d887caa58199146d0d3690d403326224546b
GABAA,755,19,True,0,0.06929456053265422,0.22000194150410665,-0.014820223231300833,0.03638662000122783,1850f5a6a9930c2e0b153d7f39bd8aad2c0a4cf7a7ad9ef3c8eb9bb10ea35184
GABAA,756,19,True,0,0.06466529787798392,0.23172676210713683,-0.014606058106255038,0.03220054867365307,b1ecf572c3e31e5ea57f860e7532318e4ff1f317f7dddf247fb22e0d99f7b828
GABAA,757,19,True,0,0.06891694529147799,0.24115641147958108,-0.014529030821532896,0.04222296944832793,8e3e30af459f023ecba543329ddc131d6ee17a430943ae5808d1fe3324ee8d5e
GABAA,758,19,True,0,0.07166806444929148,0.22232335742482706,-0.011943249888236807,0.035621856970228793,b5e74c6b652b82a1e696937afa79db5ac6c9762d54d7bd1dee605c243bc47d81
GABAA,759,19,True,0,0.061013828906089015,0.19825500628344347,-0.007951381180649086,0.047697062722849015,f048c9f05b142cdc275206db909b73a64f8dc4580d80147e702fb64be8265c66
GABAA,760,19,True,0,0.07439974375008258,0.22182034669866016,-0.004959220515911467,0.04636879009006056,862da4f04116540a7cf1034e3e9fa9336d134a1ab86927f6a2b0abd50c5f7308
GABAA,761,19,True,0,0.07632110292329501,0.22357151171117093,-0.013708507684381033,0.0324823034745475,5be0d5e67b11bf9b78d306d40daa12a963e83a720b5208ffd9361b247efaa6af
GABAA,762,19,True,0,0.06837144733676448,0.23650038805460727,-0.004112854071468108,0.02636419922655353,2c53406277fe10e69ea362ece0be51b5cf73725005e941f3b9d3e9be01e1db7b
GABAA,763,19,True,0,0.07710452544584614,0.23907022009241025,-0.021915931223886354,0.04053244064296102,0d125045d6eca1c2dfbac5ff89891d60bde87634f5936d3c0416eea5e8f316df
GABAA,764,19,True,0,0.07062593893592975,0.2640465520846702,-0.012788676969640589,0.03425333365159844,026d3e67c1628b500646d7b3042b389042ad20015d586c12cc78d250b92bb597
GABAA,765,19,True,0,0.07115392968583549,0.23775194456465268,-0.030904734247654497,0.04097519818722373,8c200d5ccfff1350532683ad5c778737978b18b5a171fae280dfa2836a0d2ef6
GABAA,766,19,True,0,0.06970917103134008,0.2441648864274054,-0.0070493033874612365,0.05003160250168892,2cc373bba2048399b88fb23d7331388f53ad8fd02af94fd89fa3ebe9d1e2e25b
GABAA,767,19,True,0,0.0738029003517976,0.25268592500059506,-0.016709229412642745,0.05087686690437221,b90cab4d28485ae911e06ae5373938e26b11ebec2ccb71c1f1d8fdcba867483a
GABAA,768,19,True,0,0.07011185657212393,0.23814500973666772,0.01540074003482994,0.04318898590853715,75cad94535ad2c3dadf922072099674764d49a2757c3e7ed17513df67946ed1f
GABAA,769,19,True,0,0.0703911108736555,0.23650038805460727,-0.014581103127800699,0.048663079183058344,bcac822e2ae2efd0cdccc170647232f6240c20b7338366731ed49adafe367e4b
GABAA,770,19,True,0,0.07333911520007257,0.2312598700935068,0.008537804640384561,0.04673104626263913,45e9bbf1b45aea803768c5a2fc4e221ac0c5a1b34bfc96828f9884b40ea7dc74
GABAA,771,19,True,0,0.06104265933895399,0.19125475164723865,-0.010684600275685296,0.033166565133862846,31e59e2f00460a98edbc37b86cf4fca8426dbb30905f9156af5fe97656cb793f
GABAA,772,19,True,0,0.07232122258291127,0.22397916313296082,-0.002493834093158176,0.050071853187531046,5581de053a6cbd4d2c71f835dabc48273f9027e5f8f6e3997792d792ca1c33c3
GABAA,773,19,True,0,0.06855436115584727,0.21240770000770148,0.004502442315581945,0.03042951849660236,9d22a84d03e47d70c4f84516df880d8af8ddb096df23415109a94cc6373412d1
GABAA,774,19,True,0,0.07619752395143913,0.2666017571182683,-0.046996976020113435,0.035621856970228905,a5d1486d0d445fa4f0023e35d04c652bf9747cf4e0e07141b389a568cdcf90c0
GABAA,775,19,True,0,0.07017792675463191,0.23990087457239143,-0.033663840308351345,0.04974984770079405,2506f1be89d4e9f9345f4ebf296c72e1828be81bb12f7ea32cf5e40488bf78c9
GABAA,776,19,True,0,0.061274247750828216,0.22136392490731316,-0.008315370647200337,0.028658488319551312,f6cf6ddf0d881365c0ecd85f1873d22fd1bae744dfcaf94f41e0503b3bda8e76
GABAA,777,19,True,0,0.062273385882578906,0.25435694606105014,-0.008625718429912554,0.038197900864121226,7130b684d34396fd635c551cd93dc537476197f1771759225cc7d23be31f88b4
GABAA,778,19,True,0,0.06764100410465962,0.1908062314019355,-0.013888571624018908,0.04081419544385534,c41642099712f9f919309e066e44d163272bfa67aafc50a5e9aff5c0ee4c057d
GABAA,779,19,True,0,0.06816821319062573,0.22217572536448285,-0.03156040749476241,0.03179804181523249,6b0caeb0f8f733a75add8dec8672e1c0af967dff67d0d608cf4eb351a1b88945
GABAA,780,19,True,0,0.07246183204781653,0.23060298022014886,-0.02911873847902169,0.04258522562090605,52750279712757ab5d096c1d982c06d4c4bcda6de290502d2b0046883a2ba532
GABAA,781,19,True,0,0.07478702039837574,0.2327491159995836,-0.013317911139359762,0.03956642418275136,6c901166fe7f83750e239bfa03cb26d415b6a7a63bf7955171e3fe145ef18c88
GABAA,782,19,True,0,0.07289244916503393,0.24067415548576698,-0.013080558468511416,0.033206815819704416,5c4079dd92fed30d8c7cce0947b23aa555e0a417ad2d4899da676df1c7f3b42e
GABAA,783,19,True,0,0.07492413394165606,0.2505168190566292,-0.017534035740882192,0.061583549338361854,028c910ef749f2dbfc02210d01c426f6f96c96ee2e90f7b58ac8bff8c144a9a9
GABAA,784,19,True,0,0.06145697069741444,0.2055365416846342,-0.0258077913311634,0.025196929337133578,d8f6a088973ea12d2be8ab85835dfb2d97900523662a1e918cedca96b7f99cf8
GABAA,785,19,True,0,0.06439188055642865,0.2670693685447492,-0.008188978845496298,0.016221026394352522,3959ab02529527d4d908b7e5b9312bc447fe49e1e69bab46fe42e8952976f3d5
GABAA,786,19,True,0,0.07334078656944654,0.25302499944646406,0.0018963004014513896,0.044758762656378015,35d09b65b78e8d879d92632e50ac624223c7204813c9eedaa1a6ef230f849f6e
GABAA,787,19,True,0,0.0725280234476826,0.27057778765285784,-0.014187695054740823,0.03843940497917353,58c2d9ecdfcaf4ba942e86cc4e83e574a0224f144ab7f7897cebfb67eeb1ab4e
GABAA,788,19,True,0,0.06596149961133237,0.20816690577171498,-0.003984757973784392,0.029262248607182184,fa64497c15f4290e79468e0f37d5929bf3607821e4964cde834066b061da510f
GABAA,789,19,True,0,0.07770110326310069,0.2673608226974795,-0.03134546087633505,0.03884191183759411,793e1dc4963cd7545f1e1028d0e4a45dee5fb25436bf0bf5d62b4e17d7c84d23
GABAA,790,19,True,0,0.06890202344309027,0.2670693685447492,-0.02356112564876711,0.03272380758959992,ebd0839af5f81403c10468f2d583e3e6dbfb11984575b3bd88376d1e0f01fda8
GABAA,791,19,True,0,0.07141917807984519,0.2640465520846702,-0.009524980043289277,0.040854446129697686,88a6d43e3eefcc82ab609de91c8dc849ed4fdf850ab9ee079ad13c05b80a845c
GABAA,792,19,True,0,0.06534866846982323,0.2287037661994594,-0.02220522741817832,0.03252255416038963,6e0c4c3490b3f67a35b534a11bbf7085e0148bd07462e5e5f66cc903f306b0a1
GABAA,793,19,True,0,0.07013254385667973,0.270048680232652,0.005848723864191552,0.04995110113000478,656ad3ea58b85dbf8b4af280c6528406de2e8788a8a6e72b219820afcec13cf5
GABAA,794,19,True,0,0.07757377953425039,0.22770055452288818,-0.026606500538640887,0.052728398453107284,99653a9495083789036d52a7ab516c30000798c04290abffdd9d4637a6788227
GABAA,795,19,True,0,0.07591699799204736,0.24909087021311177,-0.0034913072611051366,0.05675346703731399,682ab5303e743dae3d34c92ec1ea08d53387f73f483ab727e7b78f101d7b4d53
GABAA,796,19,True,0,0.0783941831473335,0.2622189387377464,-0.020243858955522942,0.04773731340869114,527ef83097985e22727085bd783c23658b7e1d4d260f0fd0e9e1d5102b59821e
GABAA,797,19,True,0,0.05962680172277913,0.2673608226974795,-0.02150062387566587,0.030107513009865694,8216e24b35abc0e5aba50ccf58c9ebb951a91ea2f5aea9e146a2b29f684f69fc
GABAA,798,19,True,0,0.06958718757286057,0.2064105703778399,-0.014491775688175279,0.0425852256209065,3917c5365c18c8ce576c49b056570fd6673a2c941b7f4321cffeb3ae331c85f6
GABAA,799,19,True,0,0.06813640700892842,0.270048680232652,-0.00896765898116425,0.037755143319858187,647dbe1153d8357506e683cde41119c2a75de3296b7f649843aafb40f1affed7
GABAA,800,19,True,0,0.06368713379207044,0.2312598700935068,-0.006787316643644292,0.05015235455921507,df2a96566ae515520f56fa5f11b41647ab3fe512e34cbd084fa9ac5e42bd9de6
GABAA,801,19,True,0,0.07856226264021152,0.2640465520846702,-0.027793405260418735,0.04717380380690217,6c3bf28e569e985d1ca527078c0529fec9e1bc88e5fcbf1772ef550b1daf00d3
GABAA,802,19,True,0,0.06433393170593839,0.24067415548576698,-0.02732735800942976,0.03912366663848843,3f759f3f25a37ec2594779b8aace62b5f0aa024df77dc4f2fa2e3764af757af6
GABAA,803,19,True,0,0.07421884188698846,0.25771042629947477,-0.023676992490717197,0.030872276040864954,4858faebe90fb8d96e6d6754a35e58880b683d8232b3574b9165a291734781f5
GABAA,804,19,True,0,0.07668466087427744,0.25192560751320914,-0.017842700408475354,0.050836616218530195,968c7409b8a6b3bad299f204ba0d61c7add4f388b1b7d79e2d52d865a775c03f
GABAA,805,19,True,0,0.07319965396804967,0.23302760297482164,-0.010035886245953973,0.043993999625378755,ff2b7129fccae3cafa6399879087baf8bb585da0cc5c7648b5d5a852fed42dac
GABAA,806,19,True,0,0.07029701758764388,0.24909087021311177,0.013366310574736584,0.04250472424922225,b49ce7fb88f7702720271199a53df6874074bf9750b50f491affc3df6ca70670
GABAA,807,19,True,0,0.06981008696948984,0.22365582862147812,-0.02554816300259999,0.020688852522822376,851b76836d6bc28630a47b0dff04b791128c72586b265221388198bfaf3e6d65
GABAA,808,19,True,0,0.0720790532221808,0.24942330699225887,-0.004518914234656224,0.04979009838663628,b496c4000d3f7f3cacd512e45c186394ca71c35a155125f8dbb581bb4eb5747a
GABAA,809,19,True,0,0.07585272984043076,0.23650038805460727,-0.004691540857183929,0.045805280488271705,83e68327a510b33aee2ea133f1b6352608bbbb65489b90896c0292b26b0faf51
GABAA,810,19,True,0,0.07571466342425574,0.23990087457239143,0.004932851962642593,0.05031335730258313,bd362bbc533d0469baad493617d3ed6d6c11c16dd8dbccb2f420c40fab270bf1
GABAA,811,19,True,0,0.06810135681632193,0.23238148462074645,-0.01377184028153211,0.030268515753234193,8ec7ab9729dd612fd3adc644794c098328c54148efcbaf826a861cf33e2f357e
GABAA,812,19,True,0,0.06688734242618158,0.19381006621234037,-0.0036187162975189757,0.03348857062059929,bf36c1ddcd22ecd539f4703859b0e0788faf0654d35cd7c8051fc385fcb2b743
GABAA,813,19,True,0,0.07109596328609617,0.22217572536448285,-0.016233281755905438,0.04958884495742588,4c99a62e1be625fff215b1e99ca9da1d29b88edcafb0e725dc213a337e80b8c0
GABAA,814,19,True,0,0.06430692937338885,0.23256234182693555,-0.01067022439857701,0.033367818563072804,42e15dd1a04c8c39b5137e9bf9e1df203b2bee5b0668dac9c5f616e55f93af41
GABAA,815,19,True,0,0.07228986208037802,0.21240770000770148,-0.00698400703118307,0.04214246807664368,0ced910a0e9083125707341e2d6c46d7c6e01ba2eb73ab95c49820b6ebac824a
GABAA,816,19,True,0,0.07604109856768823,0.2352945782183694,-0.01983506681968472,0.05546544509036766,6be506ae2279ec2b508ea8b25ad0239a75d4aea1b8d483fbe7e45b9a0a679cb7
GABAA,817,19,True,0,0.06323122359925334,0.2673608226974795,-0.021120990421526376,0.026887458142500376,3afce8180590a876a997b3187b8ea238867e1efa8a551f395315868951d3687f
GABAA,818,19,True,0,0.06711643139974652,0.18937746480599296,-0.012605527808153383,0.0483410736963219,cfaf3c716aa1a58dc79b4d5e514ccd381eb7bd2047742f6d16c5b9daca6b7414
GABAA,819,19,True,0,0.07588906633193229,0.25771042629947477,-0.03004711771069024,0.039324920067699054,d3e119b96d2fe0af750284e8627b42e6556ffd2bd923a6d0764adfc4d51609a0
GABAA,820,19,True,0,0.07787285781300238,0.26870449868105456,0.007264608165327591,0.04946809289989984,75f175019b5becf5ebb336cc0462a6f9342dbea86d937431ddeb2036f1b71f22
GABAA,821,19,True,0,0.0727629291135505,0.2166726617664438,0.010128324044552883,0.044396506483799225,0c210ddbd461820b7fa85f294bd6eab0d4479744d81ec40463b0c5131d404851
GABAA,822,19,True,0,0.06332719067999315,0.17894845111016233,-0.04570968287370558,0.018837320974086857,996c57908e9c23f0bfb0a2a0c69335ce3e5eae731150ffff925026e98765fd6d
GABAA,823,19,True,0,0.07477940469047012,0.2055365416846342,-0.030450312613037323,0.04403425031122066,cc888d94a6cc70c54439a31126343e6db3854a85a15ae5f3ea2738b90f8cc63b
GABAA,824,19,True,0,0.07352666964440761,0.2291591054215947,0.004403176281497334,0.04101544887306563,ff6bc2f28a9e56751c6d238ae547f4cf2407541549ed4228f2cdbdaa020fbace
GABAA,825,19,True,0,0.07191192202797701,0.27057778765285784,-0.018955173390649005,0.03807714880659463,35e6e57381d9fd483f475bb8c86490d3dda03c5b2e6937a15c4477941659aa77
GABAA,826,19,True,0,0.0685464567510593,0.2505168190566292,-0.009168009665476484,0.04061294201464494,bb596b5b149e35db7210d6cdae3c7565e2b7ebf0d482a5d0b510fc572337b852
GABAA,827,19,True,0,0.06391106105758619,0.1921296157025382,-0.021847435992329522,0.04069344338632941,3584418bbf61b047844380bbc1f4492ce2da6645e66aa7f5e5ce53d281d7e803
GABAA,828,19,True,0,0.07255693454341144,0.2355255571901873,0.033671970317332045,0.04423550374043117,aa89dc5c3e3697f0e3e6481dbe6ee54eb40310764507cb1468d0cd8c79f6c12b
GABAA,829,19,True,0,0.07450422594068937,0.262072144984798,-0.028288251388314478,0.05526419166115759,3e53a33e0bd85402626d0ed359209f744e4463f2fe73daf6201cb34b91a66637
GABAA,830,19,True,0,0.06787345227597301,0.20301424922086403,-0.02398596242545703,0.03972742692611975,f67218a1fa65af7bbfb5bd90fbb1d8ffcaafee0fe143a2abc6f84785fcff058c
GABAA,831,19,True,0,0.06880908669014597,0.22365582862147812,-0.005274229169667466,0.019199577146665647,cb18b19d0a271804a217791c0d827efd77db82848efc463f7fd661030fa52f9d
GABAA,832,19,True,0,0.07484859766213718,0.25372758854577326,-0.020752572504202815,0.03747338851896387,8f207e8ef3b6860569b1ce29b570b03846bf2447b3eb82e18f579aab10008fba
GABAA,833,19,True,0,0.05877852013742921,0.23908179776298785,-0.02486813663971188,0.03063077192581254,ef637265f7c1e53cbdeff730c6baf263cfda7c91f182223371b1d6cbc0e4754d
GABAA,834,19,True,0,0.07713339853219778,0.26878741977916587,-0.02710322640375029,0.04540277362985101,cf8218d4ab7365dfc4d0e5ba3b7aae26e5fd03b0b6fca94885eda0c33ff8a72a
GABAA,835,19,True,0,0.06875747137206627,0.22000194150410665,-0.02428209185832708,0.03216029798781128,5d675cde56cc6cf9f0800f54353b16bae6c59b92aa492f73b20116d89dc9fc56
GABAA,836,19,True,0,0.06442081113529405,0.21492977077805217,-0.010127123575509156,0.049991351815846574,7ccc0d81631f4dfbfa7b7c36d990c44c8965ffcb46c983cb790137c603467a7d
GABAA,837,19,True,0,0.06002839513288734,0.2088036721813845,-0.017113553489153555,0.018595816859034442,f147c79cefc22e5c458efa75a1017887f1211205a243271e9b8517f653fb74d8
GABAA,838,19,True,0,0.06830114379804553,0.26761754752779926,-0.001834869875883438,0.05180263267873997,a8393815af4d850ae4db7bad52a3d6f1572bdc474fa075af5f6e121441559de5
GABAA,839,19,True,0,0.0768458885677827,0.20901467574246493,-0.025258415920948796,0.04343049002358956,98584fa14e093a3f7b2572521b1e6be2dc2db97eda410eca89f000bafbefcfc0
GABAA,840,19,True,0,0.07103496489476288,0.24507413767500116,-0.005832015492013287,0.051883134050423774,d78159577da5cc9b7c78ae83fcd967787a04f1cefb00b681a62211cb99b5bb9f
GABAA,841,19,True,0,0.06994148063251243,0.2355255571901873,-0.004784025158404814,0.0517221313070555,6e77fac85b3398b2e29bc9b15624be3e6f08b1cc4e3bb9717352517f6c44fc6c
GABAA,842,19,True,0,0.07093244906103897,0.23775194456465268,-0.01802962000100594,0.046489542147586715,2cdd9dd59f1990141f584bf3289ddf53c93c33a3a6d3d0f931779fb70c18ac24
GABAA,843,19,True,0,0.07545671035263497,0.21223272073788021,-0.01398338429788648,0.052245390223002564,dbda055201670e015dcad5c7496633f1e748a5eacb0431228ee236425f0d8aeb
GABAA,844,19,True,0,0.0713777779260098,0.25575105068328813,-0.009105479065059319,0.05538494371868363,d84c8a6548bc3e34edcf9359729be226a23853bb628ffe6c86c772045b243479
GABAA,845,19,True,0,0.06798418955884629,0.22770055452288818,-0.02875629847229888,0.04165945984653907,9132dff158ca332421881b0fd453c6c52de6b780625f63fd3fd5525b8bdf6897
GABAA,846,19,True,0,0.08338219432464926,0.25821891257847657,-0.02122212720265315,0.043631743452799965,52909af2bd0fc673b7cbb5107d7fdc9c778e53c03653492d0b9824458a23a6be
GABAA,847,19,True,0,0.06275048610832341,0.25268592500059506,-0.017108096431341924,0.037634391262332034,cb82c331151efdc133dec0704a3a846bbdda5e1578a09f13830b9928e84cc1c2
GABAA,848,19,True,0,0.06852117734269063,0.21128507818065653,-0.012400579425248415,0.043792746196168464,6b24be38f82017bd4c766d05cf24703c9d12177a355d8e59f4d93f252adf1560
GABAA,849,19,True,0,0.0782370660759564,0.2589932062583206,-0.0027092833605393274,0.0491460874131634,7cfe00c9e51bc07d91e486567e54be1c43c4d48b54ba333dacdc838f39ceb3c7
GABAA,850,19,True,0,0.05564530708073991,0.16702681260065186,0.0021728858190461775,0.029262248607182406,e92bc4d24d9c133fbf6d16af5ee78896d0888346b6d913f23f9c7fd7241d3098
GABAA,851,19,True,0,0.07098244378012764,0.25268592500059506,0.006021268250528511,0.04053244064296102,3e68913f74bee011e815e2bed4e7a8ee81246f1cbcc0d7f46d8c2c1034b12eee
GABAA,852,19,True,0,0.070172347360901,0.2516641748279357,-0.0187924107842814,0.0353803528551766,acbb73dcd0d787d98d7373e9dc39c240c732ae93b174c8b0bb2d1f4541303ccc
GABAA,853,19,True,0,0.0671815955703858,0.17118691051089138,-0.004633088136980712,0.034776592567545284,b27a79cd8f48e6ebc7f664e4a9d7b7abf5fa16f621c2db4e8a29cfc3a007ce8d
GABAA,854,19,True,0,0.06579547035830173,0.24507413767500116,-0.01487824076304145,0.03634636931538604,982254083e0bf912024cba4b7cad999ec4458c216182bf39a461e95e409105d7
GABAA,855,19,True,0,0.06833735165590317,0.23219201427101066,-0.01170418473075685,0.03908341595264664,5fe507c538a38b0af19af7b09f10e50fdc5c578010e95424cf3d2e7a8c6cfbb2
GABAA,856,19,True,0,0.06646858064326554,0.2173000028720043,-0.023275544363831502,0.03320681581970486,837e8cae7d4bcfb17286e1963ad97fa407e44e057cc152ff6a15c2cfb9b4ad58
GABAA,857,19,True,0,0.0739796744961237,0.2413807724748212,-0.013454992182387882,0.04089469681553959,cb5183480f80e17bf3d504d19a9f3e139cd254810a3a2a9648488e3b16c50ea8
GABAA,858,19,True,0,0.07076638251809501,0.2657371918489867,-0.028166218046535407,0.03312631444802072,66c91e102ca09806a286529a55a8ff13c5cd08b105963079431b762a72b8a69a
GABAA,859,19,True,0,0.08025885548477917,0.2659763824655771,-0.014795470437489522,0.024190662191082013,6520ba32bdb9885d86b580bbdcfbda051927538463e01b67b0eb262be07126cf
GABAA,860,19,True,0,0.07161839568220989,0.24462877837793914,-0.02040568442976265,0.03280430896128417,69d553d8696dfbc038035435ca0860695d3fff5fbf19c93fbb33d424a73d6800
GABAA,861,19,True,0,0.06600523501605043,0.24462113307288605,-0.003991377011051789,0.044839264028062265,203871405fa34e4533fc0b5af280af5c016dbe349cfb44f3d3c5ec0bcb045831
GABAA,862,19,True,0,0.07596394258246131,0.27073079373725994,-0.0031660341605888043,0.03682937754549065,43b1137941f306ea4c557bc6ab89bce76d5d81d52609d10847d6dc9667dcdb94
GABAA,863,19,True,0,0.06646347432270094,0.20301424922086403,-0.014729714527334403,0.03872115978006785,6b0e42440845ef34259df444e477ca87249b006e3a269aa0b502e73c9ecde99d
GABAA,864,19,True,0,0.06688088040754635,0.24980090299938887,-0.008948615493302059,0.03682937754549087,323dd6f250d166782b229cb8509feb71e780d9f937d4509b4026d86251f0f19d
GABAA,865,19,True,0,0.06553246826474858,0.26098925119271876,0.01985624140218456,0.044960016085588306,afbf2b159ccb76cc3cd27300c37b06e68a658a8fecc40f0181c4d1cd1900d093
GABAA,866,19,True,0,0.07083755634244293,0.22681394133090774,-0.02079734725855298,0.03759414057649024,d1d170c2fafee93ecd33df7785e95c576cfd83cda6ad03239010e50c85d4e266
GABAA,867,19,True,0,0.06937511301402899,0.26098925119271876,-0.015179972926829155,0.02841698420449912,256a869f3a2eec8bce6ebf77686b3c76e0784488532e53311d34a9c4cf38a99c
GABAA,868,19,True,0,0.06927783108446929,0.21128507818065653,-0.02167957787126551,0.04182046258990724,3414b716fc2af021371c0000de85bab2fbeab8b163a5b8965a6c8ca42bbdf5c5
GABAA,869,19,True,0,0.07697000993042297,0.2657371918489867,-0.023959592679425157,0.0426254763067484,1dee038094583553c9fa67b56fa404607b20532d58dd97f392cc417aa9cfe55b
GABAA,870,19,True,0,0.06605001991957993,0.22062428375613424,-0.019411881927207997,0.03034901712491811,4265481ef4d7fac8822c7ebca6027e7ec157e805c7c705fc7eb93b033c912bef
GABAA,871,19,True,0,0.06411415802277172,0.26738537591919276,-0.025513842104709417,0.03300556239049457,f75140b9ca9804f9006b02fec58d268d85bb83973e31f89e3fbf187e269f7590
GABAA,872,19,True,0,0.07513222564965831,0.25372758854577326,-0.042469592206496376,0.041055699558907977,1f3c7b03505a6c25c5c647414d37b6cbe6741b77a85b0dd96f3737044faddfe5
GABAA,873,19,True,0,0.05918096858764456,0.24462877837793914,-0.0009180432368958158,0.009177156371991124,f38daf787f192f788f025034caf59e81bb20770f67915d35c46c389b42551b5a
GABAA,874,19,True,0,0.07199444642059079,0.22020356990485884,0.014264772827672356,0.0322810500453371,67551c312dea002c862479a5d8aee3933291554a6c6f686fd2c9b65bfece7b08
GABAA,875,19,True,0,0.07270299351856618,0.23172676210713683,-0.0014793941601127791,0.051520877877845095,2f02f6e07645f76f7519482a9e5d81b0ba9c899fa754a5bd07b452ff99b467f8
GABAA,876,19,True,0,0.07019834467365199,0.20375840367403644,-0.01020527701402374,0.03014776369570782,5b0c3c12a0a1783c4db7ef67d27d0bc98e9434837996b9d396bcbca22b416b20
GABAA,877,19,True,0,0.07341261907679625,0.2403259446396795,-0.03724960452058257,0.03461558982417701,5b96f34e47b462dfc4c1d9e86f08cd28e51a5d4fce77a829e51c00af374780d4
GABAA,878,19,True,0,0.07609877864163121,0.2666207005815847,-0.024278321385152513,0.05462018068768437,6825bd835ed067f1abfd36063354e4fb01be0e1388341314b6974a7a652205b6
GABAA,879,19,True,0,0.06779034697283529,0.21492977077805217,-0.006909955642123267,0.053613913541632585,656a66a6edfc19bbb5f969903df7470d5cb89a67b56ebd6c071f29a1b6cc2743
GABAA,880,19,True,0,0.07909842099779857,0.23529367650260422,-0.008177579271560154,0.0462077873466924,082c16d83ae09ad0abeb8245669b6fb086b3a8bc590a8e2b2d9b98e5fc0294ed
GABAA,881,19,True,0,0.07396510879010967,0.25575105068328813,-0.025313239795349496,0.0468115476343236,baa04bc081f900316d2f4818318bf097b435f6e329624ab1811b2b18da2b4fee
GABAA,882,19,True,0,0.07204396479699567,0.25372758854577326,-0.029030615786636016,0.03795639674906881,01627c01679d172ad31d6d042998d68ee3dbba89cd6a5cd9f8bc54713130b99a
GABAA,883,19,True,0,0.07047093474004507,0.22217572536448285,0.004776741907128068,0.020608351151137905,5442132d97a15bdcb1242574734cfcf4d1c26f6527091f73511352e07cd8dcc2
GABAA,884,19,True,0,0.0708312713929626,0.25684801788091505,0.0024080593047350884,0.04178021190406522,0b32409e94e1e899882e333b47ad856543f024b3ac2734091a96215e91774518
GABAA,885,19,True,0,0.06846341832124662,0.270048680232652,0.009683526936055342,0.03131503358512777,79f7972fa44af4ebf137b4027873f6b9e5cad8683745d39473a7964be272f69e
GABAA,886,19,True,0,0.07297459995027651,0.26098925119271876,-0.01751173534217587,0.04596628323164009,67c5e8f0288380d3c78486318426ad50a01f159dec8dd31b4ade814a39263edb
GABAA,887,19,True,0,0.06943497935572787,0.21266700297190785,-0.005807583696304963,0.04496001608558842,f2f61b86b927e29355ee05bef133e0ed07d9c42e6ed0cfc76e441d8b0e8c6d0c
GABAA,888,19,True,0,0.06344554209958475,0.21071187730297317,-0.010021875407641767,0.03175779112939037,70bace15fa8c030a9f1aeca714dff9d68d7b981c4938514899931aa898f1ad2f
GABAA,889,19,True,0,0.06708499449707624,0.25192560751320914,-0.00015009035116975156,0.046650544890955215,ff3ee54ca8dcdb7713c5b9ede5bd7eb73f0b1b015f40c4d0a6f09ddb1df06174
GABAA,890,19,True,0,0.06127166038737023,0.17972241737296132,-0.005560825250587653,0.01875681960240283,67e157b09d4c338391d3be51ca0aab7601f1e06716567cd4bdcc24b825f8a689
GABAA,891,19,True,0,0.07085018798735543,0.22062428375613424,-0.011516035122905555,0.051037869647740264,d9ab91aac1d8cd1be6e1da0b20f5e182761175540c387833172c57c45de1e1bb
GABAA,892,19,True,0,0.06902811338681085,0.25268592500059506,0.00908172221302661,0.03630611862954414,077277da0ba05fb6b97b1c18800b7c5746ef9fd2a77fe771770ecbeba5aa5cd7
GABAA,893,19,True,0,0.06028120393251876,0.1608396557348432,-0.020631632537693623,0.03332756787723101,0211282d0a54c9515d5b02c256910391bf6a51e651d9b9ee4ac29d85e96395bf
GABAA,894,19,True,0,0.07399073695571566,0.24599853037859915,-0.007302392157712445,0.0517623819928974,d804d6329b41fa6c7a9f0cd5699d23e2ece946707f4d24357db0d6bebc0a11e4
GABAA,895,19,True,0,0.0698493247254975,0.19374655127141893,-0.021647551723636305,0.034655840510019464,b55772773416ef14c073752f070a0fceed9104e0ea22b03334f4ec7e6f427979
GABAA,896,19,True,0,0.06713935471177122,0.19123878477971318,-0.0339741566485956,0.037070881660543065,d7a0ee5559c276cb3e4b21ae67bb0a4ac3d7af595467395fdc782064c23ae3a1
GABAA,897,19,True,0,0.07222224873111474,0.23219201427101066,-0.030086836850281573,0.04862282849721633,651210675dbd1754dc3114d022ac595180d04c5b073eb90b3dfa161a93a053fc
GABAA,898,19,True,0,0.055963078560340065,0.23302760297482164,-0.013798615487079502,0.034776592567545506,c2ba5c40199cf6ae257892d00c91f83f52245817237905faa872815258c1f8ce
GABAA,899,19,True,0,0.07603718332444216,0.27073079373725994,-0.03191075082182904,0.04246447356338012,789e5ccb4a3873a16d1d7997d5c81eb09eabcc606d6edc20865af005adcb22f8
GABAA,900,19,True,0,0.06294255483223216,0.24362036570650095,-0.02206936732891207,0.0371111323463853,b500b395950b6fcb504ef3f5ca02025b2f705310defb870e885a742abc0536b7
GABAA,901,19,True,0,0.06902395480077254,0.21128507818065653,0.003614518851920989,0.04419525305458882,77b0743edd4dca9f32b3b8005df8f17ccf618166c9421366a7b8e7abdcce2522
GABAA,902,19,True,0,0.07489667564346626,0.2589932062583206,0.01671615043253394,0.04423550374043117,9d0ac86ca13cf3d4dfb23542b009c5d46209aecc4cdab303437c1a173bf7e9d2
GABAA,903,19,True,0,0.06489161866372725,0.19374655127141893,-0.0011975067540495044,0.05031335730258313,3f6cdfbfd6af38559f7f8e2ec1532efecaf1ab084bc4d561263fdc84d410f128
GABAA,904,19,True,0,0.06489826654999338,0.23497416707476657,-0.024845825160103585,0.03550110491270275,7648d7f12f8305a8bfcd75007353a31c971f1cb018d59b5c81695626b7ec923f
GABAA,905,19,True,0,0.06890360701990254,0.24507413767500116,-0.024077853975152053,0.03280430896128417,0e0fbca1176dcb71006ff3278cbccb225e23aabb132e4a2a7943e0d6bf4536b3
GABAA,906,19,True,0,0.07227641375739505,0.24695703634583405,-0.015283340023316772,0.046288288718376536,e9cece8cfc2d22d9678be9f405513878a54fc4b7c1e84bc05e27f35e4cdfc78f
GABAA,907,19,True,0,0.06622509319496754,0.21071187730297317,0.008835745764387726,0.028577986947867062,4eef8ffe3e340aa7acb509bbebd458d3c4a5b626e85192960084f103c523f44c
GABAA,908,19,True,0,0.06661734490834184,0.2346462067588031,0.008463603662467678,0.047334806550270225,a8b5664bee0730e2062000830015c24894205e73ce4cfde5ef3698546b4ed26a
GABAA,909,19,True,0,0.06417004730402977,0.27057778765285784,-0.018735620566756817,0.030308766439075985,f281bda9e363a21300576becff49f974b3c9d0afbf2c7e4ee581846b8e4368d8
GABAA,910,19,True,0,0.06996846514728094,0.24462113307288605,-0.008099294466135776,0.050554861417635544,68ef62353de9d1819cf682663fc6a2b4da6d0d78bb09b8d81b710f8b6a99d7fa
GABAA,911,19,True,0,0.06621206855430013,0.2028797034095285,-0.01785259254815741,0.034092330908230495,bff105a8fbd28b84ff04db705cedcde3a9bdfef0b4475be2ef73f4b99460ef3e
GABAA,912,19,True,0,0.06957244261774662,0.25506362102609403,-0.019914537386942044,0.03300556239049457,198b93b4b6d750f25eac08aa2d3584ba982358c1709f16123fc2332fd69d17f4
GABAA,913,19,True,0,0.06507280200321344,0.19358990241346838,-0.029206695762894475,0.01875681960240294,2dfd915bdad9cc94cd29de33a6051cec6b3a148e4fbc0bc779f79329082e0e98
GABAA,914,19,True,0,0.06948441367749379,0.2312598700935068,-0.01981272396118028,0.03920416801017268,d93757f6b37b01d67499a142e12a3f91e86d6393e7dca722f20bbc1c08b421ed
GABAA,915,19,True,0,0.06357996142265844,0.22020356990485884,-0.008298344337159591,0.007848883739202672,bc9de16fcad6e8c7e01d253b9d1f6452df600223486d177e65555c0f89269299
GABAA,916,19,True,0,0.06604803334008016,0.22000194150410665,-0.01718877801411489,0.037996647434910935,698df0686f49a5419d0a2f8e41141bee7ab6e04172b42d568eace4fd63c16ecf
GABAA,917,19,True,0,0.064750922897928,0.25915049692456693,-0.014228002721325517,0.014329244159775434,cdcb878d22a9169a015f14bdb489432f3931c1edc39415a6fd0e6aaa729b3655
GABAA,918,19,True,0,0.06501193433205424,0.23137115041905656,-0.00202286403102403,0.034776592567545506,7d5a44ceb65a35ced69e8baedcaecd990cc5ab7845c4b7955d99756ef8ae71af
GABAA,919,19,True,0,0.07259947364666297,0.18974418454426825,0.0016531087809625866,0.025921441682290935,78c9b6904f9abcbe02459ca675f095b0bf685c093d2c8a1460c020aefe74b6be
GABAA,920,19,True,0,0.07631995715901861,0.246225514758039,-0.012582517456332099,0.05562644783373594,9d78fe77c00174b109ea360c167ba7a534a843b02f2cff29bddc149bb799d060
GABAA,921,19,True,0,0.06629054881182089,0.23990087457239143,-0.009910404277770457,0.049588844957426215,7f96da14556340b4974186383313b0bc1419b7c1b1dd31fce3176480fb539a12
GABAA,922,19,True,0,0.07120639488483323,0.25771042629947477,-0.013715526822060342,0.04934734084237369,78532ba6204c3d6ffe2a4d97816740c035d187e137b8f7171d6aa19f018c9d9b
GABAA,923,19,True,0,0.07037521980531328,0.25684801788091505,-0.023108466784608428,0.023184395045030115,5d1bdf7df95c9e55e914d28ed0e54e742d915346e831eb422d88159f00d2a433
GABAA,924,19,True,0,0.06893593277310561,0.24769655279367575,-0.005873139603217226,0.047133553121060046,c2ca4ba19ea26c97b389eed7fc53fb53fcfa8bd64281ae97ee649ed8a992fd2b
GABAA,925,19,True,0,0.07410876633138382,0.24695703634583405,-0.02434259583624665,0.04504051745727233,102865b6cc8b4e82a6b88ecfd09419be8690aa558c14f2925ffbcda4936f805c
GABAA,926,19,True,0,0.07311128883856526,0.24676939235076603,-0.040695491627206426,0.03662812411628036,0b6a813df4d4390e3f95407cebdb1936e44f56f9529e500d70e944c9f48ee6dc
GABAA,927,19,True,0,0.06273934412965092,0.21223272073788021,-0.03303824409688727,0.03183829250107484,2beb9db00ab1fa79aae4baa1104ca3dfe01d113ec7fa866371b83835c0e5cf9f
GABAA,928,19,True,0,0.0622260249536205,0.25050414810816424,-0.0014178571461447298,0.023667403275134946,6302819f9161b1772252b6b8944cf7b20cb6f36e9c0e89a7af6d89898c50557a
GABAA,929,19,True,0,0.06389606211384143,0.24362036570650095,0.004937433944131042,0.03473634188170349,9a575be38ca0e38ec81dea6f0f87b81eba0ffff9c24162578d79e7406eb4c9ac
GABAA,930,19,True,0,0.0675217556056397,0.23497416707476657,-0.01897513875666812,0.030952777412549204,3c8da992fd28fed65a0ecb569ff648b4a070a22d733ba466592c7067003033fe
GABAA,931,19,True,0,0.06924543769677009,0.2335617579752076,-0.0205579752459486,0.04826057232463776,c30f8127669516f338b61fa0b15f2256d10c09a0aa4d37539848f911304463ba
GABAA,932,19,True,0,0.0724411004527309,0.1960149611207158,-0.03044022702646365,0.04053244064296102,0d768ccd78be25a126c322511cbfb0ebf089c3c4fce337ee28f3e28f5487ab4a
GABAA,933,19,True,0,0.07037249176774842,0.20625839994794642,-0.027049016591127018,0.03453508845249287,7027f69f4abc4ce9b9131463b42ea2be042b6abcaf67cbe90cb485b7b64a014c
GABAA,934,19,True,0,0.0719771532533173,0.2173000028720043,-0.016594577881445804,0.049709597014952256,b77a83322c82e4c16d72d5f9a6983e5a3b629a885319dcb56fbd7f858112ff89
GABAA,935,19,True,0,0.06718677735952112,0.2173000028720043,-0.013037836709480777,0.045805280488271705,d4ef73e6cb695035cad76569c7b810110efea0751cd8c7869dee62a55a6c38ce
GABAA,936,19,True,0,0.07637319575445403,0.23256234182693555,-0.015349614450859805,0.05635096017889307,779c0391d572fbe3adeb876a2b516dee70636070cb704aa0dcdc405b5445709c
GABAA,937,19,True,0,0.07602797704708437,0.24507413767500116,-0.011144595834239324,0.04290723110764283,68e0c396284b0e9c36e32405dbb63e7a03913fc506eda6beefaf8264f458b059
GABAA,938,19,True,0,0.07070125958905077,0.2346462067588031,0.0003414503007987957,0.05623020812136714,6eb1a61a65cc375f71c565036bcf67ed5526139c447b4a313fe8092e9b919f40
GABAA,939,19,True,0,0.06115914139067611,0.18574985333860872,-0.008471000215028779,0.04813982026711161,2f74e0fa6134d64bd026bee3bc95494aa2f199b9eb649ae07b0106434d1ab3c2
GABAA,940,19,True,0,0.06552567640429478,0.23567608705356963,-0.019400496224575736,0.017187042854562407,b1c34a98cfe39efea7afb7e254533a998adf8c7560c321815fc6ea3c49abe4da
GABAA,941,19,True,0,0.06809729261803912,0.2312598700935068,0.017462188289556035,0.045604027059061525,38b8c4c3d79a45a4452560b343cb6169eb3c4ff8188ed9f2d4ba19a30914bf12
GABAA,942,19,True,0,0.0713616735547784,0.22770055452288818,-0.026006726602384456,0.04479901334221992,dfe09d535b400e036a36114f4367c8a37b70e993c933ae81c14dad20cc465642
GABAA,943,19,True,0,0.06891839972864193,0.26738537591919276,-0.03196206136971114,0.038560157036699905,4baea016aaf744c3cc9be5b8e8e5fc7dae706e38f794144db8c0cc02e97f0de6
GABAA,944,19,True,0,0.06689050419867999,0.2204361098196314,-0.004981158121490914,0.045362522944008776,d562b503f1b64e8509276227c10fbff6c7379e2620d4af58b0bd0658e883f867
GABAA,945,19,True,0,0.07570578396122345,0.25821891257847657,-0.021639868926708994,0.04318898590853737,6bb6079f6b25fd4f9dc67993c66f79ca10abe8da1af53548f025841c04b04d43
GABAA,946,19,True,0,0.07022017997855379,0.262072144984798,-0.017847848707073455,0.04041168858543487,d0dee7456d1de1a6a3865709f8b7ca67b034404ec1218a8ea48177f389eac4fb
GABAA,947,19,True,0,0.06577485715485523,0.22885734417587797,-0.019783562111381547,0.026444700598238002,250eeef9eae1c848ac2032c01df9c4962c0eddfb0fd8346baca33e9d7d3f8f43
GABAA,948,19,True,0,0.07640962434037378,0.25506362102609403,-0.0071737796569193435,0.055505695776209785,286ef616624f605271963dbf4211c37b4c33f9dfc7432dae9b80836682ef958b
GABAA,949,19,True,0,0.06450519666946396,0.26761754752779926,-0.007624687091789095,0.03964692555443561,b8ab83070f8a7a6509615033615d663b2b944e6ea77e158efb28b3d254fbfc89
GABAA,950,19,True,0,0.0649294609962709,0.23041690512715915,-0.003742817316300995,0.020608351151137905,cd5c0fcfe6fb88b5ea55f09e985c3dd4e13dd3c05bc95870a603cd636f40b80a
GABAA,951,19,True,0,0.06700154059725845,0.18978954110969393,-0.0019284531675745065,0.0431084845368529,3ba8ee4754b1a6d6bad7cd54f8eeb32297d87cd26d5e68cb4bb4bfdd91959249
GABAA,952,19,True,0,0.07136205925223718,0.23807414692049042,-0.017023397275601315,0.0409349475013816,4fb32a5a284e5a52a542f99a9d6588e9d27decdc6c7fc50dc135145ad8b13261
GABAA,953,19,True,0,0.082698210573716,0.2670693685447492,-0.015035915699678881,0.05196363542210802,441a8c90ce83a663c3f01399b45f9ffa41aeff60daa70cef21dd6af12c451a9a
GABAA,954,19,True,0,0.06788626480945988,0.22964442341678995,-0.024430556506417567,0.03075152398333858,13d2bb1c0c575b5e370f374b6c979ee0bbd8f4fa4a8afe8281cb5fe15332b584
GABAA,955,19,True,0,0.06853717145814636,0.25372758854577326,-0.020158207045712917,0.04037143789959252,792ccf1ecdb0bab1c97a44e318667f41f94747f39f36e99ed82d71cae2ae5407
GABAA,956,19,True,0,0.07340560850831744,0.2413807724748212,-0.0008594036169145003,0.05337240942658017,a3d297bc62d6be773b34ebeeb68edc79cbb739be06236fd1f133cb2ff6fa1a2b
GABAA,957,19,True,0,0.06368676092278776,0.24067415548576698,-0.008402706670575633,0.03622561725785989,9d740b416fc77eaad0dbe446da5711205db20e0d7b49daf14317f499d2e4cb8c
GABAA,958,19,True,0,0.0676803788066163,0.17879877831497354,-0.028582672805032683,0.03674887617380662,10a6489bffe37d3fc0fda3c1f6784794cacae5f620e7e3fbc49e20af79a79b06
GABAA,959,19,True,0,0.07490296666574171,0.26098925119271876,-0.017769753609694794,0.03892241320927836,6d53c631d4bb9738516f093b05242201a328eacbc0f9b6b5b27a459977d85764
GABAA,960,19,True,0,0.0749674161414278,0.24959526418997952,0.00023349802979066858,0.04826057232463776,2f32ddf412ed4d8a91312caece4cd45cad01f2bf3c00a3c6c18c84eba09b4ae9
GABAA,961,19,True,0,0.0713016124662124,0.23497416707476657,-0.025730137116695584,0.03063077192581254,ac9e129a032c64a160714c5ac7e04d968df06336bf96c6552c63d2bf6ebe1d9b
GABAA,962,19,True,0,0.06819685717342619,0.24980090299938887,0.013797895183136122,0.04367199413864231,acdc94773dbc69f351534dbd6eeeb7381a644382d0aca3207f3ea12c9a51b6c2
GABAA,963,19,True,0,0.06701990337979324,0.1888929145991857,-0.02202483292594981,0.03775514331985841,4820f8a8fa6b6663413db58fb25dd3e5046eb4b3069d0294b985dd7fe9fa017b
GABAA,964,19,True,0,0.07141027967374441,0.27073079373725994,-0.0290003352317314,0.03509859805428206,aa396fbf5a7a8fa234ada44fe099c46d6d9288d4ade74c2bb993929fe1413247
GABAA,965,19,True,0,0.06371980341558145,0.25050414810816424,0.014516894354338117,0.040572691328803145,a526c28c9b1ab843663de05afc7cbf282298313da210ad59e1fe6208c1fc1d65
GABAA,966,19,True,0,0.07892901854054384,0.25684801788091505,-0.01445673701455874,0.04906558604147904,5a427f58ea06c734784a467c9a7aa99a0112f5a5d81a5b4eb139786ec81c2793
GABAA,967,19,True,0,0.06850793859797913,0.22936929820130142,-0.021597783635776358,0.04178021190406522,98f71cc0450efdf4712ab44813fa877b20fa4ca5a8967d82bf776c8d64c2cfd3
GABAA,968,19,True,0,0.07107950714041293,0.25506362102609403,-0.007965463556974361,0.04214246807664368,d2f1ba7b32f54fa4eff4b9d6e17b06767f95760948c3be38c0f475788d7a0ac4
GABAA,969,19,True,0,0.07432387088653418,0.22232335742482706,-0.047077749181611894,0.02314414435918799,a3949234316d31156e8c1babfc1701dbaa4621f37fb51166aa19d5ebdc82bcf1
GABAA,970,19,True,0,0.07223734737088622,0.23177813607771997,-0.024514974647543708,0.0276119704876574,343ceb395f9fa6004cd9634c1e88f1beae86cfe98272b3af530eacc9f6a22f2c
GABAA,971,19,True,0,0.07262694740671227,0.25372758854577326,-0.02137522972280026,0.041176451616433796,ed968cdca1885fdb577097addc989346e5af753739f04d67f8fea01944d22f62
GABAA,972,19,True,0,0.06007925408946697,0.18900548399331582,-0.016402741889143035,0.029785507523129473,30c5d5fbac2a05a2c7db32b0a7bf08caf3843b458327e52d07c46b0397dd3491
GABAA,973,19,True,0,0.06645606085582066,0.2341879782693961,-0.01799349071038936,0.05196363542210791,09ba6490310a175c5601085a72271d8e9e5e1678e1e9c362564c8d3ad005c45e
GABAA,974,19,True,0,0.05695308433288168,0.18569352010519302,-0.03475998903977606,0.0021735370354712957,ba6635d81c0e6b968c0fa437e9d1b74f53dd9f5ddb6d8f3a65d36996e3c7085b
GABAA,975,19,True,0,0.08223218006194954,0.26174384812002505,-0.022358914273404862,0.03558160628438678,90671b2c385f0163a21f11195a53c63fea41091cfcfe0d0854b71e2f3a59181a
GABAA,976,19,True,0,0.07582512374401532,0.24115641147958108,-0.022859167656574142,0.053613913541632696,cfdb323daaffa9db3082146579d35554472a2a26c18b95cd378e44a73a61439e
GABAA,977,19,True,0,0.07931167051871801,0.25435694606105014,-0.0023425069132136933,0.06758090152882978,3b172bedee6b79ea49d2cb4e4ebd84c6799f0906285fb37fadce236be835326c
GABAA,978,19,True,0,0.06862319539218444,0.23060298022014886,-0.030316453743329808,0.04310848453685334,56155626fbb24d9ccb1df6b73bcd453291f504a379f1026a2187da8b71697e26
GABAA,979,19,True,0,0.062245852926977034,0.21266700297190785,-0.006608504001449633,0.04137770504564442,27de2e01a844a85605352be1b0b8c1a8fbe569d2fda1add08befd949348aa6c3
GABAA,980,19,True,0,0.07731205856582216,0.246225514758039,-0.025778085291514152,0.046851798320165505,e006171b89f540e3ace56aae024d5709c858248aa852e0202a8ce1ef104a189f
GABAA,981,19,True,0,0.08089368170301257,0.25192560751320914,-0.021913620247425714,0.05631070949305117,c5ecdd03e095748f9c83409c1374107783b52a496b778522d17124b6612468ba
GABAA,982,19,True,0,0.0648177366350105,0.2673608226974795,-0.04007459267395297,0.028859741748761714,8a333c460cb01f872876a3519af54c98ac5b79a97485000afa273ded5cd7dc8b
GABAA,983,19,True,0,0.07319492283253452,0.2413807724748212,-0.01682342971361206,0.03268355690375779,3b96166a68da03e2dc973c5003301e64ab5ecee7164ad541e4ab9d062a4d2c92
GABAA,984,19,True,0,0.06922397366569752,0.20639376124451755,-0.028942639346959842,0.037714892634016506,73bf78d96a0b727414c35e11638e9f47e9d4661c24d94ef8e3a6760e3ec3999c
GABAA,985,19,True,0,0.07111645048634894,0.19825500628344347,-0.022683921625772374,0.04157895847485482,fdb598110c8a03516d4d9ab37380a984d931a216099583f2e81b7d29ed9a5027
GABAA,986,19,True,0,0.06598870801521792,0.2355255571901873,0.002903005155475258,0.037433137833121743,af652a353b4ac781834c31d5be0faf3159e3ccafbc1ca09528ac3eeda559c4ad
GABAA,987,19,True,0,0.07275454669238779,0.2355255571901873,-0.004991539500412756,0.031757791129390256,6c85b1529c5d517b54d3de178aae43b797f51b0837615e6b46a0e6260cd1af83
GABAA,988,19,True,0,0.07072043651150783,0.24942330699225887,-0.013217010468854706,0.05462018068768437,bde712730787759c2fe1bad820a7ecd30975eefbd5fd19c41e4bd9df7b693043
GABAA,989,19,True,0,0.07190175104235604,0.2413807724748212,-0.0032126501509908145,0.03441433639496694,db9b9a462187c4d838d1d2b8880ba492d91b9a29d91b833695c671278c94a8bb
GABAA,990,19,True,0,0.07663965499456094,0.26381836729261826,-0.026076057613778403,0.03501809668259781,43ba31177f8d31e9f7128efd2736f67c7bdd59950ef22cbc66055efffd8fa9f0
GABAA,991,19,True,0,0.06600926175528081,0.24063742685307213,-0.006822823754618623,0.02161461829718958,56365507d1efb86385f7d7056ff7f418035f0023e633a2210193bdadb12853c6
GABAA,992,19,True,0,0.0684714385753933,0.19175754277388193,-0.010345776127799411,0.05848424652852269,bb96eb9e3494251ef7b7d9ea103dd1c1da3ecbf2b51fbcbcf4c6353cb35ccd98
GABAA,993,19,True,0,0.06066767967714423,0.23256234182693555,-0.008973352945852664,0.01569776747840601,2117d42525fb52373db1a9751bf85a7d3980c5e64153bd550e425089f55f4dcf
GABAA,994,19,True,0,0.07524151166114096,0.250502878734276,-0.0189520688481295,0.04926683947068977,eb866c272678225b8d15eddff32699e48689d01e99b2d022bf7764ab53f119f4
GABAA,995,19,True,0,0.05664727202504546,0.23060298022014886,-0.010551323405138646,0.03517909942596631,c23d382bb09a32a85c1efd326cb5b9cd1fdddb5818fde2af1e0cf1ffb11ae00f
GABAA,996,19,True,0,0.07843759504004388,0.22084024531329846,-0.02817513471203137,0.02749121843013136,db668ee7bae54e18ada75152594c27709ffdbe44440b7361130d1def215f632b
GABAA,997,19,True,0,0.07102167771582782,0.21623911080378513,-0.03503187359096427,0.038962663895120486,b152487700436bbc57cedc2b2dc1f10cf6080b9426fda153b2f6890f01948d22
GABAA,998,19,True,0,0.06916764545767665,0.21266700297190785,-0.00657635947952806,0.0485423271255323,68ae26fe79a8ad31b773be6b91cf1d5f66d91e8ffc09e22d302a1ecb69348c66
GABAA,999,19,True,0,0.07244976320949292,0.2271534971855287,-0.021669497192805753,0.053774916285001084,44fd26fd570341e6587fa2032efb6be74cd3188e96f8a2953051230c547b90d0
iGluR,0,16,True,0,0.15038462138062333,0.3429006270720426,-0.048170319432397246,0.03689981624571481,1a21bb8831c4dc0719def8111e1958ae11792c9a86dc6426a935dd2c01f917db
iGluR,1,16,True,0,0.13047527464429431,0.3239098126840028,-0.03220425225821222,0.03455772946327951,ccc81d8de71b7b82976d883b4020c66f58c8c151d3d57cf9f67cbf93b81ae37e
iGluR,2,16,True,0,0.15081892245140527,0.36923460863884233,-0.05498323846056197,0.05143031383470098,20385d372c532f98dc8706bfb11ca46e0c526a09efa4afa0965eb440ca0b50a5
iGluR,3,16,True,0,0.16519768839041138,0.44279980194639573,-0.09368141260668761,0.05391579368544841,9f53729747bdcaf1b06236851052e871903fe39fe1c8ac70f66aa8d2e67cb314
iGluR,4,16,True,0,0.16575781401184808,0.35676647510126563,-0.02206718715249556,0.053437816791074066,e396f770e2d735b734434477e12e47b38df9a58fdcf4b6b844d8df5ac3dc430b
iGluR,5,16,True,0,0.15798611984088837,0.48031045328630745,-0.0989752447271699,0.03231123805971925,75ab78c99df372a4b45b53b99193ca4590e18d54fa34dd7c3dae62b1ebce6d9e
iGluR,6,16,True,0,0.16523378995406834,0.42919716427717963,0.012868949398484375,0.03728219776121455,ce9b3f7b522e56b1a108b27fa9bf71010c0b4aa8149615e3b4db36ded6ba1755
iGluR,7,16,True,0,0.14953206830094146,0.47274513914759586,-0.0063775372778032136,0.05444156826926072,24a02b0bb9aff839b7cc8cdf6e321d0bdae1cbdcd55b0b938e1a41ec06fca0c2
iGluR,8,16,True,0,0.14470355183589162,0.3330118395488272,-0.059585559135755695,0.023325272445477774,864fd874b87bac039ef3dc1c972f6aff70187eaf3f1a5bff6cd821d99871a5a0
iGluR,9,16,True,0,0.14675405048885282,0.3770406616330992,-0.07823197060857812,0.04210976439439751,c311f3047305449d2fe6053a72711a019649c94c8f504488b493b1bc063a0483
iGluR,10,16,True,0,0.18624136491027832,0.43720713630972147,-0.07305895459616485,0.04010226143802442,eb904b46b99b26cffd44e9cff26e61c269abf329911d37a23bb50d805b225acb
iGluR,11,16,True,0,0.16288817042560955,0.4779721217450678,-0.01068411794624513,0.03785577003446394,da5b9a8485034397a0cc4382d8e2707036304a56ba7194c25185f262382ce2de
iGluR,12,16,True,1,0.16663173183520405,0.4912931984774477,-0.0935764590598076,0.04363929045639581,500a1b16bdf6765270d6240e1724fe0c4ec5649da286a67a909a9cc65094004d
iGluR,13,16,True,1,0.1451455449975689,0.35206978003360084,-0.08907469137862467,0.06452688074056323,8beff135eac4d84580c01647702dfd56e10eee071ddbcd135093c69f084665d5
iGluR,14,16,True,1,0.18113611718738418,0.47274513914759586,0.005202823341167395,0.03651743473021529,348c659bb288206d8def289523d048b59d269db8259ed4f25b14d28d590edb86
iGluR,15,16,True,1,0.15091399161553873,0.37558092122237274,-0.052539983452213335,0.05869556262919384,246c8af76264a51ccc96b4e88b85b3c0f44b5067331e6eaa188aa92394cd4900
iGluR,16,16,True,1,0.16015170200896933,0.36776510093409914,-0.05416719911114187,0.05859996725031924,22f8181924442e5e90d529f479c77fd450613f984a096d2af7b790aef12af2b5
iGluR,17,16,True,1,0.14578588727293545,0.37558092122237274,-0.09336400015637025,0.04081922677958616,5a1e8541960e551d93226b2efe42f4f7d226662ce0071f76345cd42df9efe567
iGluR,18,16,True,1,0.13944371718657642,0.30853302237330116,-0.00783138615652934,0.04856245246845381,6e746f68b47be55ac404295e67a431e15a207133ff16bfa4a35e1c9fd7000447
iGluR,19,16,True,1,0.150226048836463,0.387447703625015,0.03244618035159608,0.058552169560881495,48463f761b490815f88facf0b1d0ecb608edbc2ffc069f56e855754c61a398dd
iGluR,20,16,True,1,0.12179931293898397,0.35358692298559014,-0.06520366802160282,0.0016729191303108681,3913b4be0c4bbfee18a421450e4a176a8af73773fa30f200feffcb9fe71326cf
iGluR,21,16,True,1,0.1334889734184676,0.41171148816918934,-0.05744295701760427,0.05353341216994911,f5a0491e672bad190d8d914e71fa1a46b32386e956474f4d7a78b80d5dc00323
iGluR,22,16,True,1,0.14828450480379346,0.480099011719285,-0.07738364060237712,0.05582770126294667,66a1be2d63ab13a3e59991f0e185971b447a766e79ecf85ec234a9ba919c379f
iGluR,23,16,True,1,0.16123755634132686,0.3625300302763332,-0.023235583416140848,0.041679585189460244,6a4b0b94ca27e0d0326e5302f8421c0dccb9f780629bbaef5b3d574b0a7602af
iGluR,24,16,True,1,0.16846931768812334,0.48031045328630745,-0.07409886438360536,0.042492145909896806,44f4ca861b59e16a83ef8e363da26a1c5709867bf6b23b40b18ceb43aa78427c
iGluR,25,16,True,1,0.17070295091425425,0.4862537429624158,-0.04031735652954849,0.06256717547362767,58f3735f523923b0d0314dbb63d5098ee51533186f8522f07f33b3f0b8d8a87d
iGluR,26,16,True,1,0.16878436399459387,0.49548374659333994,-0.045895278455513555,0.05859996725031902,87d812ce3e6e58179aada3dbbafda7f20b94c9262bea2c5da87e84a1b4304630
iGluR,27,16,True,1,0.18077098039500383,0.4557411013053739,-0.09015698655069126,0.04846685708957876,b7c00748e0d55f4bbaa8a7206e7dcb5785c55952c1e7675cf63188da7549d28f
iGluR,28,16,True,1,0.15855253719579881,0.37175867665127116,-0.07243444495459483,0.045264411897269374,5e70877aa898b9c7b63e09ebabf7e9ef639b42de032beeae44589c5c28747f71
iGluR,29,16,True,1,0.15245132558167931,0.3414802551966257,-0.09403251990864403,0.0283918275258479,feac2e4f99d3c72a8907c70756a6622e9eaec75f81fc661cea844cab84c2651c
iGluR,30,16,True,1,0.14240861778800706,0.3080170899734921,-0.041694503076909584,0.04253994359933433,bf339ae1e92b789331b74eabb3287db569455309f07f5c8bc993653d7a52f06f
iGluR,31,16,True,1,0.1592673092756146,0.4107890904905555,-0.0835774425062028,0.056066689710134066,d82d6d4b0fd3cc9344609c5afa12e8d779e758b50c8356e6a2989dd94aa2afd2
iGluR,32,16,True,1,0.16931737140440373,0.42354439842477504,-0.053193861210902416,0.06185021013206571,fc3562380f6c7903d48b9c70fdfe5c228a1d4d81ebc33b8767c6b72df89452d8
iGluR,33,16,True,1,0.15275246895884037,0.3479893369347523,-0.08111385359935053,0.04655494951208072,9f88c4239d09412634cd7442698835becdd29e8484247a85f7ba00cc2514061c
iGluR,34,16,True,1,0.17015430186241082,0.3848958937634595,-0.05111267337656322,0.042444348220459505,1be33f05784580ba2a21511765a5368405a1d698bc6ce79a7296283431854c72
iGluR,35,16,True,1,0.14915624905837896,0.36833765602024715,-0.027477135675154862,0.03527469480484147,0ab09ae41fb83b891c31ceb490ce5839bcb2aed562a29c7e998519d4af8e13a6
iGluR,36,16,True,1,0.13224973034742132,0.2864277262372141,-0.03880636981155927,0.037138804692902205,673e0a2ad160bfc19a63ac04f61a49c7ef4b0e6990446d7f9b36320544affd98
iGluR,37,16,True,1,0.15754515118891918,0.3330118395488272,-0.08669623120675585,0.026193133811724945,17f83d2a5f98fa7fdb17898668938087fc83b1a2e0fa0e02dfc8347dc4ef14f1
iGluR,38,16,True,1,0.14787075963924562,0.37386677722284944,-0.055861201089292045,0.06032068407006763,a8753f6fbf5d93a50b38a86691a325915c51fd2464b66a27736f35bec6ceeeb4
iGluR,39,16,True,2,0.11830225294618164,0.3527533406090131,-0.029187146803283603,0.04598137723883111,300ec34558ad5269723f28b0791dee61492684bdc72e026bb94b3a2491665413
iGluR,40,16,True,3,0.14458187330956074,0.4187206553432414,-0.07157599775362788,0.023755451650415038,1b4b6623550819e80d575397d13ba7101c8af8962b13973331d12c097936b7e4
iGluR,41,16,True,3,0.16784011790165546,0.45505056917666187,-0.08301777013804923,0.03685201855627729,3d9ffd129a0ff35c58dc02cac946ac233fb3d6756a4305bff267939e3f936b4d
iGluR,42,16,True,3,0.1729620238120537,0.4862537429624158,-0.007420163207432662,0.05386799599601111,794bc6d78a293b931a4daee90d68890eb7325e605003360528b1f4b58be71611
iGluR,43,16,True,3,0.16861896244115668,0.4862537429624158,-0.06086112987091585,0.031689868097032114,e0937a5dc68d366c37b57a604bf44ca5c23da2da7f5d2444496cb198ce771143
iGluR,44,16,True,3,0.1541070648330579,0.37175867665127116,0.05350740501725859,0.039050712270400245,c05ff446b5ccd927d8af07f95172d9e10fc51932bb175341ae3d27da3dc14511
iGluR,45,16,True,3,0.1396354463288595,0.3827056862237859,-0.05806232432126457,0.050378764667077025,100dc54d87faba519357224377b10a9e908b27d898d78eff12fbdffef20796f2
iGluR,46,16,True,3,0.14493926548758193,0.4267389507448309,-0.05023926307451987,0.05931693259188098,59ac1a486e4f085f0f198887f224832ebbd435d95d23bd2989781a54ce9d1828
iGluR,47,16,True,3,0.14064528607113191,0.36090492378510114,-0.05925000099940014,0.06299735467856493,81834b538e49c869c538c06de714f3150bd31d53fb4ea86503aca4e60ec3953f
iGluR,48,16,True,3,0.18049676091928823,0.4102427341484774,0.007769891068396539,0.06337973619406467,6ea3ecce570ac217572a95d6f633723f509d639b695856f6a37a3954e3cf37a7
iGluR,49,16,True,3,0.14701754364838612,0.2860837069150466,-0.03498869118184089,0.050187573909327154,bfb93bff8ba2f150e1621a23d18d2152ea59162f29df72117c43125d7c85b090
iGluR,50,16,True,3,0.15590366836588254,0.4265341579444569,-0.08684403097760862,0.012331803874863434,56801723fd92236f46b6e87b7faa0d47c3ed329b9526bb8672f6c23c22990fcc
iGluR,51,16,True,3,0.1844301299127899,0.3742311413630269,-0.08908516103829989,0.04579018648108124,7869d63b73a75d4e9b90f5111a431b68d2ea3f16ec251ec70f522963125080a9
iGluR,52,16,True,3,0.13788457074653518,0.36836313013733973,0.04414110367785451,0.056640261983383455,5ed329c105bac93a513639218fa53170a227b4dd87e048fd3f634f665e31a561
iGluR,53,16,True,3,0.16132548900359658,0.4812622771789198,0.0013475589061195947,0.03159427271815751,8a2815a55ee2e11453d2f21df8c84eb4e23d7575096ccbc8a7b6a3817b34a60f
iGluR,54,16,True,3,0.18907512380172137,0.47274513914759586,-0.04348013693522468,0.04258774128877185,ab1299b6d3b1bc0948a2d0d792000abaafcd5d2245315acb88ccfc10db71e2f6
iGluR,55,16,True,3,0.14831253084579127,0.35644651040684605,-0.06930246360153136,0.04779768943745455,19f09b824e4bb2c464dc0672804d811dc63ac177852cc179658e723066c2b2e4
iGluR,56,16,True,3,0.15659976131370718,0.38632393887767696,-0.030405319787772722,0.057022643498883197,23f48e4f957a349bc1030c0f33a0f5e9ae18aaccd6e5a207142ca45ab42fdaa4
iGluR,57,16,True,3,0.13190117704924403,0.3691144831528943,-0.014556011018043158,0.04569459110220664,66b585b77b7cc2dc593c517d07b277f05561d51412803731e4c37de860b82fc4
iGluR,58,16,True,3,0.126536037333549,0.3017364076553656,-0.025229124561089833,0.05864776493975654,38e5aef2c5c37605929ea8aa86347bd576dca8e1ee58f0ced3cd1bab91f4d0fc
iGluR,59,16,True,3,0.14184941811127286,0.36722270945876406,-0.04732389568324713,0.05095233694032664,b505d64b403c1c0892ebaa5b7a878682ae0f8373041c277f2f7b044cb9593b84
iGluR,60,16,True,3,0.17115232500121677,0.3584857178987969,-0.09275246465194398,0.04837126171070394,6f0d072dfe4e9ba9cbc71963863a977a7a00543183449e59d20ea32ac6f568cc
iGluR,61,16,True,3,0.11733538507149212,0.29003376585926127,-0.008297510420894216,0.06151562630600371,3d18430745f1c6082c2647a37a12805f39a7748b94b02bad50899aea2b4ecc32
iGluR,62,16,True,3,0.16669323209574513,0.4906570640964259,-0.08476181945421501,0.02810504138922343,1ecd08affe2fbb0d01a653951645102991c37fdb632bf03f71c28f1aee33fe21
iGluR,63,16,True,3,0.14577336136149838,0.43420869250725763,-0.0766095752728595,0.052673053760074584,4dee4e1aabc61f05cb2c309a8374bcb2665b1468834924622974b3579f64d53d
iGluR,64,16,True,3,0.1414443770134847,0.372702267376993,-0.057260499266960085,0.048658047847328856,b314f480b1a15cc58e2fcfcbb03269d11ee23c63fd2e996649517e86359ed05e
iGluR,65,16,True,3,0.16436357299432502,0.39911564205341193,-0.07330947279258027,0.04970959701495259,e6d8d1d9ea07f02567bf8838a81c26678d70240a95f93f8ecf4d2c8127a9822b
iGluR,66,16,True,4,0.1464272724514356,0.46987492318699514,-0.02309643718888399,0.050569955424826674,ec9da9ea22b563eceeecb693f7ca82c158ef6d9c5324666bb17abb23b7c09ec6
iGluR,67,16,True,4,0.19459282784920096,0.44401640127909964,-0.09798415496956636,0.07088397343574471,da3060363b41efadc4fd5054e8015be370f11745f365cfd3451f1fc73177ecbe
iGluR,68,16,True,4,0.1548476170277696,0.30812511754732674,-0.020413626258830586,0.04306571818314664,448a4767657f30710b073991b6d365fdf062643e3921b0060673869f400ddb9c
iGluR,69,16,True,4,0.1456444654323658,0.3853904005340479,-0.03981114130050223,0.036230648593590375,e86c656f1a35416f6424db3f597de75a9d1f982007b527631131b97ddf737b6e
iGluR,70,16,True,4,0.19193636024438354,0.39717631393247893,-0.06146813317167954,0.08178184662748444,3c3c6b48912b07c3127af9c073fb7516d0840950b001e1c940c3e1cc4d0ba787
iGluR,71,16,True,6,0.17197138174349264,0.48031045328630745,-0.06705104515783544,0.05377240061713606,c0db4484d210b58f6ce15f165b695d646cf35d40c1418a8e4afbbaf83bbd89d8
iGluR,72,16,True,6,0.14801156790135672,0.3691144831528943,-0.03259103060606794,0.07575933775836496,323cead2bfb75c314ed92848a70660bb437f89a61818b23f0b512e51845a20de
iGluR,73,16,True,6,0.15859049175472462,0.3793406185754,-0.08760447626982781,0.05348561448051159,826d1533ff59983a67bb5f6bd98ea79d05f8946c36c0e672e8326075f83d8a78
iGluR,74,16,True,6,0.13843805873085713,0.38764039017994517,-0.06705248534227204,0.03967208223308716,42161b1fbb973b6e04c75eac2f1d490147f2b7fa0904e5166ec5c1b2dbf02035
iGluR,75,16,True,7,0.17477492998395133,0.4912931984774477,-0.05194673323529697,0.038859521512650375,fdbbcfa893076a6fde967a0039affd695ae798d8f13f39cacf0612c3a136d5d8
iGluR,76,16,True,7,0.1659762751650231,0.40849558415805653,-0.08052170888645982,0.01696817975029652,bb7df977298eacecf4e435451932580754fbf30739125852d5b71cd63ed38937
iGluR,77,16,True,7,0.1562374372353705,0.4358037750104059,-0.07129573856467886,0.02404223778703951,26c51ff986723968b03635f84ac16224a2aea0efa540c161a55131b13d51c790
iGluR,78,16,True,7,0.16798355893152006,0.3609402242085184,-0.07995600875612263,0.0529598398966995,3a8a2a9bbb86c990259d65a065ecffb7287223e0e35859e27b0f14311ee37d5a
iGluR,79,16,True,7,0.14711337719849787,0.4924564987833676,-0.08794440372246459,0.0491360247417032,cec97079f6d6fe3c4897962c05a34bf529ffba5808074fa3213506c5d61b5121
iGluR,80,16,True,7,0.16877287232685728,0.48018557290878416,-0.09330620083873509,0.055923296641821496,2d766fad1a6a0c55fd389c3ca619291bc695899accfc408a47a70463eeb43855
iGluR,81,16,True,7,0.13042932704066917,0.37949936533382367,-0.027022386398116716,0.06204140088981558,ddc63a5ed1f060e5fc041b683a856471ffc84f236527f3a9f68a3365a05b3b3f
iGluR,82,16,True,7,0.15072265048578176,0.3213489264670949,-0.018037932747858143,0.02399444009760221,f989b0fd930b7885f9c9b9837edc37920a3bdd061ac0fed8e46283f5b2cb4c68
iGluR,83,16,True,7,0.13991097457980378,0.3837097969872114,0.010161632169269907,0.06524384608212497,df108de43458b6b2499638a54e1508c8a3cafd8682ab6cbb1f73fb3d944e6736
iGluR,84,16,True,7,0.14651858954070204,0.3848958937634595,0.04899054879037301,0.0386205330654632,618fac3e6db2040362d24d0f53bd164e085fec15bacd765451c958e074bcbe7c
iGluR,85,16,True,7,0.16673173118349222,0.36078698604678433,-0.03764414206508526,0.024998191575788642,1e7d27590eea614e09121dd4c78efcf2f68722619a3b32b5c92c4d8127f14510
iGluR,86,16,True,7,0.1255281802030115,0.3549925708143096,-0.04671008410358102,0.04861025015789111,5327d6a3d586c24b51d07d9756d760ace49075b3e5d0453b1ce40328882a15c0
iGluR,87,16,True,7,0.12334583189398088,0.269045980348276,-0.03544120077017476,0.04526441189726915,463a25ccd11088a1cb5189b1f519b635c9c43deaf78dda4f4d5678f209b30a9b
iGluR,88,16,True,7,0.15389285735757974,0.3958486632093746,-0.025574365707979663,0.058695562629194065,8cfb6a8038baf3985603c776afcee51cf65b28d6d2200e10c789b84ab346ce75
iGluR,89,16,True,7,0.16060788290007622,0.4779721217450678,-0.06050465735383259,0.06165901937431606,991d1ac5c4bb7f55367c3c51a3a29029b0e63babb2cf8e0d2ff9c1622c99fd81
iGluR,90,16,True,7,0.19013812853849246,0.4812622771789198,0.03032661963762351,0.048084475574079244,7847cdd560126e72d7f1ecb84cc17cca7b5123ec6544e878ecdcb179791ebae3
iGluR,91,16,True,7,0.12707595507624808,0.3736391149862666,0.03210541518492471,0.044547446555707415,598440aacbd6e3871450cf59f46ead0441dd9fec5b2d03c38b3db4c2b941eda0
iGluR,92,16,True,7,0.16381207393275293,0.43481256969853227,-0.09514337616136981,0.05912574183413111,0b0498a4dfc092d40987f9d87ef8c3b513a712092a498bb8e940aa8aac33c838
iGluR,93,16,True,7,0.12781695499462742,0.36078698604678433,-0.06295939673520135,0.03594386245696568,dc58f9af8051988183a82ec1a54ae8ae009525ba274b0396858e158514c2eeeb
iGluR,94,16,True,7,0.16132828539375707,0.3694339983654279,-0.007962973804807483,0.05898234876581876,7026502688211249cdc0eaa22fa6e33c1903f462e4038abaa21674315c424d38
iGluR,95,16,True,7,0.17928604632277786,0.3893911060579458,-0.0292215167446912,0.051669302281888374,b3fc7a36c6f38fc1f7bdf66bc3dd947ece76a22ed5f0a2040d747b20245ec147
iGluR,96,16,True,7,0.1327555007207004,0.3893911060579458,-0.050055320822681715,0.0219391394517916,a90b99c07f2f6dc6589e0643e0d640855925ec1935f6096ad6e0ece6d00dd75a
iGluR,97,16,True,7,0.18302257424663773,0.4779721217450678,-0.08541566477021201,0.009033763303678999,6b7c58badb6879a749faffa91bf72bb0c2075ba3963b55116fa6b1e1b922646f
iGluR,98,16,True,7,0.12816064146781367,0.3491402561221543,-0.04940650692473003,0.05119132538751381,256808e2bcdd2ca7ad1f379fbb4d74c81be06b378846907dff08bcf823a23683
iGluR,99,16,True,7,0.17394780156886833,0.4805274805015348,-0.08214441312164311,0.047558700990267155,e815484d19db13dd657131d33b28e43284db51fd1d20ef1d2bf372173dab1e3b
iGluR,100,16,True,7,0.16209495989661132,0.4025836717773936,-0.04613932345639027,0.04956620394664024,4af15687b354d95c6a758ba6c009f9646ce5399ac381a0700cd6bff22383bdc0
iGluR,101,16,True,7,0.18170403534378626,0.48018557290878416,-0.04445231279424977,0.047415307921954586,602d60c0cefa59f2fd76d1ad6aa72f5efb3c0fe6c5043a184ad3003faae84b18
iGluR,102,16,True,7,0.1686270978291352,0.3842357518315972,-0.09169823860205195,0.07198332029280619,52f2ba79c62cdffa15aab18b14afd884e3fdc34af659371766190026b3fc15a8
iGluR,103,16,True,8,0.1448643713618301,0.3767849577792453,-0.014870302582127515,0.042778932046521945,25a4d6269f96d3b7dff96511d5c48965da3af90cd633ca9db5442bb06be61c08
iGluR,104,16,True,9,0.1972645569304181,0.4906570640964259,-0.07047762684651637,0.06242378240531554,c1933b1ab34681ed0a24da2c2d4ca6d4a6308ba9a6808d627eedbf427c63bfbf
iGluR,105,16,True,9,0.14513611717806424,0.3958486632093746,-0.02526522187962943,0.02361205858210269,49ffac9221f771857398c5cadc2a16f3635521497dd8c131361f3c45411ec77c
iGluR,106,16,True,9,0.150209642629698,0.4840204779229424,-0.08600147255824186,0.057022643498883197,5b93a91e45fa9ec05cb34f452b2705cc3451d542245b21079ce85a27347b3d4d
iGluR,107,16,True,9,0.19490397238801624,0.4912931984774477,-0.05098701137236006,0.03852493768658816,26e334a13828efd6110042ac90df643f68743f7257b1494ba3872c5973934344
iGluR,108,16,True,9,0.14004243906093838,0.3333897635956957,-0.09838574153129365,0.03192885654421973,a99b1dc02aa0534e6ce571dafbdf56d5c58a74e6e7f41ab5e445ee0ab2cdeb54
iGluR,109,16,True,9,0.18989716343404528,0.4840204779229424,-0.08864430388797206,0.06811170744837258,5d33dd93975b06979431c9be29726043bae991f574be148108572d6bb28faff1
iGluR,110,16,True,9,0.1676576267887291,0.4380053773135198,-0.09477697372623384,0.04894483398395311,23cc29bb50b489bd431ff524bb6503c68cae10fd803dc5f2c4d74b6748fe5c21
iGluR,111,16,True,9,0.17649372438190553,0.39045898138321466,-0.02059756501253185,0.06361872464125184,68c4540bcdc70636d29f0f0bb073fff816d947a5bc4985c7d8c237f8fe3ddd58
iGluR,112,16,True,9,0.1755464235006532,0.48840337916694077,-0.08205569044419203,0.036421839351340246,5c28e4be02319037c33c8d1f4325536ac957b4eb8534dd54c33882c9a9fb72d2
iGluR,113,16,True,9,0.1448334418325917,0.4557411013053739,-0.08119614991362312,0.01830651505454517,b2c7f93b8a49d2f9b4e3dc801e02ebe8ec3033e84665b65884543c4c97edce94
iGluR,114,16,True,9,0.14758378653647142,0.4901407301911515,-0.059029812002610704,0.0543937705798232,f03f112661f08ae4c09f3b98f4610e11b98f935b422a8b3e44cb15c48b97e688
iGluR,115,16,True,10,0.16265776415134242,0.35352379797020916,-0.05460878645357825,0.03842934230771333,90c64028d912774c4990a13dc6009862acb7b9b96fbfca298c32ed71de7c5524
iGluR,116,16,True,10,0.13202051392559455,0.3958486632093746,-0.030878822891140523,0.045837984170518764,980a930b78856ac6e3e177b47d2e00bd0305db0c9f593d82c4a18286c277e50d
iGluR,117,16,True,10,0.14172729213755497,0.3901834400936365,-0.037572486281904016,0.04679393795926767,1aca9d21affd8b0bf7c995f09d77bbb9c1cbc6cda2a5676b2539f2861767b809
iGluR,118,16,True,11,0.14032379424583236,0.3584857178987969,-0.05648691535666206,0.04540780496558172,777afa9e81c2fefb5c21872fb330211cf092af2dd37f39ac8703aed3ae55edb3
iGluR,119,16,True,11,0.17543474900706488,0.4869208172508951,-0.09096586642043558,0.023851047029289862,dd95c5569167cc0f627e58d32432d4edf05cae5cf4550ecc346ec09c6ba62a21
iGluR,120,16,True,11,0.1325429628067465,0.45063516825065264,-0.03298177254734469,0.054011389064323234,f214ac93bc3195647a26a65de1542f602929f3420575e457975d815498565a5e
iGluR,121,16,True,11,0.14818132964139377,0.45142359766582335,-0.045898005351875604,0.03255022650690642,6daca1ba54e5201e7b5279d9443b2d1ecaf7e2fd085ea938a6af7a71cf94998b
iGluR,122,16,True,12,0.16638996238861686,0.4862537429624158,-0.05210605902120502,0.04492982807120738,6ee6de5396779634c4359531bf3027e04167ba9687b94b3825f49c7bafed5455
iGluR,123,16,True,12,0.1496161099327545,0.3674014714591582,-0.08008945665189726,0.03441433639496738,27e55a145c058207dd6473d1117f442ecd1c9b3abae79cecd9b67907132cb88c
iGluR,124,16,True,12,0.16493052887296425,0.3787932327953634,-0.07872070533490483,0.0649092622560632,9ab1ca1f70eca865d12d049bed2f2b2d96b90a2f82a4020873c37e855b70dc3c
iGluR,125,16,True,12,0.1491319911784904,0.34339402234070443,-0.035467421720229986,0.030686116618845904,ae4a88e8a922737e348bc0c80fcc40111bcf2259c37f4f8182dd9413020cdabb
iGluR,126,16,True,13,0.16624624695163964,0.3837097969872114,-0.08052667690283588,0.06686896752299853,6784de6cf828177a034a70af79d531619292ba960c4ad193c9a900397be36beb
iGluR,127,16,True,14,0.1518547718513671,0.31227586286942993,-0.08591661661300831,0.02394664240816491,ec91f717c37dcbada3569cd92d42e811fa6fb83d3e11a42e04ee6327aa763234
iGluR,128,16,True,15,0.1401405552876374,0.3925721806981879,-0.07907449852794146,0.024472416991976775,8ec131bfec302214b93af09865754213b12bb7322daaba7cd480c4db77f427b0
iGluR,129,16,True,15,0.18165660955951443,0.3655919044843186,-0.046799789989484086,0.06619979987087432,9ed07697ea74c0bbec4f7846ab5d785dc5749086de8edbc3d6775f9a9501de49
iGluR,130,16,True,15,0.12704786495427228,0.33197883556342916,-0.002010963155149259,0.0555887128157595,7069c05c374c4d6471995144331ab3bdd3faf0bc5942e6871fe75abeaa582390
iGluR,131,16,True,15,0.14651315016899963,0.3990865953380448,-0.053369306777076186,0.059316932591880756,1ec87b12ea74d9ee57782f6c5c386b577c19c5dc6ca5c78acb487223ace6089b
iGluR,132,16,True,15,0.1704907105651042,0.490712949012744,-0.04354738587968443,0.0442128627296452,800d2e855741ed4ef25d5e190aaad667a716066384845325fa452812403b1654
iGluR,133,16,True,15,0.16359772820153312,0.36090492378510114,-0.09939216388459027,0.06075086327500445,aeea70fc26a1515735de49ff69f347426e0280456886821c31b8c1cf24342e7b
iGluR,134,16,True,15,0.15446143888336003,0.4358037750104059,-0.036152329612554546,0.03188105885478221,7b3d41d6342f090a7e7577579d9994f9a4e7745f388d15235a02bd1011c91130
iGluR,135,16,True,15,0.18443487485854693,0.3720166116647175,-0.06035271500837025,0.05793079959819458,4f19806414ba787026d5e07d0c13f6416987188a64633106165e4378eaf91de8
iGluR,136,16,True,15,0.18478073903148262,0.44403973076002395,-0.09437029287852283,0.07250909487661827,f2d62881c199b174c20506608b8fff1d0c3eba0155ebc8ae14ee7a575c49b9ce
iGluR,137,16,True,16,0.16712455123666842,0.4924564987833676,-0.009165425431584051,0.06916325661599654,06da5b9a03bba9babbc385dcd39837b0b31e82924b38c695a26860a6ed34f204
iGluR,138,16,True,16,0.18852545343861077,0.41276032368108245,-0.09922420981297542,0.05348561448051159,c7ef467beb46cd9f072cef1dcd98ff4f06dfbe62c7beacde36cf3db4b14e9bea
iGluR,139,16,True,16,0.15494531961034458,0.367728260136251,-0.04858641128294927,0.03857273537602568,cdc54bd79c30ee2fec5160e49a8f407e944fbf9146f37327e3980937e9bb4b3f
iGluR,140,16,True,16,0.15151562016228584,0.40096957425838214,-0.04567351823211396,0.04970959701495259,fac0b26e15600344ebfb395c72f843103ff8e5d1d6b457c8dcdea7c209159e17
iGluR,141,16,True,16,0.15287341325374915,0.4312943788270037,-0.08412500341741458,0.05582770126294667,000d6914e28c279a18df5733331a87f5eef50ec87913a9243e6ff4a62129e040
iGluR,142,16,True,16,0.16215446706282893,0.40096957425838214,-0.03917689567708793,0.05252966069176246,ed443c1845b63ff72c4955010b1aa52e04505914998a14534e0350130a5819ba
iGluR,143,16,True,16,0.16233980551094665,0.4683781620183182,-0.04115531755330437,0.05248186300232516,daab534399f6f67499b9d46b86a094491d7cda9cffcdf2c892c93497c0476d19
iGluR,144,16,True,16,0.16350131242236804,0.43720713630972147,-0.09258131983222073,0.034127550258342465,81e6052111be047575ffe8073311de51b02d04d73a3eceb998fdd532ea7c62b8
iGluR,145,16,True,16,0.17108033771205827,0.46987492318699514,-0.08335531525414552,0.043209111251458765,2a4ed9c95a5aa0faef720001569563acc42c1b7d86116d66593ff93d94fdfbec
iGluR,146,16,True,16,0.18272770030222457,0.4970784041840719,-0.09371239681277732,0.053055435275574325,22ec4fc66d83b2dec5f8311c6165457bc61ac37846d88df2a2842281bb158fc8
iGluR,147,16,True,16,0.16598049222699696,0.4779721217450678,-0.09514892782836792,0.04187077594720989,67ef7a6043f7270d720723a91d3c58cf77b50b85533ff76d1818d324e1fd409c
iGluR,148,16,True,17,0.1673656346588429,0.39045898138321466,-0.0339096094632656,0.05128692076638863,af6042da7b63ba79e3aacf4ea5200c3baf4025a985301cd0a058050ce1aa0d9b
iGluR,149,16,True,17,0.1337625930955521,0.35649562162988957,0.005209599036954948,0.058934551076381014,8a5de08a4b4d0f613cd863c1c12c30b7f0a2fe4c2e54df8491a6e5481936ef38
iGluR,150,16,True,17,0.17229710589848418,0.4868140066252189,-0.07031868899256954,0.04880144091564098,88515840fdeacf63452da360994abbb8823477c2cedfe2e3a4c069312feb4753
iGluR,151,16,True,19,0.13515033031850326,0.387447703625015,-0.030979838251672387,0.043209111251458765,395d9181876f1ef529c0d7354480972e7aaab2061c9fffc8f1f89178ac72cd26
iGluR,152,16,True,19,0.1580973497338817,0.3483530023592174,-0.0410743381221792,0.05482394978476024,a966e50bccbf518208314b59c7f909542e499a0de6a1c1a1d95076c786908c5c
iGluR,153,16,True,19,0.19470652657568066,0.49548374659333994,-0.011550209961777469,0.06328414081518985,5920c8cd985aa7a3c569966db1cdab9b968889a03229241ee66b46bd6ff44a73
iGluR,154,16,True,19,0.17012028332937873,0.34339402234070443,-0.04060032088160215,0.033171596469593334,21b17f2ea01412aabeee6c3ecef365289d5d848525d8daa70e24687a99247861
iGluR,155,16,True,19,0.1490778781544546,0.35676647510126563,0.0059534950905622,0.06519604839268789,93cf8966865ee34639172ac40580cc4383bd1d0c9a0a569f31e0e3c0d7c65bb7
iGluR,156,16,True,19,0.13571768798037223,0.3789542800558373,-0.08892728716878251,0.0465549495120805,83b750d0e632b446cc418ca4a956e009602cbf231b7686e98e4e630ac52ae207
iGluR,157,16,True,20,0.16699832019477914,0.3982147970240591,-0.008177061971005983,0.04038904757464912,3de99db1205a856462a79c170cc29f818cd9f82a440243730da818cd46c5a408
iGluR,158,16,True,20,0.131886042807404,0.3507938627420799,-0.01708413498214867,0.06161122168487876,16f5ea88f2c32aaaf1abecdebbb84c6063dded297092197a49967114309fdaaf
iGluR,159,16,True,20,0.15518253805106516,0.3213489264670949,-0.03215915951755477,0.02772265987372391,7bf32bd111967ddae598e03ec2546fa6b044a3850927ec640ce032eae89bbd01
iGluR,160,16,True,20,0.13742283586985646,0.3816905158033684,-0.08249506790179684,0.04426066041908294,eb55d29feb57bda62d77867e4805d4b0aea080f23ebe102f9d00355ed6cf6d84
iGluR,161,16,True,20,0.1813131218427752,0.39045898138321466,-0.039548881730989915,0.04191857363664764,4b535fb1fe8d17fec16df9fa5b931a06733a12c412bf6ae57da1e7af6e3e64a7
iGluR,162,16,True,20,0.16483907673498338,0.39911564205341193,-0.07163494991539432,0.03761678158727655,fe04c1970c7465366f5b67122f3a67a27abded002628a9d74f8ac8418d79222f
iGluR,163,16,True,20,0.1635935805413662,0.35928548813015543,-0.05742786843584158,0.036613030109089895,6665b15732638aa1b89f1c872d48b1ad0acc87262b563cdcbc89ae9fb8bd745b
iGluR,164,16,True,20,0.15769821676105059,0.41217576873235373,-0.00930241419192157,0.038811723823213296,55a955bbafdd11b485e62bece9d6d5776e3e56dd75fbb931b3b3cf96a18d0131
iGluR,165,16,True,20,0.14428611778263184,0.4812622771789198,0.00907884247665347,0.05974711179681802,5225529d54a14b1e4a0f467b032965f2f38e2e6e7fbf817cd2cf6d71e5d0a7ad
iGluR,166,16,True,20,0.137854371576328,0.37595545180117146,-0.09298780751513958,0.027005694532161728,f11e85ddd0b92c0c500ad4016bb7e687034f81dbd8fbf18d5eab91f130c03950
iGluR,167,16,True,20,0.14254984475815768,0.4683781620183182,-0.07220704717897952,0.047176319474767636,d8808112bf0e3d1547e7843a52f4a8cc3afe1fef95eeccc19eba0c3596cdb11a
iGluR,168,16,True,20,0.19118193888191098,0.4840204779229424,-0.0874452858393413,0.04994858546213976,b5ce77bf4cc744d7f9d3e4e62ddcc85620b1ce925920ca5ae3b67b93de57c99b
iGluR,169,16,True,20,0.17490103442183008,0.42149396584707327,-0.04863096733539596,0.060033897933442715,d6b7b7e7bd888e45011ef9aa5807a6acd3e78fee3769168ada8479bc3fb1c868
iGluR,170,16,True,20,0.18377843024223325,0.43720713630972147,-0.06550996403517084,0.04712852178532989,457fac7377cac23cf98d2f37ca3b566c59c5badfe634c391496a914b832c52c0
iGluR,171,16,True,20,0.11687795009208203,0.3239098126840028,-0.01860091352337312,0.04559899572333137,12237a5c884cf18a66eba4d37142e901c4f64073a85e2b7e98e21757265abea5
iGluR,172,16,True,20,0.15815385161053608,0.4558624451948491,-0.09614892728140223,0.020457411079230603,5b45e133d40f1cd360a04cdd20558f06f476fb4caffdcc28d92beb8cd055679a
iGluR,173,16,True,20,0.14343001876921604,0.3384078084220326,-0.04796601794501232,0.0362306485935906,22227b82983a47400e91248aed2d87ad19f203321345823f490f6f835120384b
iGluR,174,16,True,20,0.16748262243910728,0.4812622771789198,-0.026771276878089,0.04579018648108146,2bbad03836e1c7e0a16cdc08922da102b5a0a917db1c01263e2706ab6a3b0881
iGluR,175,16,True,20,0.17947847340762307,0.4868140066252189,-0.09887529379003457,0.03799916310277629,08e31cda24aadf69260d77c27942e5550029aa37b2b45c8cbad7d6c3cfbf823d
iGluR,176,16,True,20,0.11725534419240356,0.30853302237330116,-0.012298561594590307,0.05071334849313924,535b36f23cad630bfc2589ed6cbaf533cc99227e202c2f93fbb393e6841a68a9
iGluR,177,16,True,20,0.15885749164553675,0.41534322954956077,-0.07119213012025316,0.04426066041908294,7676fb49dbbd66f426c24ceb92d905da6ca2d32c5af48a2a7c8f2b4d8885af56
iGluR,178,16,True,20,0.18143281324347904,0.43420869250725763,-0.025797994286204773,0.06275836623137754,e54d6635dd2463ea6f35bbbd1be0ccfe83c0b939a914e4fd52380a678920834b
iGluR,179,16,True,20,0.15460778448476362,0.4030870956584495,-0.02014608771383397,0.046029174928268635,e29b9c176a5650153f9a2197ebe255b75d7123b913202d2adeb4c8a8872c740a
iGluR,180,16,True,21,0.12096544174518642,0.3816905158033684,-0.04577460198130723,0.058743360318631366,423865abf24cf86682fc203f1fe14c48afe4b1312276f86162b062035ce3a800
iGluR,181,16,True,21,0.13581803504465662,0.38052220731610836,-0.05393893262964866,0.06873307741105927,31cd75375101c3df5e1008749f08fb4aa55d83ed3113dba869f81af9b76cbc95
iGluR,182,16,True,21,0.1872602969325275,0.4570372372074267,-0.08721362954140055,0.042444348220459505,e2b9b3768baf792da1339163a2d9813b9810e65ae69f2364e3ca42184d9dec50
iGluR,183,16,True,21,0.15927912366049762,0.43420869250725763,-0.02939466759062004,0.04287452742539655,9fe9886b7a70f3608cacf88dc70cb4383b6ed9051a8479fff98d8aec44f0e8d2
iGluR,184,16,True,21,0.17109265688580416,0.4600555939340814,-0.09759812484033015,0.05229067224457529,9ff09f8c586d2057286f067bd29e999d2938c0849c94cec1e25fc400ff709b22
iGluR,185,16,True,21,0.15500819223429985,0.4558624451948491,-0.06806616673656984,0.038429342307713554,bb431edddb10154e4081a86930cab732570b1d9302bfa7c29780471106c9ce3b
iGluR,186,16,True,22,0.15700393593003686,0.3870571892287079,-0.044604160060062625,0.03895511689152542,6db852b1038912125b59749bbcdaf6f2e3f0e892082fdb2ff7ea465836738fd4
iGluR,187,16,True,22,0.1624107930729905,0.4358037750104059,-0.08345751969297144,0.03460552715271703,f84890427011c9ccf75385a84a5ce2cbff1cf80557d20ed87db5e7f11aca85b6
iGluR,188,16,True,22,0.15150225067776416,0.47274513914759586,-0.09605141853224453,0.021269971799667386,20a5a7474b1d3593021cdff01e70da0105fb6b2ecfe2b8a96157cd4a2edc66f1
iGluR,189,16,True,22,0.10895199583250381,0.33433458208316275,-0.041183584272885376,0.02738807604766147,842d23fd560dee0f37669d71bf7574c20f6e891b62d4ebe188c53a2a142f1cdf
iGluR,190,16,True,22,0.15505726439635042,0.3528519792811026,-0.03971225970238201,0.04440405348739529,0dd55785be077bf082b4e4b5e58cc69bf04287db7319be06c64b0f5e36b77190
iGluR,191,16,True,22,0.16819061561275128,0.37949936533382367,-0.0974568804033682,0.04234875284158468,3274170215617449fb7e9bbe53797d13c79483d3ccf52d48ce8b69617abf7693
iGluR,192,16,True,22,0.18108045854886567,0.48031045328630745,-0.05859088599344364,0.05348561448051159,dd45072ab243ac45f5448c01cd7005c62fe251d11f9ec5666af038163d6e6a84
iGluR,193,16,True,22,0.1626985169644496,0.45142359766582335,-0.0557218712442058,0.0427311343570842,1aad542633c8dfe1107f7871f2eed9a3449a60121e943219d96d6e230c674192
iGluR,194,16,True,22,0.1706511139189129,0.3527826380541525,-0.0030209328329400265,0.05200388610795059,c985532b1414cea5bf1d8599afcb73dde003aa80b62053023f9edebf21a2b738
iGluR,195,16,True,22,0.13501944389424297,0.37558092122237274,-0.07805380591366218,0.04005446374858668,a4dc468c87335f96d3aea606ffd38c698d4aa2c4a7a339f859300c440d739991
iGluR,196,16,True,22,0.15484324170684077,0.3455195501499309,-0.07138712669018776,0.04736751023251706,6f9c59ca0581c7f097a26e6261f597d17e1d4caf8f8089c969683bd098b47863
iGluR,197,16,True,23,0.1582935613698127,0.34378853669542936,-0.07211540502100489,0.03589606476752816,ac8134decc716b9d8f8d83946e09170de83bd85750d515a8a265143069a9773d
iGluR,198,16,True,23,0.17189122267267581,0.44925142286325487,-0.0603958096849877,0.05052215773538915,4fb9141e56a425030e0a20166ae9034c67510805dbec9db4308a60c79972bb30
iGluR,199,16,True,24,0.11919088885681693,0.33433458208316275,-0.030011327295361045,0.044547446555707415,551c33ade4df4b937f6c155f6eba5e43d203ce238c48b61bfa6296026ce2773c
iGluR,200,16,True,24,0.1401249771277523,0.37601532145439825,-0.046278710413779844,0.04994858546213954,0fa6b6694c2a0d6a184bfdc9713ee78e775d8645c892b4a3a7a151aa99b36ea2
iGluR,201,16,True,24,0.17055260568454503,0.4912931984774477,-0.09895056225354892,0.013192162284737519,0b449c7ef061bfd66d45c25a830b815731210241ed4e0b19c86274782f566b02
iGluR,202,16,True,24,0.16911360823342314,0.4869208172508951,-0.05002597673058862,0.05463275902701037,1adb6c457f480e83d760cafa56388a6cfbf39156d07fb7ce3739bd3a11203d82
iGluR,203,16,True,24,0.19173039206374554,0.43637333241772513,-0.07742172622029297,0.0529598398966995,395a69cb0ffc9adec352255eb6b106db8199125a2e9b4f757809688ede5c6874
iGluR,204,16,True,24,0.17012280417952302,0.41276032368108245,-0.08575420232679676,0.06553063221874988,937ee375cdb03b22f560eb63f927c6c6c5f463e0845a6fcc2e94cf3fd4fa15d3
iGluR,205,16,True,24,0.1535560678581513,0.45003109031440175,-0.09878115792905673,0.028678613662472596,76d32102a90dadf2e07398cfdfad8ef36590de5dcb366cfe41741147e0260153
iGluR,206,16,True,24,0.18236186255155518,0.43712532015746525,-0.06032623578689833,0.04765429636914198,21734d2d8e870185ff65deab824c10a947a4be65139e6b55629035acb4ab0330
iGluR,207,16,True,24,0.1569424887005334,0.46987492318699514,-0.0416141411189308,0.03967208223308716,67e17c7a78584bba7dae73d6f63b698be5084d38f8cac6e97dde03ed971f3406
iGluR,208,16,True,24,0.1844885657823208,0.42919716427717963,-0.09402525592738531,0.03603945783584073,46157bfaab8dbc0ccb6868ad71a268aabb7abcde7b86091ecafce6bc86a251a8
iGluR,209,16,True,24,0.17225186364392425,0.4179411561589848,-0.08301151169477361,0.045503400344456546,e8047b92a3289a6af9e0370259432a9a99a0edcb5f3ce5c04245818409928888
iGluR,210,16,True,24,0.17603921484418208,0.39045898138321466,0.00968247263174371,0.053007637586137024,06c5b31ffcf27549788d1d7f5147b2c5e6d363daa1bad5207a7eb88aed7806bb
iGluR,211,16,True,24,0.17289859127702095,0.45142359766582335,-0.08469307545305726,0.047224117164204715,736771be19ed22e128a1b0279db6c337385702c5e879494975ca2bc3f779c94e
iGluR,212,16,True,24,0.17735437457981143,0.4683781620183182,-0.09797745156405169,0.033553977985093075,6c084788dbcc2b2b71b4955271b89fcfff177a6bd5f35ad28a9f47174b808600
iGluR,213,16,True,24,0.15883833219960097,0.38444971972652425,-0.09740515226736868,0.07537695624286567,1b19a6a11434c116a55f36f88e913d1d669cd3932aecd2f279809f54f97a5863
iGluR,214,16,True,24,0.11630427418193859,0.3793406185754,-0.07047899265081004,0.04172738287889777,60d37ac8807bf0e002a627eb3db447580a31d8d7dc5764f5fa4a611cd56ba973
iGluR,215,16,True,24,0.1587542702329986,0.4318335847968711,-0.016283859529848677,0.05711823887775802,e209c058c76d5c2249b59d069e99b63d4ccf4d75fc6474971faaa33e840329ba
iGluR,216,16,True,24,0.15003642868768438,0.4570372372074267,-0.06887063175464414,0.051525909213575805,100af060db73b50410974da4e5e56754690429bf650bba50c913b568faeafe05
iGluR,217,16,True,24,0.12992745352296256,0.3705653219034094,-0.03962365306482951,0.04875364322620346,1755b7bf9bbcc31c9271b3420e5a02a684413bc2f14736128d2a83cec2a36612
iGluR,218,16,True,24,0.16114185306899836,0.35676647510126563,0.010305719688659565,0.03919410533871259,db7dad4ec852544eebd2f38b301d15046f3c392a7b7c7d8c846a0c64cbe5bfce
iGluR,219,16,True,24,0.13414303964393354,0.3982147970240591,0.0005277138598085429,0.04574238879164372,4520466fb62f1f650f40dc024d68c60e97e8726dafe73e0d27bb30a7da5341c5
iGluR,220,16,True,24,0.13250050750262563,0.4358037750104059,-0.056047650162322604,0.03723440007177703,69bdaef87266a7bda37eabd5247e99e137ce18e1d17fda53007e3342ec7bd517
iGluR,221,16,True,24,0.16598852266660968,0.45003109031440175,-0.04531148003974517,0.06744253979624837,203b69cf2f59140499f8d62f24d0aef0488c41c5ee03a8aca1a8b81231eb9de5
iGluR,222,16,True,25,0.18297592629885256,0.490712949012744,-0.07512608668483223,0.03986327299083703,b80b39c0112035d42d4d1915bb0d836179b14bd0e3bc651de3af754ea4695191
iGluR,223,16,True,25,0.20108044473000558,0.45286758580510206,-0.07080664727726038,0.05171709997132545,4e09f0a132970636a6089fd40dc41a2aa376c356c62fd6ab3f5a67811ccb6fb1
iGluR,224,16,True,25,0.14532709391754317,0.24964134517529582,0.010626324996673375,0.03460552715271703,648f770b5697b225bcd709505b67e493923d7b00434b888a01d9bc9e1b5e5b0b
iGluR,225,16,True,25,0.14911257728929933,0.33659089545406273,0.0032971999834456867,0.039385296096462685,50af1756939bfa0087814d2f5ed385f6ccf77599f9211eb602af24dec622fab0
iGluR,226,16,True,25,0.1447394572231112,0.4805274805015348,-0.04228142146414182,0.03995886836971185,e7939388cb6d1c5eabab6ca735ac1decf0f4d097cdf8f37b07c0d210a55a32eb
iGluR,227,16,True,26,0.16509365489067077,0.47274513914759586,-0.09023038290005214,0.0555409151263222,9446dc15b83b9c7942e4d977b626cc4acda4d3c5f989dc1f19a087e21dbc530d
iGluR,228,16,True,26,0.15293566223813948,0.4025836717773936,-0.07316158528831407,0.04187077594720989,f9f5fc31e275940324ebaa1af7fcd7a864296034f99d851625aced16e0a96cfc
iGluR,229,16,True,26,0.145448623580954,0.3192752251252651,-0.08982974551343581,0.025667359227912856,b3440520fb249908c7cc0f4c6647560c709138400846227d0faffe91a61b4733
iGluR,230,16,True,26,0.11588873206963149,0.3982147970240591,0.025755414833975365,0.02929998362515951,0bc9b46fa7fd500711868a132ee0242babe4fec4ffb0316da9b2272fd698796f
iGluR,231,16,True,26,0.1428898776141362,0.49548374659333994,-0.02326830015499315,0.03881172382321285,50a3c59609d1c801a513a1604e48dd8f832e2c35275c9d9cc6885dc09b46d14b
iGluR,232,16,True,26,0.16771993164055457,0.49548374659333994,-0.0379537526951097,0.05272085144951211,1b83752f52fae5b7d4fb0aff2413c4b04675b245a6185abba17b0c63bec7e81e
iGluR,233,16,True,26,0.1653937827231157,0.4779721217450678,-0.0894866261520697,0.04230095515214716,75cdf7bde88097fa96c77201056a3da76afb07c45f24c5ae1c6a35b92a20dc29
iGluR,234,16,True,26,0.17809656808218882,0.3720166116647175,-0.049027642594062115,0.0608942563433168,4302fb72478b04ec561d80d37692074f9a7456adc34f68e800c912f617af7a6e
iGluR,235,16,True,26,0.13321048374591316,0.3152546159428501,-0.06691776704038599,0.024233428544789604,35d610b92b047eeccd4d2b6c73d38e13bef1073a997ba6616a3801ffffa8da1f
iGluR,236,16,True,26,0.12349540781585153,0.4187206553432414,-0.06417263995111444,0.04789328481632937,f0c4d76437751120b4097c0810849845f4be94560a86b044beb2e882d4bc5e73
iGluR,237,16,True,26,0.1448480129107737,0.45690295896545624,-0.056815693324973715,0.04966179932551529,e1d2cd1b329a9770899ae3db4875dd4b4c2902584811a097a02cc1f073cd6b26
iGluR,238,16,True,26,0.17330617694599243,0.4924564987833676,-0.021669931583098823,0.06251937778419037,b50c2efc52ea08e7e1c77a61fbd6f173bdeab6650bab77712ddf05384aba8023
iGluR,239,16,True,26,0.16841479234243129,0.38052220731610836,-0.08046742095485948,0.04937501318889037,c15de40368f0440d566f0ecdca51f35afafd6030d696f392c07ee697450c914d
iGluR,240,16,True,26,0.18363689581974352,0.4318335847968711,-0.06665550783356355,0.04970959701495259,025cccc22aa7000ab8dff0e43fd775947b723a49c75911018d7679e09e85d22c
iGluR,241,16,True,26,0.1415728766315411,0.490712949012744,-0.02871983956500257,0.07164873646674397,e1f8cfc326303e4ac300d55d71ac0f973a440056dea28af1dd7ae2e237ce729b
iGluR,242,16,True,26,0.13680964515546826,0.4102427341484774,-0.035381734782415464,0.043209111251458765,0756d18355225ae04de10256799972b1ccd463d7fe207874b00be69cf4cfe747
iGluR,243,16,True,26,0.13875739777415758,0.38460620372484133,-0.037172630179580946,0.05711823887775802,68971d7e863b0e59d3d9f33495c421356f37566c096b913bbfa334864ecb3548
iGluR,244,16,True,26,0.15662427153091363,0.42149396584707327,-0.08321765935971737,0.05214727917626272,d45875dbd6d1eabed78e65b95879317d7c568fc675eb216061e73082e378eb31
iGluR,245,16,True,28,0.13583169491697505,0.44403973076002395,-0.07192367865161042,0.019549254979918995,d47716db4f24f47b702b974cb45b5179c4e26a56c382d7e6f31990cddbc222f4
iGluR,246,16,True,28,0.18329304955054376,0.44403973076002395,-0.08233465092201975,0.03455772946327951,dbead71d1816e9f24daa42298f169e6dfc1e06ac65e7b7c9c822384254496252
iGluR,247,16,True,28,0.15561453336393727,0.4683781620183182,-0.0867829986040487,0.008221202583242215,2ede67b82c930b355ea6d101d76b30bf00f0c95091446b72e30355cb94cca9e0
iGluR,248,16,True,28,0.12541521557975965,0.3316923883211337,-0.062386227844381636,0.0503309669776395,fe75754b71320b49d60c5693bdab1906df9bc8fa91a3598a7f6e8fc2fa061466
iGluR,249,16,True,28,0.15713977189275516,0.48031045328630745,-0.010292963416400625,0.05903014645525628,1eed738cc09f0515738fefb441fb71ecffc20eba8ed833fd59f0292b7f6988cd
iGluR,250,16,True,28,0.15929481514194063,0.45207905092682643,-0.04256064455898212,0.030542723550533335,2795f8ab61fbf4e99d331fc47f8dc5d1316feffb23e410cf1c9a6da56c77d08a
iGluR,251,16,True,28,0.14812436892994782,0.3870571892287079,-0.04489544649540633,0.05864776493975654,11af5338e00c3855e0f24138de386fa330be230e036750f832fd413c11939c88
iGluR,252,16,True,28,0.1265550733483865,0.2726132996398922,-0.03774481279269715,0.041536192121147675,aa41090ea73361199dd756cc669d8936ea0da95d1f9bfd1922120efb05d33c9d
iGluR,253,16,True,28,0.13277790357217997,0.4133629591563293,-0.04971594659327927,0.03766457927671407,39359bc5f7c86a9a898f58508237f66ddd72032b09b52873e6b10cdb8b01489f
iGluR,254,16,True,28,0.15744540052064943,0.48840337916694077,-0.09432178230942068,0.03709100700346468,8148b9c2e07305ddb426973f52567703e3ab75e4d529908a90f6ac4fce995e14
iGluR,255,16,True,28,0.12591747017744945,0.3409466204194837,-0.05150447567511218,0.05028316928820198,1c809e7af2ec929887f8a461cdc8f773aad67c45216c32d0ea753a4a32791825
iGluR,256,16,True,28,0.16110181045290012,0.45820704431600073,-0.08607090339713741,0.03537029018371607,e09005ec0cf3ed860f988505a572d2ec4b33cc4be52f937433037731f6027d84
iGluR,257,16,True,28,0.18430576929132214,0.480099011719285,-0.05069870052704939,0.07408641862805432,3a03b682cef0b6c6df008bbdebf04b3ca7961cea5ecf9e999ea9fa9b27fa6845
iGluR,258,16,True,28,0.14816298645090553,0.4025836717773936,-0.042495607520022016,0.057978597287632105,573c14cb28d9576084d17988b86317b69279882e15524a65f5a38dd35d036f39
iGluR,259,16,True,28,0.1473997770584229,0.3507938627420799,-0.07515924681417196,0.06682116983356123,bf58dd62ba546d62632a969c8da941e0e9bf4796a67da5588bcbb634129b842d
iGluR,260,16,True,28,0.13898929145398475,0.3527533406090131,-0.03726448856827469,0.07379963249142918,a64ab7a0bcdb309e19a8db8eb84430cbd6b7178d60c0bf79a3564eceb59108c0
iGluR,261,16,True,28,0.1579559033274341,0.37601532145439825,-0.02241266625650784,0.046841735648705196,3dc62a06b36457e72b9b5b481dc50b83b89b9b85d38db829515555373f0fd609
iGluR,262,16,True,28,0.17153418746984608,0.3837097969872114,-0.013225349363873207,0.06185021013206615,781ffd4a8efb9d5b527417729761c43344558c54c26d109b0b38127f827058e4
iGluR,263,16,True,28,0.14043047097126574,0.37601532145439825,-0.06269699746546964,0.04937501318889037,885597b65e1ed8561e082ae9c88f4d39d2755f3a3dc7f7fa561f10d00dd6d62b
iGluR,264,16,True,28,0.15310039680564885,0.38764039017994517,-0.04152965954004584,0.019071278085544652,1133097eb6c425656e843216bf79b5dca0a36f6be0b2d1500a9cb85546431530
iGluR,265,16,True,29,0.17063403798744248,0.4030870956584495,-0.03830193791076342,0.0659130137342494,54c4f8d0aad6cc179579f79ece930d59a564824c99113a28f9ae33ee5f7583ca
iGluR,266,16,True,29,0.15188804732866207,0.45063516825065264,-0.07003885132866294,0.050091978530451886,50e59abe4477c174f8f4c350c5c8c481f9201aa50646cb56e75a43789541bc22
iGluR,267,16,True,29,0.17740681255500879,0.3848958937634595,-0.008094853445701045,0.05147811152413828,82847c276800cbe4a592c9ada1465843655bbcf879c9e12e480667a1cb0125e5
iGluR,268,16,True,29,0.15926804150867382,0.40349954097718765,-0.08067614532109335,0.04789328481632937,a003fbdcc6a22d3f9edfc01dff28ef4f5e39b652c69b85cacc39096117f38ad0
iGluR,269,16,True,29,0.15089572083911268,0.40096957425838214,-0.022767414226405602,0.05931693259188098,685ba9674d9eb7c81b753cb3f29a8e396257c206f48ae12f3741523927921fb6
iGluR,270,16,True,29,0.16504353566132768,0.4970784041840719,-0.0972223798761851,0.05597109433125924,9f071d8eca9519f923f48780f12e3f2b0fd3e527dd3dfe80695ae31f9b8faf02
iGluR,271,16,True,29,0.15589513555325166,0.4179411561589848,-0.08991016475804114,0.025045989265226165,1571048e7f845a70a9807b59f998b2c11b797a51424e7e8f0e4df1ccc098138a
iGluR,272,16,True,29,0.12926489072336916,0.37026879452979344,-0.020614991366895374,0.04105821522677333,0707345f0326962c0e383b0790d25afba7590bda3f0ad18b456ac3dce7bc1298
iGluR,273,16,True,29,0.14033547679292235,0.3870571892287079,-0.01733804524352678,0.03919410533871259,4b37365e638ce6542844b3f265aab0e230bf5f939c7d884c58dc33bac0a8628c
iGluR,274,16,True,29,0.14536740440889945,0.490712949012744,-0.09314440503024812,0.021843544072916554,7b9511ee2964f0ec8d55d551f117fb024487d3ccd88a83f596f26705ac44a7b6
iGluR,275,16,True,30,0.1504176366788887,0.4869208172508951,-0.07860573321483377,0.026957896842724205,2be894b4c11c90e13ae0eafb448feed672198927656ae790ce8c33d6d82b1813
iGluR,276,16,True,30,0.15699728415413766,0.4267389507448309,-0.06719064381637274,0.06749033748568545,27d6e7243b6c8a692a0b7e999749dae080af17f25cc47063bc11a8edee0f3228
iGluR,277,16,True,30,0.1647669432885302,0.3925721806981879,-0.04523763606698683,0.05171709997132545,90a706275500da05f6ea0ffa2d188d4929d68336e9e3ae64eef75841e182a9fd
iGluR,278,16,True,31,0.16709773503543618,0.480099011719285,-0.04529987878812314,0.02982575820897182,7520deadce6ca8e1c97bfe255b0608aae9c34ef083ec5ef73f13db00a83dd200
iGluR,279,16,True,31,0.14830227209393954,0.36826803012576453,-0.05994640245520433,0.04961400163607754,1a837ca0ffbfa16d0fec8ab88abbce9f5c0bada180916798aff41adb8a85c045
iGluR,280,16,True,31,0.134162259707299,0.38487824804414367,-0.06860218762697823,0.03881172382321285,349c626c63205caafd074ff10cb44aaaf732f6d61cdec20c0c3679e48adede38
iGluR,281,16,True,31,0.13365642722157653,0.3990865953380448,-0.05133033593381242,0.029825758208971598,5f1e125cd1f9be0c017c178d15742785408b75a87c02a6f2440bd0b5fe4346d0
iGluR,282,16,True,32,0.1574291102936597,0.46987492318699514,-0.030836742173889764,0.04287452742539655,5b393fb413a0be05b56126490cb7567fd0fc4bbc7b09dfd9e49241b1c9c5c375
iGluR,283,16,True,32,0.1504538678757353,0.4025836717773936,-0.0273093041323893,0.02423342854478916,0bd93b88460f3b71fc9b3ffd29436fecb3eee7693070f0031c6b676fae04fa10
iGluR,284,16,True,32,0.1625234795009456,0.45690295896545624,-0.07773263062989244,0.04784548712689207,3bc58518972ca899029443066b05171204a47ca4eb721871b1e1619b50deae41
iGluR,285,16,True,32,0.17946554556993977,0.42149396584707327,-0.05055742907335148,0.0453600072761442,2efb91a40cc0398a3f3c3716ac355da0ab729556202fdddc852b3d5ad4718908
iGluR,286,16,True,32,0.1899225767591582,0.4868140066252189,-0.05304254824533672,0.060942054032754545,09f5e9231b41c4e5e6c27b14ed4d1f0c4c9b3d2a233108dba3ffc087e9b78304
iGluR,287,16,True,32,0.13502644594446692,0.3479893369347523,-0.075996250657127,0.035848267078090634,3dcfd256ddd46b983462795960ed12f0727d22139e12edd48d05908841831c0b
iGluR,288,16,True,32,0.15411268055740257,0.3249526157660827,-0.02135396154536462,0.03895511689152542,f5ab67c1f5874a439517be3408a3d8b85a545f165044cb5e5617c2942cd45091
iGluR,289,16,True,32,0.16505585901381825,0.43420869250725763,-0.07393578665914635,0.06935444737374619,be9e8bd5d21888f0644b8b27eed661ce56fc57498500e30f9ab4d92a86fbc694
iGluR,290,16,True,32,0.1627927248939968,0.4179411561589848,-0.05677522864144002,0.04034124988521137,b4bece248d8e0a2e152f52c0af1dd0365688ab03bafac8e37fd3410d94fa76f7
iGluR,291,16,True,32,0.17115877705696816,0.4840204779229424,-0.04059021387369022,0.00043017920493726436,ed8601b603fd8039d25ce21bfdb67ed1a86073aa554d519f7439fda8c71ef23c
iGluR,292,16,True,32,0.11322442135038288,0.30799180034495477,-0.017997972240098914,0.038477139997150855,560529f42a724aca2a9f62c62a25160f40476689e7cbdd127f2ac862a533277b
iGluR,293,16,True,32,0.1282882324804978,0.45869241751889656,-0.07639442514199146,0.06251937778419014,5b5012bcc23bcd4d60ff0137a6bf7b657aa6dbddadbbe9b29e1c9ba03a76f240
iGluR,294,16,True,32,0.13735964338694054,0.31582316706191854,-0.09834735773832382,0.025237180022976258,464a3ef02351dcbaf79ef41e3c38646f10b8fbeed73a4be26cbb05beaabaea3e
iGluR,295,16,True,32,0.16729542005171077,0.39717631393247893,-0.020740993664542184,0.06806390975893506,65480f23b2dd410eb45ddd9fd3201e2025623a99e8ebad872d2b87fd1e59ab7d
iGluR,296,16,True,33,0.13890028015581898,0.490712949012744,-0.04899663511983121,0.03799916310277651,f5d35d4c8a048908944de1997b5610c5ab8154eb5877742b97e708bdb80dc94f
iGluR,297,16,True,33,0.1677752947129062,0.45003109031440175,-0.024649767525733335,0.05726163194607037,d6980230b3e0ad7d221479b25617838d6ccbb8bca3ca8e6389b75b79ef66a837
iGluR,298,16,True,34,0.13599902071785108,0.3384078084220326,-0.07637205880485176,0.028344029836410378,c3796eedf39e0bc2b7ab337648dddbacbce2ea022d2aa2c7ad3ef83afce9e48b
iGluR,299,16,True,34,0.1564553668231592,0.4906570640964259,-0.040918878069322595,0.0322156426808442,0558ee2c5257c4e9a77a403e2995d96a4f4fd0fa1b067becf46d7692db487289
iGluR,300,16,True,34,0.20018032490294405,0.4869208172508951,-0.0912298036082344,0.0388595215126506,01deedbc5781c783e683df52cb1985bc2db74d53cbd1c27197129acdbe689f1b
iGluR,301,16,True,34,0.16579682902876608,0.4683781620183182,-0.033302950445409873,0.059269134902443454,ee1d1d0e4ae4398b98af527281f661f2e9d8b5acd24425806cd7dcb2f8ece0dc
iGluR,302,16,True,34,0.09274061398282718,0.2879109136830663,-0.01958970280267014,0.05339001910163654,3f8b292ef73b861e861da90e73b444efcd36312ab22ed660d16f04fe89eb1457
iGluR,303,16,True,34,0.15219671673099558,0.41171148816918934,-0.03294935942793975,0.05793079959819458,17cacc24741594dba9a81df4441a42d24c8c31379dc8598b3b58bf47a587af34
iGluR,304,16,True,34,0.1752550998270156,0.48018557290878416,-0.03676965078345473,0.04741530792195481,d8d7e11049c1b05cb912bbd6afe23bfa4355ff512c10dbfa8b61e70aacf3778b
iGluR,305,16,True,34,0.16469472123739115,0.480099011719285,-0.06019078262936395,0.04822786864239159,1bf0b44af859131bd6525e8cb0fd9cb720134e53584e4c422ee576c29fed93e4
iGluR,306,16,True,34,0.15996851651684196,0.4358037750104059,-0.07140633097442972,0.03121189120265777,d69bab2bb393972709a95775242b03c6cec447cc57949f41c1ec55866cca67f9
iGluR,307,16,True,34,0.18316158732987803,0.3767849577792453,-0.06499247067772629,0.04196637132608494,eff498c81ee0ef6ef554398a3e098e34d033c249a2e92d6a6ccc285339b085c3
iGluR,308,16,True,34,0.18275953314230553,0.43720713630972147,-0.08402796170539695,0.06400110615675136,2177bd5a719cfaab7ed5752a3f543e430e02de368e6d065ef203cc25fcb7fb27
iGluR,309,16,True,34,0.1631224390919072,0.3213489264670949,-0.09021521857174974,0.0325024288174689,75ee557c16321db97e2ff996ea8ce25b2b359b867f5cdb706c030680e10c153a
iGluR,310,16,True,34,0.16519864029406287,0.36848043870938063,-0.013676190682241351,0.047415307921954586,07bf91c0805286e946534ab75ebb80d28a98624b5f0b2b34407cadb867275923
iGluR,311,16,True,34,0.19748862566256883,0.47274513914759586,-0.08160552835831991,0.04120160829508568,023a40faa85d8ce12f7434787008dd99526e009daeb54acf83a7832a63d38b6c
iGluR,312,16,True,34,0.14403589016610993,0.3455195501499309,-0.0728286152075901,0.04091482215846076,88825d2160aaab8ca006166d4d925cfd1b4d90d4c34fa1410ed2a870366414a4
iGluR,313,16,True,34,0.13638850373348416,0.33659089545406273,-0.014238343822447153,0.016203416719297037,5712ca0501368b3ebc56cbe31722d155938376bd85e56cd1a1270542ee0e33b7
iGluR,314,16,True,34,0.16163170339316965,0.4779721217450678,-0.03156246676261443,0.04765429636914198,6071247d99c70919ffb9bca9a4fee2d5eea9282155cabf4769778ea208af3b90
iGluR,315,16,True,34,0.13872804746316664,0.337462974185083,-0.011103454581079752,0.04105821522677333,2f0883b4d237874cfc06cbd44475706fa41e38fc89cfb50df8f70d3e11752f95
iGluR,316,16,True,34,0.17058818724194474,0.4557411013053739,-0.03311614079167047,0.04115381060564838,44ad8d3a21b0c95a9a452a39b909fbd6dc4dda9d5484f20e6972340e04e637a2
iGluR,317,16,True,34,0.18563228325335007,0.45063516825065264,-0.07762385464709709,0.06017729100175506,2de2d61cd00aecd40084ae850b65a5ba984cda7fcdb2eba2f520b65d98e6fbb7
iGluR,318,16,True,34,0.1769432796956921,0.4097666266637247,-0.03173527462350689,0.04818007095295407,d0599dc0def097e6341dafd8f10a9946e7a0755728d0dd48443fc8ed2b5d9683
iGluR,319,16,True,34,0.149188861825354,0.3479138637639653,-0.033958991386219495,0.022560509414478513,d793b37d02d73665d14e938e502f915644a61f3d2ea6743d1755faa63c22d865
iGluR,320,16,True,34,0.12669140503449794,0.4358037750104059,-0.052145066071105806,0.04273113435708442,9be308050ff6009341b16efc02186a7977410e0f6c068f4d7f4fc2f2e77426f4
iGluR,321,16,True,34,0.17678572233469622,0.35206978003360084,-0.04943781233036848,0.0427789320465215,6147866c56aa74048ad069f0ca1e9b08b8731f112e0538a6221ffd2c06905f1d
iGluR,322,16,True,34,0.16501914112689126,0.35358692298559014,-0.025636681119956428,0.034127550258342465,e09eccf3e5387c7d889492750e65257b926709185f6495debe44ae0b83ad03b1
iGluR,323,16,True,34,0.1840416970474079,0.4107890904905555,0.008380128953169308,0.057596215772132364,596b04f1f7fa894256046803a033e0838fb7909449fa34a10e8839664df76e8e
iGluR,324,16,True,34,0.1617409568946814,0.3491402561221543,-0.03808838869116293,0.0609420540327541,575ccf44d6fa2e3defd0330b63c4fd0d82a1eb4f26de3aec364048bed2165b8c
iGluR,325,16,True,34,0.16137956331613956,0.3827056862237859,-0.06504480195260465,0.056592464293946154,0d7f5237fb9cee1016c6952165b9c0c0ce9fc12418e39a585c71107cc923b89a
iGluR,326,16,True,34,0.1448356275844747,0.29003376585926127,0.00030013048927513,0.04990078777270224,bddf01e0f5cc9c45bca26e37c0c368e7458d54fef5d686de823779b73f427cc2
iGluR,327,16,True,35,0.15753743459546932,0.40816635353946057,-0.06176515402399829,0.05879115800806889,faaddb319e29c3b330b4bc91c06220b87cc839d56ff0ab52c0c1ebf85f58e518
iGluR,328,16,True,35,0.13093561940223075,0.43420869250725763,-0.06567166513370193,0.030877307376595553,58575df312a1f9253db9b914a6e755966e5416db302e7862342b74b54a1d5bd2
iGluR,329,16,True,35,0.13854558981749826,0.36078698604678433,-0.06660638752535686,0.0517648976607632,fcc40ff96ffa6070ef8a6df96980142e434cad840e97264f8ac088bf413858c7
iGluR,330,16,True,35,0.15072195086877238,0.45286758580510206,-0.07705277942137156,0.04818007095295407,b3c167e4495639200aebff6fab2833ddbad996c2040d825498f15cb922d8b183
iGluR,331,16,True,35,0.12147418129662478,0.3333897635956957,-0.060873880556163495,0.02079199490529282,b5bacdb4024a3a587e4ce08fabfe0c685c21e0d3a12a4ef226c7d83f1b5e7a05
iGluR,332,16,True,35,0.16736352667510357,0.45207905092682643,-0.09726934321393799,0.04239655053102198,aedec39f6fd427240e0882fcdd2baba6331e6ef92276f57c9ddbed6a945d6dec
iGluR,333,16,True,36,0.17184000742766897,0.3982147970240591,0.001585366589147874,0.05429817520094815,e6b626adad22899181024e598d076b7933c0de43da739a75b8bd4cc0a475cdfd
iGluR,334,16,True,36,0.15251501503148213,0.3587565441564169,-0.06948973414867421,0.05654466660450841,21cc485c80794b3a2e0f4b51d6d75afa99f9118fddbe9ba86579650caa737e8f
iGluR,335,16,True,36,0.16208521954785493,0.3330118395488272,-0.0897769907689474,0.02533277540185086,af4dbbf2012ba751824e02fe119738402a1eaf9ce6577da2016f6ffb5d9c4953
iGluR,336,16,True,36,0.14919863689370882,0.40849558415805653,-0.07667573685580065,0.02796164832091108,d8b4d5f00a4503206739bdf7c36b638eb5f18c57941044d0368087e8db20e544
iGluR,337,16,True,36,0.16127327986999906,0.37949936533382367,-0.025547102986958947,0.053246626033323974,4e1dbf67026744b273579d2d70423f9040cf7085174268c75f7c5585ffef77e5
iGluR,338,16,True,36,0.1558289071434062,0.37095459002696984,-0.04892519564514819,0.05515853361082268,7dd52eda8bdc44d065d7a300a4d88178f619471ad938bf5a897d4fa3845a0b55
iGluR,339,16,True,36,0.15407176449394655,0.3837097969872114,-0.03565443878004659,0.05989050486513037,d084bf35c4527c58fc6a2a88312e3f2ff051bff8c6956e6943e9d31ccb3d4854
iGluR,340,16,True,36,0.1413116503491329,0.40849558415805653,-0.08490140236612254,0.04521661420783207,1094c49c96f4564b1bae72720c8b867d91290a5376a6ee4ae321300433b7c379
iGluR,341,16,True,36,0.16873181872302376,0.35437986101592245,-0.045227071319147605,0.038477139997150855,3d809b2d9ce9de7a47450b6eef1626f0163d18064468076f94304ddf895f4b16
iGluR,342,16,True,37,0.19698677527873276,0.45690295896545624,-0.026526729108950597,0.05730942963550789,628f38fed0f675e032d6306499057d5de81fc33feee63f4534fd7d21987ff082
iGluR,343,16,True,37,0.165084024442501,0.44403973076002395,-0.03384029289084989,0.05635347584675854,1515d849179f9ff119ec34e2ba6debc934e406b38015a79e6ef8c6cc2ab9cd4d
iGluR,344,16,True,37,0.13723520882450704,0.27209632277210205,-0.058051041099310474,0.02155675793629208,fd23e637959e9c2b6ba8537fb413750fb2df6e2fbc3041499f25e7d14fb75b39
iGluR,345,16,True,37,0.15957532248704542,0.3513881235929803,-0.026786652153345525,0.06533944146100001,35532c6fb8b196016bdfbd96e95902959963ec7f5a5b392a66fd95cdd8611eac
iGluR,346,16,True,38,0.13727920144548222,0.3696047465326416,-0.004636193365031627,0.06275836623137776,39453db5632efc4a30603213350c2674c9c4f6ec92a908a1890e72bb5c801bc9
iGluR,347,16,True,38,0.13527973745498367,0.3413714692164044,-0.06548940471981002,0.051334718455825934,1989aaa71ea77bac72596944ba03e883e007d6565335b638dccbba979dfc1d72
iGluR,348,16,True,38,0.12491412383738167,0.3527533406090131,-0.05279548796902933,0.05100013462976394,a03c7de73522852844fd706556758408d344f7f6d0befbafc1d591f022201366
iGluR,349,16,True,39,0.14837368639070997,0.44403973076002395,-0.0636454452683406,0.015534249067172823,2d0820325085d260dc40f6629d2fcc125ee3ec6821d45fe7da9ca36aa887ea09
iGluR,350,16,True,39,0.1458880481849364,0.3705653219034094,-0.08875300266447672,0.04846685708957876,6d1d8859155ac7c72cf35e2c8ab8575ef050af342a6da101f1bc42f826d3f49c
iGluR,351,16,True,39,0.13372029137411715,0.4107890904905555,-0.04175363049208913,0.06299735467856471,0ac09cec8a032a91a55af4a6eaf5e14aada9d2b27cb934cc354ea5ca9f362a64
iGluR,352,16,True,39,0.15857500807240194,0.45207905092682643,-0.0957172049878503,0.06457467843000098,c8ddde401a419b82da3696ac6d0cd9d30cc24551217dc6e28aca0165286e5775
iGluR,353,16,True,39,0.14484028511671754,0.372702267376993,-0.06054136851652103,0.04445185117683259,5c8da4124a6b0f490bd2e4958047e7984f0577432ce34dec670852a20cd8ab9f
iGluR,354,16,True,39,0.14530217261733974,0.4097666266637247,-0.0664497941541713,0.06228038933700297,dc3be2f83a9f7cacd1d2ae0b069d54669a004ba4d1c482b370ebf2d2fc7c9882
iGluR,355,16,True,39,0.15658037793728435,0.4267389507448309,-0.0992720318096465,0.054345972890385674,7f0ec2685180b8b133e836a0f921d68a90c2fd210738a73b1a5d0d94f72faeae
iGluR,356,16,True,39,0.1290925757334611,0.3958486632093746,-0.0060616607181440685,0.04144059674227285,1e9ef1407c9ad698e80d6d6cd84ce0c215a1a0b96d091af11b3107723a86c38d
iGluR,357,16,True,39,0.1616569987880514,0.3982147970240591,-0.0093768989947689,0.044738637313457286,fb6a1f4ba95286eaeb67caa176134f378074e434b9a7f26ea80df01b48d97e08
iGluR,358,16,True,39,0.15613909068184742,0.42149396584707327,-0.0904640977703477,0.046411556443768376,0b6222cab84766accd67601d6026089180780c6da2e6b5fa2a76b147e430a1b7
iGluR,359,16,True,39,0.164315668589759,0.33279011411763293,-0.08272168635734989,0.04693733102758024,490ec0c3f593892d9b69243b1429a1de2f1bd5e845db13d3ee55434f8c8bd0ec
iGluR,360,16,True,39,0.1673847972241445,0.41820418942343085,-0.08278341843703885,0.05066555080370172,119fbe96b21c84394b613a169221902ea8a76459f4f959cab7ad298b07ce44dc
iGluR,361,16,True,39,0.18008131754440884,0.43637333241772513,-0.07808029473822398,0.04029345219577429,700fd0579bd9fcdc71ffe82ba1ec21bdeded7c234470707e22694dff6558e560
iGluR,362,16,True,39,0.17867135581036164,0.41217576873235373,0.00747267791041617,0.0506177531142642,dce5a3f8f781344e7223ab59d5db0383b21eb123e3e5edc8fc93ae7c38c6a9c4
iGluR,363,16,True,39,0.20161751371431308,0.4901407301911515,-0.024098551787924194,0.03847713999715063,3257c19a83fd2488950e0f6331a3f2426953c47220e1267fa76d1408c95a7e2e
iGluR,364,16,True,39,0.15168252668516047,0.3696047465326416,-0.04785907218866026,0.03159427271815729,793c2ea731bee0d0e7a386d27daddea1c788ed197402e4f7e4215c74cd2e2186
iGluR,365,16,True,39,0.14508377491895086,0.45286758580510206,-0.07875130945135744,0.015151867551673082,0d30103bd9a8f4aa1f3c5b06a2e6090e8e1e4d5725d67c01a478471e2829d8ea
iGluR,366,16,True,39,0.18769941628354922,0.44403973076002395,-0.08142861790772082,0.039098509959837546,dab9e1aebda68f343b65a2a5b69743707f1475c0a788974d1d98b8db3702da86
iGluR,367,16,True,39,0.13507712453728066,0.43637333241772513,-0.04088572500405263,0.04258774128877163,89d3f0bf95faf10c025290bba3f93cb04dd54f23f5a8148edfe9dc6dc845a8a5
iGluR,368,16,True,39,0.1594280016202924,0.44925142286325487,-0.008230994982941553,0.05888675338694371,74eda2141cb939ace3c31f65404ed55d2a4b3501594bda4248f8ffb98ae36692
iGluR,369,16,True,39,0.15368181134996142,0.3762143731368391,-0.08518392708123246,0.04210976439439729,747721e322de640bf434f1d6c2437715baaff866775cdc1ec8134f78dd85746c
iGluR,370,16,True,39,0.16893749191942575,0.4805274805015348,-0.08243607069714809,0.021747948694041952,00de457bc61990e562ab41d6a368600a237220d4a6ca8ef066aa1fc4fec2d933
iGluR,371,16,True,39,0.1531051108649597,0.3623816193725804,-0.040031728710395065,0.015534249067173045,192dd65371f10ae96aa5ba5f51c9bc644098efed07ca2b1564840a7325b10193
iGluR,372,16,True,39,0.16862692769936888,0.4557411013053739,-0.07170732740159469,0.04736751023251751,e5dc1b89896487d1f6051258bf5b5f44eef32fc6e3b47da52a55380e70b1c9c0
iGluR,373,16,True,39,0.15918835610704316,0.3700944177959056,-0.07892347549050704,0.03694761393515211,8b7fa801128a2668ca196468d871dffce32358d8ae089617080bc8c135f622d7
iGluR,374,16,True,39,0.1450512319385147,0.3720166116647175,-0.03385402424696826,0.036947613935152335,3887b0575001f789e775dab0eab388947f154a6f8c860bf81d936f03cccbddac
iGluR,375,16,True,40,0.1713342579550113,0.3901834400936365,-0.08639025554867175,0.03957648685421211,8a10dd8451ed97e12235dd6a52ce8a5935ba9791426141c456f31378b6d95fc5
iGluR,376,16,True,40,0.14386345074168128,0.4358037750104059,-0.08044550462730093,0.03494011097877925,05b227ae1c764b09eb7b23e214ad8a9c71af85c081bd94762dcac332fbd03e1a
iGluR,377,16,True,40,0.15717874598901094,0.3893911060579458,-0.06867533978629758,0.046602747201518024,8b05f7ab888174839ca0d9e44c312439ef0b26ddea7f00bdc595e7d79c08f032
iGluR,378,16,True,40,0.1693850085113191,0.4869208172508951,-0.07286086104574796,0.0582653834242568,a225ece5037695ad5fe337d7b93fc55363a9fa688cbc463223edfe3db33bc1cf
iGluR,379,16,True,40,0.15106499603111276,0.4380053773135198,-0.05579298008207001,0.03427094332665481,88c6bd408cdb34ffb908de1132363a760198bd6bb3f859816147f3515b6e6a9c
iGluR,380,16,True,40,0.15593991913568708,0.43481256969853227,-0.021273638861260658,0.05745282270382046,34af4c9add09b68db69202714e3b2f05fef12e3d2081b4b3288ea6cf8bd43a07
iGluR,381,16,True,40,0.1361665476198725,0.372472749279756,-0.06510471049242472,0.03909850995983799,cc63b6f3e41a09e4b46540edbd785b7b6ecb856a66cda3d7e8b0a5d43f7cb363
iGluR,382,16,True,40,0.1647389943853635,0.4265341579444569,-0.07299826302011736,0.03474892022102938,edd3756f428177ccb72ed5eb460f290ce6a6762bfb4ed701feb689474dcc6960
iGluR,383,16,True,40,0.16803382624299623,0.40816635353946057,-0.039782728242781396,0.014243711452361474,49962e952cb0e89f4d5de6208ecae9027488c044b3d49795724d1756aad49312
iGluR,384,16,True,40,0.1405047635629825,0.31689855509028425,-0.07579164321049836,0.014578295278423692,ceb4f1f21bbe535311e09f50ce5ac56a095dcaf3d28573bf9e365794a6ead650
iGluR,385,16,True,40,0.15144866540972346,0.4924564987833676,-0.06806141759733908,0.054154782132636026,28c7c6b0ecd4ad8942abaf9f8c427918515d58a6b3e15220077ba61d89bdd623
iGluR,386,16,True,41,0.15887564424080175,0.3816905158033684,-0.07514825783353984,0.052625256070637505,f32cda0914cd8d917dec5ba5d01bceb88605d76455e6727036a956d0f6ac15df
iGluR,387,16,True,41,0.11656207039970297,0.35928548813015543,-0.07011263298521264,0.01606002365098469,884f92fb46f568ca9dc14b44997da6721d7b265685049b7bb7729c6da76f89e7
iGluR,388,16,True,41,0.16968143818861955,0.3333897635956957,-0.0932608669947701,0.05143031383470098,d547f02767ab09a02579ae2b27f41e6d89712a3b917a058d929ec0498c9540cb
iGluR,389,16,True,41,0.1443484954119914,0.47274513914759586,-0.05275322856589604,0.032263440370281726,4f652fdd6084f358ba507fe739b48690db58b451aa930f9f9329d89f88d0c4ee
iGluR,390,16,True,42,0.17520649566178303,0.49548374659333994,-0.01643172356429723,0.0321200473019696,fc5a103a4b3dd8003d45eb08d16863049fad7ce427590e4a8c86f04dd63bf686
iGluR,391,16,True,43,0.12365339471027728,0.32134600037750743,0.03198679497557233,0.04215756208383481,b1ff83957f0517d37c630b8338987c1f86ef5e3e322cea280346d0afdd2ef8f1
iGluR,392,16,True,43,0.1649150383550255,0.4906570640964259,-0.06630921288154923,0.03852493768658816,41e6f719f2473549ce7f78581980f042a4a8de2ac20cfeee48cd0212bc221dd2
iGluR,393,16,True,43,0.17102698250449677,0.39911564205341193,-0.028677440334668347,0.03962428454364986,50d4d14df40da59f57e82a25acd594325c19e772ff4018f65e28fa2d76cab1df
iGluR,394,16,True,43,0.16958006241312842,0.4181722208695213,-0.037059260391553384,0.04665054489095555,9fb83a6aeb89ffc9477cb8e7b78efd1cfa2fed630a0080e0fe56cb5dd0a358d2
iGluR,395,16,True,43,0.19172006874993067,0.4181722208695213,-0.03924752106423224,0.04736751023251706,820e502c07226d299632694d61d51cca2ea2d3fd316a45dee001acb562206b6f
iGluR,396,16,True,43,0.162347080474061,0.490712949012744,-0.06345076921809278,0.05864776493975654,83d91e5c6068f1077b271d068d0b971272e42236892f3f7c5ff7d63cec25f16c
iGluR,397,16,True,43,0.15988708714332972,0.3837097969872114,-0.0776348595399643,0.0514781115241385,344349e08551b9e79f1fde1239908b3f0bdaef8e4b3c347d172d50afd11bfe32
iGluR,398,16,True,43,0.1775137824728112,0.4265341579444569,-0.09229474236263879,0.0570704411883205,018820cb00dc1d76a4cfc25dbe0faa9aedf43785759036ffeb38aea0ad2b5577
iGluR,399,16,True,43,0.15031487200984373,0.3816905158033684,-0.07419708843582073,0.05276864913894963,8b29acbd4f0dd7192fd79ec017a69ef03ee6a5fdbab2054a31f50d1edf156331
iGluR,400,16,True,43,0.15999250920372382,0.46987492318699514,-0.0826082756680937,0.04163178750002294,70d694eeffbaa9fee58543a45055f1939237b0b5fcadef0cd4034b0020a850d3
iGluR,401,16,True,43,0.12961464854040608,0.32647207352245666,-0.02381781793021487,0.05405918675376098,61e26a69446ba9b8aa4143411db4a4c5f2bc20eba1ae68952ff80f92426b3452
iGluR,402,16,True,43,0.11592675018309118,0.2616763847832161,-0.035736297430153385,0.04239655053102198,288ca7613cf922d390bd73981ab6b05c0ad56526560c22de30254edb9779d4b3
iGluR,403,16,True,43,0.12392961237324987,0.45003109031440175,-0.052430937073709494,0.04727191485364246,97a14e2af9e763636dfc90ed86c745541d9b1ed3b3ca2a020a1b2a59f9ca9ede
iGluR,404,16,True,44,0.17991577718093527,0.49548374659333994,0.0001903578644348869,0.03584826707809108,a5318a0419f4e0a748d86795b7e345054edf0c5fc0f7e619d026dcb592a5f5e6
iGluR,405,16,True,44,0.1609723893845657,0.45690295896545624,-0.0578277105140792,0.016490202855921954,a247c028f0e176afd58e2060f770329edd4f4d95b71399669a9b85da064a621e
iGluR,406,16,True,44,0.13941863419049444,0.37601532145439825,-0.05168689984617725,0.03140308196040742,da84ce2be5d957848d11b95b9fec6a90748c6cf9006b8184ff24d20885ab54e2
iGluR,407,16,True,44,0.1666619027793167,0.4600555939340814,-0.09133836234739334,0.048705845536765935,904b17c2b57eb24b9bfd3ca6ad5aa1811a9b8b9c64c02d52f96e1d07acda3a6a
iGluR,408,16,True,44,0.176737706975854,0.4312943788270037,-0.07554687100590574,0.06017729100175506,f00a6e472d5c0202722796ebffaa942d1530de39439e5a481211eb93aa5bdb19
iGluR,409,16,True,44,0.13778188879992304,0.3738362231770129,-0.04200026662535539,0.027101289911036552,2a0cb4ebb5517ccca81be0fab86b44dac04d7135c9f774ceb05baec0979817dd
iGluR,410,16,True,44,0.17406643327545973,0.42149396584707327,0.004105857570481319,0.05353341216994911,763eb07f8cabca1b1daaa8d4c9c6073bf9e0204b7c64c8901a41afa02341733d
iGluR,411,16,True,44,0.1821418260228964,0.45003109031440175,-0.0408622576322335,0.031450879649845165,769fefafef8e2075a7d1193549e159aa5ab4283b35a4119821683633991e51b7
iGluR,412,16,True,44,0.14362036324445202,0.3767849577792453,0.02607322416066804,0.048658047847328634,ecc962eb5f03c4003f4bbec52e18e57fb45c8d1de7c6acc175a73981642c670d
iGluR,413,16,True,44,0.17102716267910753,0.4318335847968711,0.07771042488687119,0.05071334849313902,f121dbe63103d72198603c0f13489fc53eb16208e4eed6d8aea8b4d889207d33
iGluR,414,16,True,44,0.19152927604377018,0.44279980194639573,-0.04905489159306953,0.04569459110220642,eada2924baae782a73c7bfbaf323c43a515bd669833107626f07002e76634317
iGluR,415,16,True,44,0.14632684895658282,0.43481256969853227,-0.019420840777209403,0.030590521239970858,56aed8c59da03ee3f0d0a85f110760fd4bb9e23460f71c4d27504f6a2e162ee5
iGluR,416,16,True,44,0.19545579335118532,0.4312943788270037,-0.07188614413303451,0.04115381060564838,050721e46cda6b5402f03f89020f1a2d9efb12b80d06690b9790a249350c07d7
iGluR,417,16,True,44,0.17110653378917934,0.43637333241772513,-0.06971953815863152,0.05745282270382024,04003bfb40fb59fd0d6bd0d5913c7a074093ac154f811b503ac611c4c353cec8
iGluR,418,16,True,44,0.12285045681102016,0.3414802551966257,-0.02025073683036993,0.04330470663033381,6ff41eb99d908db134ec150ac1722f9f2f2bcf39f30e2b21da0411054137ba4b
iGluR,419,16,True,44,0.1506913549530533,0.4380053773135198,-0.05662090254829133,0.0541069844431985,14a7d00ee522d2d199e3c5787206cb7c6f98ed0a5c64ccc4beb4bc75a4e5340d
iGluR,420,16,True,44,0.1488330652515332,0.41276032368108245,-0.050407752656823845,0.049088227052265676,1ae42f3639b46bb126c60d6c6ebb51ad9286187626ea95f3614ca1fdb4295a8a
iGluR,421,16,True,44,0.11736765087454211,0.3741135375116453,-0.050917183344676875,0.04507322113951928,8f534e2e1f9eaad592466661cfb14d7fe9c330423d421c1222f8e07db61085ce
iGluR,422,16,True,44,0.13852879046925604,0.3483530023592174,-0.05026170951685849,0.03833374692883851,e7077d02e5c09cd7635f21ad6e616f4da1c9f278634710d122a31db89d873900
iGluR,423,16,True,44,0.1589268966355911,0.480099011719285,-0.06413716932549107,0.06376211770956397,523e62d35283698621952175abcd9c442fb9adea570aa1c089f0b502ca42145f
iGluR,424,16,True,44,0.1674466374084062,0.46987492318699514,-0.08266944444227065,0.037760174655588896,6b3d86085dbec3825be7d51d0012cf26a7cbb7db52f841a99b347ecbf6f2b804
iGluR,425,16,True,44,0.16174350575761381,0.3715710107521425,-0.05805065862467673,0.06127663785881632,bedf838745002deb9b3fa5e0f4706012c529241089b8adbd2c349f9927331ba8
iGluR,426,16,True,44,0.1972364203342285,0.43420869250725763,-0.06117803128485777,0.05520633130025976,66cbca07756fb8b8670f857f3f5812a1327f1b53c29e01043485417c010b12b8
iGluR,427,16,True,44,0.13288851536652088,0.3958486632093746,0.022917657461364538,0.06357092695181454,f3e93c7b5a8081ebfcc1d0a5efe271de1540e5199b2cd2beff9c3c7fb2daaf3b
iGluR,428,16,True,44,0.1826010722540784,0.4912931984774477,-0.09207665841170964,0.05257745838119976,bb59c42f1b9fa9202a47129cc7db0093a7cbcb7a605f6302b43d18e1a7dcc32a
iGluR,429,16,True,44,0.165508278343163,0.45505056917666187,-0.06000941505302926,0.048084475574079244,5efc004312f33fc8ada20b25a03867fad75bfb31e2725bc6cc733cca9c767e48
iGluR,430,16,True,45,0.18918651966255495,0.43481256969853227,-0.07402805572503635,0.04569459110220642,5c75c931eeca0aafec9f6d214a2fbc99393d8d78589fd594d80ae088fe202471
iGluR,431,16,True,46,0.1328736640259338,0.42354439842477504,-0.04402955432565747,0.045121018828956805,b390f63072e1bcaf888052258ab78d6b4bde626c416cf186acf7ca1693cc5a70
iGluR,432,16,True,46,0.14768450487177998,0.3767849577792453,-0.01341527886687377,0.05085674156145137,b417ebdbb9d310f15ff7c5fe1d54e2b813ead509c9fd788438bb4f21581361e2
iGluR,433,16,True,47,0.16685088955975003,0.4862537429624158,-0.01763007970569408,0.03962428454364986,9e6314771a9e2661a210b982c4002339153295704613fcbb95b2ccbb48d147ec
iGluR,434,16,True,47,0.17869200785709669,0.4557411013053739,-0.06833148973679037,0.04478643500289459,fbf04caefd947ddc3b9ec128bf303864dff7a5e23ca5e1945a8d0ea96bf55cb1
iGluR,435,16,True,47,0.18796470897189624,0.4600555939340814,-0.0789379573077369,0.041106012916210855,873ff1dd5ee4567fd0f5486a37393ddca96aeadfd239c0b228c7c3a379846c8a
iGluR,436,16,True,48,0.14956473089442834,0.3881761261510607,-0.06423897995307959,0.0608942563433168,6b1ef17d2d1bc17bd046cfcd46c4d2d5e877fe72aa908ba52cd798a4a9cc0b96
iGluR,437,16,True,48,0.14016835469681518,0.32481025686310405,-0.07257435661058143,0.055875498952384195,a0cec8cb19bc214bab817b351a7a91df0473376443d25d4a9ac52b77483f1d91
iGluR,438,16,True,48,0.15861325091093875,0.43720713630972147,-0.09888664738416608,0.028057243699785683,0c7827f864c5709eca976f2cad55123f735bb02fbb99217756ac8f7185aa58c8
iGluR,439,16,True,48,0.14339043612980346,0.4906570640964259,-0.054274061536173424,0.04043684526408642,38bc65c5a7bab9ee9b27605d89d80e55196a48eba3d5edb123fbb1f426db1324
iGluR,440,16,True,48,0.13222900014425598,0.3597672951884685,-0.05386551840593379,0.05233846993401259,167f898ce570b01f124234e792ac3e15fd3871980c5488ef68e3ff262ae301d1
iGluR,441,16,True,48,0.1322842572742548,0.37595545180117146,-0.041153311683444826,0.036517434730215514,24036c0bb27f2f5f1b4b5002ac68fb62529b9c845bf4d35160d389be5a02e2a0
iGluR,442,16,True,48,0.15891717193619487,0.34871530168311443,-0.0777251885937913,0.055875498952384195,01b8f55b3fae91a6edbab9ea5a38c94193150c34591d9a588d01eb0a84bf0de3
iGluR,443,16,True,48,0.17881566552659656,0.490712949012744,-0.035565739694442655,0.05520633130025976,7b96f8daa7a1c6053e3187e87cd2066ef93cd2a5eb13136570b56ae8ecdc4f49
iGluR,444,16,True,48,0.1549071239111029,0.40349954097718765,-0.09870838089310796,0.04736751023251706,bb01e6dc1dc454e3f17541744dd5c13bf3e5d51fcc1343e42cebf1392e6bea70
iGluR,445,16,True,48,0.17081828921231,0.3870571892287079,-0.04714890897815671,0.045646793412769116,e166938a54848567654196f1c3b5564bed178286957eb915b4f8065281488a9c
iGluR,446,16,True,48,0.16026627133199078,0.48840337916694077,-0.063896330421084,0.054154782132636026,7349c299398a46a220dcf3ab07f427dd18b5753bd30c997ff63f16bcfb46bec6
iGluR,447,16,True,48,0.1654789263405425,0.38632393887767696,-0.05855537400926769,0.05143031383470098,6619c54d1fcf4b9f2202eec14431266d7c9b1fe08ba630dae76fdf02b58c9618
iGluR,448,16,True,48,0.18226447903364493,0.4600555939340814,-0.05061906106049552,0.046554949512080945,284aca8fc8e6ca25482f13bae4f7a8b73227e5a7a6ef159aabe8907eeedb9cf3
iGluR,449,16,True,48,0.1674658215000875,0.3925721806981879,-0.07805154882052268,0.0427789320465215,9ac61a617d7fb75eac28d8a76ffca77cc67f81917505f436f0b13d96ef5cc034
iGluR,450,16,True,48,0.2149978845229279,0.4600555939340814,-0.05793126428484907,0.05013977621988963,7131c0032dd37575fbd99d8910681f3a77f3ae1935829c34ec37fafdf1c70387
iGluR,451,16,True,48,0.15713416966569257,0.32870572711301527,-0.07255858865929943,0.05649686891507111,adffb05a362d71c060834b5693f95c2dfb4b0d5c51453aa8b8434c5d2ab2ca6c
iGluR,452,16,True,48,0.17371424163310076,0.4570372372074267,-0.0710851709684972,0.0503309669776395,5323fbc745cd39310cc21e5bd5c2ff36d189a5679c8ca6dd696a0c9e4b94edb3
iGluR,453,16,True,48,0.15909974421594375,0.4779721217450678,-0.015932529497594494,0.04497762576064468,7c6a871382567cb12fe0ab315bfcbc7d7706bf0b8dec80404d0f606298673c84
iGluR,454,16,True,48,0.13743553919059104,0.34378853669542936,-0.042153377630747446,0.04048464295352394,a31619e50924e88b0ded0eb93ab27b85a9c08674b4fc2d854a75c2a98e084fc2
iGluR,455,16,True,48,0.17031795638035263,0.4862537429624158,0.026048365563157816,0.06328414081518963,4546729010bff994087ee3ec9b684eb56a39797a306f097204a0019c61649cd9
iGluR,456,16,True,48,0.1561832424270022,0.3625300302763332,-0.031333911492082756,0.01644240516648443,1e726e9ca95d0a62eeef9f1e19fca66011bca583c049d91cb3a5e5b8280fb9bb
iGluR,457,16,True,48,0.18546067030478944,0.4683781620183182,-0.07269445434856525,0.044929828071207156,2797f2d8d2a34d77534892e14fc74c2f0a4bac24a3bf6037e90277a4abbfc409
iGluR,458,16,True,48,0.16220596922163083,0.4901407301911515,-0.03343141936589289,0.0477020940585795,e73032019354340259931c3a97cb020d8429cfbdd8d5a67fcf1b88023a3dbbc2
iGluR,459,16,True,48,0.12437438285580787,0.4558624451948491,-0.038996327608260106,0.02303848630885308,b051d1b289054fb2fa264c2e4674553170d2c9342fec885f3fc714b54b3d3991
iGluR,460,16,True,48,0.15145440136212945,0.3413714692164044,-0.08009479250533591,0.04201416901552246,f3c9db9a6fb80800151c3f8e7d660f30634a149ce89c7101746f23e71a0020bf
iGluR,461,16,True,48,0.15283630069926862,0.3694339983654279,-0.0513675573085397,0.054011389064323456,d1a1e19a51b1c58e5200c8eec1221b2e4bc2497d56c67a3ab691ee744cbea1e5
iGluR,462,16,True,49,0.1551626402866997,0.3625300302763332,-0.0936635466999527,-0.0011471445464990015,fd4ad29709fa40e7c78ef7ac61c434362770e349f6c752e3373ca232aa9448bf
iGluR,463,16,True,49,0.1339076302653226,0.4779721217450678,-0.05607334587778334,0.04062803602183651,097b9e96daa908468ede2605d70fbb9279a76837b9e10453d9e4e7ee4866eb32
iGluR,464,16,True,50,0.1714342086570682,0.45820704431600073,-0.09610402245757177,0.06361872464125162,25b321426e3bfd4fcc849ccee3cb7517ab090496017ded64dc114d364dcfc79c
iGluR,465,16,True,50,0.16918613065640586,0.4557411013053739,-0.06810772291677525,0.046937331027580464,9abc4242c90a4273b79a608cd570e9a6188662f90bef5d63c9db0c8c61317fc8
iGluR,466,16,True,50,0.13933947225821783,0.32617618162162915,-0.06783979303051346,0.03713880469290198,c5a560ca6e8e91339f039aaff2cca84b22c5ba2f45cb71e6b96aa8690ecc3d2a
iGluR,467,16,True,51,0.1756860781245808,0.3946966923353067,-0.0869944600865602,0.05377240061713606,5ff7d7685c590c3eae0b977ef41563a70ef7b7baf4c3642c5d3a230fef3ace33
iGluR,468,16,True,51,0.17350685492415685,0.480099011719285,-0.06662391073588125,0.016681393613671602,04c81eb631913a6ffaa588001199a6145a6bc51e6f30a95cbd95d7b5193ffcf6
iGluR,469,16,True,51,0.14334290019037935,0.3502619287076982,-0.018562307325350247,0.050426562356514326,16c4460b27f20ae6cacf950e1acdb07c26ff4bcbe99d3f5926a8417099a1123f
iGluR,470,16,True,51,0.1391130769204635,0.3531499584362614,0.009367992498640731,0.0480366778846415,e8fc53eff90cbbffc436c79085e2d984b615218d41e0c53450899cd3cef2c883
iGluR,471,16,True,51,0.1623774363764759,0.41534322954956077,-0.07713558393784892,0.04808447557407902,60b9091ebe9f73973c65246e7e0d3a770241c25c861b2261c7c1979dc5dca415
iGluR,472,16,True,51,0.16958299125502485,0.37558092122237274,-0.02166116750964253,0.06122884016937924,017d50dfdc368ad393fe0ee72b62ca6e06bf75517dbb9f4fd2366241cf4fbe4e
iGluR,473,16,True,51,0.18792718587521748,0.490712949012744,-0.06726531318564355,0.06371432002012667,f05a27aff1c614d92ae083eb9108e2b25b50550e1ca4466b1f7a7e9fff72142c
iGluR,474,16,True,52,0.14866295427499454,0.48031045328630745,-0.05990794856810222,0.04120160829508568,116a109103b611764fe1807efc748fa90b8cd7d3fd98de4cdd6e7a4ae702d147
iGluR,475,16,True,52,0.12412497313587495,0.34871530168311443,-0.04843854295081007,0.05974711179681802,e570235c3ce01bb46771b1eec02263d13b6922cf8add627c305e4d6c3ded2e0e
iGluR,476,16,True,52,0.14176516141586165,0.4187206553432414,0.018139310652523832,0.017446156644670863,fa24c22b3f8ad32758f743772c7f8c42b50f9d2dd7b1a4c3e7f4b153cec2e5c2
iGluR,477,16,True,53,0.13856597400389686,0.30288631140754924,-0.018611450899832516,0.04617256799658098,80fc765d4263b981a524b48e828330d5458a4eb49ea4aae896074af17c803ecf
iGluR,478,16,True,53,0.17467062991848364,0.3925721806981879,-0.07652043227353111,0.04072363140071111,71cbf74a515756e28628ffeb3d0ef9b1c1dff39c82a2e51a0d44603d7d943780
iGluR,479,16,True,53,0.16384535882132134,0.4380053773135198,-0.025055508967401607,0.05123912307695111,f18324f28f1271277e9fba83fdd1c5723997addbffbca041f665d2bfd44468f5
iGluR,480,16,True,53,0.1534406084591888,0.4102427341484774,0.06813821844758117,0.06146782861656641,3a5a76ba49a5abf63ab4cef1837a4470ec18a492ccd56f9f38a92954c9d7333f
iGluR,481,16,True,53,0.15208102200431123,0.4187206553432414,-0.07428797150826139,0.042826729735959246,de5994ca9f8e714d0200bb90bc1e5eb887292a5341b10e356b01d7148659d929
iGluR,482,16,True,53,0.16003915969547497,0.490712949012744,-0.09836537421521063,0.03302820340128099,e1c4396b787fbab0ed7d8439a2223613b32d27263d0d03afc5f49f69611427aa
iGluR,483,16,True,53,0.1478134145532521,0.45690295896545624,-0.06863268527424804,0.02251271172504099,8d6d41783c2c34cb13b162d247ce139971e18283c84c70f17625bafa81738084
iGluR,484,16,True,53,0.14511937636838979,0.41579507878570093,-0.08937636755032807,0.0453600072761442,291ac2ca625ba46a299d968e2ec7dc899b1b6f13e2b85cec8dddedbcababf090
iGluR,485,16,True,54,0.1563452297102307,0.3527533406090131,-0.06875264693603267,0.011375850086114303,2503b1ed04de955b18aa320f136f5f1d05a53122f766195f2b91eae41e1efe44
iGluR,486,16,True,54,0.13857441126856276,0.42354439842477504,-0.06315088976365635,0.04010226143802442,732d4143f9c7c02cfba15e1f518c2b537e0cfcb53814bf5afcf957be30ce0250
iGluR,487,16,True,54,0.15088420421882748,0.3925721806981879,0.002900937138221593,0.049088227052265676,c83f05c9c1f79642b94d0f1a03689aeacb7a52fca7618a5442e966d0d0b97506
iGluR,488,16,True,54,0.16728250398471756,0.45690295896545624,-0.05531307707658151,0.04258774128877185,ba4e4bb1fdfbf990d3128fcda923eab248bad138f8c4b1ffb02ee46f07e7c9fe
iGluR,489,16,True,55,0.16644668273108526,0.4097666266637247,-0.07121242482785783,0.0544415682692605,470b9e5125eb0d5560260646040337bab0fdf98ce4bc356ef88517e32ef94dbf
iGluR,490,16,True,55,0.17545486471307162,0.3990865953380448,-0.07719458476310725,0.04230095515214716,11e5aac1495f580b418e16b1a1717eb93bc6518c2ed11595e404bfdafc782f81
iGluR,491,16,True,55,0.17329766299971452,0.44401640127909964,-0.08122678359355451,0.044021671971895326,244eb950705ba20571de5286a67dbf5ed54fc2d9b3b7a37bb4bdd506a94f1058
iGluR,492,16,True,55,0.15285615829261529,0.4030870956584495,-0.08203393581734142,0.05597109433125902,8155834ff9b9b2aac05b39f7da5321915ea9c8b22a78c4e367813af6e5d8ff3b
iGluR,493,16,True,55,0.12599041772501404,0.32693191084087997,-0.056365191661537306,0.0559710943312588,4856a408522dbe90512e8716f8369c70582f53ab6566a6cad4536744afa98a5a
iGluR,494,16,True,55,0.14395181092242035,0.36826803012576453,-0.020228796581896802,0.06247158009475262,bfd0723df31eb7ed3fa0e158c02932fb4ed3f03f15b726431844dfbadf72d557
iGluR,495,16,True,55,0.14592767972794338,0.4267389507448309,-0.09823357130030885,0.04120160829508568,c7cf844991d32cb9fbdacda56ad44bfe1af311cad541475e883487d51a0f2a51
iGluR,496,16,True,55,0.1457042044801562,0.44403973076002395,-0.0884752688076853,0.04626816337545603,ad743dca748c39f06c50c169783c63258e49da1aed13315996ccb1b2e684108a
iGluR,497,16,True,55,0.13600372950595996,0.2950097930044258,-0.017114005856655012,0.037186602382339506,1dc31755d9d4d439c26740b75c170db02777bf98e2db553eae1b21620abd3467
iGluR,498,16,True,56,0.19687667875144182,0.490712949012744,-0.07669776678403295,0.03833374692883851,12753bb8d7b62ad56d1d81c73a12692ae632e5a03366ad6dcad51a6055479083
iGluR,499,16,True,56,0.14618368495377806,0.375466644231537,-0.07949961131022576,0.06237598471587802,f3699b83383c0fc443c319726544b92989ed95b8060bf66b75e2e54467d8c001
iGluR,500,16,True,56,0.15160383286246043,0.4025836717773936,-0.06848963061325097,0.05773960884044471,2de9c0729ac7589823b8ff38e9fbd731de4ae3471701d2b1f4350e3b506c288f
iGluR,501,16,True,56,0.18165623502663225,0.3736391149862666,-0.01684699493204045,0.039576486854212334,d7d3552733e346f7f9412ca56cc4fad967e05bc69427445e41c8b6a698cc9a0b
iGluR,502,16,True,57,0.1769045327478949,0.40816635353946057,-0.07211608567061889,0.0336973710534052,510618fc5defb6fcbdc031f44b207af84a82adc04fb61444aeb23bc080ebacf5
iGluR,503,16,True,57,0.18007082764512333,0.3776600556010333,-0.056545276147133894,0.034892313289341725,e1a5e90b495e3c481e2b8686d32de135a783913956e9955af531e4d3f7f8a409
iGluR,504,16,True,57,0.17185557046930122,0.36090492378510114,-0.08283897691784103,0.06992801964699558,ca304d7254b030b1dd9499849d41c22c53804e46cd3451b86cae0d3e9940de8d
iGluR,505,16,True,57,0.15852614504581222,0.4570372372074267,-0.08580537160006108,0.046985128717017766,37580414d62eab23616c05da4a24c6cfc1bb585432992f375df4dc6e8d2b7d53
iGluR,506,16,True,57,0.1810689474594886,0.44403973076002395,-0.010273281715789562,0.0529120422072622,1c8a9562ded41e278fdc11f42123cdfcf632e652afc5fe18dcef9a178738f34f
iGluR,507,16,True,57,0.15334777384937687,0.43712532015746525,-0.051355897959080465,0.051000134629763716,640817627f00ce49f50cd89b1783d8bddcfe73fc36a66c42b375dccc4f6b8bef
iGluR,508,16,True,57,0.14300295426047127,0.3531499584362614,-0.05063663073438329,0.06433568998281336,e45066def2ba88b5a063286611ddfd71d3b9ef19bfa313dd085a33728d51377b
iGluR,509,16,True,57,0.15960690452924858,0.48840337916694077,-0.054451663939128814,0.0682073028272474,a532f84d9663660416046c138dbcf5af3dce341524c8e0258d09adfb6d1a1e93
iGluR,510,16,True,57,0.1720431532143556,0.42919716427717963,-0.04085540074562388,0.05233846993401259,452f25af9ab9039f3c3a32bdfc5da86d2f54c50f9d8adb91929f1b2481e7ab4b
iGluR,511,16,True,57,0.16292308601358518,0.45869241751889656,-0.0978512184028304,0.04779768943745433,19301917721dd151dfff7cb0b62a3d3ea38773156c2b214b1e54d62c4431eca1
iGluR,512,16,True,57,0.16562263764486823,0.4558624451948491,-0.05487252380585961,0.0465549495120805,0e7fce8a89682794c46e116995364da169f82fd99273f284df12ad273547da1c
iGluR,513,16,True,57,0.2019783176082439,0.45820704431600073,-0.094380656402687,0.061945805510940755,c472dd97b4e0799e9626dbc0aac49f7ed631dda990a9df52fd2679a7fd1b0a2d
iGluR,514,16,True,58,0.13087887019787042,0.32647207352245666,-0.014733221351154846,0.02877420904134742,520409f29dbbc3051292ec1a1c4ed63511c0907eb4526463862aacaa50724e7c
iGluR,515,16,True,58,0.13299056631075007,0.45142359766582335,-0.07353684888783762,0.017493954334108386,6fe125950b01cdf294d51912bdf77c4be54aadcd2b9656ede0b2eacdb5d73ff7
iGluR,516,16,True,59,0.16306529922669372,0.480099011719285,-0.05708594550793489,0.026575515327224686,ed139c09998682e5c50899f0ee5f0dcb8f52207bf82bd8bc94f93e3d4a629dc9
iGluR,517,16,True,60,0.1581664693952207,0.44925142286325487,-0.038695696755770115,0.06027288638063011,d5e20ccef6a52a203ea50b671dfd22193a4a14f31bea9ecb14e7eead6134d2bb
iGluR,518,16,True,60,0.13326377910294013,0.29003376585926127,-0.05012870355865928,0.02738807604766147,9f01ca57641550d8bd682baa3e49777bc47802a69e16faeb5d679d4b67d900bc
iGluR,519,16,True,60,0.16325844483537094,0.44925142286325487,-0.0981635126953635,0.05090453925088889,a7ed58d0fd8eeb79db03fd2dd77ee547c1cbd9b644e06b98f17cba0a352f2d53
iGluR,520,16,True,60,0.1734159793643819,0.41217576873235373,-0.001475209256566412,0.04555119803389429,ecb0657c7cfd4c670d7305eaaa7524800091ca9d374068c0b6f973d62bf25bc3
iGluR,521,16,True,60,0.15423439763028515,0.4107890904905555,-0.022004076674140283,0.06032068407006719,4923aa19c443945a5c2eb0ca6cff1d2ac7ff16f1a3a3cbfbae51044eb1afe2e4
iGluR,522,16,True,60,0.17318093628221198,0.40849558415805653,0.006101290651772118,0.01720716819748369,7ca3e74f7d5927f6163504752bc1df7cfbe93f903bf268c5b2defeb0060165e8
iGluR,523,16,True,60,0.1298487536079564,0.3239098126840028,-0.055915020786651226,0.0556843081946341,aa76c6b39359de25431028b7db8d82ca5183d852e5713a360f4c627747b7450b
iGluR,524,16,True,60,0.16590362447173473,0.45063516825065264,-0.0746303507459003,0.04349589738808346,e6264bede64a4a8048582f71e46fa904a8002881d021b9e02b1162c018480641
iGluR,525,16,True,60,0.1138850812019469,0.28189912399912503,0.027223254248494033,0.0415361921211479,8ff891d1e0e28d99709618cb45fd2154971aabb1ff8f6a94e32ef97520b3a0fc
iGluR,526,16,True,61,0.13939081946131882,0.43637333241772513,-0.024616460635209503,0.05840877649256937,6f00276a336a5e1aefe7ec794db5ed011688070720c6e250f2ec651d29435e74
iGluR,527,16,True,61,0.18708686092591365,0.480099011719285,-0.0835898973149578,0.05711823887775802,935b3c5039dfe1640b061ae2b875a8def8ce9c0516f61546e8f0c8df3dfeaab1
iGluR,528,16,True,61,0.10118316187284729,0.36090492378510114,0.009055709629838482,0.047510903300829854,6886490031648ff28dc5af9d87b4635b314d19b74456a9fa8022bc65d7fb852c
iGluR,529,16,True,61,0.1571451403751727,0.35676647510126563,0.01182759203449013,0.047702094058579725,c8235e05c34646ccffce0b6d6a991a15e0560efddab904e38ca35c2d03903dfa
iGluR,530,16,True,61,0.14914259075800704,0.37558092122237274,-0.061109002261956036,0.03269361957521877,925c0a748878cdb89788670fe87d172e9c45b5bcf14fa8e6de74bb0bfac9b445
iGluR,531,16,True,62,0.1343385069197526,0.4558624451948491,-0.08111157049479267,0.02700569453216195,a9bbc1c26399e8ab09959adaf3014759c2814bc5da471098d280036cd80269f5
iGluR,532,16,True,62,0.14622275836681822,0.387447703625015,0.026524877726348706,0.06400110615675136,6712a3e169d32e4f607d393a3cc256eb2bbd8d8adf824baa8fd9feba9df8262c
iGluR,533,16,True,62,0.15871623358316106,0.44777709344525446,-0.07238821063821721,0.04201416901552246,518b1c1d1df16523b50e6ee1d2a3727e79bf7fe85f7260c28f52df9bc2a2bf8e
iGluR,534,16,True,62,0.12430968502342113,0.38444971972652425,-0.0481627322065723,0.05396359137488593,f6baadaf26f454d5da10f0e7582d2c037356b82645a44c082504e2a092bf1c89
iGluR,535,16,True,65,0.20992454872717992,0.4557411013053739,-0.08212225076571533,0.03819035386052616,89fdf4564013ad037da66b257c2a046cfeba9473e8c239d119668d9e8df62fdc
iGluR,536,16,True,65,0.1412902967467585,0.3322361135303585,-0.0017086985474863425,0.04253994359933433,89da4b9b505fb157c1a9b825a6811281eb621c87c305af4af01e84204c277782
iGluR,537,16,True,65,0.12826046453708867,0.4924564987833676,-0.03684476186903218,0.026718908395537255,93835e6e7ef9eb5003c71b734da804a5c3ad381bf713ce2dc942f53e078914dd
iGluR,538,16,True,65,0.15021903788452098,0.4318335847968711,0.011214497697073611,0.04392607659302028,72283b935aab7f9369c3f09baef28f62c945c01c969bcc67d94b5a92e0c31573
iGluR,539,16,True,65,0.1450273323380831,0.35352379797020916,-0.015096146968291535,0.057930799598194804,bce2faf20e5b1c3bcdc4f319e6cb5ae3e31b41d9886879c5ed067f392006bf2d
iGluR,540,16,True,65,0.14547440480191204,0.45003109031440175,-0.051838268974430335,0.02705349222159903,223accdc4daee6c63d80e2e0d6bcda8f42824958467439e8b0697c547ad3e744
iGluR,541,16,True,65,0.1048804795527068,0.22805248701417088,-0.010850039052841876,0.04469083962401976,f56bd5f5310882cb3444f117d5f35a575e1916372c1812546acbafe69e6acac4
iGluR,542,16,True,65,0.12785651686925792,0.3982147970240591,0.006927957304585064,0.03178546347590738,e3e42427766268ac9ef354e997482bb2c742e6b3a016ec388bb8c8c0833e092e
iGluR,543,16,True,66,0.1515034012394949,0.3322361135303585,-0.06079726491696702,0.049231620120578024,0ddf073af3586a26fcbfa5bffe351e1d0bd36212ba68e516beb4921b30728e40
iGluR,544,16,True,66,0.1928181275642264,0.42354439842477504,-0.04449987472577366,0.04239655053102198,49a6ba7d893ecc7fd08277fffa64f3b98daef2aeee24e58709e5565ceb3845ea
iGluR,545,16,True,66,0.1541547320868537,0.39911564205341193,-0.05267433105099961,0.04210976439439729,af1de555308e14711284e61db78864c06dc828c50288b4fb794aa6e2f70072ad
iGluR,546,16,True,66,0.1419473167560771,0.4805274805015348,-0.05087329441718902,0.048658047847328634,0bd3a7663bd58abd31484de7b9695b5b6ec5e8c63bbd77a94d2da7d8befcbd7a
iGluR,547,16,True,66,0.17070327903765684,0.3990865953380448,-0.08068889800363088,0.056688059672820756,c7545371427c99c8138dd9ef334d6cf5a5a117ba59892200d63c88c50473b020
iGluR,548,16,True,66,0.15969305496214725,0.3925721806981879,-0.02932266481197221,0.05592329664182172,6023aa847281a14964fa9a4bc7a94f8db28825ce36816ad1f59dbb4eee80f95c
iGluR,549,16,True,66,0.15136894051150585,0.4187206553432414,-0.08750458754841484,0.036613030109089895,543727cde2723beb2cca0467a8febd4bc2207c1c0dd95986200020d353476b55
iGluR,550,16,True,66,0.15876449108092683,0.37008890993072696,-0.09666209037355511,0.052481863002324936,08b0479c0074f145e76b00dc16f1247bdcb54b3bb59f57a0d80dc74e855047ae
iGluR,551,16,True,66,0.1261118355393942,0.48031045328630745,-0.03783724073040551,0.05697484580944545,0a611b472f1f8495e650115ee6527506acbb646aabece1a07c3db362fad858d6
iGluR,552,16,True,66,0.16861005128896817,0.36923460863884233,-0.09302471903734455,0.05482394978476024,f22fe94290a37a1245a73b5e2ddc241b1528f841517b6d85d410a0288a48d86d
iGluR,553,16,True,66,0.1709646048291284,0.39045898138321466,-0.05616009038028391,0.04253994359933433,9242943fa25974bae27d115b7073775bd9d47b1bee9f7952bfef9814039cbaee
iGluR,554,16,True,66,0.13496444137047203,0.40096957425838214,-0.062038412404938015,0.0453122095867069,2bf4e6339db075d9279bb943ba757c4f7091dbae3c8fdb41bb62543cca11b7b6
iGluR,555,16,True,66,0.12059201910058634,0.3700087138075746,0.01923091122505438,0.04187077594720989,524558fc947dff40f1cb7fa2cfba38174514664f725e0f6885e04ec9e3cf3d43
iGluR,556,16,True,66,0.13803248206050986,0.36848043870938063,0.0002045391098253191,0.06854188665330962,d0b9a0951e06445e791cf2f1b0421b2b275d945e15fdb4eb4fc9517dcb876ff8
iGluR,557,16,True,66,0.17941488390553006,0.45505056917666187,-0.06375394819059865,0.05186049303963802,ed26b45e5b13dffb04604d3bb807a5f52a7ab2452eb32372f6784c311cc4a647
iGluR,558,16,True,66,0.1756387597289088,0.4840204779229424,-0.09690586052039052,0.07867499681404988,39c0f0d8a8a80a562a5267c372815b512dc95321822a67dfaa86cacb0fee481d
iGluR,559,16,True,66,0.15690595134706156,0.3925721806981879,-0.049557447293429924,0.05783520421931976,0bcd323555f01067761f8aacb7678c57c974f2c91f9b6d972f5851a1db2297a0
iGluR,560,16,True,66,0.17615395717700993,0.3893911060579458,-0.04771154790327614,0.038285949239400985,c64fef4b0bfd8313cc867cfa28fcb166531fbbdea077ef66acd1528470be9d6e
iGluR,561,16,True,66,0.17470305630498933,0.43481256969853227,-0.05011497295526102,0.05233846993401259,0c3d765bf785b10942c7ded0f9936c1eb0bc4ab204abea44d095f0cc5cc7cafe
iGluR,562,16,True,66,0.1860645427251543,0.45505056917666187,-0.05746596673671922,0.05468055671644767,bbc7c9e3d0282ad5e2b48e3bfdf00a49940bc685b56a657226e18e9c965097bb
iGluR,563,16,True,66,0.18481027744061,0.45286758580510206,-0.07478097322165,0.06256717547362789,cd11a2781e0f1dcb7e62ec1a581de1210b86acdf379571e304d6f3eb2ad14b44
iGluR,564,16,True,67,0.1443778064225468,0.4868140066252189,-0.06771562195694569,0.04956620394664024,d873d3daee705629e8f53a6b90f1dfba7d1e0a073625a128dafe09e699fafa51
iGluR,565,16,True,67,0.13591217528055735,0.375466644231537,-0.01256830737925263,0.06280616392081484,6fe7bbf0bf5fdc0a22809652ebd7d1c0112793fcf8a081543ad20964ab89027a
iGluR,566,16,True,67,0.1297494681305671,0.36090492378510114,-0.02065909373802821,0.06653438369693654,fc1b1cd6d6bece0bd22ad2bdbf58cf83a613e5d7536346bcf2365fa27498bea6
iGluR,567,16,True,67,0.17701407974307892,0.41534322954956077,-0.03092864590765787,0.05750062039325754,22f62b76f433ee86a32f9c733b0fa55b0e9edea0aada78ba7bdfe2bc823087b2
iGluR,568,16,True,67,0.1836162782236054,0.42149396584707327,-0.08402466961049626,0.051191325387513587,a767e0e87380049676b05c37292f56c73aa18ce40ea3db2bf06f96891b146147
iGluR,569,16,True,67,0.17582135158749246,0.4812622771789198,0.02858649548862946,0.05826538342425702,a6733832c2223d071fad992a93ceffd3a3a07416e83a51232b07596aec01c283
iGluR,570,16,True,67,0.15557669575037822,0.37828912136230053,-0.09763858206335696,0.03455772946327951,71505abd5e3d0a53795789ae9a17b28fe645672e44f5f903a2cd06f6242381e6
iGluR,571,16,True,67,0.1709746472357706,0.45063516825065264,-0.018900518488784712,0.07552034931117779,5861523e976f503f54f143b97edb8a013381c9588af39aad3a8bf9f8dbd748e7
iGluR,572,16,True,67,0.17025243313845376,0.44925142286325487,-0.08970568599868045,0.05783520421931976,da32f8054d21605cd8f3784b4419732b0ed6e698274c2944151434e5d21cc716
iGluR,573,16,True,68,0.14713909640059875,0.33243762241853547,-0.07217099367099333,0.05238626762344989,b1792ddc91d28343231d5cdacb0ca46d6187b4f69f33f357d7b479bbb03961b7
iGluR,574,16,True,68,0.1909364537415189,0.4912931984774477,-0.05777997443702265,0.052673053760074806,fe9538525c6e5909f1e99e828ed93dddefbae4e961bdf671dfa94b07edffe6bd
iGluR,575,16,True,68,0.1578430107068595,0.480099011719285,-0.05824223172956877,0.04297012280427159,0ad4d258604fabfd257484a4fcd19ca661121e6671756bddb620b27a2f430d88
iGluR,576,16,True,68,0.17007299187673552,0.47274513914759586,-0.09495177061292281,0.024472416991976775,0a0141dd5d72ae0e4347cd323efb16c01e921f8d516b4baeb1617141209390e6
iGluR,577,16,True,68,0.15124612812974197,0.4779721217450678,-0.05448213477434516,0.06811170744837258,35067294d3dc1911f1364fc58487ce6fc92b94e77396c36fa484689fcca1c673
iGluR,578,16,True,68,0.17164591254586395,0.4380053773135198,-0.02203122780257516,0.05668805967282098,5fa75a73d21137db895fa133819322de19376e8e890051a8a0c06891ecb4ad26
iGluR,579,16,True,68,0.1620028792703859,0.372472749279756,-0.05777700102643424,0.03713880469290198,c7a7c1c6415c5285afac634c5cfc0845616573e33b090e57f90e7fa5bd262e47
iGluR,580,16,True,68,0.1629679342547167,0.45820704431600073,-0.01696205477693269,0.06165901937431584,2944501bb733829b406858009524ef78a328109cec67c4b3473c702452186963
iGluR,581,16,True,68,0.1518929893310012,0.43712532015746525,-0.0849937806992691,0.01400472300517408,bd805d494557d318ba57479c45a09c5644089a14143b3185bb14826fa7d62d65
iGluR,582,16,True,68,0.17273918960714796,0.45003109031440175,-0.053364115837181814,0.06161122168487876,f1fb7e196a6153784ec047e0d106bc896e88d7c4c1ed560dc4bf431c77d2d640
iGluR,583,16,True,68,0.15852255410995564,0.31225785930633815,-0.03437797045207924,0.041775180568334846,0348e99e5d01eff768ca5d3329cadb0ed414af868e0cc0ec2654d435440326e6
iGluR,584,16,True,68,0.1734073462503994,0.490712949012744,-0.05561415846611961,0.05219507686570024,1641f94e5947dc04c315f3c11f927730ef53bdcce1de6fbb0a078eabd500aba2
iGluR,585,16,True,68,0.1724450180948887,0.4912931984774477,-0.08606414123212858,0.04459524424514516,211c1ba67e93b046e9a7e0388779da01e104e6f7033a6a6518dc944237bb03e9
iGluR,586,16,True,69,0.11257981128157324,0.26978934750706207,0.0008985391408380394,0.019883838805981213,7a108ed21431c7566746be7d3b5628f10c4a050ee53e6ab26d8293e5fc7999af
iGluR,587,16,True,70,0.1602369000327321,0.40849558415805653,0.0007585416794126942,0.03895511689152542,d7d729b5db3b922cbc363666f92dee0c0592d82e8685ac5e67f65abd26e0806d
iGluR,588,16,True,70,0.16167842661918919,0.4179411561589848,-0.03518106614037286,0.03838154461827603,89702ecac83e47432cd7384e61033e78332b0f85ccfc94d57ff75e327da9db08
iGluR,589,16,True,70,0.17283314109590153,0.45505056917666187,-0.05943123012776663,0.049996383151577284,ed61e9a1d1a1eb6cf39f8c961c099783a8ffd8d220303f193800a14822596629
iGluR,590,16,True,70,0.1406954243130214,0.35358692298559014,-0.015070643704021336,0.002581075229622476,0d3757f6432da747fad3248df786f47f8a6e9292d7a25184183f82f5792d911b
iGluR,591,16,True,70,0.12708814569396243,0.36848043870938063,-0.0249390781612413,0.04779768943745455,2cc692cdc1f86a4c4db6f57222c96cf5a6c596368a2b44497bda65adf30a38bf
iGluR,592,16,True,70,0.17489861452318844,0.44403973076002395,-0.0819074884235178,0.052816446828387154,2cc213c1c05fd0bec8adfd490717cf1bebc3fc3aa7e548b558f201608810bec4
iGluR,593,16,True,70,0.15614800165806175,0.33279011411763293,-0.06082585924728123,0.028965399799097513,0fae3f5df0ea27d920d848789748d183deb9f5eebd5fea0db9c6351ad287ab32
iGluR,594,16,True,70,0.1918380330663304,0.43481256969853227,-0.06892234342044379,0.049661799325515066,491615e879f291812aa36bdc4c4c1817cbd5464e004f52db90f40d0fae918d12
iGluR,595,16,True,70,0.13937573032997827,0.3853904005340479,-0.025722490303555112,0.05501514054251011,2fb73c0aba6f7d433e7c89c74ec862f8cd1c74cb07a02bc11288588e4fd31f21
iGluR,596,16,True,70,0.16866046667832582,0.44925142286325487,-0.04857683284417158,0.05903014645525606,1567c7696a8d5308d843cee91a345424c736f71a3b8f6e1dc63ce2515af10720
iGluR,597,16,True,70,0.1467723328351665,0.3730383412679987,-0.06576102132314432,0.0543937705798232,9be465c17d5540c57fe767617d4629c4311801327a856f122dbdb39ebc6ac913
iGluR,598,16,True,70,0.1408835719662185,0.3789542800558373,-0.05059640353762829,0.05396359137488593,262258dd77c195f1f7e49e3d02bce96115058d5e1fd5f0d8222954083850e64b
iGluR,599,16,True,70,0.13481905192478738,0.382813311238262,-0.0621972117562013,0.04994858546213976,c611c968096bcd7c86b67e0be0cd0be105ad123f209374c701914984f26ac05d
iGluR,600,16,True,70,0.13673143135635338,0.3789542800558373,-0.001849347704571791,0.048323464021266416,80306f7890cf8c2df70998247c2314508e5293199c113b7c7d6ae71d1176e87e
iGluR,601,16,True,70,0.15122571962203174,0.43712532015746525,-0.08542640175725547,0.044165065040207896,a2a99caae209cbd3999e2347316877c9d7c95c12b179c09fc550d90c96789eff
iGluR,602,16,True,70,0.17100816314050593,0.36923460863884233,-0.07949338481335921,0.04846685708957876,7c4fc6a32eba571bcccfaadd3e47e197fa06c1a1f082d001c5cb861341d09b5b
iGluR,603,16,True,70,0.14689743680207054,0.4557411013053739,-0.04598856916090632,0.0632363431257521,6008420b02d595fe06c8dd34c3126c9ff928b7397e25fd7255a3c14353e610b1
iGluR,604,16,True,70,0.16018460469315332,0.45063516825065264,-0.0759968935385178,0.043017920493708894,27cf286f6d4dbe8dc4eaab34956427b49d950078b5f279bae20ae149f12db61c
iGluR,605,16,True,70,0.1632453690411485,0.4265341579444569,-0.041511466552340615,0.04555119803389407,6bf569263027507502cf3bd302dfa007d88ccebeed58c6f9aa771b0e0c9d855c
iGluR,606,16,True,70,0.13317689587661316,0.35206978003360084,-0.010601924329541212,0.049088227052265454,4dc8769d3e3c07534bbca471428d172dc99d895c4a04091b0a8336a16206e08f
iGluR,607,16,True,70,0.1844212600000658,0.45869241751889656,-0.06488737864100536,0.05525412898969728,0e61cda47e2242ac4d2a81551e6706075150ff27bdaaa3d62a3da81320be487f
iGluR,608,16,True,71,0.16135703299898918,0.3946966923353067,-0.014338149367554731,0.05750062039325754,1b91f43466001a7e24b2b46f8359c837b5e6bee77fdb3f456de1ceb3590ff757
iGluR,609,16,True,71,0.16855908999508298,0.35437986101592245,-0.015695756352807066,0.055301926679134805,98f46b13bd1cd4f9b5c8b03aaeee7bdd4a05a78cad030b822d106a96c3c3607d
iGluR,610,16,True,71,0.126438066971341,0.480099011719285,-0.07210469367904526,0.055110735921384935,5b61b19b02432a68100dbd63a9fdf1422f3bb8c58b9ee24650fb07153138a90c
iGluR,611,16,True,71,0.13210219317007194,0.4187206553432414,-0.05021036306088433,0.03981547530139973,1b0ee9ec9ba8cea19b2095e09c77168970d52bc7563d4155e202a5419ce66972
iGluR,612,16,True,71,0.15572424953128233,0.41579507878570093,-0.07999693436435784,0.05601889202069632,6a6dbdbb428a54f627685fcec8c9c792aae79e36af390e99af17672b48163399
iGluR,613,16,True,71,0.13737039241141571,0.3925721806981879,-0.03230907083396062,0.0541069844431985,cc79c3a706560f6fda4164bc212053186f8d3f46d1bbdced862f5c08e01e6bc8
iGluR,614,16,True,71,0.1262553242450582,0.32777311749631294,-0.002788076715925847,0.04469083962401976,be170b4472a2f8af5fcde9388b06da01bc4726b67fda870c22f7b3fcc502dc54
iGluR,615,16,True,71,0.16532480499773905,0.39717631393247893,-0.023007862357790287,0.058121990355944675,ef80a336d96d620a6aad0f721d8a56c3d6ffee568eecf192b4033b45fad7d685
iGluR,616,16,True,71,0.15782560997391643,0.32693191084087997,-0.034385395379428196,0.06643878831806127,4a45325ce0f1393d154a647b5df6306469f00abfbd1ddc1deb4c2a67130460d9
iGluR,617,16,True,71,0.1877887693069035,0.3527826380541525,-0.021846327430898427,0.05339001910163654,111677f2cedbf0e9699a6305308728664b525fb40c517f9b8868067c75024b09
iGluR,618,16,True,71,0.12305395656004806,0.3324566375092069,-0.03783405583856858,0.04918382243114072,84879383f5120e2005530491acb378c8c7ac59c4313a5feb304b6abd9e8430e0
iGluR,619,16,True,71,0.16766527795103855,0.4912931984774477,-0.08063055430278876,0.0427311343570842,c52c3da6826758b2c5065dee6f910eea253adbc206899d24572bc21ec0efd539
iGluR,620,16,True,71,0.15478244608979982,0.36826803012576453,-0.048898461494355505,0.05597109433125924,0f1e08b82a944c213816b5c27d59db36882f1dad5a5e695614fc9903787c16b8
iGluR,621,16,True,71,0.1714400587297744,0.46060576689838867,-0.020429912217357682,0.05597109433125902,a70eb359fa749772cb69272ebaea595b5e4e571842a60ca4fc1bcff9b7ea0728
iGluR,622,16,True,71,0.17515144253224352,0.4102427341484774,-0.0230359594613585,0.03967208223308716,726151c06a39c3af5839788b2164711a7d78bf264c915c14d44bee5e17652c15
iGluR,623,16,True,71,0.15276936024140822,0.31225785930633815,-0.07995238899303292,0.044738637313457064,6a16c88963e1c27d65e048d5d7895b011e79c0e25415c973ab49a21b1d37fbd6
iGluR,624,16,True,71,0.17233051052312898,0.40096957425838214,-0.07981379855307535,0.058360978803131625,d0c6eb244a991c64b82dabe2641d4de6e5c286030dae9b03ecc337713488765f
iGluR,625,16,True,71,0.17092965520778464,0.49548374659333994,-0.030798995702360887,0.06185021013206593,cb2512a27bac199395a52e2992979764653af8120e95a84def76b66f4a6a233d
iGluR,626,16,True,71,0.16159866229748487,0.37162843680692553,-0.07340718650820088,0.03044712817165851,89fabbea1172bddcfed900320f4d571bab38039e03857973c46720e1bff7fa34
iGluR,627,16,True,71,0.14782237990261243,0.3655919044843186,-0.0902804130780459,0.04564679341276889,a949f72a3ff3c0b39bd02d217489a720f74eb6f2dbcb39322e9bbd8ed4d787f2
iGluR,628,16,True,71,0.14311924863286485,0.39911564205341193,-0.08569042782033032,0.05821758573481928,10955b6b4d6bb55694b16049fa94e276b18a1808ccb778a6245824d68dfc9599
iGluR,629,16,True,71,0.16913469362026246,0.41534322954956077,-0.0619990768524703,0.07236570180830615,ac6917a493db9d1116955b90d8c7d6485c8e83255444cdd8bed70e9d6f0ff5d6
iGluR,630,16,True,71,0.18475074794538948,0.43720713630972147,-0.07636339028355987,0.043209111251458765,bfad01525e7f1422938eae511eee20f950933cff89651e82570c5dfe09a29977
iGluR,631,16,True,71,0.13191647034283596,0.3648798514645455,-0.02387876644345699,0.062184793958127926,493fd513990f98e09cfffd8173a5571ac100bb6c7a5c2ff6e3e67abd215cbc5a
iGluR,632,16,True,71,0.1424042273668576,0.38764039017994517,-0.029959568064028552,0.044356255797957767,ee3aa2e153c0faec9e26584ac39cf375d118bae3aa4e6170560b1d5e2ef0eaed
iGluR,633,16,True,71,0.14785672123821336,0.45690295896545624,-0.06012803033867087,0.04306571818314664,2b7d0622711f18f9139db71ebb08abf92573a61a73ea2ff301c356dcc451c11e
iGluR,634,16,True,71,0.1230024132428742,0.3770406616330992,-0.038551719900840276,0.05554091512632198,b45b7e07377f5e96c5b02cdd18776f00be551128681e0ad213a5b421d8916298
iGluR,635,16,True,72,0.1714575050282906,0.45690295896545624,-0.08186380672645122,0.04239655053102198,3298e13b55c49fee36284a32e688c3ff635f6392714a79e2dc6e385b6b628a69
iGluR,636,16,True,72,0.1484836445666345,0.33197883556342916,-0.01764029958262281,0.052816446828387154,4997566c2a4cbc3df279714d62ad04f48eece7e86e2db6b5c655aea37a9f086e
iGluR,637,16,True,72,0.14275065550384708,0.47274513914759586,-0.02792246162563128,0.04569459110220642,88b522403c410b356c9a24ea9ee2a0f4aed05c6f9fbd03fbacf70811b167fc53
iGluR,638,16,True,72,0.14109011347200337,0.47274513914759586,-0.05150840130316059,0.06481366687718815,c22667a78d824ea84580011722f4c426a7476ff994f5a163e7ea1e5b3bfb8edd
iGluR,639,16,True,72,0.15539750939231728,0.4906570640964259,-0.09703232446143906,0.035848267078090856,9574c8783a8333ed76dc19e6ff20a8821c1a8c506c107e2148f093f1abb8ff78
iGluR,640,16,True,72,0.16860121406752243,0.48840337916694077,-0.09354237642468721,0.03446213408440446,4c34908c6a539ecf8fa8a70beb34663cd7f74e50b6a13f0bd1490605ce3318b2
iGluR,641,16,True,72,0.15266024335500206,0.37828912136230053,-0.06556696700648557,0.042635538978209375,8c6468273e2356c9d7e8bc9cea9c95314021d5f5b4ed78710498739ce101ec2f
iGluR,642,16,True,73,0.1472864450068454,0.39911564205341193,-0.04436170314127619,0.03288481033296886,ba1e27d3a21c72952801c0f33f3fcdd85108ebce1fd04e3c52c38736060cf0d4
iGluR,643,16,True,73,0.17241195309722587,0.43712532015746525,-0.058268185277094986,0.03264582188578147,65709d2375d6bfa63fe099bcde610cc44567e8ab805300000a472db9fed7606d
iGluR,644,16,True,73,0.15118994567775484,0.4558624451948491,-0.06555067336825404,0.05219507686570024,98ccbf176a7b28709a0f0c86a8bbffd2d9c02b4dba0721f12b6e1db45e671585
iGluR,645,16,True,73,0.18285130152080453,0.44279980194639573,-0.08022991224546105,0.06051187482781728,6b5a27d828bbed0d1f9139602e471b932f19c86896c4692f31868af990d11c1f
iGluR,646,16,True,73,0.1282825808230875,0.31582316706191854,-0.029388848081564056,0.04994858546213998,c42d5e24182563af9d38e0f44c1cfae266760a93588824c87a3a5ceae7e870d8
iGluR,647,16,True,73,0.14619262273169267,0.3330118395488272,-0.0394386994435969,0.04120160829508568,5f3527d645e08915f9c8902f2581aa683a910fb7a71ccc9386d01296164a6375
iGluR,648,16,True,73,0.19471013009030796,0.48840337916694077,-0.07943470605010416,0.0658174183553748,f7247b4466982e15384322ab4c419f15a6b590b7115046ce68ff3d1fa4ec267b
iGluR,649,16,True,73,0.1752790634602181,0.4779721217450678,-0.08778671862030851,0.031642070407595035,6f7407560bc30c411385b60edb03675753cbe514f41552367c6f2b6240c657a7
iGluR,650,16,True,73,0.15149303441273423,0.43481256969853227,-0.05544289501378419,0.042492145909896806,1e5985dcfd57ee1d66093cf94e613b99cf4547d194d916e035b8079d8fd5ef6d
iGluR,651,16,True,73,0.18139283613952845,0.44401640127909964,-0.09339151342645335,0.02380324933985234,299f19a60e1fb853d6a33c3f4badded2c7cb635999808976394805b066f7c6a2
iGluR,652,16,True,73,0.1483603238612488,0.33433458208316275,-0.005925327284432846,0.032263440370281726,75aa5131e7ed33fede4879f1f71bdd4a223c1cd9b5bfa08bd5de9d6c5ffe61e4
iGluR,653,16,True,73,0.16039158269705747,0.3958486632093746,-0.023979158069230788,0.060607470206692104,9738adc6970545291e332993ea3172584e426de5ff6e1018dfbb356c4ee26ea9
iGluR,654,16,True,73,0.178441349071317,0.4600555939340814,-0.08055309219987983,0.029730162830096774,d409ca39efa2c4f75335032f81f32e5d7224e69cbf2e88385e2f7bcac10e8b37
iGluR,655,16,True,73,0.18385698979018164,0.48031045328630745,-0.02927353110317732,0.04268333666764712,c1290252c2c42036a7d95d72d519f1a11176ada175042ba6c6624c2a32e97f17
iGluR,656,16,True,73,0.1425500533475711,0.35644651040684605,-0.025144607933184737,0.052481863002324936,64f32c382a433aead9fa28b417fb80cd4876804c22b60fe5d0f070ce0df5937d
iGluR,657,16,True,73,0.156892574398815,0.4862537429624158,-0.036095283457508565,0.052673053760074806,e271635525aaf1da374c60084d2938cd4c76281c2e1cd07b76a76774104f19d9
iGluR,658,16,True,73,0.13605157663219306,0.4102427341484774,0.014426939016385365,0.0337451687428425,95d8f274494328e0504c9b52ec2b86182bcb45b970374fae37318150d8b72fda
iGluR,659,16,True,73,0.16011794887459302,0.4558624451948491,-0.08291833421067363,0.0401022614380242,067c93512c58317bbeec0bcc02396a7b3839ca72bb60379b10252f2db4aa9148
iGluR,660,16,True,73,0.15188056349056678,0.38632393887767696,-0.03920593679907203,0.062184793958127926,944bdbbf6fdc08be7dbd4f73bcb79608145ec65dd927d5eccb468039f3e5a4fc
iGluR,661,16,True,73,0.11579048154875211,0.28497895744272833,0.020162360491635667,0.06945004275262123,e2aa3382f02428a5efb44238681bc81eb39f8e4feb37c61d82e7bb2611a4818a
iGluR,662,16,True,73,0.14633590974653737,0.39911564205341193,-0.056456663519598216,0.05735722732494519,7fa269cffd6f0d1500201a5f2f9d48372f6259e078a8072cda8919e6ebc750f1
iGluR,663,16,True,73,0.14761469686068962,0.4924564987833676,-0.049936281977882135,0.054919545163635064,96e9714190a4ae72913fc42d131582471527102d9450ff640d4189c01f6a85a8
iGluR,664,16,True,73,0.1835261328334155,0.45063516825065264,-0.07990566989428327,0.020122827253168385,189a761692ce1112b8a2d84fbdec998d1e77221fb4a2a675120272b37a4feea4
iGluR,665,16,True,74,0.16410664828541693,0.4868140066252189,-0.07172757061998558,0.043926076593020724,43d97c0790bc95b2bb2a14720cf53ef77269c873ae0d9235a7c7d92358363d24
iGluR,666,16,True,74,0.15275231117273516,0.4069547468310089,-0.05367892269492858,0.054919545163635064,e67f030cb3d7c38fee27972b51e6a906c67bb4467131519e267b74afdcffc034
iGluR,667,16,True,74,0.19929698059274523,0.4970784041840719,-0.09788688283186264,0.05611448739957159,b4833950681ea950f1b509fa7c20592531cfb7b8e9b73224d24983f0cab78682
iGluR,668,16,True,74,0.14106112171455687,0.35649562162988957,-0.02737631582714961,0.05162150459245085,a7af0cb7746be222bde90a513c4ce40ef5b374e21ce9f03370106a7f477855ff
iGluR,669,16,True,76,0.1437955059842005,0.33279011411763293,-0.004287909831923287,0.05649686891507111,ab776e02cb62504ed4f3a239e515cf4b255a451cf9eea7315ce2521d74081f24
iGluR,670,16,True,76,0.16782887140132563,0.4912931984774477,-0.04199199138887533,0.056640261983383455,07f76648e77d48caf1b4d488f001a62624d80c6c633202c3d9d7a451e6591921
iGluR,671,16,True,76,0.14231856366450465,0.36836313013733973,-0.009082094277397701,0.055493117436884676,dd90d5049991095feb4e7d727902a2a630c8f8e8d40b2c22c467f8fa1fc90754
iGluR,672,16,True,76,0.15748543640919432,0.3720166116647175,0.0067965867865691365,0.06868527972162175,c1663f47671186625344fb97cde51870702d59ec52a5dd5d80d76e79e72b55de
iGluR,673,16,True,76,0.1489639789284896,0.39911564205341193,-0.047242027295459454,0.037712376966151595,4ffc77d507895cf55209a398d4a83512906dc6d762de5a0100e9084c53eb3757
iGluR,674,16,True,76,0.157451751187974,0.40849558415805653,-0.04843982376702538,0.031116295823782725,b2f41da060a0f2511992d7211970c7ef01ce2b5f9e9e27a5a971ac6119adfa7c
iGluR,675,16,True,76,0.18238944348043606,0.4912931984774477,-0.0681201606650017,0.06385771308843924,748581694aa5dc27637a2e4f8b302148bbc677fe7cbced9a38560cd18d742dd0
iGluR,676,16,True,76,0.17245841004650203,0.42149396584707327,-0.08603573790076569,0.04602917492826841,bef331dfa2fdc7cb7e260e81f8598a05c225cdb00ae22a56f4e7daae0e38ba3b
iGluR,677,16,True,77,0.1506622148562434,0.42149396584707327,-0.029869299426986906,0.03776017465558912,c0bc9914fcdf099420614cc4e897c8369f27fcaa7062f27de6935934f181b4f3
iGluR,678,16,True,77,0.1527483193468494,0.40096957425838214,-0.07988361904397578,0.049470608567765195,69295799372ba6a67a7704d4a6f3a8ed28ff34fd6efdb05b4d0304a72029655c
iGluR,679,16,True,77,0.14506778390226924,0.40816635353946057,-0.05302867870695849,0.03417534794778021,9cdbd527176d613cf5dd283ad93aba99580748a5d9d70b86024859fb0d6ba8d9
iGluR,680,16,True,77,0.16173753372621225,0.37558092122237274,0.021977923446789838,0.06538723915043754,5ffea01469daf8178d30d972cbe3aa92a7fe867fa82d740e85e01b4ed06300d5
iGluR,681,16,True,77,0.14739828656800208,0.32102958001709403,-0.029464519848911408,0.04751090330082963,e0ed47f1a83deedf0c6e309026aa57f80e67f583add3b9c404cb6e8bfc99c789
iGluR,682,16,True,77,0.15264653810583587,0.375466644231537,-0.08597586374202049,0.049614001636077765,21901da7aa6489119cb411f0a86ff8d32d2b9eb99a61cfe784813ebf94912ab6
iGluR,683,16,True,77,0.1588161713464624,0.3621847680412854,-0.0881790094120154,0.049040429362828375,b4120dfac5ef6dceef0c72db4da98829dfc12dd6c4202d3261c35e296c3b4c7b
iGluR,684,16,True,77,0.1296476689133149,0.3705653219034094,-0.06654787129932727,0.047941082505766675,4f4ef75e499f81bf322026f5e7f5258f2fed784772f36b0c7c27819c16e7fec9
iGluR,685,16,True,77,0.13613935081290435,0.3004111188162705,-0.046619742493107186,0.04426066041908272,d43b7538eddd66a05042d80c1defcb5ba7102c336f0f0250279cbd4294e64308
iGluR,686,16,True,77,0.14160513620758503,0.32647207352245666,0.039007960490252014,0.045455602655019245,06a843b8ff98ea74814b1bd0b5905fd00bd62582a5603887e8ad1e9ff75c430d
iGluR,687,16,True,77,0.1505908275603302,0.4779721217450678,-0.09062948233832735,0.059842707175692844,3e2dd4d3552c63f4c01fb756119016f823fd6f64dd3939d0cb2a8c4baa83144d
iGluR,688,16,True,78,0.13725750224599403,0.38052220731610836,-0.03682598299825912,0.05329442372276172,4074fae5a4267e0ec1de6d1d966f320c13037cf718a299983c8e4cc67fc43522
iGluR,689,16,True,78,0.1445607092412416,0.41276032368108245,-0.01388175966096572,0.05788300190875706,700323aac935703928f18b4e045b5bc0653e7c4d1dea4f16bf3058d5283afe52
iGluR,690,16,True,78,0.1893897659178706,0.480099011719285,-0.0377684568792489,0.05425037751151063,f78342501a5f34ffd2fcbb4adb715dbf4ca0fe4d5cb637bdc8348c761d352341
iGluR,691,16,True,78,0.17317133218265254,0.41820418942343085,-0.09397296210162587,0.028630815973035295,a2c695d3aa7b62a96759222e92f3ca1356933d1b4b0c091ab3a7e04a2ec47cf2
iGluR,692,16,True,78,0.1316147225360168,0.3549925708143096,-0.027722317297982357,0.05812199035594423,8751c247d42364502ffe29a73ebe57f40acc70cb3487f1d5aec17a0ae661d6f6
iGluR,693,16,True,78,0.11042843852879293,0.2788000702252731,-0.017184558815179773,0.025619561538475555,f0ae6aa5dc3f362780d69849ec268a98625d50671eb775a18298ea9ba5f07b36
iGluR,694,16,True,78,0.1414387405802977,0.3770406616330992,-0.012660234514003221,0.06825510051668493,760f8270d8b731aa5dda16d5c4a4a1bd399b635bc8ffa843ca78b3e4632edd56
iGluR,695,16,True,78,0.1848775136697045,0.4358037750104059,-0.05532219871550126,0.050569955424826674,994a06c3ae9f32631bcc7ae96f8271634635e68375a4299043668af29207ce78
iGluR,696,16,True,78,0.11394343964861356,0.28490701536006346,-0.051102286148928755,0.015104069862235558,13cd5868d80863357ca346ecff14a0ccf895889559060a1f1bfc0207c4d12402
iGluR,697,16,True,78,0.16843879262780997,0.43712532015746525,-0.04382220333148101,0.03857273537602568,edf43e8e1c587b1b97333196b2f4cfaf549b050c4565621f868c7034901d3c9c
iGluR,698,16,True,78,0.13652512204974787,0.3870571892287079,0.01512525297512024,0.06452688074056323,1078e3f301b8c6a549059fd8af2ba9465c2518d8838016637d0666318ace992c
iGluR,699,16,True,79,0.14530261785019993,0.45142359766582335,-0.059160282316697455,0.04846685708957876,ccae5f63c88165f7032d51b6311bf2a40b720f1abcbc608fc4ea683c1aed30dc
iGluR,700,16,True,79,0.1354759900306254,0.37008890993072696,-0.08416837517283549,0.04139279905283555,1622a70d5a8858e962296e6e724618146ba11cc319f395e347e7690c39008863
iGluR,701,16,True,79,0.15034809240436334,0.4906570640964259,0.007178942093997609,0.062089198579253324,13cf94a6d12115c125671e5dccd70486eba0979d404affa00d15c2da14d70eb8
iGluR,702,16,True,79,0.13887149687214032,0.4779721217450678,-0.048072889941397356,0.046411556443768376,00d7c300d0166b063788ebaf009cddc5d3045bafc6d7f0e26e575054e7d2a79c
iGluR,703,16,True,79,0.17792016102196326,0.45286758580510206,-0.06549331506705514,0.04402167197189577,690865d73321fb549d8f1f1ae5660575325e0576b82da90d78cef2fdb26dc34d
iGluR,704,16,True,80,0.15671994159392022,0.480099011719285,-0.056911341370039725,0.04837126171070394,38889995b6116676efe89842ddacb2b84cf4f73f43da6a4636befbea5240ea12
iGluR,705,16,True,80,0.17379676053025478,0.44403973076002395,-0.04726331836812392,0.07709767306261384,9c708108609034441a9e6b196c2b66c1f3363ebb4a10a5c23cf1325c2ffca573
iGluR,706,16,True,81,0.14083646891345958,0.4868140066252189,-0.06816050185004308,0.050952336940326415,70992b65ed3e43b42596be2d93177716a9d6bb44a3bdba22267eb0eda997dff2
iGluR,707,16,True,81,0.13332371950728375,0.38460620372484133,-0.05489300216650905,0.049566203946640464,5529a609a98549e59c1c813e1c0fe641eedfdbf8954d48da2498e0bc314cc5f0
iGluR,708,16,True,81,0.17340562276742533,0.38052220731610836,-0.04648235369213172,0.06500485763493802,e88a8f1df35fb6bc8586be5d8b249d746449e659184dd6515d55b77e317d7f9e
iGluR,709,16,True,81,0.173052656780979,0.46987492318699514,-0.09037878976184155,0.04249214590989703,24817c1ca6c5d8c6b57ebb785742e1d0662d6b6cee09a95e17bf97d1105dfac9
iGluR,710,16,True,81,0.17903760341352604,0.3738362231770129,-0.07755207185444313,0.06462247611943805,bac536f6f8c6d2e0162912345ba7793f29a6fd280bf9c033f26101208bb9a7e3
iGluR,711,16,True,81,0.186554879249742,0.4570372372074267,-0.023584649733828122,0.046985128717017766,ceebbf691d5ff77a964939ff0827396ca26ab4d5a9f27e31d7ac4c209e0bd96f
iGluR,712,16,True,81,0.13849835095476365,0.3655919044843186,-0.03950573011845293,0.05100013462976394,3dcbb55cfe70f38a334eb03b7b0945570f419be4305da9f6b647537dda3dc773
iGluR,713,16,True,81,0.13376458802398497,0.35437986101592245,-0.02829462609121336,0.04383048121414568,c36d2b8928f1f4df32d05e8a9006633163b00e247f2dd029361b6b2043c41201
iGluR,714,16,True,81,0.13374780388262153,0.490712949012744,-0.08316689795714272,0.045837984170518764,865244db59c4d2bbef1d7a7437b26d58e4fae3c5dc206d5cf981b027daded572
iGluR,715,16,True,82,0.14723280223906776,0.4558624451948491,-0.05776334133364491,0.06017729100175506,07c71dc844dbddc8db30a6bf55881e9741969fc42f297db5f8248b849be76789
iGluR,716,16,True,82,0.16816892089451274,0.45505056917666187,-0.03972828982245691,0.0633319385046267,69c3b46d79a487cf393b7b58170448f4a6633b22cf4a9c1e5c8f175e3bf5da74
iGluR,717,16,True,82,0.14878525502095125,0.37008890993072696,-0.013011820868076729,0.034509931773841984,14db8e691139bbc1219d64f1d3c16810309c7825be29c02dd08bd7c8acd201df
iGluR,718,16,True,82,0.13404784799681183,0.3375936528073822,-0.04462600927544669,0.03560927863090346,05772860b828bda9b3c08c2788e328e3e96e76ec63e2e9233ae148a745cf09aa
iGluR,719,16,True,82,0.1880753090163013,0.4557411013053739,-0.09848233530163908,0.0530076375861368,1e47e16e558612c77a3802344db6e2d0b463329c4daea52d7ba2dd23a8cfce48
iGluR,720,16,True,82,0.1893911844756107,0.4558624451948491,-0.08445300502470765,0.03580046938865333,0abfb9e95dc3a024e66c1279758520265199693da87b17ad2e565927f1cb05ec
iGluR,721,16,True,82,0.1628672116461034,0.3700944177959056,-0.026277246086456874,0.02437682161310195,09943047d4cd9a93ed4c5b3013efcfed3b2c97f3f82e80432825bbfd1399df8c
iGluR,722,16,True,82,0.1148048146639917,0.2513952327337869,-0.003797003278687594,0.025858549985662727,d70087ee65a4749b396857c807f6ae904a70f6f2ed420eee17ab089202142759
iGluR,723,16,True,82,0.1228207283595554,0.47274513914759586,-0.054427879451978356,0.033745168742842946,3fda4f6d4d36d64807d9e95ed4fa879a4f61f61a6da8b242b09996609a862c89
iGluR,724,16,True,82,0.1729217570399325,0.43481256969853227,-0.0811813636817611,0.05716603656719532,47c9479f64a218d04d444e6e91cf9f55b167d44d2ff70d080a6997dcbe151bb5
iGluR,725,16,True,82,0.14308853072563554,0.3031700057960627,-0.07234674760433268,0.03498790866821655,f711720ca8e71d48be667d93ae678fedc908d620608b17241dcf471fa9b86e7c
iGluR,726,16,True,82,0.15057290072631765,0.3479138637639653,-0.061307196287121,0.013478948421362213,90496e14f0628818b26d1d0695da61e726be3a687ec91d399138503990576251
iGluR,727,16,True,83,0.161604414387005,0.48840337916694077,-0.08034193761747854,0.05252966069176246,0d082851740c5b117f96b35a28db9ac79c60faf504a11ec408aa8527b5f9ce04
iGluR,728,16,True,83,0.13164615797495674,0.3330118395488272,-0.05882059738968648,0.03905071227040047,4190a3cddbaadcaf408c0f62966c8fd2172d1533e10744bab1f593b26e242a8e
iGluR,729,16,True,83,0.1454846362451802,0.4267389507448309,-0.04323355310740862,0.04904042936282815,6004779e4d7a3ac31e43d1e6e831fd3cc9bc59d782eed9d9480fe71593d0030e
iGluR,730,16,True,83,0.12384675786215416,0.31582316706191854,-0.07682934501272021,0.03446213408440468,4e080f97f59c01401eb09c2d03642eef34ff2f2b23f9c1e59807451c6c9e506a
iGluR,731,16,True,83,0.15646126976764968,0.4102427341484774,-0.03976125766020999,0.06414449922506393,c8115e897a6263a93fce71aa1f67073a151302fab1a5d89c70e0568a97f7ac6e
iGluR,732,16,True,83,0.14403312223662396,0.36722270945876406,-0.05195586499103033,0.046029174928268635,42c292234493f7d986c02d7475b8c12aad8e5f22c146e6fbfb4281aae59e5b85
iGluR,733,16,True,83,0.13486580427671685,0.48031045328630745,-0.02296942566307969,0.06634319293918689,4858fff98fbdcc5d9fc9af33df8a8173d1f3f9c5ec6a8ed4125260e0d20663bb
iGluR,734,16,True,83,0.1405223422134218,0.45690295896545624,-0.040617251695911794,0.04722411716420494,82dae7a95cf69a2e63af33ca5096acf485be10efb7710cdf35668075699fd9bd
iGluR,735,16,True,83,0.16395789037270223,0.3527533406090131,-0.08740033163225558,0.04201416901552246,53d0f7368e8fdb262d086475592026bcb5014983158ee0c830e0be629715cec6
iGluR,736,16,True,83,0.1814470805048747,0.40096957425838214,-0.03484588780680742,0.043782683524708155,0df1926de7b415c0dfc393bb2c8ab502eaebc478c6e8f2a4ece1631f3d49f110
iGluR,737,16,True,83,0.15768687402380882,0.3198341419407659,-0.06838224389074021,0.05219507686570002,839cd4467cd0bb6160b9bff10bc761225bb3d906d38a7020f6ab3b3148626be5
iGluR,738,16,True,83,0.15565596566843698,0.4906570640964259,-0.07680817287945452,0.055349724368572106,c3e7ce9c427dc1dcf02f7911079a9b40896b53b9c0de300e01b932ea311a07d2
iGluR,739,16,True,83,0.13798837155735305,0.3479138637639653,-0.09944425169280091,0.020075029563730862,aedbf0930585dc3e8a4bcdf89cd53a4bb5790a13520c45873939f07963923895
iGluR,740,16,True,83,0.1582872439331353,0.4558624451948491,-0.05421248672332757,0.025332775401851082,fc82d8f1058be5deca7155fd434df71cb8633ce40122721d4c53e6b65d2a2952
iGluR,741,16,True,83,0.18897719172619196,0.47274513914759586,-0.0615206351962323,0.05769181115100741,b58b3e6e4b35ac14fd0bae51e0749009fb255852f8762ab368085f57c4618a1d
iGluR,742,16,True,83,0.1537757948244579,0.490712949012744,-0.0656817909416727,0.04841905940014124,811dbf6ae98dba591b707ce418257a6059d8cad266e5dc771b7971c6accbd075
iGluR,743,16,True,83,0.1734976335533499,0.4557411013053739,-0.09286603786572645,0.037903567723901466,1cda986ccb1052953c8075d623f0f69f46ca2384a86ccd45b809edfd82cb1f12
iGluR,744,16,True,83,0.167383197560486,0.4097666266637247,-0.059384183611387975,0.06538723915043754,bc6843104c9649b2f775a89a7e8cfe7103b39e0adbed86cec3c81cfdf860f59f
iGluR,745,16,True,83,0.14653233815238192,0.3696047465326416,-0.0546933248235808,0.0658174183553748,ca2d2a231a9fdf38881af2c0958ec29072dda0e058c3d1e09b40d22ac3d2dc69
iGluR,746,16,True,83,0.16968837947792492,0.3870571892287079,0.02274032997532416,0.03723440007177725,9f2de612680a515a34d9a2b1c44f1bb42f6b880e966d3d5d4bae0f31a6794c6d
iGluR,747,16,True,83,0.19127355598287402,0.45869241751889656,-0.07895279226844254,0.05979490948625532,d77593eabfa9169453cbee6e4fb3ebe9738ef41fc988f71e2a07caa700977df5
iGluR,748,16,True,83,0.14781732926978464,0.3705653219034094,-0.03282095147789077,0.05219507686570024,9cdf1da198a1a77764455de22a1677ae557c48231f22388b5c9e8a09114f030d
iGluR,749,16,True,83,0.18159621611357082,0.48018557290878416,-0.09796956187490657,0.062471580094753065,78f5ddd18df7cc770ce459b1f9a606c1b6ad86e8f33e6eb86ddebe7425ce227c
iGluR,750,16,True,83,0.15810960672094238,0.4812622771789198,-0.0031359567949156286,0.04559899572333159,7e27ff213bed77e81d419a9855b6fa2d03f2dda7ee7f895ad94fec3c9765cd95
iGluR,751,16,True,83,0.1377523693084825,0.39911564205341193,-0.0362492827400831,0.03044712817165829,88f703b83af9a7b1163ce0d38bddd443c20c32c36289e678c23127d5434cd8b5
iGluR,752,16,True,83,0.16341937287667602,0.3775865748995735,-0.09849334832972945,0.04918382243114028,9e50789840d51f9b8c3e134a67574a317b40292b2483af952ac3a778da27fdc3
iGluR,753,16,True,83,0.11734872393103257,0.3375936528073822,-0.043170004263337614,0.05621008277844641,e9806f9f091c6a84548f8303358bac33c640a9fab1c28e16cff591f35064e978
iGluR,754,16,True,83,0.1585789730557417,0.4558624451948491,-0.08845425575194454,0.038477139997150855,0f08ad2bfd1b19e6902567f91d0cdf192dcecae4278c5b4f39a44a5e62bf23f9
iGluR,755,16,True,83,0.1671096821715241,0.43720713630972147,-0.09617927236776236,0.03799916310277629,d50c3bde87bd89738be9a8780a1ae57e96ad132219721a4103f925d6b88bf6d4
iGluR,756,16,True,84,0.16838619410743683,0.41579507878570093,-0.055563778192690094,0.047176319474767636,0db4b58128727d11c8b06b01a5092ae9f1e11e6b8ed6b75e23059964b9698c10
iGluR,757,16,True,85,0.19238428272450164,0.4906570640964259,-0.09729569726982046,0.051525909213575805,f941f8ef53372b4eb4e5b878451199f567fb749bff8f4c95203fde7785fbf6c8
iGluR,758,16,True,85,0.12141652887278284,0.31844269369712513,-0.07616558498042592,0.014769486036173562,350682257f5ba30429ee1c102b132dc98ca59439e0e8108b07ed29ce362eead0
iGluR,759,16,True,85,0.14449505097564108,0.36547085236002963,-0.06971885094274155,0.07571154006892744,8fa42d816d18b68e7146b04f6f94cafc7ba29d7fde391922950d6b3b809fe01a
iGluR,760,16,True,86,0.1733295002261343,0.33197883556342916,-0.08245058011815543,0.04693733102758024,c5f0f3430a784798c70499309c77414b7495f2ba9b651836c4da7d4b510c84b5
iGluR,761,16,True,86,0.16292112841755868,0.45207905092682643,-0.08795827046463867,0.04478643500289481,f05f97564f3502d4b82e0fdfb8a7228b0c31b1dccf49cdc9b6b66e6b96c6e8cd
iGluR,762,16,True,86,0.15485353363201415,0.40816635353946057,-0.061900560356311196,0.05090453925088889,d3721566f2791b264ec1745f94dac94e288c6aa7dc67f50ea9119d234d5483ce
iGluR,763,16,True,86,0.13989119708520628,0.38487824804414367,-0.07706938598095547,0.04751090330082963,33f3546e6f5a472ce39ad2b22179551bb294e1d6b1bb44872e91d8528c71f5bc
iGluR,764,16,True,86,0.1714664271605562,0.43720713630972147,-0.09107088491276638,0.054154782132635804,5f3a54c4e408f6eb7ab199d74cc7af0bc97522ac30cb73f1566e317b9ed69a14
iGluR,765,16,True,86,0.15277273870241598,0.47274513914759586,-0.05767361807931071,0.04297012280427159,7dd639bc1045c9fa70a66f2fd7f99dfa04b07966954be6db563f69851db4f9df
iGluR,766,16,True,86,0.12044908160494083,0.2894630080797355,-0.01346499253851352,0.04784548712689163,f37b9c6d129f47566b1ea98930bb6704a258c1c3baf7ae4ae4325607ea69fdfe
iGluR,767,16,True,86,0.12361146610427529,0.26528325008012715,-0.0052246925291705715,0.013192162284737297,5ca7e31e699e41c1965f08ca21fe34c12d9b79d876f935a6c2990e2f003c8b4d
iGluR,768,16,True,86,0.17117547739842998,0.3870571892287079,-0.03851087421132515,0.07413421631749184,9d7b87e2b7ef22fe9a737787d81a0e4b6a1b338e1f576a6693abd6e4ce42768b
iGluR,769,16,True,86,0.1462455950960297,0.3667260622934269,-0.08352412873547577,0.03121189120265777,7f6bf2b4812959685d35d4a56d7fb05f8accd34e31b5e144e1f943d2ebbbb187
iGluR,770,16,True,87,0.1312692236965623,0.31210396416075886,-0.0032294265557872848,0.040914822158460984,2e81bb64342fc30bc63ab5a5cb35cd90739a1a75d2948174b1d7b457d53a1adb
iGluR,771,16,True,87,0.16153006374519768,0.37175867665127116,-0.012008082568440326,0.04712852178532989,e53f892cb101860a4615122c79205eb2c0fea93479bed44b8bfc2bf506e7a82f
iGluR,772,16,True,87,0.16369475196678726,0.3767849577792453,-0.026980269189623485,0.03627844628302768,91bdb06c2c2a954fd3d6ae0416bf11c8fb7a8c7d8e2f6c99744225d83b3ca20f
iGluR,773,16,True,87,0.1635734889035692,0.3842357518315972,0.005366704889189222,0.04803667788464172,02f5aab82d0da9a6ba2a0f4d7b97e2d7b0979285e0e001361b0abe893fd867e4
iGluR,774,16,True,87,0.14362590999369712,0.3837097969872114,-0.07015280276808422,0.045598995723331814,c71e6603060a49046927b6e76cd04c87dee719b5d107a0fb0834bc969e6c325e
iGluR,775,16,True,87,0.13757855326647306,0.45505056917666187,-0.09812486526105069,0.03857273537602568,87e8b8c92d1c745452338b84565bbc5dea3f1fa66e6a05b24a676c4be0d0bfa9
iGluR,776,16,True,87,0.1597836006047838,0.44925142286325487,-0.026884272386581642,0.0465071518226432,861bc101c82d9c741c2e593f1244912c20aa84eb2444c5a6704695b272615ca0
iGluR,777,16,True,87,0.14646101384318444,0.4840204779229424,-0.08568493526628185,0.023564260892665168,9e1290e33263d105889f98d8e021feaf7d903c763eb7d3dabb8c097a7e030d72
iGluR,778,16,True,87,0.14888448389367934,0.3478431191883612,-0.07349250102833915,0.06887647047937162,718d4ffc9c5494c6b3c2c7ae4ebf75e9f5f21f94139870a52f6b6c64d5a70469
iGluR,779,16,True,87,0.1263312308601897,0.33886203617049676,-0.048834629270880114,0.04492982807120738,d79c32daec9aeb380704597117738b07c6011fd579897cec0e872e7919e9fdfe
iGluR,780,16,True,87,0.18666512307442695,0.4779721217450678,-0.03990179991239895,0.04445185117683259,8407401f9873c4758097213dcb16447fa32c9c93b12a6b8d9c6b4e9f2e6a5701
iGluR,781,16,True,87,0.16048894996301527,0.42354439842477504,-0.024351715089797388,0.041918573636647416,c991e7dc69729dd3688101f22daa6d7cde7b06bfa81267efa5191b33593b21f0
iGluR,782,16,True,87,0.14937093584121702,0.38460620372484133,-0.0755143325137051,0.05262525607063728,29b4ac455ec162abe682242241167ef13e572d0665649a052467367974d1fe4b
iGluR,783,16,True,87,0.14280946175507397,0.3316923883211337,-0.00016766795325606765,0.06749033748568567,c0e00bede65c839592cd22c878c454460ef92b1c52d1165a710e7bbf46aeff95
iGluR,784,16,True,88,0.14692937508375822,0.3982147970240591,-0.014422273652576312,0.01744615664467064,83456ec359ef10505b17d3263dcefcc917b0e3823339c68d21d7bcdb2e4a7d5c
iGluR,785,16,True,88,0.18293538928992747,0.4181722208695213,-0.08190850705016661,0.05664026198338323,87381e2121f2509dbf934dd5ab051301d1670b9e8150bf6e8568a6b457123778
iGluR,786,16,True,88,0.1427968088625405,0.3648798514645455,-0.007659437189195373,0.03154647502871999,31e6f02dce0b9b352e9d119cac62035769760e0770c8a345ad2f63e3b848ddcb
iGluR,787,16,True,88,0.1496751668570946,0.34871530168311443,-0.04624555760002069,0.0532944237227615,b76c258f5f919cead3ca167fea60f484bd2032ebd498995c4f6c65bbaaac931f
iGluR,788,16,True,88,0.15063255323364505,0.4869208172508951,-0.09852347109001824,0.041488394431710596,f8664ea50a9aa28c34ec9675336eb9fc11107dc723c326362ce8f952e40fe677
iGluR,789,16,True,88,0.14075717567182466,0.3720166116647175,-0.060781553929357024,0.07843600836686271,5aa0f462d4433212809f6ce44cf37e0a3cafdda7e660176920c3fdbcb95b920f
iGluR,790,16,True,88,0.16836293774591446,0.3610701426765275,-0.08902884368292563,0.047319712543079984,050d875c102778f3403ea3b773b0a8732cbc04d619550c7f8dd555f4ffbb5dba
iGluR,791,16,True,88,0.13794992277876728,0.37008890993072696,-0.08298253019835045,0.03885952151265082,0799c0acf4cc062941e3e42d5eedc45c21689010e89a79b8a707d2899e27e8b9
iGluR,792,16,True,89,0.13391468498018305,0.32870572711301527,-0.037565123522001365,0.05444156826926072,8414c158280e8333899a43be4bcb2861888f0309d61ef0966bfd0e6d77505c9f
iGluR,793,16,True,89,0.17030515481791073,0.38444971972652425,-0.003287451393512164,0.04215756208383481,d41e20679618fecff046c0c2ece283b7a82b578f4ab81f8005824d4ef6c9c9e1
iGluR,794,16,True,89,0.14675281441209026,0.30167420602796696,-0.08252764140726754,0.042826729735959024,bc2693f0941eb3065c46ae94ae1486f13f373bb782daefd8b3e57b41bdf5d989
iGluR,795,16,True,89,0.16777760840997308,0.37595545180117146,-0.08096285492863942,0.0321678449914069,e235f4ac839fce26df4e21d5dfe3a0b5f2ad4b39005312d1ef03a649aafbd1f2
iGluR,796,16,True,89,0.1793972423002798,0.49548374659333994,-0.035336200564445974,0.04521661420783163,9f911ce4a7df94473cc0e8ff26d4142ec383791b9b630636562da77b761c9b6c
iGluR,797,16,True,89,0.15392441751984634,0.3946966923353067,-0.03755765029356173,0.06548283452931258,b08f28a29ace924d68dd64cfcfd2738138539dfe1cbe8bc13d5d6d878067c454
iGluR,798,16,True,89,0.14186178189825735,0.3507938627420799,-0.05601311031149159,0.03995886836971185,3da9a7eb1d622647c010f7a163506c5472b87b8c960ae804b8dabd03741f30ff
iGluR,799,16,True,90,0.1427957591387229,0.3793406185754,-0.043400761272957666,0.07203111798224371,0ce9c132d5b9efbc24eb2e58c0b744ec80e6ce7521cb0d35eee902876328c6de
iGluR,800,16,True,90,0.17497125258984042,0.4557411013053739,-0.08265226981175955,0.06290175929968989,4eb2953cd8de289224a25b8a313ca979989df465d55ea30ca015af8995cb82a3
iGluR,801,16,True,90,0.17650729707439178,0.36776510093409914,-0.012633099785591462,0.06180241244262863,cea5c29ff577a0c7c115d313791c7b9b647bb94eb67d0f5be2400e58aea62d25
iGluR,802,16,True,90,0.1922585836259726,0.48031045328630745,-0.04467422779323016,0.08015672518661088,3395d7e7a1d4b78403e2d7c358b4a114f5857d5680b65a3d935bf09607209e8e
iGluR,803,16,True,90,0.1800659419873864,0.3848958937634595,-0.0031936976210760193,0.05157370690301333,4447c8c899fb761d0f2563fa9347ab9d58c5816ed5057849eda2c732366c9f8a
iGluR,804,16,True,90,0.11397417774079374,0.3005925703482116,-0.06695271395789604,0.024281226234226905,5735201cb222bac7e7fc26c7eba5ee02da117497fb9126510522bcd4a33368bc
iGluR,805,16,True,91,0.16388142423491697,0.4901407301911515,-0.021596136887829243,0.06366652233068915,26f2c459ed76e05a78d06c4eb4c3b2e18ad625843fdd48984e98823979711f48
iGluR,806,16,True,91,0.1360603283332379,0.3549925708143096,-0.08318665432794159,0.038094758481651336,40a2e4299d2bed9f590943494e24a7751c95b29a6dcbc01368077aa3ff5703e6
iGluR,807,16,True,91,0.18296330907582375,0.3901834400936365,-0.09395186745650452,0.06777712362231036,c3cf2c183ca55c37b0c1e422c820bd87f21ccaf2101def0c2ee8447cfe7e9e2e
iGluR,808,16,True,91,0.14474892804990505,0.3881761261510607,-0.07633727268336177,0.05807419266650715,9d4a41614f167f75d04fdb61822bd3e60e578538a9c1535eccea02dbd94fd86f
iGluR,809,16,True,91,0.16043303546626536,0.4812622771789198,0.0387407924377654,0.05133471845582571,8408cdd8285348bf750dc77bc6d1e0972b7c2153115911b6db7e1a9d7a552f3d
iGluR,810,16,True,91,0.15676720811549022,0.372702267376993,-0.08594270471667453,0.054967342853072365,894db6dc2cdfa01bf5a8a74fcdb37ad0d627d431c5c1dac83983d99ad6977ca7
iGluR,811,16,True,91,0.1627127135250794,0.3776600556010333,-0.03315536309272371,0.04932721549945285,3d1b80dda62a4524063975b952af4de2eb43b64bbbbf89d1de5c229203a8cc9c
iGluR,812,16,True,91,0.1475118358061372,0.3720166116647175,-0.06770604534533664,0.049231620120578246,3312d94f777c3f5a7a935207354fbb570a7036e5c9e3ec662960d544fccd9381
iGluR,813,16,True,91,0.14040453778625953,0.4901407301911515,-0.0857665687841398,0.007647630309993048,ee09ea9a10adb6a0c5db02602009705038d02145c8647107ab7c8943226c6798
iGluR,814,16,True,91,0.1685484182632077,0.40349954097718765,-0.06734476076264206,0.04708072409589281,9abbd59abda818945cb928ffaa69fd4834ea687d95f3082c9fc548504cedecca
iGluR,815,16,True,91,0.15862987570296483,0.4030870956584495,-0.09108590971451758,0.05200388610795037,b8b9f560743b99d9aa988d100ce4b3858513680bf7902461a2f237176444f7e5
iGluR,816,16,True,91,0.17915178903038415,0.43637333241772513,-0.05504288114282385,0.06653438369693654,82878e906df7476b96490b4b5e174ed1dfdb784b3d7b51f8f1299527e68d358d
iGluR,817,16,True,91,0.17515685993387056,0.3958486632093746,-0.015774078722256668,0.030494925861095812,8228980bab75a6a0ef31a2af54b8ff18587d8286babe74af74c3b1cd2902796e
iGluR,818,16,True,93,0.14046637581675522,0.41171148816918934,-0.021874048853310235,0.03608725552527825,9eda63f20459132d66f2037cd93f12fc9daab05afe193f0dcc44e3cb61e6cde3
iGluR,819,16,True,94,0.18556081977315247,0.48840337916694077,-0.04379692710285621,0.05664026198338368,1814d1c1e1b7d136f6a7f8beb052665959701c35e1a6f1b793de818bf39cb943
iGluR,820,16,True,94,0.14794661868973313,0.4906570640964259,-0.03902070968849003,0.06600860911312445,42b55dca3d8ab5ec19593a10bf688bc68cdc999540b0744b5900005833203fd5
iGluR,821,16,True,94,0.1482080559119722,0.37920085001171805,-0.04569053609381557,0.059460325660193325,0b1503697f324a8b55416326b659c096292fce964e3ae736da249ce0162e9eb2
iGluR,822,16,True,94,0.15526777027318378,0.3827056862237859,0.00364116156719696,0.03379296643228047,f864ba2d042062fd35b40773f464f55f19c2385f9d6d10230e10a4978fbe12f4
iGluR,823,16,True,94,0.15434684106624047,0.4912931984774477,-0.04182255917471167,0.05123912307695111,ef2ec44e0038e135db2e6f3d1655057d4a4b0e14e202ab98a5490d85b8e8476c
iGluR,824,16,True,94,0.14027985102340423,0.3483530023592174,-0.0669787400826376,0.04774989174801725,9517c3a5b9b017f6ed60bbada0d483ff6876eb79911df4dbefdec7b74634dcbc
iGluR,825,16,True,94,0.1759371683611179,0.40816635353946057,-0.09558425915481195,0.05611448739957159,eee678da0a75bf67bc356fb79ef6cfa181b955aa8698d1371590028416175465
iGluR,826,16,True,94,0.15273739459942665,0.3224351462584597,-0.05657506711915561,0.05711823887775802,ad419bdd3f2398ab1925b709de1f3d67bf1cb9386059b6007cbbd12e35d2bc36
iGluR,827,16,True,95,0.1297877009788942,0.3655919044843186,-0.02736159653316017,0.05673585736225828,a5cf6fd72ba6e6e1bd905845c6c0e4c9796c7ac93cea07584b59bca215d8b7ed
iGluR,828,16,True,95,0.13697407434815423,0.3479893369347523,-0.08071557815055197,0.044356255797957544,375987b3976fc5e8a3246adb313715d36467983a13d03f1f8fde1c5d9730f7c4
iGluR,829,16,True,95,0.1430090242704916,0.367728260136251,-0.029096337928788518,0.04818007095295407,c2366b2201dc0cfb83b6f20f2d9d34b393840969b245332823237ad1bd64b469
iGluR,830,16,True,95,0.13097227508744635,0.268583201320818,-0.04286239969527639,0.03747338851896442,2dac808e91c8a9939cd92f03745445c2ec62d899a813c0bd5945da443d41c318
iGluR,831,16,True,95,0.17189059280882227,0.4102427341484774,0.07770203129205333,0.049231620120578246,96908f9432a0de5b01c5e14b15c063937a65314b58b1fab74af0e955352d9e99
iGluR,832,16,True,95,0.17993768600252652,0.45505056917666187,-0.05823499803660992,0.0632363431257521,b06781caf2850219e8178534ed1bcd0d38c2c372dfc9a35a2b70695b8acc3f37
iGluR,833,16,True,95,0.16833947740716879,0.45003109031440175,-0.03787245250687388,0.05515853361082246,303567ebb372e734aa2b643ab3a8953e1ed2a711ef17961248b7733de02618d6
iGluR,834,16,True,95,0.17420806628670987,0.4312943788270037,-0.09486242171201376,0.055684308194634546,1d05f8f5ac2e12a338a1231f90e5304365174d9a17e6d0050bf27d3cd5e3d117
iGluR,835,16,True,95,0.1539854401599801,0.37595545180117146,-0.06430083074878024,0.02380324933985234,f769a1ea89f26d420236c569d9172d3e5191aa500745a08a6a423a7e1e89ee75
iGluR,836,16,True,95,0.13338428122105728,0.3249526157660827,-0.01747091282615365,0.05339001910163654,dfc3a85d3c30825ca99d6b5f7b01175919ac3887a2c88e6b9660df1fa67b6993
iGluR,837,16,True,95,0.1425062875205168,0.35516421655411656,-0.053229261207312195,0.025428370780725684,c27fac143af49c6db03af5896693d7c53c8af9ffe13e79d59db6f77911a896cc
iGluR,838,16,True,95,0.1660917275473757,0.4906570640964259,-0.04047338762725117,0.05912574183413111,47120fcb14f4bb7d68e0a3b0bd44fe0da01fa3446c00f74458af244877da4afb
iGluR,839,16,True,95,0.15229110386226855,0.3842357518315972,-0.04812075518181924,0.05157370690301333,96ff9e966ab9ce4e1afb90c57906b177e541cab6e516112909e54ec1356ebfb3
iGluR,840,16,True,95,0.13831569273879457,0.296896916881392,-0.07632501291135174,0.03192885654421951,a573a4be4da3eacba539b06a01e3625f168f5919c65a7bf5ee3fba6eddaca4eb
iGluR,841,16,True,95,0.1548449274939026,0.37162843680692553,-0.04002979551446284,0.03044712817165851,da8b00b1a568ab0cb19a6a7c450f37dc65e8e20d528841f3ebecfb60b26f56f3
iGluR,842,16,True,95,0.19679344537296112,0.4912931984774477,-0.09697671786879303,0.05534972436857233,2dee8539b54cca8447870fa03c8f62df838d0239f0b04637279188710ffc4155
iGluR,843,16,True,95,0.1579679200034711,0.36547085236002963,-0.010534237846784755,0.06032068407006763,1e7ceb02569fb641f4c2ad9497196d7660af228c8f0c092dbf9b01d98aa69dbc
iGluR,844,16,True,96,0.15810038704543344,0.3925721806981879,-0.06828526000576618,0.054584961337572846,f68595112fb549e94a3fa09937b759b5609611d040b871858c064b480a103513
iGluR,845,16,True,96,0.16285282914568214,0.37175867665127116,-0.003754098472106282,0.06514825070325014,93144cbc24c524837277e34a69b4306073ebc7857d6aea9b4f48f2203ee35769
iGluR,846,16,True,96,0.14327841263407665,0.44279980194639573,-0.021647819876779995,0.04841905940014124,cb6eab7064c6faf99caef67dfa7516a25b9e94423bd25814170043deadd2805b
iGluR,847,16,True,96,0.16443107498870085,0.4069547468310089,-0.08259645066592203,0.048323464021266416,9db0aeeca5d810aa3baa3c8c951f1552c3d9e9fb572716a89064e8673fd7e25f
iGluR,848,16,True,96,0.17370401457046514,0.3770406616330992,-0.06929802698305787,0.07035819885193262,d8ac13ee9c28398699cb28d992872b2b399afc2d21fd1e38f3c7b560d8c18168
iGluR,849,16,True,96,0.14019356606086814,0.3982147970240591,-0.02634012587175949,0.050044180841014585,4233ee3ef968657a29fd96acb099e0a861222aa6ca28091d829cb9cd51fb2b8e
iGluR,850,16,True,96,0.15447354471495084,0.3946966923353067,-0.08877809603810594,0.05577990357350937,be83ece1ef7da05e302a56347182b1ba364befb75782b400f4555b21d7cdadf1
iGluR,851,16,True,96,0.15384440442336672,0.44403973076002395,-0.056331044825271626,0.05405918675376098,c62f5c76b5068e16f0491bd9d7d35e1a383fac017af681492861e91e538a9ad8
iGluR,852,16,True,96,0.17455640063052807,0.45690295896545624,-0.030297697972737403,0.06772932593287262,a8aa2f4795020ade907968537e6c840a3afdfe13a6aafa060be6358bed59b891
iGluR,853,16,True,96,0.1767480006402152,0.3789542800558373,-0.07257407599475085,0.04703292640645507,ee522253259274a053ba9f636e0fccd26014f98bbb08180dd0036adf363a602a
iGluR,854,16,True,96,0.15216325850936235,0.4097666266637247,-0.056460455815360966,0.04569459110220642,a7a18c3adfadaad455b300f61d4ae2efab6e0e1bc6839aab230b503f392d15d9
iGluR,855,16,True,96,0.14536891408719815,0.36836313013733973,-0.014018053130233188,0.06108544710106667,f6e33d454f292eac2bda6c0340da568698aa49c7d1a773a3bb2d54c374c73e2f
iGluR,856,16,True,96,0.16224391994589177,0.4380053773135198,-0.0710064151663401,0.0748511816590538,40241ed0181bf554cf8f7e7a69b001181b220fb0b51326aaed8d9476ddd19baa
iGluR,857,16,True,96,0.14167149900406345,0.3827056862237859,-0.006207163355397505,0.0438782789035832,2147ec20cd9575f9407eefb6544c78e50adf999d1394fb83e9e3190c350d62ab
iGluR,858,16,True,96,0.149071931550435,0.4557411013053739,-0.052211245933983186,0.05482394978476024,63f2b2f0930a70cf95ee8d88ee8fea8fa25a7a367cf435123a0f95869ca09252
iGluR,859,16,True,96,0.17087801495411684,0.42354439842477504,-0.04505258090439046,0.05616228508900889,a51ce955dc45e7b5e8ddd18580f58b3383a89a7ff64cab7537097053d5acbc06
iGluR,860,16,True,96,0.1447185884631756,0.3655919044843186,-0.022511064164256744,0.057978597287632105,82e1c5572445eee0b3f333e5c059e8b20dd3d33d619c53192c1263452b22a707
iGluR,861,16,True,96,0.12255087422561686,0.3409466204194837,-0.02464661743547847,0.07738445919923853,fdfafaabe950f3fd08143bba056571863bc2669fdea9a22fe4a7b3e8bb8d2320
iGluR,862,16,True,96,0.1724075706015591,0.45690295896545624,-0.09648015163155499,0.03948089147533729,eb2c20130de8868ad4a765c3a2a9cd387c6b063a6bdc4a1a78bfbf25e14262a3
iGluR,863,16,True,96,0.1438880057486885,0.375466644231537,-0.07197871238606002,0.05104793231920146,ace5db54872dbe6cb5a8d49fd5d1358c75247e39b84e5b7b6111c247c41410e1
iGluR,864,16,True,96,0.17411722274890057,0.4570372372074267,-0.09892499472565408,0.0543937705798232,3d6211aea0215e3b9805741f5d2534c7a1a2b7a8d5ed8253571f00d5b23f2efc
iGluR,865,16,True,96,0.12504502825102948,0.3925721806981879,-0.06597462904773543,0.03618285090415285,7d39f8cad1b70652f5c0fe91e2be0ff178d91f98bf3cc8d59562c8053d820a66
iGluR,866,16,True,96,0.16028199519950673,0.4187206553432414,-0.050310100174722816,0.0453122095867069,8feb8cc20712da543a2b233169b166a9def92586bc95572bb136f1bbb22a2ed8
iGluR,867,16,True,96,0.12468564144296652,0.33243762241853547,-0.057602177567929846,0.03202445192309433,e4728aa32ccfce018a63e89f92742bfc874a0f26355df02b97c47eb7fce81558
iGluR,868,16,True,97,0.12217956821314943,0.33243762241853547,-0.04554854770580974,0.027292480668786645,646376215e5df95e21ea277ee300ff46e768e8cb3d126b4acaa56f235614f742
iGluR,869,16,True,98,0.1689282240288329,0.37386677722284944,-0.09933761186974444,0.05893455107638146,eedb08922a588676e7e390e075430881b46efbc1a307710f8629dcb20d8ca80f
iGluR,870,16,True,98,0.14365107640973523,0.29782538409527465,-0.04152287602166149,0.03403195487946742,e447404f313dd40456571f570de568c7bc6f807e1560e742e15c3289180e92de
iGluR,871,16,True,98,0.1948918175988007,0.4267389507448309,-0.004165905249102764,0.04292232511483407,d86c8f6ba219c9672c88d1ac0dc7fd0d6cdd10d6c11f92ab31c664689098a900
iGluR,872,16,True,98,0.1633439731486389,0.44279980194639573,-0.004396983888847572,0.03384076412171777,d41b9026698a4c02a834cd7e888fbec23abba30b8c164e4383cec5d45b235af9
iGluR,873,16,True,98,0.16061530370125057,0.4179411561589848,-0.066863712293038,0.04669834258039307,b6e78919bd297d5da03b471f43c51aa59aa2469e9b3da6a07b1ba3fc23d595d2
iGluR,874,16,True,98,0.12440377122069271,0.44279980194639573,-0.02545190457879487,0.05864776493975632,243c70ee7332327e0d33b9e29319fcfba60c848b10c19fba7d2a88e4afa8d47a
iGluR,875,16,True,98,0.11157096889504257,0.2999745781462721,-0.031289239763913734,0.02647991994834964,82e2b8b0dd894f3439a92f40e316f59593adfb83a8eea7e461c942950f66ab43
iGluR,876,16,True,98,0.15877617752566572,0.4318335847968711,-0.005019227993642517,0.052673053760074806,eb07cf581b04aef412a392b3e9e527bdc72d833383d5ff31adbbd00e50cc38b9
iGluR,877,16,True,99,0.1595807705603258,0.3742311413630269,-0.04286211829974995,0.021413364867979734,ef60348d299be1d888f45cb1969d9f6d22a7f584728052dee1e32c1de588bdc1
iGluR,878,16,True,99,0.1820053659887555,0.3775865748995735,-0.05166880790178219,0.04870584553676616,fbbe7808237c4fdbbe27b82bd30eadfe53742bb66b2efccf5a9caeebbb5a4719
iGluR,879,16,True,99,0.15935855964922305,0.36826803012576453,-0.08430526912927583,0.044356255797957544,90f08af971f162a1a00d0b160b29d8f8197d3598d5cc0e882bcb74bed791daa5
iGluR,880,16,True,99,0.15063488845506,0.42919716427717963,0.00576406481955738,0.0775278522675511,974c0fc0e6ecbe0c37397fe46ff6997e88822c4285a263695e9ed81fde7db975
iGluR,881,16,True,99,0.17946458370820795,0.4558624451948491,-0.06817337510222732,0.03379296643228025,79992e3cd914e719502682101bc5fabecea78a8159af542db0d793d4beb45a18
iGluR,882,16,True,99,0.14986725120186362,0.41276032368108245,-0.09166206934474275,0.04163178750002272,b1511426d9433dc571f90fcf14930e9967ad1aa3535f35c9c07fb0d932cd4317
iGluR,883,16,True,99,0.17237764814974466,0.480099011719285,-0.0013525355165322495,0.06954563813149606,7d02e2c8449a0bbc4cb953165b074fabce5bcbebfeb0b99dc2a401053f0163b7
iGluR,884,16,True,100,0.15711348199655348,0.40349954097718765,-0.04535022977708003,0.04760649867970468,d30409d2e856ef4c0ee201471812e6900c2970c7a820b7d0bb660d0f9bed7051
iGluR,885,16,True,100,0.15525936763762826,0.4570372372074267,-0.07290974696039676,0.0386205330654632,b56418860a2059e9b397ae693a90da62be01941f17b50fea89b4987cb247f69b
iGluR,886,16,True,100,0.15217062216831495,0.35928548813015543,0.00023288440225410767,0.05013977621988985,1910e59c7456c3c834552630d5e7665807c88d16d7ccf32ba4c3759f4a81a4bd
iGluR,887,16,True,100,0.15158657760861377,0.33659089545406273,-0.027944006022383228,0.034844515599904424,ed97d91aa42f078949e6e09ed925282b29fd0fd2aaddb942ba3ca1d74144f9bf
iGluR,888,16,True,100,0.13263725171317317,0.387447703625015,-0.044643908734248505,0.05979490948625532,086e709042a8572336ac7f667641bb2424c370b81d8d544b53ed4c57af36ffc1
iGluR,889,16,True,100,0.12117075314846758,0.296896916881392,-0.041576475473037444,0.03341058491678073,d6867c163a69e3a2698c02599cebb79f9f82eaff03eb258675d160761e3ac35e
iGluR,890,16,True,101,0.13258520621081538,0.3696047465326416,-0.05830629619466876,0.04832346402126664,6a636d4fbcb5012fd5b30a8e392039aebbd4c868279cca5c61f9ab7d4c8e8b35
iGluR,891,16,True,101,0.13311920824303808,0.46987492318699514,-0.0405591581413427,0.045121018828956805,99f632109a9145b6c8237634fa6181792aa63c4a773785f16638b7785dbcdd53
iGluR,892,16,True,101,0.18794967434226,0.41171148816918934,-0.08889417300865787,0.05635347584675876,e3fdef066d845218817c676586b10d27ce952dea319545189185bf65e65e78ee
iGluR,893,16,True,101,0.15828963990003864,0.3674014714591582,-0.059283327380273754,0.03522689711540394,cddb7fd4af5cea88a5b3084fa13da7ff26acde70b9a8915294f3c2becae9bf96
iGluR,894,16,True,101,0.17119144145454046,0.44925142286325487,-0.039298612509847786,0.06247158009475284,4cf262c9e03fa988a50f24e82e155b35c4456b6f394c0b523c6262563c13d048
iGluR,895,16,True,102,0.19758114669046833,0.43637333241772513,-0.0857545612901709,0.05922133721300593,d79ee5c0c92b61a12064db07e7b3b9d2f89675db5851875174152db0172a86d1
iGluR,896,16,True,102,0.1587486679512332,0.45063516825065264,-0.08826054506196801,0.03551368325202864,5d86f139c70ff9c2e338b5aa0d8644c1753a95485df71d3bec68496ca1976755
iGluR,897,16,True,102,0.16560233462845697,0.45003109031440175,-0.07769865406982746,0.04239655053102198,4760ca0f5ba7f5f78b0ecfc7b03772070f03e0671fc0b2f1b860e714d9d68b12
iGluR,898,16,True,102,0.1366307458660533,0.33197883556342916,-0.03132523220790562,0.03560927863090324,198de0aa1a5745b9ba0ce11c88427a56bf343f4a9e65b17d29474e7b7f203e84
iGluR,899,16,True,102,0.11045048503802213,0.27219043284814953,0.007373817324801024,0.06629539524974937,ab77762ceace04f9a1bc4c3af31fe48db3ed85d235945ff038485ae5800f9d59
iGluR,900,16,True,102,0.1658763527653246,0.3775865748995735,-0.05697216563858509,0.05573210588407207,4b11b79c3f4751b530532ddca6db3393702e5a7797d3b94ec3f655aaea6a5044
iGluR,901,16,True,102,0.16485643973963793,0.490712949012744,-0.06434723163016454,0.06452688074056345,33db3cb401a8990d256f6a83013bbd6fa3775405b33fc2b29c43ac7aede06d50
iGluR,902,16,True,102,0.14880578509253078,0.3413714692164044,-0.08411429255810443,0.04306571818314642,a17f0304827840f6a16da0b25333c88329045a5cd1891041dca0d5db04305fb0
iGluR,903,16,True,103,0.14770433615369122,0.36923460863884233,-0.053757348876330546,0.01950145729048125,61ca453dcf41c10815b92d52d7fbd5953d60b82d5910127829cdee1248ec6022
iGluR,904,16,True,103,0.169514824395532,0.4812622771789198,-0.004600948098426372,0.052290672244575065,e01ca663d8e3bc887eca3a83cc2b4133cc8af5eff0e6460507a94b22def81420
iGluR,905,16,True,103,0.15027193306735426,0.3698212185467044,-0.03252229327024203,0.03197665423365703,542e6cdd11d4fa6780ab040fc32eb3b1063a9e6cc82cf5fd5744c7799f760be3
iGluR,906,16,True,103,0.15004743636562318,0.3223519989757876,-0.09572762139641666,0.03527469480484147,b391c839ce86ebb50da645714ad049ae036fc72f5049cfb68412e65252155e18
iGluR,907,16,True,103,0.13470642356863044,0.36923460863884233,-0.03281998057022406,0.0400066660591496,5785615ffd4f905b170022a85734a08a2d6d45baf63031a3f49cd183e5380992
iGluR,908,16,True,104,0.17141735479809772,0.4318335847968711,-0.032816787174554385,0.04674614026983037,6054c4f3d765947c75e5fef8bcb7b289d34794ccbb2925ac752048e12d996ac2
iGluR,909,16,True,104,0.1458392228459243,0.36848043870938063,-0.04684545402489437,0.05143031383470098,69f9c3e0d3b25f15aa7ca2a592a0287f326516f3f0e3b22155de049ead57440c
iGluR,910,16,True,104,0.1660595848614252,0.43712532015746525,-0.026509929978379088,0.02150896024685478,9a50e3c9124a1ec00b62dfa20e676b138e218ed877c0457a72eacc36f432554a
iGluR,911,16,True,104,0.14396480186640853,0.37920085001171805,-0.04943695665922743,0.05487174747419776,0629d992a3345216d874c4f88120d11abb575eaeaffc4625915986d7eb3c2ac6
iGluR,912,16,True,104,0.11414198852644314,0.3715710107521425,-0.04260157452734781,0.05750062039325776,0ac59bbf1516e3f054ee13921aff603fa938a99acd038e73ddd0df3de6b13cc8
iGluR,913,16,True,104,0.15702716235804798,0.44925142286325487,-0.09101242167073487,0.05367680523826124,16f16c7911d952f7c2f0d67d5d7b3c4ee2d9275b0d0a467078139a0ca9cb4b07
iGluR,914,16,True,105,0.14167237003891603,0.3853904005340479,-0.0873315298828592,0.02896539979909729,b7f304c2d0f2ad2a3627c02c4e00501bfb56caa023a427e904d145d40f8d2659
iGluR,915,16,True,105,0.1559711961540288,0.37008890993072696,-0.0425094390834313,0.07260469025549332,44929a03b2c0b6a603c01b7314b2fb02cfed90132e71e404cded8cbfa6a33a2b
iGluR,916,16,True,106,0.1390410222384013,0.3694339983654279,-0.043170230784193464,0.04010226143802442,0b81a4c7bf5b22768516fcdb8903f64f5ca9ad309a1939cdb139fd4ede7d51e7
iGluR,917,16,True,106,0.1585039083649502,0.3034799721962091,-0.047019954772316463,0.05630567815732124,d7275c301d3c66aa9c218c1f4c39f8407b5d43b5c31c1cff5175b34a219164bf
iGluR,918,16,True,106,0.151205699619936,0.367728260136251,-0.06923320621899487,0.0034414336394967826,7da1f5b0eec411fe20ed9cb648e915fde8d29752d284bfdb24c610cd439616c6
iGluR,919,16,True,106,0.18021170298679284,0.4812622771789198,-0.06273044768888347,0.04593357954939359,037aa92c38660a90f6e86130f01ccffd65dd82b0e423f64752030bb08fd48c4e
iGluR,920,16,True,106,0.146072961273268,0.41101964299683097,0.012572616403636161,0.05042656235651455,bc0ad9af45da531ccd0266b32eaf8df81f03d790156b1ecac145a031a478afc4
iGluR,921,16,True,106,0.18824766576377333,0.4912931984774477,-0.09017212345750325,0.06854188665330962,d4638cf1d73de57da2e3e04c8f8b21b34df24d389659967d8de55fab4855feef
iGluR,922,16,True,106,0.14838178742342897,0.32102958001709403,-0.060353080396358116,0.028296232146973077,562af2d3cc793cbcb27648daa2ed7621f71d593a41eba4094afb4191131427dc
iGluR,923,16,True,106,0.17310189814889024,0.3881761261510607,-0.03906002814229392,0.04569459110220642,0b7b8388b617bae0bcc5300dba21c10ee4b7224d4607feae9cf07b3f75ffdcee
iGluR,924,16,True,107,0.17316177095176216,0.46060576689838867,-0.037860961168356244,0.05295983989669928,4e0604a6094a5d3a7461164bd308a62a1bee749cd6c52b8de8a0a786db182505
iGluR,925,16,True,107,0.1611863713336918,0.4265341579444569,-0.009697588090530562,0.06495705994550072,dbd6fa31c0dcd6386b894698c58c3db6373454ae0e932effaf7d3853ad4ec782
iGluR,926,16,True,107,0.17901612730332947,0.4102427341484774,-0.05699187353874491,0.041822978257772814,13f2bac34fe63707e04cadad642ee0c9d37c9e32f61264a78f24e4d8c45dcd1b
iGluR,927,16,True,108,0.16205667572909568,0.4683781620183182,-0.05921407927854627,0.05090453925088889,ec574a32017c09520f4c493d639b236e2e352bca8a6252b9c8fcc05e62372db1
iGluR,928,16,True,108,0.14658516519666268,0.42354439842477504,-0.061004228351848155,0.018019728917920252,456119cf9e46fb4ac4b812f69fc7d7560195d7b4294039132919cc78e19107f2
iGluR,929,16,True,108,0.16756676056715397,0.4025836717773936,-0.06932299058197788,0.06261497316306519,12f4be597532053aa9cf06e7851414445f1755063f4348ef33f8d1bec9bdad60
iGluR,930,16,True,108,0.14973951680386866,0.490712949012744,-0.07131044781517737,0.06036848175950493,97c34722ebeb34f9958ab82511a005cf8765310a44539e7d6dffbe9d9e8bb6d3
iGluR,931,16,True,108,0.13915122116961817,0.3893911060579458,-0.07609048403300989,-0.0015773237514360439,b882848f54ed231273d6af307276e865e65cf4e0650c1818b30a0ffd670fb0b1
iGluR,932,16,True,108,0.1749908884669809,0.4906570640964259,-0.08728026382226783,0.01830651505454517,667c123479d3f2c424c9eeaacba19588da409943aedacec88660d47819cd4778
iGluR,933,16,True,108,0.15068239133957623,0.4812622771789198,-0.05771642329872373,0.0412972036739605,eb3ada2bfe3447db524ff8928eb706cbddf5c1a14e70222a087b152c0fc4bafa
iGluR,934,16,True,108,0.13208829296306474,0.43420869250725763,-0.02833008708644913,0.05348561448051137,58456e071dfb7302861f115bb90900a008f3af5ef44e540c3d754b12f0d71aa4
iGluR,935,16,True,108,0.14466251622847875,0.3775865748995735,-0.04943839949052631,0.03130748658153282,04702406b64003c8e03601fcea3e4d8b7b5fc484298a563741b3b7e851e7ca44
iGluR,936,16,True,108,0.18466711986701256,0.39911564205341193,-0.05547047100339464,0.054154782132635804,9a214b8b93a42438c74ef2364622b17dcb3b7b7dfcde17e187e14ca34863427b
iGluR,937,16,True,108,0.12362245683897906,0.35352379797020916,0.014026246719970104,0.04043684526408642,86edcf2eb2db604e03804679d69af760843f7f0712b1eb42e448e5a3eb15bd31
iGluR,938,16,True,108,0.17833196795577408,0.45690295896545624,-0.09388718782530425,0.0219391394517916,062a5a95d364109134cf5d25b21ecf392f5c50235a211f86bac04c9f89d40644
iGluR,939,16,True,108,0.16157029259027977,0.3736391149862666,-0.0024805096174165264,0.08077809514929779,861e0b0d14125629f5af628ea6f45f40226b9611c649746a1686c3a3adeaf37c
iGluR,940,16,True,108,0.16579520429987799,0.4805274805015348,-0.03735612251333409,0.051908290729075546,10f92b529dc234144bba7062e3c5c258ee060fb040a9c68427aab10c13f6342f
iGluR,941,16,True,108,0.13512383791460617,0.3584857178987969,-0.033333872126339426,0.02213033020954147,d8f4622508d9fa46f56fe5e155b8eaacfb5c828836ad4694dc2a7fe2093a2a0e
iGluR,942,16,True,108,0.1647265502165503,0.45820704431600073,-0.048882138427038146,0.04598137723883111,c2ed39e0b3c201710fb6880d9563b9a13771beb3a2599720f166b66090d299c3
iGluR,943,16,True,108,0.14804706434366455,0.3409466204194837,-0.04049123385107389,0.05721383425663262,7f7cc8f5930d722fac324160677a6b8254a9ee403157434e5aa6e30d0405af31
iGluR,944,16,True,108,0.17180791717802527,0.35928548813015543,-0.06495854991616268,0.07203111798224393,0bdd8c6f9102234cbb0d9a212c896529e0bd71165bff11cfea34aa43571c1965
iGluR,945,16,True,108,0.17540309919379146,0.4812622771789198,-0.025759731595687452,0.05515853361082246,191d5b952c601024058b8406b224ca860f7a6ed211c012c9097b8bd5bcf59a0b
iGluR,946,16,True,108,0.12614279940707152,0.3532233664967424,-0.02408294408256184,0.056066689710133844,925e16e5822a815dcf869fdd7940b305f674c96882f9fe0d3a45f1f1476f4781
iGluR,947,16,True,108,0.1649399723256915,0.37949936533382367,-0.016117952104733213,0.07580713544780249,e5a08c0e20702d757ab02a0b08b2f97f4f80856b15e30ac9909b02a3e981424e
iGluR,948,16,True,108,0.16068370667779985,0.4133629591563293,-0.09009251209309044,0.014004723005174302,1040808233b717e5289c95f5c218bf15a6780e6ee50086d14d3d64ee8c87e1fb
iGluR,949,16,True,108,0.16873125921194854,0.4862537429624158,-0.056515474956746914,0.03441433639496738,9ce207c70bcb33db66694f37c94dade778ac8cfb79f69f41b908ce503c223ef8
iGluR,950,16,True,109,0.1229864843880101,0.33433458208316275,-0.01713125427726947,0.04320911125145854,822443f235ebdf1b8e59a5d7ada05f372841cc5fd7a4a830b65226db238b07cc
iGluR,951,16,True,109,0.14560962697955204,0.4030870956584495,-0.04572874197927845,0.044021671971895326,067ec9b50c2824d04b97e87d2d3fcec0d7da2105ac2f500dc41d0b94762a415e
iGluR,952,16,True,109,0.12951888813653417,0.38632393887767696,-0.041068574702787686,0.06514825070325037,6f7bdc8f832e34d49fdd2abde9effaf09a8369291c974e76c6174d4f45c95cc7
iGluR,953,16,True,109,0.1341301255597938,0.387447703625015,-0.031174974368231467,0.03580046938865333,0f4649f95cd85b91f8d2ad7d1192f1f5c29335249cfebbec3311295fea06b9d0
iGluR,954,16,True,109,0.15960138250329153,0.40849558415805653,-0.04546758676705798,0.056066689710133844,544ce1a5b35e0e151e602556251a950fa8f0107f94779260f06f0833045aaa38
iGluR,955,16,True,109,0.14831764561423827,0.3528519792811026,-7.903992405466909e-05,0.05501514054251011,1ae43e7f874f3ea6f142de72370c1bd45efec011d940fe2f5730d1c6ace0e574
iGluR,956,16,True,109,0.16172914471526434,0.36833765602024715,-0.05915880675413021,0.04736751023251706,6c75b65d5b424c97ce430a4462c4af9ca4dd231df38f4cb8b251e3eaf32c6816
iGluR,957,16,True,109,0.16501379448279455,0.4133629591563293,-0.0853687955195146,0.028822006730784944,3c633bd9ec6b6ebd431a4e8ec6e7f9c5da938b59008d240d47d2ab93e97a689d
iGluR,958,16,True,109,0.18459776385921817,0.4906570640964259,-0.049306425409834986,0.051908290729075546,b5e4590cafcc04f1115312796594acf7a481e6dd825d16e05876bd62be670501
iGluR,959,16,True,109,0.13004588395474048,0.3479893369347523,-0.07624231825212835,0.031164093513220248,8ade73d33e2be68e36ebe92790d7080e08b6fad326b8aead358bef96f191e14a
iGluR,960,16,True,109,0.13628605160919227,0.3322361135303585,-0.09112813114981311,0.031116295823782725,46dcabf85c0963a95a44f1c7e4c75f06853e006189baf03534509195a4398d7e
iGluR,961,16,True,109,0.1826048089834117,0.4570372372074267,-0.04706311000883989,0.039194105338712815,776ef4c3f567920b379d3512f119111345966705e85f3572e0d437957811199d
iGluR,962,16,True,109,0.1599879441565268,0.3738362231770129,-0.06721245263298137,0.04980519239382741,be359f0d08ff40551c8546fbf6f4f2fe3529632dc49d6f9308c9af775fc6b019
iGluR,963,16,True,109,0.14459911623090405,0.4179411561589848,-0.06702324704639206,0.04344809969864616,e4585a237209a17a7a9002e591c956cc690fcb9dca08d8cdd30934b6e2d0c0a3
iGluR,964,16,True,109,0.1238449249787,0.42919716427717963,0.0029420434623697034,0.043734885835270854,498e2899e2f3d10219b2798b50e2e2a2d320a685400a748e1b48a576c7e48dd5
iGluR,965,16,True,109,0.15200691655795207,0.3946966923353067,0.010599900458964306,0.06691676521243606,bf8359555e29f1b0641be30b73fd83137ca5fefbfda8d9bd392c9bb2f482452c
iGluR,966,16,True,109,0.178262364410142,0.43712532015746525,-0.08665606464148823,0.04201416901552246,e1e389e271ec4503232a68fd9bf9c63e8ff8649f3e45ce3a35a97574e0a7a65c
iGluR,967,16,True,110,0.14706089537537448,0.382813311238262,-0.05452587412375953,0.06337973619406445,1678dcaee2d4822f9799b3987548afb0b2461eada72011fe3a98d5c7fe6d1f31
iGluR,968,16,True,110,0.14267476021272246,0.3005800547361042,-0.06487552776117589,0.05745282270382024,8261e3e1cdefb7b5dafe3a1ecd5051297c1e7ce634b1fb1cb447887ddfca6dbe
iGluR,969,16,True,110,0.1459060852141697,0.45207905092682643,-0.02183601221286935,0.06027288638063011,a9404ee6454e13abe65b8db46244a842767ba302d8b6681efc66b9089ca696d7
iGluR,970,16,True,111,0.1386540311204096,0.44279980194639573,-0.0697489594656906,0.030590521239970858,fbcf8e9afd29e04df19636f8b285ee1fcd54fccf3a95775d4e09b36a6998f11a
iGluR,971,16,True,111,0.17178637132217373,0.44777709344525446,-0.08044795564669593,0.06089425634331702,f3f6f438abea1bc75528ef93e0c4a55b65893b5c35739e3eb831f97d852d3a59
iGluR,972,16,True,111,0.15351383587657297,0.4267389507448309,-0.06916388208836821,0.05009197853045211,5410267f0e3138faf563ab602e63045af4c5d5a3937232d1fe7ff774a642163a
iGluR,973,16,True,111,0.15581142559485503,0.3872706059989664,-0.061933629395179324,0.0530076375861368,e4268bd839ba5fca07e14aa5778c2a005defd23a35d7b27be481840f1ab13042
iGluR,974,16,True,111,0.14410236264811865,0.3078152092546117,-0.02532847052262488,0.013287757663612343,39ee2f17a4cb775e217af5895840d1e1522a79f5b302e83e45ff14fb717e53c3
iGluR,975,16,True,112,0.16015409672944628,0.36826803012576453,-0.05315388118973541,0.06419229691450123,f77d7d29e8482398f546df30aa489a68324cb241bff651bac5c784c6f0a1b774
iGluR,976,16,True,112,0.16294404982875033,0.45690295896545624,-0.08661306452293527,0.05276864913894963,e6e3e412bea31de49d6a077d92d8c9fd35f021c43eba500281bd42169753d1c7
iGluR,977,16,True,112,0.15623136440988786,0.36776510093409914,0.005638214179125356,0.05802639497706963,785b2022267e952ae73176137a8a1d9e650b201a37b2cb49f66d44e4cdcb5a7f
iGluR,978,16,True,112,0.16353538110322902,0.3694339983654279,-0.0678621331958067,0.06452688074056323,986981d08a7661aca0d7535db6924b6195b59ef773c254641897d660bbfba253
iGluR,979,16,True,112,0.13907019681760108,0.38632393887767696,-0.010931736216166055,0.07002361502587062,c3f10af40cc8c5649d89ed07d668ade66c724299fc7529b9a0590b0a2da6243b
iGluR,980,16,True,112,0.13936258892850947,0.4600555939340814,-0.05943857625351212,0.06897206585824667,815dbd3e614295810bd0966c891cac0112b1bfe6c404df4ebc42ecc177aeb202
iGluR,981,16,True,112,0.16135728394706464,0.387447703625015,-0.08404313265430385,0.04861025015789133,0449610bb411c9a4cfa85873da8f3f29abe20f6ae88d1b9ce286b54d12aef8c5
iGluR,982,16,True,112,0.15401007354473467,0.36923460863884233,-0.08709616744240822,0.036039457835840505,d066e02441a6bcd1c9616f180d1add579f50a03ed999f73df676f0e2d295412d
iGluR,983,16,True,112,0.19544097361336574,0.4868140066252189,-0.08624979239539465,0.0362306485935906,cd03f28a9665fdbd8c2b306dab959988099b8dd05d8764dfb725703f8e378c99
iGluR,984,16,True,112,0.16087656896007843,0.382813311238262,-0.04573583431194583,0.05635347584675854,380a035eecce4d19f05e4313cfaa6d895c2500acf91bcaa37a599846c4c69e88
iGluR,985,16,True,112,0.15584091847745923,0.3827056862237859,-0.07535354718916398,0.07150534339843184,2bc1199c63630650f1140431383d6748d52e036b87a0a7468f2446e8d86c5f11
iGluR,986,16,True,112,0.15405847862625172,0.45003109031440175,-0.0685808479830019,0.029682365140659472,bb40dee8e13fab73422922ab2c373c20ad88c376a99544ac6546ce630488d569
iGluR,987,16,True,112,0.16161308199717586,0.4912931984774477,-0.06705376665710316,0.03795136541333877,f77bf38f154a07a41a8a4d33d96aec140600f010f23ddb16d5c91fb443c3b925
iGluR,988,16,True,112,0.15359044442786363,0.4265341579444569,-0.03432475191938256,0.030686116618845682,58ce31fcc03fe98070c925cff08a96a80c57c6c8a4beacba1b61c97ff2c7efaa
iGluR,989,16,True,112,0.1544529493240837,0.375466644231537,-0.031106909245572023,0.051573706903013106,1f71ca28cc0dab4cbb9b0d8d631e06e8211ee6167db22f8eed128dc86d033cb1
iGluR,990,16,True,112,0.16244293602558074,0.4102427341484774,0.009729334096850728,0.053437816791074066,3047869b51b76084f173266bc40d4d535b27a0b376da2cb91681eb59b8f401c0
iGluR,991,16,True,112,0.14548732777110684,0.37920085001171805,-0.060966964526948164,0.05903014645525606,3bf6d3cda3e24e658b2d9cfb864de7c725bd3576e1c0a3fd063d015ce2c00196
iGluR,992,16,True,112,0.16678581664636244,0.4181722208695213,-0.04548348783558254,0.05348561448051137,56269ce2c4c3b2aa54033a70ec4f7bd378e94b3ceaeb8d70d0959befc99952b1
iGluR,993,16,True,112,0.13476143788133704,0.3655919044843186,-0.06933926898190723,0.049996383151577284,775f4c030b833cf9ddd74fc18aef5dfe68b80063082b18d335e445ff54f83d97
iGluR,994,16,True,113,0.17517095055127196,0.48031045328630745,-0.057010505431716485,0.0373777931400896,0ad395c74da7589569a103f86906c4b13a1277b8b7495a7c3e0a695ecb6b120c
iGluR,995,16,True,113,0.13139886770517123,0.2903101816617752,-0.04048854693089776,0.03967208223308716,1eff368d1c08ceaf0f41200f8a15ce2b47b76bdadc45d82c609950822e300bdf
iGluR,996,16,True,113,0.13288291577971958,0.3034799721962091,-0.0029262965445577827,0.054584961337572846,4883b0ffa1451b8db8db7810d3c4946def3ed945a68aaee46f93016094d6cc0b
iGluR,997,16,True,113,0.14425391552632388,0.3483530023592174,-0.042192606990701265,0.054345972890385674,ff3ebb45d60618fd8d0d23545eea5dd1cf730514a2152e0ece551c12f0f8e763
iGluR,998,16,True,113,0.12618556202552625,0.3409466204194837,-0.04156644339257021,0.05429817520094793,14bdc3cb1791992690ae375fda748042ac99f19f1d155cb449832963ac42d448
iGluR,999,16,True,113,0.16298417396643097,0.41579507878570093,-0.06416404979690515,0.02853522059416025,821781c4ed7e5e8d354c7011bd2d85cb6df72fff135da04bae98914d64d8726c
