canonical_cell_id,transcriptomic_mat_row,mat_internal_sample_id,cluster,cluster_id,cluster_color,map_confidence,T_ispaired,ephys_mat_row,E_ispaired,mat_join,mat_modalities_match,donor_id,donor_name,biological_sex,age,structure,ephys_session_id,transcriptomics_sample_id,transcriptomics_batch,transcriptomic_cluster_id,transcriptomic_cluster_label,public_metadata_join,public_metadata_match,public_cluster_label_available,cluster_label_agrees,mat_subclass,public_subclass,broad_subclass_agrees,subclass
601506507,0,P8S4_170706_354_A01,Vip Gpc3 Slc18a3,19,#B09FFF,Core,1.0,0,1.0,both,True,331294.0,Vip-IRES-Cre;Ai14-331294,M,P55,VISpm4,601506492.0,PS0810_E1-50_S88,BT035,CS180626100018,Vip Gpc3 Slc18a3,both,True,True,True,Vip,Vip,True,Vip
601803754,1,P2S4_170710_052_A01,Sst Calb2 Pdlim5,34,#CC6D3D,I1,1.0,1,1.0,both,True,331663.0,Sst-IRES-Cre;Ai14-331663,F,P57,VISp2/3,601803733.0,PS0817_E1-50_S25,BT036,CS180626100035,Sst Calb2 Pdlim5,both,True,True,True,Sst,Sst,True,Sst
601808698,2,P2S4_170710_053_A01,Sst Hpse Cbln4,42,#806B19,Core,1.0,2,1.0,both,True,331663.0,Sst-IRES-Cre;Ai14-331663,F,P57,VISp5,601808619.0,PS0817_E1-50_S26,BT036,CS180626100043,Sst Hpse Cbln4,both,True,True,True,Sst,Sst,True,Sst
601810307,3,P2S4_170710_054_A01,Sst Calb2 Necab1,33,#BF480D,I1,1.0,3,1.0,both,True,331663.0,Sst-IRES-Cre;Ai14-331663,F,P57,VISp2/3,601810292.0,PS0817_E1-50_S27,BT036,CS180626100034,Sst Calb2 Necab1,both,True,True,True,Sst,Sst,True,Sst
601811091,4,P2S4_170710_055_A01,Sst Esm1,45,#C11331,Core,1.0,4,1.0,both,True,331663.0,Sst-IRES-Cre;Ai14-331663,F,P57,VISp6a,601811076.0,PS0817_E1-50_S28,BT036,CS180626100046,Sst Esm1,both,True,True,True,Sst,Sst,True,Sst
602231708,5,P8S4_170712_358_A01,Sst Calb2 Pdlim5,34,#CC6D3D,I1,1.0,5,1.0,both,True,331660.0,Sst-IRES-Cre;Ai14-331660,M,P59,VISp5,602231628.0,PS0817_E1-50_S46,BT036,CS180626100035,Sst Calb2 Pdlim5,both,True,True,True,Sst,Sst,True,Sst
602535278,6,P8S4_170713_351_A01,Sst Hpse Cbln4,42,#806B19,I2,1.0,6,1.0,both,True,331657.0,Sst-IRES-Cre;Ai14-331657,M,P60,VISp2/3,602535253.0,PS0817_E1-50_S52,BT036,CS180626100035,Sst Calb2 Pdlim5,both,True,True,False,Sst,Sst,True,Sst
604626221,7,P8S4_170726_355_A01,Vip Gpc3 Slc18a3,19,#B09FFF,I1,1.0,7,1.0,both,True,336703.0,Vip-IRES-Cre;Ai14-336703,M,P51,VISp4,604626206.0,PS0830_E1-50_S17,BT038,CS180626100018,Vip Gpc3 Slc18a3,both,True,True,True,Vip,Vip,True,Vip
604646725,8,P8S4_170726_357_A01,Vip Pygm C1ql1,25,#BD3D9A,I1,1.0,8,1.0,both,True,336703.0,Vip-IRES-Cre;Ai14-336703,M,P51,VISp2/3,604646572.0,PS0830_E1-50_S19,BT038,CS180626100026,Vip Pygm C1ql1,both,True,True,True,Vip,Vip,True,Vip
605060256,9,P1S4_170727_004_A01,Vip Lmo1 Myl1,16,#9FAAFF,I1,1.0,9,1.0,both,True,336139.0,Vip-IRES-Cre;Ai14-336139,M,P54,VISal4,605059999.0,PS0830_E1-50_S24,BT038,CS180626100020,Vip Lmo1 Myl1,both,True,True,True,Vip,Vip,True,Vip
605160536,10,P1S4_170727_009_A01,Vip Crispld2 Kcne4,27,#AD589A,I1,1.0,10,1.0,both,True,336139.0,Vip-IRES-Cre;Ai14-336139,M,P54,VISp2/3,605160446.0,PS0830_E1-50_S26,BT038,CS180626100028,Vip Crispld2 Kcne4,both,True,True,True,Vip,Vip,True,Vip
606098116,11,P8S4_170802_352_A01,Pvalb Tpbg,58,#AF3F64,Core,1.0,11,1.0,both,True,337417.0,Vipr2-IRES2-Cre;Slc32a1-T2A-FlpO;Ai65-337417,M,P55,VISp2/3,606098055.0,PS0830_E1-50_S70,BT038,CS180626100059,Pvalb Tpbg,both,True,True,True,Pvalb,Pvalb,True,Pvalb
606271263,12,P2S4_170803_051_A01,Pvalb Vipr2,59,#FF197F,Core,1.0,12,1.0,both,True,337416.0,Vipr2-IRES2-Cre;Slc32a1-T2A-FlpO;Ai65-337416,M,P56,VISp2/3,606271245.0,PS0830_E1-50_S83,BT038,CS180626100060,Pvalb Vipr2,both,True,True,True,Pvalb,Pvalb,True,Pvalb
606308411,13,P2S4_170803_053_A01,Pvalb Vipr2,59,#FF197F,Core,1.0,13,1.0,both,True,337416.0,Vipr2-IRES2-Cre;Slc32a1-T2A-FlpO;Ai65-337416,M,P56,VISam2/3,606308251.0,PS0830_E1-50_S85,BT038,CS180626100060,Pvalb Vipr2,both,True,True,True,Pvalb,Pvalb,True,Pvalb
611497391,14,P8S4_170821_351_A01,Vip Rspo4 Rxfp1 Chat,21,#AF00E6,I1,1.0,14,1.0,both,True,342915.0,Vip-IRES-Cre;Ai14-342915,M,P47,VISp2/3,611497338.0,PS0921_E1-50_S06,BT040,CS180626100022,Vip Rspo4 Rxfp1 Chat,both,True,True,True,Vip,Vip,True,Vip
612271508,15,P8S4_170823_352_A01,Vip Rspo4 Rxfp1 Chat,21,#AF00E6,Core,1.0,15,1.0,both,True,341889.0,Chat-IRES-Cre-neo;Ai14-341889,F,P54,VISp2/3,612271479.0,PS0921_E1-50_S12,BT040,CS180626100022,Vip Rspo4 Rxfp1 Chat,both,True,True,True,Vip,Vip,True,Vip
612893105,16,P8S4_170824_355_A01,Vip Rspo4 Rxfp1 Chat,21,#AF00E6,Core,1.0,16,1.0,both,True,341890.0,Chat-IRES-Cre-neo;Ai14-341890,F,P55,VISp2/3,612893090.0,PS0921_E1-50_S26,BT040,CS180626100022,Vip Rspo4 Rxfp1 Chat,both,True,True,True,Vip,Vip,True,Vip
613432876,17,P8S4_170825_356_A01,Vip Rspo4 Rxfp1 Chat,21,#AF00E6,Core,1.0,17,1.0,both,True,341891.0,Chat-IRES-Cre-neo;Ai14-341891,F,P56,VISp2/3,613432846.0,PS0921_E1-50_S33,BT040,CS180626100022,Vip Rspo4 Rxfp1 Chat,both,True,True,True,Vip,Vip,True,Vip
614728680,18,P2S4_170831_051_A01,Pvalb Reln Itm2a,56,#E67A77,Core,1.0,18,1.0,both,True,344090.0,Pvalb-IRES-Cre;Ai14-344090,F,P51,VISp5,614728579.0,PS0921_E1-50_S34,BT040,CS180626100058,Pvalb Reln Itm2a,both,True,True,True,Pvalb,Pvalb,True,Pvalb
623326230,19,P2S4_170911_051_A01,Sst Tac1 Tacr3,32,#B06411,I2,1.0,19,1.0,both,True,346778.0,Sst-IRES-Cre;Ai14-346778,M,P49,VISp2/3,623326214.0,SM-GE62S_S105_E1-50,RSC-122,CS180626100033,Sst Tac1 Tacr3,both,True,True,True,Sst,Sst,True,Sst
623326953,20,P2S4_170911_052_A01,Sst Calb2 Pdlim5,34,#CC6D3D,I1,1.0,20,1.0,both,True,346778.0,Sst-IRES-Cre;Ai14-346778,M,P49,VISp2/3,623326928.0,SM-GE62S_S106_E1-50,RSC-122,,,both,True,False,,Sst,,,Sst
623415197,21,P2S4_170912_051_A01,Pvalb Tpbg,58,#AF3F64,Core,1.0,21,1.0,both,True,346780.0,Sst-IRES-Cre;Ai14-346780,M,P50,VISp2/3,623415006.0,SM-GE62S_S110_E1-50,RSC-122,CS180626100059,Pvalb Tpbg,both,True,True,True,Pvalb,Pvalb,True,Pvalb
623434306,22,P2S4_170912_052_A01,Sst Calb2 Necab1,33,#BF480D,I3,1.0,22,1.0,both,True,346780.0,Sst-IRES-Cre;Ai14-346780,M,P50,VISp2/3,623434287.0,SM-GE62S_S111_E1-50,RSC-122,CS180626100032,Sst Tac1 Htr1d,both,True,True,False,Sst,Sst,True,Sst
623813235,23,P8S4_170913_351_A01,Sst Hpse Sema3c,41,#BF9F00,Core,1.0,23,1.0,both,True,346782.0,Sst-IRES-Cre;Ai14-346782,F,P51,VISp5,623813080.0,SM-GE62S_S113_E1-50,RSC-122,CS180626100042,Sst Hpse Sema3c,both,True,True,True,Sst,Sst,True,Sst
623891125,24,P8S4_170913_354_A01,Sst Calb2 Pdlim5,34,#CC6D3D,Core,1.0,24,1.0,both,True,346782.0,Sst-IRES-Cre;Ai14-346782,F,P51,VISp2/3,623891110.0,SM-GE62S_S116_E1-50,RSC-122,CS180626100035,Sst Calb2 Pdlim5,both,True,True,True,Sst,Sst,True,Sst
623945953,25,P8S4_170913_356_A01,Sst Calb2 Pdlim5,34,#CC6D3D,Core,1.0,25,1.0,both,True,346782.0,Sst-IRES-Cre;Ai14-346782,F,P51,VISp2/3,623945666.0,SM-GE62S_S118_E1-50,RSC-122,CS180626100035,Sst Calb2 Pdlim5,both,True,True,True,Sst,Sst,True,Sst
623989470,26,P8S4_170913_357_A01,Sst Rxfp1 Prdm8,48,#802600,Core,1.0,26,1.0,both,True,346782.0,Sst-IRES-Cre;Ai14-346782,F,P51,VISp6a,623989197.0,SM-GE62S_S119_E1-50,RSC-122,CS180626100049,Sst Rxfp1 Prdm8,both,True,True,True,Sst,Sst,True,Sst
626069976,27,P8S4_170914_351_A01,Sst Calb2 Pdlim5,34,#CC6D3D,Core,1.0,27,1.0,both,True,346783.0,Sst-IRES-Cre;Ai14-346783,F,P52,VISpm4,626069887.0,SM-GE62S_S123_E1-50,RSC-122,CS180626100035,Sst Calb2 Pdlim5,both,True,True,True,Sst,Sst,True,Sst
626082009,28,P8S4_170914_352_A01,Sst Rxfp1 Prdm8,48,#802600,Core,1.0,28,1.0,both,True,346783.0,Sst-IRES-Cre;Ai14-346783,F,P52,VISam5,626081013.0,SM-GE62S_S124_E1-50,RSC-122,CS180626100049,Sst Rxfp1 Prdm8,both,True,True,True,Sst,Sst,True,Sst
626153003,29,P8S4_170914_354_A01,Sst Hpse Cbln4,42,#806B19,I3,1.0,29,1.0,both,True,346783.0,Sst-IRES-Cre;Ai14-346783,F,P52,VISp5,626152964.0,SM-GE62S_S126_E1-50,RSC-122,CS180626100043,Sst Hpse Cbln4,both,True,True,True,Sst,Sst,True,Sst
627876797,30,P2S4_170915_051_A01,Sst Calb2 Pdlim5,34,#CC6D3D,I2,1.0,30,1.0,both,True,346784.0,Sst-IRES-Cre;Ai14-346784,F,P53,VISp2/3,627876610.0,SM-GE63V_S097_E1-50,RSC-123,CS180626100035,Sst Calb2 Pdlim5,both,True,True,True,Sst,Sst,True,Sst
627881581,31,P2S4_170915_052_A01,Sst Hpse Cbln4,42,#806B19,Core,1.0,31,1.0,both,True,346784.0,Sst-IRES-Cre;Ai14-346784,F,P53,VISp4,627881560.0,SM-GE63V_S098_E1-50,RSC-123,CS180626100043,Sst Hpse Cbln4,both,True,True,True,Sst,Sst,True,Sst
627883518,32,P2S4_170915_053_A01,Sst Hpse Sema3c,41,#BF9F00,Core,1.0,32,1.0,both,True,346784.0,Sst-IRES-Cre;Ai14-346784,F,P53,VISp5,627883502.0,SM-GE63V_S099_E1-50,RSC-123,CS180626100042,Sst Hpse Sema3c,both,True,True,True,Sst,Sst,True,Sst
636854912,33,P8S4_170918_357_A01,Sst Hpse Cbln4,42,#806B19,Core,1.0,33,1.0,both,True,346909.0,Sst-IRES-Cre;Ai14-346909,M,P57,VISp5,636854897.0,SM-GE63V_S131_E1-50,RSC-123,CS180626100043,Sst Hpse Cbln4,both,True,True,True,Sst,Sst,True,Sst
636856236,34,P8S4_170918_358_A01,Sst Hpse Cbln4,42,#806B19,Core,1.0,34,1.0,both,True,346909.0,Sst-IRES-Cre;Ai14-346909,M,P57,VISpm5,636856220.0,SM-GE63V_S132_E1-50,RSC-123,CS180626100043,Sst Hpse Cbln4,both,True,True,True,Sst,Sst,True,Sst
636946168,35,P8S4_170919_353_A01,Sst Rxfp1 Prdm8,48,#802600,Core,1.0,35,1.0,both,True,347064.0,Chrna2-Cre_OE25;Ai14-347064,F,P55,VISp6a,636946141.0,SM-GE63V_S146_E1-50,RSC-123,CS180626100049,Sst Rxfp1 Prdm8,both,True,True,True,Sst,Sst,True,Sst
637321656,36,P8S4_170920_351_A01,Vip Lmo1 Myl1,16,#9FAAFF,Core,1.0,36,1.0,both,True,348727.0,Vip-IRES-Cre;Ai14-348727,M,P48,VISp2/3,637321403.0,SM-GE63V_S161_E1-50,RSC-123,CS180626100020,Vip Lmo1 Myl1,both,True,True,True,Vip,Vip,True,Vip
637327988,37,P2S4_170920_051_A01,Vip Crispld2 Kcne4,27,#AD589A,Core,1.0,37,1.0,both,True,348727.0,Vip-IRES-Cre;Ai14-348727,M,P48,VISp2/3,637327686.0,SM-GE63V_S153_E1-50,RSC-123,CS180626100028,Vip Crispld2 Kcne4,both,True,True,True,Vip,Vip,True,Vip
637362685,38,P8S4_170920_353_A01,Sst Calb2 Pdlim5,34,#CC6D3D,I1,1.0,38,1.0,both,True,347157.0,Oxtr-T2A-Cre;Ai14-347157,F,P56,VISp2/3,637362669.0,SM-GE63V_S163_E1-50,RSC-123,CS180626100035,Sst Calb2 Pdlim5,both,True,True,True,Sst,Sst,True,Sst
637379909,39,P2S4_170920_054_A01,Sst Hpse Cbln4,42,#806B19,I3,1.0,39,1.0,both,True,347157.0,Oxtr-T2A-Cre;Ai14-347157,F,P56,VISpm5,637379889.0,SM-GE63V_S156_E1-50,RSC-123,CS180626100043,Sst Hpse Cbln4,both,True,True,True,Sst,Sst,True,Sst
637381329,40,P2S4_170920_056_A01,Lamp5 Lsp1,5,#FFA388,I1,1.0,40,1.0,both,True,347157.0,Oxtr-T2A-Cre;Ai14-347157,F,P56,VISp1,637381314.0,SM-GE63V_S158_E1-50,RSC-123,,,both,True,False,,Lamp5,,,Lamp5
637824948,41,P2S4_170921_051_A01,Vip Chat Htr1f,24,#FF4DC1,Core,1.0,41,1.0,both,True,349020.0,Htr3a-Cre_NO152;Ai14-349020,M,P47,VISp2/3,637824933.0,SM-GE63V_S181_E1-50,RSC-123,CS180626100025,Vip Chat Htr1f,both,True,True,True,Vip,Vip,True,Vip
637846989,42,P2S4_170921_052_A01,Lamp5 Lsp1,5,#FFA388,Core,1.0,42,1.0,both,True,349020.0,Htr3a-Cre_NO152;Ai14-349020,M,P47,VISp2/3,637846912.0,SM-GE63V_S182_E1-50,RSC-123,CS180626100006,Lamp5 Lsp1,both,True,True,True,Lamp5,Lamp5,True,Lamp5
637853303,43,P2S4_170921_053_A01,Vip Crispld2 Kcne4,27,#AD589A,Core,1.0,43,1.0,both,True,349020.0,Htr3a-Cre_NO152;Ai14-349020,M,P47,VISp2/3,637853288.0,SM-GE63V_S183_E1-50,RSC-123,CS180626100028,Vip Crispld2 Kcne4,both,True,True,True,Vip,Vip,True,Vip
637866154,44,PAS4_170921_451_A01,Lamp5 Lsp1,5,#FFA388,Core,1.0,44,1.0,both,True,349020.0,Htr3a-Cre_NO152;Ai14-349020,M,P47,VISp5,637866126.0,SM-GE63V_S192_E1-50,RSC-123,CS180626100006,Lamp5 Lsp1,both,True,True,True,Lamp5,Lamp5,True,Lamp5
637879731,45,P2S4_170921_054_A01,Vip Lect1 Oxtr,22,#FF00B3,I2,1.0,45,1.0,both,True,347843.0,Htr3a-Cre_NO152;Ai14-347843,M,P53,VISp2/3,637879633.0,SM-GE63V_S184_E1-50,RSC-123,CS180626100023,Vip Lect1 Oxtr,both,True,True,True,Vip,Vip,True,Vip
637886938,46,P2S4_170921_055_A01,Vip Igfbp6 Car10,13,#7779BF,Core,1.0,46,1.0,both,True,347843.0,Htr3a-Cre_NO152;Ai14-347843,M,P53,VISp2/3,637886883.0,SM-GE63V_S185_E1-50,RSC-123,CS180626100014,Vip Igfbp6 Car10,both,True,True,True,Vip,Vip,True,Vip
637919747,47,P9S4_170921_406_A01,Pvalb Reln Itm2a,56,#E67A77,Core,1.0,47,1.0,both,True,347579.0,Pvalb-IRES-Cre;Ai14-347579,F,P54,VISp4,637919731.0,SM-GE63O_S004_E1-50,RSC-124,CS180626100058,Pvalb Reln Itm2a,both,True,True,True,Pvalb,Pvalb,True,Pvalb
638176297,48,P2S4_170922_052_A01,Vip Igfbp4 Mab21l1,17,#533691,I1,1.0,48,1.0,both,True,348725.0,Vip-IRES-Cre;Ai14-348725,M,P50,VISp5,638176282.0,SM-GE63O_S006_E1-50,RSC-124,CS180626100016,Vip Igfbp4 Mab21l1,both,True,True,True,Vip,Vip,True,Vip
638205354,49,P2S4_170922_054_A01,Lamp5 Lsp1,5,#FFA388,Core,1.0,49,1.0,both,True,347159.0,Oxtr-T2A-Cre;Ai14-347159,F,P58,VISpm1,638205339.0,SM-GE63O_S008_E1-50,RSC-124,CS180626100006,Lamp5 Lsp1,both,True,True,True,Lamp5,Lamp5,True,Lamp5
638212024,50,P2S4_170922_055_A01,Lamp5 Ntn1 Npy2r,3,#DD6091,Core,1.0,50,1.0,both,True,347159.0,Oxtr-T2A-Cre;Ai14-347159,F,P58,VISp2/3,638212009.0,SM-GE63O_S009_E1-50,RSC-124,CS180626100004,Lamp5 Ntn1 Npy2r,both,True,True,True,Lamp5,Lamp5,True,Lamp5
638225388,51,P2S4_170922_056_A01,Lamp5 Lsp1,5,#FFA388,Core,1.0,51,1.0,both,True,347159.0,Oxtr-T2A-Cre;Ai14-347159,F,P58,VISp2/3,638225093.0,SM-GE63O_S010_E1-50,RSC-124,CS180626100006,Lamp5 Lsp1,both,True,True,True,Lamp5,Lamp5,True,Lamp5
638356222,52,P8S4_170925_355_A01,Pvalb Sema3e Kank4,54,#C94545,I1,1.0,52,1.0,both,True,349028.0,Pvalb-IRES-Cre;Ai14-349028,M,P51,VISp5,638356193.0,SM-GE63O_S031_E1-50,RSC-124,CS180626100055,Pvalb Sema3e Kank4,both,True,True,True,Pvalb,Pvalb,True,Pvalb
638356259,53,PAS4_170925_452_A01,Pvalb Reln Itm2a,56,#E67A77,Core,1.0,53,1.0,both,True,347203.0,Slc32a1-IRES-Cre;Ai14-347203,M,P60,VISp4,638356240.0,SM-GE63O_S036_E1-50,RSC-124,CS180626100058,Pvalb Reln Itm2a,both,True,True,True,Pvalb,Pvalb,True,Pvalb
638366507,54,P8S4_170925_358_A01,Vip Lect1 Oxtr,22,#FF00B3,I2,1.0,54,1.0,both,True,347203.0,Slc32a1-IRES-Cre;Ai14-347203,M,P60,VISp5,638366259.0,SM-GE63O_S034_E1-50,RSC-124,CS180626100023,Vip Lect1 Oxtr,both,True,True,True,Vip,Vip,True,Vip
638775149,55,P8S4_170926_351_A01,Vip Crispld2 Kcne4,27,#AD589A,Core,1.0,55,1.0,both,True,347204.0,Slc32a1-IRES-Cre;Ai14-347204,F,P61,VISpm2/3,638775123.0,SM-GE63O_S037_E1-50,RSC-124,CS180626100028,Vip Crispld2 Kcne4,both,True,True,True,Vip,Vip,True,Vip
638782470,56,PAS4_170926_451_A01,Pvalb Reln Itm2a,56,#E67A77,I2,1.0,56,1.0,both,True,347204.0,Slc32a1-IRES-Cre;Ai14-347204,F,P61,VISp5,638782455.0,SM-GE63O_S056_E1-50,RSC-124,CS180626100058,Pvalb Reln Itm2a,both,True,True,True,Pvalb,Pvalb,True,Pvalb
639002031,57,P8S4_170927_353_A01,Vip Igfbp4 Mab21l1,17,#533691,Core,1.0,57,1.0,both,True,351462.0,Vip-IRES-Cre;Ai14-351462,F,P43,VISp4,639002016.0,SM-GE63O_S065_E1-50,RSC-124,CS180626100016,Vip Igfbp4 Mab21l1,both,True,True,True,Vip,Vip,True,Vip
639004612,58,P8S4_170927_354_A01,Vip Igfbp4 Mab21l1,17,#533691,I2,1.0,58,1.0,both,True,351462.0,Vip-IRES-Cre;Ai14-351462,F,P43,VISpm2/3,639004554.0,SM-GE63O_S066_E1-50,RSC-124,CS180626100016,Vip Igfbp4 Mab21l1,both,True,True,True,Vip,Vip,True,Vip
639013022,59,P2S4_170927_051_A01,Vip Rspo1 Itga4,23,#B3128A,I1,1.0,59,1.0,both,True,351462.0,Vip-IRES-Cre;Ai14-351462,F,P43,VISp2/3,639012999.0,SM-GE63O_S060_E1-50,RSC-124,CS180626100024,Vip Rspo1 Itga4,both,True,True,True,Vip,Vip,True,Vip
639016154,60,P8S4_170927_356_A01,Vip Lmo1 Myl1,16,#9FAAFF,I1,1.0,60,1.0,both,True,347205.0,Slc32a1-IRES-Cre;Ai14-347205,F,P62,VISp4,639016139.0,SM-GE63O_S068_E1-50,RSC-124,CS180626100020,Vip Lmo1 Myl1,both,True,True,True,Vip,Vip,True,Vip
639018115,61,P2S4_170927_052_A01,Vip Lmo1 Myl1,16,#9FAAFF,I2,1.0,61,1.0,both,True,351462.0,Vip-IRES-Cre;Ai14-351462,F,P43,VISp5,639018100.0,SM-GE63O_S061_E1-50,RSC-124,CS180626100020,Vip Lmo1 Myl1,both,True,True,True,Vip,Vip,True,Vip
639018814,62,P8S4_170927_357_A01,Lamp5 Lsp1,5,#FFA388,Core,1.0,62,1.0,both,True,347205.0,Slc32a1-IRES-Cre;Ai14-347205,F,P62,VISp5,639018799.0,SM-GE63O_S069_E1-50,RSC-124,CS180626100006,Lamp5 Lsp1,both,True,True,True,Lamp5,Lamp5,True,Lamp5
639210975,63,P2S4_170928_051_A01,Vip Igfbp4 Mab21l1,17,#533691,I1,1.0,63,1.0,both,True,348997.0,Slc32a1-IRES-Cre;Ai14-348997,M,P54,VISp2/3,639210886.0,SM-GE63H_S098_E1-50,RSC-125,CS180626100016,Vip Igfbp4 Mab21l1,both,True,True,True,Vip,Vip,True,Vip
639216491,64,P2S4_170928_052_A01,Vip Chat Htr1f,24,#FF4DC1,Core,1.0,64,1.0,both,True,348997.0,Slc32a1-IRES-Cre;Ai14-348997,M,P54,VISp2/3,639216476.0,SM-GE63H_S099_E1-50,RSC-125,CS180626100025,Vip Chat Htr1f,both,True,True,True,Vip,Vip,True,Vip
639216521,65,P8S4_170928_352_A01,Lamp5 Lsp1,5,#FFA388,Core,1.0,65,1.0,both,True,348997.0,Slc32a1-IRES-Cre;Ai14-348997,M,P54,VISpm1,639216506.0,SM-GE63H_S102_E1-50,RSC-125,CS180626100006,Lamp5 Lsp1,both,True,True,True,Lamp5,Lamp5,True,Lamp5
639226535,66,P2S4_170928_053_A01,Vip Crispld2 Kcne4,27,#AD589A,Core,1.0,66,1.0,both,True,348997.0,Slc32a1-IRES-Cre;Ai14-348997,M,P54,VISp2/3,639226360.0,SM-GE63H_S100_E1-50,RSC-125,CS180626100028,Vip Crispld2 Kcne4,both,True,True,True,Vip,Vip,True,Vip
639380048,67,P8S4_170929_354_A01,Vip Pygm C1ql1,25,#BD3D9A,Core,1.0,67,1.0,both,True,351458.0,Vip-IRES-Cre;Ai14-351458,M,P45,VISpm2/3,639380033.0,SM-GE63H_S126_E1-50,RSC-125,CS180626100026,Vip Pygm C1ql1,both,True,True,True,Vip,Vip,True,Vip
639389307,68,P8S4_170929_355_A01,Vip Crispld2 Htr2c,26,#882E81,Core,1.0,68,1.0,both,True,351458.0,Vip-IRES-Cre;Ai14-351458,M,P45,VISam2/3,639389033.0,SM-GE63H_S127_E1-50,RSC-125,CS180626100027,Vip Crispld2 Htr2c,both,True,True,True,Vip,Vip,True,Vip
639390023,69,PAS4_170929_453_A01,Vip Ptprt Pkp2,20,#FF00FF,Core,1.0,69,1.0,both,True,351458.0,Vip-IRES-Cre;Ai14-351458,M,P45,VISp5,639389976.0,SM-GE63H_S132_E1-50,RSC-125,CS180626100021,Vip Ptprt Pkp2,both,True,True,True,Vip,Vip,True,Vip
639395418,70,P2S4_170929_054_A01,Vip Ptprt Pkp2,20,#FF00FF,Core,1.0,70,1.0,both,True,351458.0,Vip-IRES-Cre;Ai14-351458,M,P45,VISp2/3,639395403.0,SM-GE63H_S121_E1-50,RSC-125,CS180626100021,Vip Ptprt Pkp2,both,True,True,True,Vip,Vip,True,Vip
639674270,71,P8S4_171002_354_A01,Vip Lmo1 Fam159b,15,#756FB3,Core,1.0,71,1.0,both,True,351067.0,Chrna2-Cre_OE25;Ai14-351067,M,P46,VISp5,639674215.0,SM-GE63H_S142_E1-50,RSC-125,CS180626100019,Vip Lmo1 Fam159b,both,True,True,True,Vip,Vip,True,Vip
639689311,72,P8S4_171002_355_A01,Sst Rxfp1 Eya1,47,#994C00,I2,1.0,72,1.0,both,True,351067.0,Chrna2-Cre_OE25;Ai14-351067,M,P46,VISpm6a,639688773.0,SM-GE63H_S143_E1-50,RSC-125,CS180626100048,Sst Rxfp1 Eya1,both,True,True,True,Sst,Sst,True,Sst
639689999,73,P9S4_171002_402_A01,Lamp5 Lsp1,5,#FFA388,Core,1.0,73,1.0,both,True,350672.0,Gad2-IRES-Cre;Ai14-350672,F,P49,VISl2/3,639689600.0,SM-GE63H_S147_E1-50,RSC-125,CS180626100006,Lamp5 Lsp1,both,True,True,True,Lamp5,Lamp5,True,Lamp5
639701690,74,P2S4_171002_054_A01,Pvalb Gpr149 Islr,55,#E62A5D,Core,1.0,74,1.0,both,True,351067.0,Chrna2-Cre_OE25;Ai14-351067,M,P46,VISp5,639701642.0,SM-GE63H_S136_E1-50,RSC-125,CS180626100056,Pvalb Gpr149 Islr,both,True,True,True,Pvalb,Pvalb,True,Pvalb
639708328,75,P8S4_171002_356_A01,Sst Esm1,45,#C11331,Core,1.0,75,1.0,both,True,351067.0,Chrna2-Cre_OE25;Ai14-351067,M,P46,VISp5,639708214.0,SM-GE63H_S144_E1-50,RSC-125,CS180626100046,Sst Esm1,both,True,True,True,Sst,Sst,True,Sst
639796648,76,P9S4_171003_401_A01,Lamp5 Lsp1,5,#FFA388,Core,1.0,76,1.0,both,True,350674.0,Gad2-IRES-Cre;Ai14-350674,F,P50,VISli2/3,639796633.0,SM-GE63H_S169_E1-50,RSC-125,CS180626100006,Lamp5 Lsp1,both,True,True,True,Lamp5,Lamp5,True,Lamp5
639797308,77,P8S4_171003_351_A01,Pvalb Tpbg,58,#AF3F64,Core,1.0,77,1.0,both,True,350674.0,Gad2-IRES-Cre;Ai14-350674,F,P50,VISp2/3,639797293.0,SM-GE63H_S165_E1-50,RSC-125,CS180626100059,Pvalb Tpbg,both,True,True,True,Pvalb,Pvalb,True,Pvalb
639808649,78,PAS4_171003_451_A01,Sncg Vip Itih5,10,#6C00BF,I2,1.0,78,1.0,both,True,350674.0,Gad2-IRES-Cre;Ai14-350674,F,P50,VISp5,639808631.0,SM-GE63H_S175_E1-50,RSC-125,CS180626100029,Vip Col15a1 Pde1a,both,True,True,False,Sncg,Vip,False,Sncg
639809582,79,P9S4_171003_404_A01,Sst Tac2 Myh4,40,#D9C566,I3,1.0,79,1.0,both,True,351070.0,Chrna2-Cre_OE25;Ai14-351070,F,P47,VISp6a,639809452.0,SM-GE63H_S172_E1-50,RSC-125,CS180626100041,Sst Tac2 Myh4,both,True,True,True,Sst,Sst,True,Sst
639824809,80,P2S4_171003_051_A01,Vip Ptprt Pkp2,20,#FF00FF,Core,1.0,80,1.0,both,True,350674.0,Gad2-IRES-Cre;Ai14-350674,F,P50,VISp2/3,639824794.0,SM-GE63H_S153_E1-50,RSC-125,CS180626100021,Vip Ptprt Pkp2,both,True,True,True,Vip,Vip,True,Vip
639841063,81,P2S4_171003_053_A01,Sst Hpse Cbln4,42,#806B19,Core,1.0,81,1.0,both,True,350674.0,Gad2-IRES-Cre;Ai14-350674,F,P50,VISp4,639841046.0,SM-GE63H_S155_E1-50,RSC-125,CS180626100043,Sst Hpse Cbln4,both,True,True,True,Sst,Sst,True,Sst
639850374,82,P2S4_171003_054_A01,Pvalb Tpbg,58,#AF3F64,I1,1.0,82,1.0,both,True,350674.0,Gad2-IRES-Cre;Ai14-350674,F,P50,VISl5,639850359.0,SM-GE63H_S156_E1-50,RSC-125,CS180626100059,Pvalb Tpbg,both,True,True,True,Pvalb,Pvalb,True,Pvalb
639860893,83,P9S4_171003_408_A01,Vip Crispld2 Kcne4,27,#AD589A,I2,1.0,83,1.0,both,True,351470.0,Oxtr-T2A-Cre;Ai14-351470,M,P47,VISp5,639860852.0,SM-GE65C_S101_E1-50,RSC-126,CS180626100028,Vip Crispld2 Kcne4,both,True,True,True,Vip,Vip,True,Vip
639862877,84,P2S4_171003_055_A01,Sst Hpse Cbln4,42,#806B19,Core,1.0,84,1.0,both,True,351470.0,Oxtr-T2A-Cre;Ai14-351470,M,P47,VISp5,639862860.0,SM-GE63H_S157_E1-50,RSC-125,CS180626100043,Sst Hpse Cbln4,both,True,True,True,Sst,Sst,True,Sst
639881631,85,P2S4_171003_057_A01,Sst Myh8 Etv1 ,36,#D6C300,Core,1.0,85,1.0,both,True,351470.0,Oxtr-T2A-Cre;Ai14-351470,M,P47,VISp5,639881616.0,SM-GE63H_S159_E1-50,RSC-125,CS180626100037,Sst Myh8 Etv1 ,both,True,True,True,Sst,Sst,True,Sst
639881942,86,PAS4_171003_452_A01,Pvalb Tpbg,58,#AF3F64,Core,1.0,86,1.0,both,True,351470.0,Oxtr-T2A-Cre;Ai14-351470,M,P47,VISli2/3,639881927.0,SM-GE63H_S176_E1-50,RSC-125,CS180626100059,Pvalb Tpbg,both,True,True,True,Pvalb,Pvalb,True,Pvalb
639893239,87,P8S4_171003_357_A01,Sst Crhr2 Efemp1,43,#B95541,I2,1.0,87,1.0,both,True,351470.0,Oxtr-T2A-Cre;Ai14-351470,M,P47,VISp6a,639893224.0,SM-GE63H_S168_E1-50,RSC-125,CS180626100031,Sst Mme Fam114a1,both,True,True,False,Sst,Sst,True,Sst
639962984,88,P9S4_171004_401_A01,Sst Tac1 Htr1d,31,#804811,Core,1.0,88,1.0,both,True,351471.0,Oxtr-T2A-Cre;Ai14-351471,M,P48,VISp2/3,639962969.0,SM-GE65C_S113_E1-50,RSC-126,CS180626100032,Sst Tac1 Htr1d,both,True,True,True,Sst,Sst,True,Sst
639965232,89,P2S4_171004_051_A01,Pvalb Reln Itm2a,56,#E67A77,Core,1.0,89,1.0,both,True,351471.0,Oxtr-T2A-Cre;Ai14-351471,M,P48,VISp4,639965190.0,SM-GE63H_S183_E1-50,RSC-125,CS180626100058,Pvalb Reln Itm2a,both,True,True,True,Pvalb,Pvalb,True,Pvalb
639979263,90,P2S4_171004_052_A01,Sst Hpse Cbln4,42,#806B19,Core,1.0,90,1.0,both,True,351471.0,Oxtr-T2A-Cre;Ai14-351471,M,P48,VISp2/3,639979012.0,SM-GE65C_S106_E1-50,RSC-126,CS180626100043,Sst Hpse Cbln4,both,True,True,True,Sst,Sst,True,Sst
640006232,91,PAS4_171004_451_A01,Pvalb Tpbg,58,#AF3F64,I1,1.0,91,1.0,both,True,351471.0,Oxtr-T2A-Cre;Ai14-351471,M,P48,VISl2/3,640006181.0,SM-GE65C_S124_E1-50,RSC-126,CS180626100059,Pvalb Tpbg,both,True,True,True,Pvalb,Pvalb,True,Pvalb
640061596,92,PAS4_171004_452_A01,Sst Chodl,29,#FFFF00,Core,1.0,92,1.0,both,True,350938.0,Nos1-CreERT2;Sst-IRES-FlpO;Ai65-350938,F,P49,VISp5,640061581.0,SM-GE65C_S125_E1-50,RSC-126,CS180626100030,Sst Chodl,both,True,True,True,Sst,Sst,True,Sst
640106803,93,P9S4_171004_409_A01,Lamp5 Lsp1,5,#FFA388,Core,1.0,93,1.0,both,True,350675.0,Gad2-IRES-Cre;Ai14-350675,F,P51,VISp2/3,640106787.0,SM-GE65C_S121_E1-50,RSC-126,CS180626100006,Lamp5 Lsp1,both,True,True,True,Lamp5,Lamp5,True,Lamp5
640109830,94,P8S4_171004_357_A01,Vip Ptprt Pkp2,20,#FF00FF,Core,1.0,94,1.0,both,True,350675.0,Gad2-IRES-Cre;Ai14-350675,F,P51,VISp2/3,640109794.0,SM-GE63H_S190_E1-50,RSC-125,CS180626100021,Vip Ptprt Pkp2,both,True,True,True,Vip,Vip,True,Vip
640111844,95,P8S4_171004_358_A01,Sst Crhr2 Efemp1,43,#B95541,I2,1.0,95,1.0,both,True,350675.0,Gad2-IRES-Cre;Ai14-350675,F,P51,VISp6a,640111829.0,SM-GE63H_S191_E1-50,RSC-125,CS180626100045,Sst Crh 4930553C11Rik ,both,True,True,False,Sst,Sst,True,Sst
640263789,96,P9S4_171005_401_A01,Vip Pygm C1ql1,25,#BD3D9A,Core,1.0,96,1.0,both,True,350676.0,Gad2-IRES-Cre;Ai14-350676,F,P52,VISp2/3,640263774.0,SM-GE65C_S139_E1-50,RSC-126,CS180626100026,Vip Pygm C1ql1,both,True,True,True,Vip,Vip,True,Vip
640280740,97,P8S4_171005_352_A01,Vip Lect1 Oxtr,22,#FF00B3,Core,1.0,97,1.0,both,True,350676.0,Gad2-IRES-Cre;Ai14-350676,F,P52,VISp2/3,640280725.0,SM-GE65C_S137_E1-50,RSC-126,CS180626100023,Vip Lect1 Oxtr,both,True,True,True,Vip,Vip,True,Vip
640287067,98,P8S4_171005_353_A01,Sst Rxfp1 Eya1,47,#994C00,I2,1.0,98,1.0,both,True,350676.0,Gad2-IRES-Cre;Ai14-350676,F,P52,VISp5,640287004.0,SM-GE65C_S138_E1-50,RSC-126,CS180626100048,Sst Rxfp1 Eya1,both,True,True,True,Sst,Sst,True,Sst
640311818,99,P2S4_171005_053_A01,Lamp5 Lsp1,5,#FFA388,Core,1.0,99,1.0,both,True,351472.0,Oxtr-T2A-Cre;Ai14-351472,F,P49,VISp2/3,640311793.0,SM-GE65C_S133_E1-50,RSC-126,CS180626100006,Lamp5 Lsp1,both,True,True,True,Lamp5,Lamp5,True,Lamp5
640315859,100,P2S4_171005_054_A01,Sst Hpse Cbln4,42,#806B19,I1,1.0,100,1.0,both,True,351472.0,Oxtr-T2A-Cre;Ai14-351472,F,P49,VISp5,640315794.0,SM-GE65C_S134_E1-50,RSC-126,CS180626100043,Sst Hpse Cbln4,both,True,True,True,Sst,Sst,True,Sst
640317055,101,P2S4_171005_055_A01,Sst Nr2f2 Necab1,35,#FFDF11,Core,1.0,101,1.0,both,True,351472.0,Oxtr-T2A-Cre;Ai14-351472,F,P49,VISp5,640317026.0,SM-GE65C_S135_E1-50,RSC-126,CS180626100036,Sst Nr2f2 Necab1,both,True,True,True,Sst,Sst,True,Sst
640319052,102,P9S4_171005_404_A01,Lamp5 Plch2 Dock5,4,#FF7290,Core,1.0,102,1.0,both,True,351472.0,Oxtr-T2A-Cre;Ai14-351472,F,P49,VISp1,640318956.0,SM-GE65C_S142_E1-50,RSC-126,CS180626100005,Lamp5 Plch2 Dock5,both,True,True,True,Lamp5,Lamp5,True,Lamp5
642110310,103,PBS4_171006_502_A01,Lamp5 Lsp1,5,#FFA388,Core,1.0,103,1.0,both,True,351473.0,Oxtr-T2A-Cre;Ai14-351473,F,P50,VISp5,642110295.0,SM-GE65C_S172_E1-50,RSC-126,CS180626100006,Lamp5 Lsp1,both,True,True,True,Lamp5,Lamp5,True,Lamp5
642124659,104,PAS4_171006_452_A01,Lamp5 Lsp1,5,#FFA388,Core,1.0,104,1.0,both,True,351473.0,Oxtr-T2A-Cre;Ai14-351473,F,P50,VISp2/3,642124629.0,SM-GE65C_S169_E1-50,RSC-126,CS180626100006,Lamp5 Lsp1,both,True,True,True,Lamp5,Lamp5,True,Lamp5
642166983,105,PBS4_171006_503_A01,Sst Calb2 Pdlim5,34,#CC6D3D,I1,1.0,105,1.0,both,True,351473.0,Oxtr-T2A-Cre;Ai14-351473,F,P50,VISp5,642166968.0,SM-GE65C_S173_E1-50,RSC-126,CS180626100035,Sst Calb2 Pdlim5,both,True,True,True,Sst,Sst,True,Sst
642258974,106,P8S4_171006_358_A01,Sst Rxfp1 Prdm8,48,#802600,Core,1.0,106,1.0,both,True,351990.0,Gad2-IRES-Cre;Ai14-351990,F,P46,VISpm5,642258959.0,SM-GE65C_S158_E1-50,RSC-126,CS180626100049,Sst Rxfp1 Prdm8,both,True,True,True,Sst,Sst,True,Sst
642265873,107,PBS4_171006_507_A01,Pvalb Sema3e Kank4,54,#C94545,I1,1.0,107,1.0,both,True,351990.0,Gad2-IRES-Cre;Ai14-351990,F,P46,VISp6a,642265853.0,SM-GE65C_S177_E1-50,RSC-126,CS180626100055,Pvalb Sema3e Kank4,both,True,True,True,Pvalb,Pvalb,True,Pvalb
642442513,108,PBS4_171009_502_A01,Lamp5 Lsp1,5,#FFA388,I2,1.0,108,1.0,both,True,353735.0,Ndnf-IRES2-dgCre;Ai14-353735,M,P39,VISp1,642442471.0,SM-GE65C_S188_E1-50,RSC-126,CS180626100005,Lamp5 Plch2 Dock5,both,True,True,False,Lamp5,Lamp5,True,Lamp5
642478957,109,P8S4_171009_353_A01,Sst Hpse Cbln4,42,#806B19,Core,1.0,109,1.0,both,True,352686.0,Gad2-IRES-Cre;Ai14-352686,M,P45,VISp5,642478942.0,SM-GE652_S137_E1-50,RSC-127,CS180626100043,Sst Hpse Cbln4,both,True,True,True,Sst,Sst,True,Sst
642494910,110,PAS4_171009_452_A01,Vip Ptprt Pkp2,20,#FF00FF,I1,1.0,110,1.0,both,True,352686.0,Gad2-IRES-Cre;Ai14-352686,M,P45,VISp4,642494701.0,SM-GE65C_S185_E1-50,RSC-126,CS180626100021,Vip Ptprt Pkp2,both,True,True,True,Vip,Vip,True,Vip
642496703,111,PBS4_171009_503_A01,Lamp5 Plch2 Dock5,4,#FF7290,I2,1.0,111,1.0,both,True,352686.0,Gad2-IRES-Cre;Ai14-352686,M,P45,VISp1,642496688.0,SM-GE65C_S189_E1-50,RSC-126,CS180626100005,Lamp5 Plch2 Dock5,both,True,True,True,Lamp5,Lamp5,True,Lamp5
642532676,112,P2S4_171009_053_A01,Lamp5 Lsp1,5,#FFA388,Core,1.0,112,1.0,both,True,352686.0,Gad2-IRES-Cre;Ai14-352686,M,P45,VISl5,642532579.0,SM-GE652_S131_E1-50,RSC-127,CS180626100006,Lamp5 Lsp1,both,True,True,True,Lamp5,Lamp5,True,Lamp5
642557052,113,PAS4_171009_453_A01,Vip Pygm C1ql1,25,#BD3D9A,I1,1.0,113,1.0,both,True,354376.0,Vip-IRES-Cre;Ai14-354376,M,P35,VISp2/3,642557037.0,SM-GE65C_S186_E1-50,RSC-126,CS180626100026,Vip Pygm C1ql1,both,True,True,True,Vip,Vip,True,Vip
642568816,114,PBS4_171009_506_A01,Vip Ptprt Pkp2,20,#FF00FF,Core,1.0,114,1.0,both,True,354376.0,Vip-IRES-Cre;Ai14-354376,M,P35,VISp2/3,642568741.0,SM-GE65C_S192_E1-50,RSC-126,CS180626100021,Vip Ptprt Pkp2,both,True,True,True,Vip,Vip,True,Vip
642569032,115,P2S4_171009_054_A01,Vip Lmo1 Myl1,16,#9FAAFF,Core,1.0,115,1.0,both,True,354376.0,Vip-IRES-Cre;Ai14-354376,M,P35,VISp2/3,642569011.0,SM-GE652_S132_E1-50,RSC-127,CS180626100020,Vip Lmo1 Myl1,both,True,True,True,Vip,Vip,True,Vip
642791355,116,PBS4_171010_502_A01,Vip Lmo1 Myl1,16,#9FAAFF,Core,1.0,116,1.0,both,True,354378.0,Vip-IRES-Cre;Ai14-354378,M,P36,VISp2/3,642791340.0,SM-GE652_S162_E1-50,RSC-127,CS180626100020,Vip Lmo1 Myl1,both,True,True,True,Vip,Vip,True,Vip
642817252,117,P2S4_171010_054_A01,Vip Lect1 Oxtr,22,#FF00B3,Core,1.0,117,1.0,both,True,354378.0,Vip-IRES-Cre;Ai14-354378,M,P36,VISp2/3,642817231.0,SM-GE652_S141_E1-50,RSC-127,CS180626100023,Vip Lect1 Oxtr,both,True,True,True,Vip,Vip,True,Vip
642827810,118,P8S4_171010_355_A01,Lamp5 Lsp1,5,#FFA388,Core,1.0,118,1.0,both,True,352688.0,Gad2-IRES-Cre;Ai14-352688,M,P46,VISp6a,642827744.0,SM-GE652_S152_E1-50,RSC-127,CS180626100006,Lamp5 Lsp1,both,True,True,True,Lamp5,Lamp5,True,Lamp5
642833509,119,P8S4_171010_357_A01,Lamp5 Lsp1,5,#FFA388,I2,1.0,119,1.0,both,True,353737.0,Ndnf-IRES2-dgCre;Ai14-353737,M,P40,VISp1,642833493.0,SM-GE652_S154_E1-50,RSC-127,CS180626100005,Lamp5 Plch2 Dock5,both,True,True,False,Lamp5,Lamp5,True,Lamp5
642842839,120,PBS4_171010_504_A01,Lamp5 Plch2 Dock5,4,#FF7290,I1,1.0,120,1.0,both,True,353737.0,Ndnf-IRES2-dgCre;Ai14-353737,M,P40,VISp2/3,642842794.0,SM-GE652_S164_E1-50,RSC-127,CS180626100005,Lamp5 Plch2 Dock5,both,True,True,True,Lamp5,Lamp5,True,Lamp5
642851911,121,PBS4_171010_505_A01,Lamp5 Plch2 Dock5,4,#FF7290,I2,1.0,121,1.0,both,True,353737.0,Ndnf-IRES2-dgCre;Ai14-353737,M,P40,VISp1,642851896.0,SM-GE652_S165_E1-50,RSC-127,CS180626100005,Lamp5 Plch2 Dock5,both,True,True,True,Lamp5,Lamp5,True,Lamp5
643004718,122,P8S4_171011_355_A01,Vip Crispld2 Kcne4,27,#AD589A,Core,1.0,122,1.0,both,True,355068.0,Vip-IRES-Cre;Ai14-355068,F,P36,VISp2/3,643004703.0,SM-GE652_S183_E1-50,RSC-127,CS180626100028,Vip Crispld2 Kcne4,both,True,True,True,Vip,Vip,True,Vip
643143322,123,PBS4_171012_501_A01,Vip Crispld2 Htr2c,26,#882E81,I2,1.0,123,1.0,both,True,355066.0,Vip-IRES-Cre;Ai14-355066,M,P37,VISli4,643143267.0,SM-GE64T_S101_E1-50,RSC-128,CS180626100028,Vip Crispld2 Kcne4,both,True,True,False,Vip,Vip,True,Vip
643190956,124,PAS4_171012_451_A01,Lamp5 Lsp1,5,#FFA388,I2,1.0,124,1.0,both,True,353740.0,Ndnf-IRES2-dgCre;Ai14-353740,F,P42,VISal1,643190923.0,SM-GE64T_S100_E1-50,RSC-128,CS180626100006,Lamp5 Lsp1,both,True,True,True,Lamp5,Lamp5,True,Lamp5
643251590,125,PBS4_171013_503_A01,Lamp5 Lsp1,5,#FFA388,Core,1.0,125,1.0,both,True,352690.0,Gad2-IRES-Cre;Ai14-352690,F,P49,VISpor2/3,643251575.0,SM-GE64T_S114_E1-50,RSC-128,CS180626100006,Lamp5 Lsp1,both,True,True,True,Lamp5,Lamp5,True,Lamp5
643479119,126,P8S4_171016_352_A01,Sst Hpse Cbln4,42,#806B19,Core,1.0,126,1.0,both,True,353427.0,Pdyn-T2A-CreERT2;Ai14-353427,M,P47,VISp4,643479104.0,SM-GE64T_S124_E1-50,RSC-128,CS180626100043,Sst Hpse Cbln4,both,True,True,True,Sst,Sst,True,Sst
643479544,127,PBS4_171016_501_A01,Sst Hpse Cbln4,42,#806B19,Core,1.0,127,1.0,both,True,353427.0,Pdyn-T2A-CreERT2;Ai14-353427,M,P47,VISp4,643479506.0,SM-GE64T_S140_E1-50,RSC-128,CS180626100043,Sst Hpse Cbln4,both,True,True,True,Sst,Sst,True,Sst
643501610,128,P9S4_171016_403_A01,Lamp5 Lsp1,5,#FFA388,Core,1.0,128,1.0,both,True,355016.0,Chrna2-Cre_OE25;Ai14-355016,M,P39,VISpm2/3,643501595.0,SM-GE64T_S131_E1-50,RSC-128,CS180626100006,Lamp5 Lsp1,both,True,True,True,Lamp5,Lamp5,True,Lamp5
643511562,129,P8S4_171016_355_A01,Sst Chrna2 Glra3,37,#FF9F2C,I2,1.0,129,1.0,both,True,355016.0,Chrna2-Cre_OE25;Ai14-355016,M,P39,VISl6a,643511541.0,SM-GE64T_S127_E1-50,RSC-128,CS180626100038,Sst Myh8 Fibin,both,True,True,False,Sst,Sst,True,Sst
643518188,130,P8S4_171016_356_A01,Pvalb Sema3e Kank4,54,#C94545,I2,1.0,130,1.0,both,True,355016.0,Chrna2-Cre_OE25;Ai14-355016,M,P39,VISpm6a,643518173.0,SM-GE64T_S128_E1-50,RSC-128,CS180626100055,Pvalb Sema3e Kank4,both,True,True,True,Pvalb,Pvalb,True,Pvalb
643536919,131,PBS4_171016_504_A01,Sncg Vip Nptx2,8,#9900B3,Core,1.0,131,1.0,both,True,355016.0,Chrna2-Cre_OE25;Ai14-355016,M,P39,VISpm5,643536904.0,SM-GE64T_S143_E1-50,RSC-128,CS180626100009,Sncg Vip Nptx2,both,True,True,True,Sncg,Sncg,True,Sncg
643648707,132,P8S4_171017_355_A01,Sst Hpse Sema3c,41,#BF9F00,Core,1.0,132,1.0,both,True,353887.0,Pdyn-T2A-CreERT2;Ai14-353887,M,P46,VISp5,643648694.0,SM-GE64V_S106_E1-50,RSC-128,CS180626100042,Sst Hpse Sema3c,both,True,True,True,Sst,Sst,True,Sst
643649645,133,P8S4_171017_356_A01,Sst Hpse Cbln4,42,#806B19,Core,1.0,133,1.0,both,True,353887.0,Pdyn-T2A-CreERT2;Ai14-353887,M,P46,VISp5,643649630.0,SM-GE64V_S107_E1-50,RSC-128,CS180626100043,Sst Hpse Cbln4,both,True,True,True,Sst,Sst,True,Sst
643697447,134,P8S4_171018_351_A01,Sst Tac2 Tacstd2,46,#BF8219,I1,1.0,134,1.0,both,True,353430.0,Pdyn-T2A-CreERT2;Ai14-353430,M,P49,VISp5,643697248.0,SM-GE64V_S116_E1-50,RSC-128,CS180626100047,Sst Tac2 Tacstd2,both,True,True,True,Sst,Sst,True,Sst
643722391,135,P8S4_171018_353_A01,Sst Chodl,29,#FFFF00,Core,1.0,135,1.0,both,True,353543.0,Nos1-CreERT2;Sst-IRES-FlpO;Ai65-353543,F,P49,VISl6a,643722371.0,SM-GE64V_S118_E1-50,RSC-128,CS180626100030,Sst Chodl,both,True,True,True,Sst,Sst,True,Sst
643727497,136,P8S4_171018_354_A01,Sst Chodl,29,#FFFF00,Core,1.0,136,1.0,both,True,353543.0,Nos1-CreERT2;Sst-IRES-FlpO;Ai65-353543,F,P49,VISp6a,643727482.0,SM-GE64V_S119_E1-50,RSC-128,CS180626100030,Sst Chodl,both,True,True,True,Sst,Sst,True,Sst
643727534,137,PAS4_171018_451_A01,Sst Chodl,29,#FFFF00,Core,1.0,137,1.0,both,True,353543.0,Nos1-CreERT2;Sst-IRES-FlpO;Ai65-353543,F,P49,VISp5,643727518.0,SM-GE64L_S003_E1-50,RSC-129,CS180626100030,Sst Chodl,both,True,True,True,Sst,Sst,True,Sst
643754730,138,PAS4_171018_452_A01,Sst Chodl,29,#FFFF00,Core,1.0,138,1.0,both,True,353543.0,Nos1-CreERT2;Sst-IRES-FlpO;Ai65-353543,F,P49,VISp5,643754668.0,SM-GE64L_S004_E1-50,RSC-129,CS180626100030,Sst Chodl,both,True,True,True,Sst,Sst,True,Sst
643785167,139,P8S4_171018_355_A01,Sst Chodl,29,#FFFF00,Core,1.0,139,1.0,both,True,353543.0,Nos1-CreERT2;Sst-IRES-FlpO;Ai65-353543,F,P49,VISli5,643785113.0,SM-GE64V_S120_E1-50,RSC-128,CS180626100030,Sst Chodl,both,True,True,True,Sst,Sst,True,Sst
643822811,140,P2S4_171018_053_A01,Sst Tac2 Tacstd2,46,#BF8219,I2,1.0,140,1.0,both,True,355475.0,Chrna2-Cre_OE25;Ai14-355475,M,P39,VISp5,643822780.0,SM-GE64V_S110_E1-50,RSC-128,CS180626100047,Sst Tac2 Tacstd2,both,True,True,True,Sst,Sst,True,Sst
643915906,141,P2S4_171018_057_A01,Sst Rxfp1 Prdm8,48,#802600,I1,1.0,141,1.0,both,True,355060.0,Nr5a1-Cre;Ai14-355060,F,P42,VISp4,643915866.0,SM-GE64V_S114_E1-50,RSC-128,CS180626100049,Sst Rxfp1 Prdm8,both,True,True,True,Sst,Sst,True,Sst
644134947,142,P8S4_171019_351_A01,Sst Hpse Cbln4,42,#806B19,Core,1.0,142,1.0,both,True,353884.0,Pdyn-T2A-CreERT2;Ai14-353884,M,P48,VISp4,644134828.0,SM-GE64L_S008_E1-50,RSC-129,CS180626100043,Sst Hpse Cbln4,both,True,True,True,Sst,Sst,True,Sst
644197464,143,PAS4_171019_451_A01,Sst Chodl,29,#FFFF00,Core,1.0,143,1.0,both,True,353653.0,Nos1-CreERT2;Sst-IRES-FlpO;Ai65-353653,F,P50,VISp6a,644197431.0,SM-GE64L_S010_E1-50,RSC-129,CS180626100030,Sst Chodl,both,True,True,True,Sst,Sst,True,Sst
644256576,144,PAS4_171019_452_A01,Sst Nr2f2 Necab1,35,#FFDF11,Core,1.0,144,1.0,both,True,355476.0,Chrna2-Cre_OE25;Ai14-355476,F,P40,VISal6a,644256556.0,SM-GE64L_S011_E1-50,RSC-129,CS180626100036,Sst Nr2f2 Necab1,both,True,True,True,Sst,Sst,True,Sst
644571405,145,P8S4_171020_355_A01,Pvalb Th Sst,51,#FF2F7E,Core,1.0,145,1.0,both,True,355477.0,Chrna2-Cre_OE25;Ai14-355477,F,P41,VISp6a,644571374.0,SM-GE64L_S016_E1-50,RSC-129,CS180626100052,Pvalb Th Sst,both,True,True,True,Pvalb,Pvalb,True,Pvalb
644584749,146,P8S4_171020_357_A01,Vip Ptprt Pkp2,20,#FF00FF,I1,1.0,146,1.0,both,True,355478.0,Chrna2-Cre_OE25;Ai14-355478,F,P41,VISp2/3,644584663.0,SM-GE64L_S018_E1-50,RSC-129,CS180626100021,Vip Ptprt Pkp2,both,True,True,True,Vip,Vip,True,Vip
644594173,147,P8S4_171020_358_A01,Sst Myh8 Fibin,38,#FF8011,I1,1.0,147,1.0,both,True,355478.0,Chrna2-Cre_OE25;Ai14-355478,F,P41,VISp6a,644594152.0,SM-GE64L_S019_E1-50,RSC-129,CS180626100038,Sst Myh8 Fibin,both,True,True,True,Sst,Sst,True,Sst
644848057,148,P2S4_171023_051_A01,Lamp5 Plch2 Dock5,4,#FF7290,I1,1.0,148,1.0,both,True,355222.0,Ndnf-IRES2-dgCre;Ai14-355222,M,P45,VISp1,644848041.0,SM-GE64L_S027_E1-50,RSC-129,CS180626100005,Lamp5 Plch2 Dock5,both,True,True,True,Lamp5,Lamp5,True,Lamp5
644919379,149,PAS4_171024_451_A01,Lamp5 Plch2 Dock5,4,#FF7290,Core,1.0,149,1.0,both,True,355223.0,Ndnf-IRES2-dgCre;Ai14-355223,M,P46,VISp1,644919364.0,SM-GE64F_S112_E1-50,RSC-130,CS180626100005,Lamp5 Plch2 Dock5,both,True,True,True,Lamp5,Lamp5,True,Lamp5
644920227,150,P9S4_171024_403_A01,Vip Lect1 Oxtr,22,#FF00B3,Core,1.0,150,1.0,both,True,355295.0,Oxtr-T2A-Cre;Ai14-355295,M,P45,VISl2/3,644920211.0,SM-GE64F_S105_E1-50,RSC-130,CS180626100023,Vip Lect1 Oxtr,both,True,True,True,Vip,Vip,True,Vip
644933725,151,P8S4_171024_355_A01,Sst Calb2 Pdlim5,34,#CC6D3D,Core,1.0,151,1.0,both,True,354958.0,Slc32a1-IRES-Cre;Ai14-354958,M,P47,VISp2/3,644933710.0,SM-GE64L_S048_E1-50,RSC-129,CS180626100035,Sst Calb2 Pdlim5,both,True,True,True,Sst,Sst,True,Sst
644934835,152,P8S4_171024_356_A01,Lamp5 Lsp1,5,#FFA388,I2,1.0,152,1.0,both,True,354958.0,Slc32a1-IRES-Cre;Ai14-354958,M,P47,VISp2/3,644934820.0,SM-GE64F_S101_E1-50,RSC-130,CS180626100006,Lamp5 Lsp1,both,True,True,True,Lamp5,Lamp5,True,Lamp5
644935037,153,P9S4_171024_406_A01,Sst Chodl,29,#FFFF00,Core,1.0,153,1.0,both,True,355230.0,Ndnf-IRES2-dgCre;Ai14-355230,F,P46,VISpor1,644934909.0,SM-GE64F_S108_E1-50,RSC-130,CS180626100030,Sst Chodl,both,True,True,True,Sst,Sst,True,Sst
644936843,154,PBS4_171024_504_A01,Lamp5 Lsp1,5,#FFA388,Core,1.0,154,1.0,both,True,354958.0,Slc32a1-IRES-Cre;Ai14-354958,M,P47,VISp2/3,644936827.0,SM-GE64F_S118_E1-50,RSC-130,CS180626100006,Lamp5 Lsp1,both,True,True,True,Lamp5,Lamp5,True,Lamp5
644941196,155,P9S4_171024_408_A01,Lamp5 Fam19a1 Tmem182,2,#FFB8CE,Core,1.0,155,1.0,both,True,355230.0,Ndnf-IRES2-dgCre;Ai14-355230,F,P46,VISp1,644941178.0,SM-GE64F_S110_E1-50,RSC-130,CS180626100003,Lamp5 Fam19a1 Tmem182,both,True,True,True,Lamp5,Lamp5,True,Lamp5
644943639,156,PAS4_171024_453_A01,Vip Crispld2 Kcne4,27,#AD589A,Core,1.0,156,1.0,both,True,355295.0,Oxtr-T2A-Cre;Ai14-355295,M,P45,VISp2/3,644943624.0,SM-GE64F_S114_E1-50,RSC-130,CS180626100028,Vip Crispld2 Kcne4,both,True,True,True,Vip,Vip,True,Vip
644946047,157,PBS4_171024_505_A01,Lamp5 Plch2 Dock5,4,#FF7290,Core,1.0,157,1.0,both,True,355230.0,Ndnf-IRES2-dgCre;Ai14-355230,F,P46,VISp1,644945968.0,SM-GE64F_S119_E1-50,RSC-130,CS180626100005,Lamp5 Plch2 Dock5,both,True,True,True,Lamp5,Lamp5,True,Lamp5
644946408,158,PBS4_171024_506_A01,Lamp5 Lsp1,5,#FFA388,Core,1.0,158,1.0,both,True,355230.0,Ndnf-IRES2-dgCre;Ai14-355230,F,P46,VISp1,644946393.0,SM-GE64F_S120_E1-50,RSC-130,CS180626100006,Lamp5 Lsp1,both,True,True,True,Lamp5,Lamp5,True,Lamp5
644957513,159,P8S4_171025_354_A01,Lamp5 Lsp1,5,#FFA388,Core,1.0,159,1.0,both,True,355585.0,Htr3a-Cre_NO152;Ai14-355585,M,P45,VISp2/3,644957488.0,SM-GE64F_S129_E1-50,RSC-130,CS180626100006,Lamp5 Lsp1,both,True,True,True,Lamp5,Lamp5,True,Lamp5
644994103,160,P8S4_171025_355_A01,Lamp5 Lsp1,5,#FFA388,Core,1.0,160,1.0,both,True,354959.0,Slc32a1-IRES-Cre;Ai14-354959,F,P48,VISp5,644994059.0,SM-GE64F_S130_E1-50,RSC-130,CS180626100006,Lamp5 Lsp1,both,True,True,True,Lamp5,Lamp5,True,Lamp5
645000287,161,P8S4_171025_356_A01,Lamp5 Lsp1,5,#FFA388,Core,1.0,161,1.0,both,True,354959.0,Slc32a1-IRES-Cre;Ai14-354959,F,P48,VISp5,645000272.0,SM-GE64F_S131_E1-50,RSC-130,CS180626100006,Lamp5 Lsp1,both,True,True,True,Lamp5,Lamp5,True,Lamp5
645009607,162,P9S4_171025_405_A01,Lamp5 Lsp1,5,#FFA388,Core,1.0,162,1.0,both,True,354959.0,Slc32a1-IRES-Cre;Ai14-354959,F,P48,VISp2/3,645009505.0,SM-GE64F_S146_E1-50,RSC-130,CS180626100006,Lamp5 Lsp1,both,True,True,True,Lamp5,Lamp5,True,Lamp5
645012440,163,P9S4_171025_406_A01,Sst Chrna2 Glra3,37,#FF9F2C,I2,1.0,163,1.0,both,True,354959.0,Slc32a1-IRES-Cre;Ai14-354959,F,P48,VISp5,645012356.0,SM-GE64F_S147_E1-50,RSC-130,CS180626100037,Sst Myh8 Etv1 ,both,True,True,False,Sst,Sst,True,Sst
645016286,164,P9S4_171025_407_A01,Lamp5 Lsp1,5,#FFA388,I1,1.0,164,1.0,both,True,354959.0,Slc32a1-IRES-Cre;Ai14-354959,F,P48,VISp2/3,645016239.0,SM-GE64F_S148_E1-50,RSC-130,CS180626100006,Lamp5 Lsp1,both,True,True,True,Lamp5,Lamp5,True,Lamp5
645020873,165,PBS4_171025_502_A01,Pvalb Th Sst,51,#FF2F7E,I2,1.0,165,1.0,both,True,354959.0,Slc32a1-IRES-Cre;Ai14-354959,F,P48,VISl6a,645020852.0,SM-GE64F_S152_E1-50,RSC-130,CS180626100052,Pvalb Th Sst,both,True,True,True,Pvalb,Pvalb,True,Pvalb
645023727,166,P2S4_171025_055_A01,Lamp5 Lsp1,5,#FFA388,Core,1.0,166,1.0,both,True,354959.0,Slc32a1-IRES-Cre;Ai14-354959,F,P48,VISp2/3,645023712.0,SM-GE64F_S125_E1-50,RSC-130,CS180626100006,Lamp5 Lsp1,both,True,True,True,Lamp5,Lamp5,True,Lamp5
645057881,167,P8S4_171026_352_A01,Sst Calb2 Necab1,33,#BF480D,I1,1.0,167,1.0,both,True,355298.0,Oxtr-T2A-Cre;Ai14-355298,F,P47,VISp5,645057866.0,SM-GE64F_S163_E1-50,RSC-130,CS180626100034,Sst Calb2 Necab1,both,True,True,True,Sst,Sst,True,Sst
645059162,168,P8S4_171026_353_A01,Sst Hpse Cbln4,42,#806B19,I2,1.0,168,1.0,both,True,355298.0,Oxtr-T2A-Cre;Ai14-355298,F,P47,VISp4,645059146.0,SM-GE64F_S164_E1-50,RSC-130,CS180626100043,Sst Hpse Cbln4,both,True,True,True,Sst,Sst,True,Sst
645061418,169,P2S4_171026_051_A01,Vip Ptprt Pkp2,20,#FF00FF,I1,1.0,169,1.0,both,True,355586.0,Htr3a-Cre_NO152;Ai14-355586,M,P46,VISp4,645061403.0,SM-GE64F_S153_E1-50,RSC-130,CS180626100021,Vip Ptprt Pkp2,both,True,True,True,Vip,Vip,True,Vip
645063692,170,P2S4_171026_052_A01,Vip Lmo1 Myl1,16,#9FAAFF,I1,1.0,170,1.0,both,True,355586.0,Htr3a-Cre_NO152;Ai14-355586,M,P46,VISp4,645063674.0,SM-GE64F_S154_E1-50,RSC-130,CS180626100020,Vip Lmo1 Myl1,both,True,True,True,Vip,Vip,True,Vip
645075128,171,PAS4_171026_451_A01,Lamp5 Plch2 Dock5,4,#FF7290,Core,1.0,171,1.0,both,True,355226.0,Ndnf-IRES2-dgCre;Ai14-355226,F,P48,VISp1,645075113.0,SM-GE64F_S174_E1-50,RSC-130,CS180626100005,Lamp5 Plch2 Dock5,both,True,True,True,Lamp5,Lamp5,True,Lamp5
645155357,172,P8S4_171027_353_A01,Vip Lmo1 Myl1,16,#9FAAFF,I1,1.0,172,1.0,both,True,355591.0,Htr3a-Cre_NO152;Ai14-355591,F,P47,VISp4,645155342.0,SM-GE64F_S182_E1-50,RSC-130,CS180626100020,Vip Lmo1 Myl1,both,True,True,True,Vip,Vip,True,Vip
645158069,173,P8S4_171027_354_A01,Lamp5 Lsp1,5,#FFA388,Core,1.0,173,1.0,both,True,355591.0,Htr3a-Cre_NO152;Ai14-355591,F,P47,VISp2/3,645158054.0,SM-GE64F_S183_E1-50,RSC-130,CS180626100006,Lamp5 Lsp1,both,True,True,True,Lamp5,Lamp5,True,Lamp5
645162257,174,PAS4_171027_454_A01,Lamp5 Plch2 Dock5,4,#FF7290,I1,1.0,174,1.0,both,True,355228.0,Ndnf-IRES2-dgCre;Ai14-355228,F,P49,VISp1,645162234.0,SM-GE64F_S191_E1-50,RSC-130,CS180626100005,Lamp5 Plch2 Dock5,both,True,True,True,Lamp5,Lamp5,True,Lamp5
645169930,175,PBS4_171027_502_A01,Lamp5 Plch2 Dock5,4,#FF7290,Core,1.0,175,1.0,both,True,355228.0,Ndnf-IRES2-dgCre;Ai14-355228,F,P49,VISp1,645169915.0,SM-GE643_S145_E1-50,RSC-131,CS180626100005,Lamp5 Plch2 Dock5,both,True,True,True,Lamp5,Lamp5,True,Lamp5
645320752,176,PBS4_171030_501_A01,Pvalb Sema3e Kank4,54,#C94545,I1,1.0,176,1.0,both,True,354751.0,Slc17a8-IRES2-Cre;Slc32a1-IRES2-FlpO-354751-Ai65,M,P54,VISpl6a,645320737.0,SM-GE643_S170_E1-50,RSC-131,CS180626100055,Pvalb Sema3e Kank4,both,True,True,True,Pvalb,Pvalb,True,Pvalb
645322005,177,PAS4_171030_451_A01,Sst Mme Fam114a1,30,#FFBB33,Core,1.0,177,1.0,both,True,354751.0,Slc17a8-IRES2-Cre;Slc32a1-IRES2-FlpO-354751-Ai65,M,P54,VISp5,645321988.0,SM-GE643_S167_E1-50,RSC-131,CS180626100031,Sst Mme Fam114a1,both,True,True,True,Sst,Sst,True,Sst
645355846,178,P2S4_171030_051_A01,Pvalb Akr1c18 Ntf3,53,#FF4343,I1,1.0,178,1.0,both,True,354751.0,Slc17a8-IRES2-Cre;Slc32a1-IRES2-FlpO-354751-Ai65,M,P54,VISpl6a,645355831.0,SM-GE643_S149_E1-50,RSC-131,CS180626100053,Pvalb Akr1c18 Ntf3,both,True,True,True,Pvalb,Pvalb,True,Pvalb
645375521,179,P2S4_171030_053_A01,Pvalb Gabrg1,50,#ED4C50,Core,1.0,179,1.0,both,True,356148.0,Chrna2-Cre_OE25;Ai14-356148,M,P46,VISp6a,645375490.0,SM-GE643_S151_E1-50,RSC-131,CS180626100051,Pvalb Gabrg1,both,True,True,True,Pvalb,Pvalb,True,Pvalb
645375832,180,PBS4_171030_507_A01,Vip Lmo1 Myl1,16,#9FAAFF,I1,1.0,180,1.0,both,True,357010.0,Rbp4-Cre_KL100;Ai14-357010,F,P42,VISp5,645375817.0,SM-GE643_S176_E1-50,RSC-131,CS180626100020,Vip Lmo1 Myl1,both,True,True,True,Vip,Vip,True,Vip
645378578,181,P2S4_171030_054_A01,Vip Lmo1 Myl1,16,#9FAAFF,I1,1.0,181,1.0,both,True,356148.0,Chrna2-Cre_OE25;Ai14-356148,M,P46,VISp4,645378546.0,SM-GE643_S152_E1-50,RSC-131,,,both,True,False,,Vip,,,Vip
645436635,182,PBS4_171031_501_A01,Pvalb Reln Tac1,57,#D6221D,I2,1.0,182,1.0,both,True,354752.0,Slc17a8-IRES2-Cre;Slc32a1-IRES2-FlpO-354752-Ai65,F,P55,VISp5,645436619.0,SM-GE66I_S152_E1-50,RSC-132,CS180626100057,Pvalb Reln Tac1,both,True,True,True,Pvalb,Pvalb,True,Pvalb
645436667,183,P8S4_171031_352_A01,Sst Myh8 Etv1 ,36,#D6C300,Core,1.0,183,1.0,both,True,356149.0,Chrna2-Cre_OE25;Ai14-356149,M,P47,VISp5,645436651.0,SM-GE643_S186_E1-50,RSC-131,CS180626100037,Sst Myh8 Etv1 ,both,True,True,True,Sst,Sst,True,Sst
645441139,184,P2S4_171031_052_A01,Pvalb Sema3e Kank4,54,#C94545,Core,1.0,184,1.0,both,True,354752.0,Slc17a8-IRES2-Cre;Slc32a1-IRES2-FlpO-354752-Ai65,F,P55,VISp5,645441106.0,SM-GE643_S179_E1-50,RSC-131,CS180626100055,Pvalb Sema3e Kank4,both,True,True,True,Pvalb,Pvalb,True,Pvalb
645443218,185,PBS4_171031_502_A01,Sst Tac2 Myh4,40,#D9C566,I2,1.0,185,1.0,both,True,356149.0,Chrna2-Cre_OE25;Ai14-356149,M,P47,VISpor5,645443184.0,SM-GE66I_S153_E1-50,RSC-132,CS180626100042,Sst Hpse Sema3c,both,True,True,False,Sst,Sst,True,Sst
646431913,186,P9S4_171106_402_A01,Sst Crhr2 Efemp1,43,#B95541,I2,1.0,186,1.0,both,True,357929.0,Sst-IRES-Cre;Ai14-357929,M,P45,VISp6a,646431623.0,SM-GE66M_S025_E1-50,RSC-132,CS180626100046,Sst Esm1,both,True,True,False,Sst,Sst,True,Sst
646558588,187,P2S4_171106_053_A01,Pvalb Reln Itm2a,56,#E67A77,Core,1.0,187,1.0,both,True,357944.0,Pvalb-IRES-Cre;Ai14-357944,F,P45,VISp4,646558517.0,SM-GE66M_S016_E1-50,RSC-132,,,both,True,False,,Pvalb,,,Pvalb
646570718,188,P2S4_171106_054_A01,Pvalb Reln Tac1,57,#D6221D,I2,1.0,188,1.0,both,True,357944.0,Pvalb-IRES-Cre;Ai14-357944,F,P45,VISp4,646570703.0,SM-GE66M_S017_E1-50,RSC-132,CS180626100057,Pvalb Reln Tac1,both,True,True,True,Pvalb,Pvalb,True,Pvalb
646764487,189,P8S4_171107_351_A01,Pvalb Tpbg,58,#AF3F64,I2,1.0,189,1.0,both,True,357945.0,Pvalb-IRES-Cre;Ai14-357945,F,P46,VISp5,646764472.0,SM-GE66P_S087_E1-50,RSC-132,CS180626100058,Pvalb Reln Itm2a,both,True,True,False,Pvalb,Pvalb,True,Pvalb
646786083,190,PBS4_171107_501_A01,Pvalb Tpbg,58,#AF3F64,I1,1.0,190,1.0,both,True,357945.0,Pvalb-IRES-Cre;Ai14-357945,F,P46,VISl2/3,646785885.0,SM-GE66C_S099_E1-50,RSC-133,CS180626100059,Pvalb Tpbg,both,True,True,True,Pvalb,Pvalb,True,Pvalb
646805498,191,PBS4_171107_502_A01,Pvalb Reln Itm2a,56,#E67A77,Core,1.0,191,1.0,both,True,357945.0,Pvalb-IRES-Cre;Ai14-357945,F,P46,VISpor5,646805430.0,SM-GE66C_S100_E1-50,RSC-133,CS180626100058,Pvalb Reln Itm2a,both,True,True,True,Pvalb,Pvalb,True,Pvalb
646852171,192,P2S4_171107_051_A01,Pvalb Reln Itm2a,56,#E67A77,Core,1.0,192,1.0,both,True,357945.0,Pvalb-IRES-Cre;Ai14-357945,F,P46,VISp5,646852130.0,SM-GE66P_S085_E1-50,RSC-132,CS180626100058,Pvalb Reln Itm2a,both,True,True,True,Pvalb,Pvalb,True,Pvalb
646873528,193,P2S4_171107_052_A01,Pvalb Reln Itm2a,56,#E67A77,Core,1.0,193,1.0,both,True,357945.0,Pvalb-IRES-Cre;Ai14-357945,F,P46,VISp5,646873208.0,SM-GE66P_S086_E1-50,RSC-132,CS180626100058,Pvalb Reln Itm2a,both,True,True,True,Pvalb,Pvalb,True,Pvalb
646995247,194,P9S4_171108_401_A01,Sst Chodl,29,#FFFF00,Core,1.0,194,1.0,both,True,357671.0,Nos1-CreERT2;Sst-IRES-FlpO;Ai65-357671,F,P48,VISp5,646995001.0,SM-GE66C_S114_E1-50,RSC-133,CS180626100030,Sst Chodl,both,True,True,True,Sst,Sst,True,Sst
647041020,195,P9S4_171108_402_A01,Sst Chodl,29,#FFFF00,Core,1.0,195,1.0,both,True,357671.0,Nos1-CreERT2;Sst-IRES-FlpO;Ai65-357671,F,P48,VISp1,647040864.0,SM-GE66C_S115_E1-50,RSC-133,CS180626100030,Sst Chodl,both,True,True,True,Sst,Sst,True,Sst
647045788,196,P8S4_171108_351_A01,Sst Calb2 Pdlim5,34,#CC6D3D,I3,1.0,196,1.0,both,True,357671.0,Nos1-CreERT2;Sst-IRES-FlpO;Ai65-357671,F,P48,VISp2/3,647045665.0,SM-GE66C_S108_E1-50,RSC-133,CS180626100033,Sst Tac1 Tacr3,both,True,True,False,Sst,Sst,True,Sst
647059450,197,P9S4_171108_403_A01,Sst Rxfp1 Prdm8,48,#802600,Core,1.0,197,1.0,both,True,357930.0,Sst-IRES-Cre;Ai14-357930,F,P47,VISp6a,647059319.0,SM-GE66C_S116_E1-50,RSC-133,CS180626100049,Sst Rxfp1 Prdm8,both,True,True,True,Sst,Sst,True,Sst
647084882,198,P2S4_171108_052_A01,Sst Tac1 Htr1d,31,#804811,I3,1.0,198,1.0,both,True,357930.0,Sst-IRES-Cre;Ai14-357930,F,P47,VISp2/3,647084666.0,SM-GE66C_S104_E1-50,RSC-133,CS180626100032,Sst Tac1 Htr1d,both,True,True,True,Sst,Sst,True,Sst
647101973,199,P2S4_171108_053_A01,Pvalb Reln Itm2a,56,#E67A77,Core,1.0,199,1.0,both,True,357946.0,Pvalb-IRES-Cre;Ai14-357946,F,P47,VISpl2/3,647101958.0,SM-GE66C_S105_E1-50,RSC-133,CS180626100058,Pvalb Reln Itm2a,both,True,True,True,Pvalb,Pvalb,True,Pvalb
647102202,200,P9S4_171108_406_A01,Pvalb Akr1c18 Ntf3,53,#FF4343,Core,1.0,200,1.0,both,True,357946.0,Pvalb-IRES-Cre;Ai14-357946,F,P47,VISp6a,647102187.0,SM-GE66C_S119_E1-50,RSC-133,CS180626100053,Pvalb Akr1c18 Ntf3,both,True,True,True,Pvalb,Pvalb,True,Pvalb
647102565,201,P9S4_171108_407_A01,Pvalb Reln Tac1,57,#D6221D,I3,1.0,201,1.0,both,True,357946.0,Pvalb-IRES-Cre;Ai14-357946,F,P47,VISal5,647102529.0,SM-GE66C_S120_E1-50,RSC-133,CS180626100057,Pvalb Reln Tac1,both,True,True,True,Pvalb,Pvalb,True,Pvalb
647102882,202,P8S4_171108_355_A01,Pvalb Sema3e Kank4,54,#C94545,Core,1.0,202,1.0,both,True,357946.0,Pvalb-IRES-Cre;Ai14-357946,F,P47,VISp6a,647102845.0,SM-GE66C_S112_E1-50,RSC-133,CS180626100055,Pvalb Sema3e Kank4,both,True,True,True,Pvalb,Pvalb,True,Pvalb
647103067,203,P2S4_171108_054_A01,Pvalb Sema3e Kank4,54,#C94545,I1,1.0,203,1.0,both,True,357946.0,Pvalb-IRES-Cre;Ai14-357946,F,P47,VISpor5,647103048.0,SM-GE66C_S106_E1-50,RSC-133,CS180626100055,Pvalb Sema3e Kank4,both,True,True,True,Pvalb,Pvalb,True,Pvalb
647103464,204,P8S4_171108_356_A01,Pvalb Sema3e Kank4,54,#C94545,Core,1.0,204,1.0,both,True,357946.0,Pvalb-IRES-Cre;Ai14-357946,F,P47,VISp6a,647103434.0,SM-GE66C_S113_E1-50,RSC-133,CS180626100055,Pvalb Sema3e Kank4,both,True,True,True,Pvalb,Pvalb,True,Pvalb
647103728,205,P9S4_171108_408_A01,Sst Esm1,45,#C11331,Core,1.0,205,1.0,both,True,357930.0,Sst-IRES-Cre;Ai14-357930,F,P47,VISp2/3,647103692.0,SM-GE66C_S129_E1-50,RSC-133,CS180626100046,Sst Esm1,both,True,True,True,Sst,Sst,True,Sst
647105759,206,P9S4_171108_409_A01,Sst Rxfp1 Eya1,47,#994C00,Core,1.0,206,1.0,both,True,357930.0,Sst-IRES-Cre;Ai14-357930,F,P47,VISp5,647105681.0,SM-GE66C_S130_E1-50,RSC-133,CS180626100048,Sst Rxfp1 Eya1,both,True,True,True,Sst,Sst,True,Sst
647508656,207,PBS4_171109_503_A01,Sst Calb2 Pdlim5,34,#CC6D3D,I1,1.0,207,1.0,both,True,357931.0,Sst-IRES-Cre;Ai14-357931,F,P48,VISp2/3,647508641.0,SM-GE66E_S108_E1-50,RSC-133,CS180626100035,Sst Calb2 Pdlim5,both,True,True,True,Sst,Sst,True,Sst
647811305,208,P8S4_171110_354_A01,Sst Calb2 Pdlim5,34,#CC6D3D,I1,1.0,208,1.0,both,True,357932.0,Sst-IRES-Cre;Ai14-357932,F,P49,VISp2/3,647811290.0,SM-GE66E_S113_E1-50,RSC-133,CS180626100035,Sst Calb2 Pdlim5,both,True,True,True,Sst,Sst,True,Sst
647842659,209,P8S4_171110_356_A01,Sst Hpse Cbln4,42,#806B19,Core,1.0,209,1.0,both,True,357932.0,Sst-IRES-Cre;Ai14-357932,F,P49,VISp5,647842635.0,SM-GE66E_S115_E1-50,RSC-133,CS180626100043,Sst Hpse Cbln4,both,True,True,True,Sst,Sst,True,Sst
648002271,210,P8S4_171113_351_A01,Vip Lmo1 Myl1,16,#9FAAFF,I2,1.0,210,1.0,both,True,358733.0,Vip-IRES-Cre;Ai14-358733,M,P47,VISp2/3,648002169.0,SM-GE66E_S127_E1-50,RSC-133,CS180626100020,Vip Lmo1 Myl1,both,True,True,True,Vip,Vip,True,Vip
648004256,211,P8S4_171113_352_A01,Vip Ptprt Pkp2,20,#FF00FF,I1,1.0,211,1.0,both,True,358733.0,Vip-IRES-Cre;Ai14-358733,M,P47,VISp2/3,648004226.0,SM-GE66E_S128_E1-50,RSC-133,CS180626100021,Vip Ptprt Pkp2,both,True,True,True,Vip,Vip,True,Vip
648030172,212,P2S4_171113_051_A01,Vip Igfbp4 Mab21l1,17,#533691,I2,1.0,212,1.0,both,True,358733.0,Vip-IRES-Cre;Ai14-358733,M,P47,VISp2/3,648029992.0,SM-GE66E_S121_E1-50,RSC-133,CS180626100026,Vip Pygm C1ql1,both,True,True,False,Vip,Vip,True,Vip
648038863,213,P2S4_171113_052_A01,Vip Arhgap36 Hmcn1,18,#9189FF,Core,1.0,213,1.0,both,True,358733.0,Vip-IRES-Cre;Ai14-358733,M,P47,VISp2/3,648038743.0,SM-GE66E_S122_E1-50,RSC-133,CS180626100017,Vip Arhgap36 Hmcn1,both,True,True,True,Vip,Vip,True,Vip
648080486,214,P9S4_171113_402_A01,Vip Chat Htr1f,24,#FF4DC1,Core,1.0,214,1.0,both,True,358735.0,Vip-IRES-Cre;Ai14-358735,M,P47,VISp2/3,648080431.0,SM-GE66E_S135_E1-50,RSC-133,CS180626100025,Vip Chat Htr1f,both,True,True,True,Vip,Vip,True,Vip
648083571,215,P8S4_171113_354_A01,Vip Pygm C1ql1,25,#BD3D9A,Core,1.0,215,1.0,both,True,358735.0,Vip-IRES-Cre;Ai14-358735,M,P47,VISp2/3,648083540.0,SM-GE66E_S130_E1-50,RSC-133,CS180626100026,Vip Pygm C1ql1,both,True,True,True,Vip,Vip,True,Vip
648085661,216,P9S4_171113_403_A01,Vip Ptprt Pkp2,20,#FF00FF,I1,1.0,216,1.0,both,True,358735.0,Vip-IRES-Cre;Ai14-358735,M,P47,VISp4,648085510.0,SM-GE66E_S136_E1-50,RSC-133,CS180626100021,Vip Ptprt Pkp2,both,True,True,True,Vip,Vip,True,Vip
648091351,217,P2S4_171113_053_A01,Vip Lmo1 Myl1,16,#9FAAFF,I2,1.0,217,1.0,both,True,358735.0,Vip-IRES-Cre;Ai14-358735,M,P47,VISp4,648091198.0,SM-GE66E_S123_E1-50,RSC-133,CS180626100020,Vip Lmo1 Myl1,both,True,True,True,Vip,Vip,True,Vip
648094111,218,P8S4_171113_355_A01,Vip Crispld2 Kcne4,27,#AD589A,I1,1.0,218,1.0,both,True,358735.0,Vip-IRES-Cre;Ai14-358735,M,P47,VISp2/3,648094081.0,SM-GE66E_S131_E1-50,RSC-133,CS180626100028,Vip Crispld2 Kcne4,both,True,True,True,Vip,Vip,True,Vip
648121494,219,PBS4_171113_504_A01,Vip Ptprt Pkp2,20,#FF00FF,Core,1.0,219,1.0,both,True,358733.0,Vip-IRES-Cre;Ai14-358733,M,P47,VISli4,648121367.0,SM-GE66E_S143_E1-50,RSC-133,CS180626100021,Vip Ptprt Pkp2,both,True,True,True,Vip,Vip,True,Vip
648137894,220,PAS4_171113_452_A01,Vip Ptprt Pkp2,20,#FF00FF,Core,1.0,220,1.0,both,True,358735.0,Vip-IRES-Cre;Ai14-358735,M,P47,VISp4,648137732.0,SM-GE66E_S139_E1-50,RSC-133,CS180626100021,Vip Ptprt Pkp2,both,True,True,True,Vip,Vip,True,Vip
648139266,221,P8S4_171113_356_A01,Vip Ptprt Pkp2,20,#FF00FF,Core,1.0,221,1.0,both,True,358735.0,Vip-IRES-Cre;Ai14-358735,M,P47,VISp2/3,648139116.0,SM-GE66E_S132_E1-50,RSC-133,CS180626100021,Vip Ptprt Pkp2,both,True,True,True,Vip,Vip,True,Vip
648232114,222,P8S4_171114_351_A01,Vip Ptprt Pkp2,20,#FF00FF,I2,1.0,222,1.0,both,True,358736.0,Vip-IRES-Cre;Ai14-358736,M,P48,VISp2/3,648232035.0,SM-GE66H_S005_E1-50,RSC-133,CS180626100021,Vip Ptprt Pkp2,both,True,True,True,Vip,Vip,True,Vip
648256721,223,P8S4_171114_352_A01,Vip Arhgap36 Hmcn1,18,#9189FF,Core,1.0,223,1.0,both,True,358736.0,Vip-IRES-Cre;Ai14-358736,M,P48,VISp4,648256606.0,SM-GE66H_S006_E1-50,RSC-133,CS180626100017,Vip Arhgap36 Hmcn1,both,True,True,True,Vip,Vip,True,Vip
648263389,224,P9S4_171114_402_A01,Vip Lect1 Oxtr,22,#FF00B3,Core,1.0,224,1.0,both,True,358736.0,Vip-IRES-Cre;Ai14-358736,M,P48,VISpm2/3,648263198.0,SM-GE66H_S012_E1-50,RSC-133,CS180626100023,Vip Lect1 Oxtr,both,True,True,True,Vip,Vip,True,Vip
648272017,225,P9S4_171114_403_A01,Vip Arhgap36 Hmcn1,18,#9189FF,I1,1.0,225,1.0,both,True,358736.0,Vip-IRES-Cre;Ai14-358736,M,P48,VISp4,648271939.0,SM-GE66H_S013_E1-50,RSC-133,CS180626100017,Vip Arhgap36 Hmcn1,both,True,True,True,Vip,Vip,True,Vip
648279576,226,P8S4_171114_353_A01,Vip Chat Htr1f,24,#FF4DC1,I1,1.0,226,1.0,both,True,358736.0,Vip-IRES-Cre;Ai14-358736,M,P48,VISp2/3,648279458.0,SM-GE66H_S007_E1-50,RSC-133,CS180626100025,Vip Chat Htr1f,both,True,True,True,Vip,Vip,True,Vip
648320076,227,P9S4_171114_407_A01,Vip Ptprt Pkp2,20,#FF00FF,I1,1.0,227,1.0,both,True,360215.0,Vip-IRES-Cre;Ai14-360215,F,P48,VISp2/3,648319908.0,SM-GE66H_S017_E1-50,RSC-133,CS180626100021,Vip Ptprt Pkp2,both,True,True,True,Vip,Vip,True,Vip
648330727,228,P9S4_171114_409_A01,Vip Crispld2 Kcne4,27,#AD589A,I1,1.0,228,1.0,both,True,360215.0,Vip-IRES-Cre;Ai14-360215,F,P48,VISp5,648330586.0,SM-GE66H_S019_E1-50,RSC-133,CS180626100028,Vip Crispld2 Kcne4,both,True,True,True,Vip,Vip,True,Vip
648527193,229,P9S4_171115_402_A01,Pvalb Tpbg,58,#AF3F64,Core,1.0,229,1.0,both,True,359332.0,Pvalb-IRES-Cre;Ai14-359332,M,P45,VISp2/3,648527116.0,SM-GE66H_S028_E1-50,RSC-133,CS180626100059,Pvalb Tpbg,both,True,True,True,Pvalb,Pvalb,True,Pvalb
648544600,230,P9S4_171115_403_A01,Sst Rxfp1 Prdm8,48,#802600,Core,1.0,230,1.0,both,True,358882.0,Slc17a8-IRES2-Cre;Slc32a1-IRES2-FlpO-358882-Ai65,F,P48,VISp5,648544475.0,SM-GE66H_S029_E1-50,RSC-133,CS180626100049,Sst Rxfp1 Prdm8,both,True,True,True,Sst,Sst,True,Sst
648549105,231,P9S4_171115_404_A01,Pvalb Akr1c18 Ntf3,53,#FF4343,I2,1.0,231,1.0,both,True,358882.0,Slc17a8-IRES2-Cre;Slc32a1-IRES2-FlpO-358882-Ai65,F,P48,VISp5,648549080.0,SM-GE66H_S030_E1-50,RSC-133,CS180626100053,Pvalb Akr1c18 Ntf3,both,True,True,True,Pvalb,Pvalb,True,Pvalb
648564602,232,PBS4_171115_503_A01,Pvalb Reln Itm2a,56,#E67A77,Core,1.0,232,1.0,both,True,358882.0,Slc17a8-IRES2-Cre;Slc32a1-IRES2-FlpO-358882-Ai65,F,P48,VISp5,648564573.0,SM-GE66H_S041_E1-50,RSC-133,CS180626100058,Pvalb Reln Itm2a,both,True,True,True,Pvalb,Pvalb,True,Pvalb
648582997,233,P9S4_171115_405_A01,Lamp5 Ntn1 Npy2r,3,#DD6091,Core,1.0,233,1.0,both,True,358898.0,Ndnf-IRES2-dgCre;Slc32a1-IRES2-FlpO;Ai65-358898,F,P48,VISp1,648582982.0,SM-GE66H_S031_E1-50,RSC-133,CS180626100004,Lamp5 Ntn1 Npy2r,both,True,True,True,Lamp5,Lamp5,True,Lamp5
648585371,234,P9S4_171115_406_A01,Lamp5 Plch2 Dock5,4,#FF7290,Core,1.0,234,1.0,both,True,358898.0,Ndnf-IRES2-dgCre;Slc32a1-IRES2-FlpO;Ai65-358898,F,P48,VISp1,648585356.0,SM-GE66H_S032_E1-50,RSC-133,CS180626100005,Lamp5 Plch2 Dock5,both,True,True,True,Lamp5,Lamp5,True,Lamp5
648593656,235,P9S4_171115_408_A01,Lamp5 Plch2 Dock5,4,#FF7290,I2,1.0,235,1.0,both,True,358898.0,Ndnf-IRES2-dgCre;Slc32a1-IRES2-FlpO;Ai65-358898,F,P48,VISp1,648593598.0,SM-GE66H_S034_E1-50,RSC-133,CS180626100005,Lamp5 Plch2 Dock5,both,True,True,True,Lamp5,Lamp5,True,Lamp5
648594299,236,PBS4_171115_504_A01,Lamp5 Ntn1 Npy2r,3,#DD6091,Core,1.0,236,1.0,both,True,358898.0,Ndnf-IRES2-dgCre;Slc32a1-IRES2-FlpO;Ai65-358898,F,P48,VISp1,648594284.0,SM-GE66H_S042_E1-50,RSC-133,CS180626100004,Lamp5 Ntn1 Npy2r,both,True,True,True,Lamp5,Lamp5,True,Lamp5
648600158,237,PBS4_171115_505_A01,Pvalb Reln Itm2a,56,#E67A77,Core,1.0,237,1.0,both,True,359335.0,Pvalb-IRES-Cre;Ai14-359335,F,P45,VISp4,648600110.0,SM-GE66H_S043_E1-50,RSC-133,CS180626100058,Pvalb Reln Itm2a,both,True,True,True,Pvalb,Pvalb,True,Pvalb
648605614,238,P9S4_171115_409_A01,Lamp5 Lsp1,5,#FFA388,I2,1.0,238,1.0,both,True,358898.0,Ndnf-IRES2-dgCre;Slc32a1-IRES2-FlpO;Ai65-358898,F,P48,VISl1,648605591.0,SM-GE66H_S035_E1-50,RSC-133,CS180626100005,Lamp5 Plch2 Dock5,both,True,True,False,Lamp5,Lamp5,True,Lamp5
648609504,239,PBS4_171115_507_A01,Sst Tac2 Tacstd2,46,#BF8219,I2,1.0,239,1.0,both,True,358882.0,Slc17a8-IRES2-Cre;Slc32a1-IRES2-FlpO-358882-Ai65,F,P48,VISp5,648609489.0,SM-GE66H_S045_E1-50,RSC-133,CS180626100047,Sst Tac2 Tacstd2,both,True,True,True,Sst,Sst,True,Sst
648852680,240,PBS4_171116_501_A01,Vip Crispld2 Kcne4,27,#AD589A,Core,1.0,240,1.0,both,True,359503.0,Vip-IRES-Cre;Ai14-359503,M,P45,VISp2/3,648852515.0,SM-GE666_S012_E1-50,RSC-134,CS180626100028,Vip Crispld2 Kcne4,both,True,True,True,Vip,Vip,True,Vip
648881660,241,PAS4_171116_451_A01,Pvalb Sema3e Kank4,54,#C94545,Core,1.0,241,1.0,both,True,358881.0,Slc17a8-IRES2-Cre;Slc32a1-IRES2-FlpO-358881-Ai65,M,P49,VISl6a,648881453.0,SM-GE666_S011_E1-50,RSC-134,CS180626100055,Pvalb Sema3e Kank4,both,True,True,True,Pvalb,Pvalb,True,Pvalb
649008116,242,PBS4_171116_503_A01,Lamp5 Plch2 Dock5,4,#FF7290,I1,1.0,242,1.0,both,True,358897.0,Ndnf-IRES2-dgCre;Slc32a1-IRES2-FlpO;Ai65-358897,F,P49,VISp1,649007939.0,SM-GE666_S014_E1-50,RSC-134,CS180626100005,Lamp5 Plch2 Dock5,both,True,True,True,Lamp5,Lamp5,True,Lamp5
649272757,243,P8S4_171117_354_A01,Sst Calb2 Pdlim5,34,#CC6D3D,I2,1.0,243,1.0,both,True,359343.0,Oxtr-T2A-Cre;Ai14-359343,M,P47,VISpm2/3,649272732.0,SM-GE666_S023_E1-50,RSC-134,CS180626100035,Sst Calb2 Pdlim5,both,True,True,True,Sst,Sst,True,Sst
649382312,244,P8S4_171120_351_A01,Lamp5 Plch2 Dock5,4,#FF7290,Core,1.0,244,1.0,both,True,359342.0,Oxtr-T2A-Cre;Ai14-359342,M,P50,VISp1,649382297.0,SM-GE666_S030_E1-50,RSC-134,CS180626100005,Lamp5 Plch2 Dock5,both,True,True,True,Lamp5,Lamp5,True,Lamp5
649387261,245,P8S4_171120_353_A01,Sst Nr2f2 Necab1,35,#FFDF11,I1,1.0,245,1.0,both,True,359342.0,Oxtr-T2A-Cre;Ai14-359342,M,P50,VISp5,649387242.0,SM-GE666_S032_E1-50,RSC-134,CS180626100036,Sst Nr2f2 Necab1,both,True,True,True,Sst,Sst,True,Sst
649387936,246,P8S4_171120_354_A01,Sst Calb2 Pdlim5,34,#CC6D3D,I2,1.0,246,1.0,both,True,359342.0,Oxtr-T2A-Cre;Ai14-359342,M,P50,VISp2/3,649387915.0,SM-GE65Y_S097_E1-50,RSC-135,CS180626100035,Sst Calb2 Pdlim5,both,True,True,True,Sst,Sst,True,Sst
649666842,247,P9S4_171122_401_A01,Vip Arhgap36 Hmcn1,18,#9189FF,Core,1.0,247,1.0,both,True,359509.0,Vip-IRES-Cre;Ai14-359509,M,P51,VISl6a,649666798.0,SM-GE65Y_S116_E1-50,RSC-135,CS180626100017,Vip Arhgap36 Hmcn1,both,True,True,True,Vip,Vip,True,Vip
650129743,248,P8S4_171128_352_A01,Pvalb Tpbg,58,#AF3F64,I2,1.0,248,1.0,both,True,359337.0,Pvalb-IRES-Cre;Ai14-359337,F,P58,VISp5,650129727.0,SM-GE65Y_S141_E1-50,RSC-135,CS180626100059,Pvalb Tpbg,both,True,True,True,Pvalb,Pvalb,True,Pvalb
650131308,249,P9S4_171128_401_A01,Lamp5 Plch2 Dock5,4,#FF7290,I1,1.0,249,1.0,both,True,361706.0,Ndnf-IRES2-dgCre;Ai14-361706,F,P46,VISp1,650131293.0,SM-GE65Z_S053_E1-50,RSC-135,CS180626100005,Lamp5 Plch2 Dock5,both,True,True,True,Lamp5,Lamp5,True,Lamp5
650132917,250,P9S4_171128_402_A01,Lamp5 Ntn1 Npy2r,3,#DD6091,I1,1.0,250,1.0,both,True,361706.0,Ndnf-IRES2-dgCre;Ai14-361706,F,P46,VISp1,650132902.0,SM-GE65Z_S054_E1-50,RSC-135,CS180626100004,Lamp5 Ntn1 Npy2r,both,True,True,True,Lamp5,Lamp5,True,Lamp5
650146312,251,P8S4_171128_354_A01,Pvalb Tpbg,58,#AF3F64,Core,1.0,251,1.0,both,True,359337.0,Pvalb-IRES-Cre;Ai14-359337,F,P58,VISp2/3,650146099.0,SM-GE65Y_S143_E1-50,RSC-135,CS180626100059,Pvalb Tpbg,both,True,True,True,Pvalb,Pvalb,True,Pvalb
650156059,252,P8S4_171128_355_A01,Lamp5 Lsp1,5,#FFA388,I1,1.0,252,1.0,both,True,361705.0,Ndnf-IRES2-dgCre;Ai14-361705,M,P46,VISp1,650156030.0,SM-GE65Y_S144_E1-50,RSC-135,CS180626100006,Lamp5 Lsp1,both,True,True,True,Lamp5,Lamp5,True,Lamp5
650161028,253,P8S4_171128_357_A01,Lamp5 Ntn1 Npy2r,3,#DD6091,Core,1.0,253,1.0,both,True,361705.0,Ndnf-IRES2-dgCre;Ai14-361705,M,P46,VISp2/3,650161013.0,SM-GE65Z_S050_E1-50,RSC-135,CS180626100004,Lamp5 Ntn1 Npy2r,both,True,True,True,Lamp5,Lamp5,True,Lamp5
650172921,254,P2S4_171128_053_A01,Lamp5 Ntn1 Npy2r,3,#DD6091,Core,1.0,254,1.0,both,True,361705.0,Ndnf-IRES2-dgCre;Ai14-361705,M,P46,VISp1,650172449.0,SM-GE65Y_S133_E1-50,RSC-135,CS180626100004,Lamp5 Ntn1 Npy2r,both,True,True,True,Lamp5,Lamp5,True,Lamp5
650176200,255,P2S4_171128_054_A01,Pvalb Tpbg,58,#AF3F64,Core,1.0,255,1.0,both,True,361705.0,Ndnf-IRES2-dgCre;Ai14-361705,M,P46,VISp1,650176181.0,SM-GE65Y_S134_E1-50,RSC-135,,,both,True,False,,Pvalb,,,Pvalb
650402689,256,P8S4_171129_354_A01,Sst Rxfp1 Prdm8,48,#802600,I1,1.0,256,1.0,both,True,362355.0,Crh-IRES-Cre_ZJH;Sst-IRES-FlpO;Ai65-362355,M,P43,VISp5,650402628.0,SM-GE65Z_S067_E1-50,RSC-135,CS180626100051,Pvalb Gabrg1,both,True,True,False,Sst,Pvalb,False,Sst
650487944,257,P8S4_171129_357_A01,Sst Rxfp1 Prdm8,48,#802600,Core,1.0,257,1.0,both,True,362357.0,Crh-IRES-Cre_ZJH;Sst-IRES-FlpO;Ai65-362357,M,P43,VISpor5,650487884.0,SM-GE65Z_S070_E1-50,RSC-135,CS180626100049,Sst Rxfp1 Prdm8,both,True,True,True,Sst,Sst,True,Sst
651151937,258,PBS4_171201_504_A01,Lamp5 Plch2 Dock5,4,#FF7290,Core,1.0,258,1.0,both,True,361703.0,Ndnf-IRES2-dgCre;Ai14-361703,M,P49,VISp1,651151831.0,SM-GE65O_S054_E1-50,RSC-136,CS180626100005,Lamp5 Plch2 Dock5,both,True,True,True,Lamp5,Lamp5,True,Lamp5
651161691,259,PBS4_171201_505_A01,Lamp5 Ntn1 Npy2r,3,#DD6091,Core,1.0,259,1.0,both,True,361703.0,Ndnf-IRES2-dgCre;Ai14-361703,M,P49,VISp1,651161608.0,SM-GE65O_S055_E1-50,RSC-136,CS180626100004,Lamp5 Ntn1 Npy2r,both,True,True,True,Lamp5,Lamp5,True,Lamp5
651167896,260,PBS4_171201_506_A01,Lamp5 Ntn1 Npy2r,3,#DD6091,I2,1.0,260,1.0,both,True,361703.0,Ndnf-IRES2-dgCre;Ai14-361703,M,P49,VISp1,651167779.0,SM-GE65O_S056_E1-50,RSC-136,CS180626100003,Lamp5 Fam19a1 Tmem182,both,True,True,False,Lamp5,Lamp5,True,Lamp5
651734562,261,P9S4_171204_404_A01,Pvalb Reln Itm2a,56,#E67A77,Core,1.0,261,1.0,both,True,362150.0,Gad2-IRES-Cre;Ai14-362150,F,P49,VISp2/3,651734529.0,SM-GE65O_S064_E1-50,RSC-136,CS180626100058,Pvalb Reln Itm2a,both,True,True,True,Pvalb,Pvalb,True,Pvalb
651763842,262,PBS4_171204_503_A01,Sst Calb2 Pdlim5,34,#CC6D3D,I1,1.0,262,1.0,both,True,360542.0,Vipr2-IRES2-Cre;Ai14-360542,F,P59,VISpm5,651763827.0,SM-GE65O_S070_E1-50,RSC-136,CS180626100035,Sst Calb2 Pdlim5,both,True,True,True,Sst,Sst,True,Sst
651969572,263,PAS4_171205_451_A01,Sst Myh8 Etv1 ,36,#D6C300,Core,1.0,263,1.0,both,True,362809.0,Chrna2-Cre_OE25;Ai14-362809,F,P46,VISp5,651969404.0,SM-GE65R_S010_E1-50,RSC-136,CS180626100037,Sst Myh8 Etv1 ,both,True,True,True,Sst,Sst,True,Sst
651985184,264,PBS4_171205_501_A01,Sst Rxfp1 Prdm8,48,#802600,Core,1.0,264,1.0,both,True,362809.0,Chrna2-Cre_OE25;Ai14-362809,F,P46,VISl6a,651985084.0,SM-GE65R_S013_E1-50,RSC-136,CS180626100049,Sst Rxfp1 Prdm8,both,True,True,True,Sst,Sst,True,Sst
652286698,265,P9S4_171206_403_A01,Pvalb Vipr2,59,#FF197F,Core,1.0,265,1.0,both,True,359786.0,Vipr2-IRES2-Cre;Ai14-359786,M,P63,VISp2/3,652286666.0,SM-GE65R_S027_E1-50,RSC-136,CS180626100060,Pvalb Vipr2,both,True,True,True,Pvalb,Pvalb,True,Pvalb
652296177,266,P9S4_171206_405_A01,Lamp5 Plch2 Dock5,4,#FF7290,I1,1.0,266,1.0,both,True,362149.0,Gad2-IRES-Cre;Ai14-362149,M,P51,VISp2/3,652296156.0,SM-GE65R_S029_E1-50,RSC-136,CS180626100005,Lamp5 Plch2 Dock5,both,True,True,True,Lamp5,Lamp5,True,Lamp5
652299236,267,PAS4_171206_453_A01,Pvalb Tpbg,58,#AF3F64,Core,1.0,267,1.0,both,True,362149.0,Gad2-IRES-Cre;Ai14-362149,M,P51,VISp2/3,652299221.0,SM-GE65R_S035_E1-50,RSC-136,CS180626100059,Pvalb Tpbg,both,True,True,True,Pvalb,Pvalb,True,Pvalb
652300499,268,P9S4_171206_406_A01,Lamp5 Lsp1,5,#FFA388,Core,1.0,268,1.0,both,True,362149.0,Gad2-IRES-Cre;Ai14-362149,M,P51,VISl2/3,652300445.0,SM-GE65R_S030_E1-50,RSC-136,CS180626100006,Lamp5 Lsp1,both,True,True,True,Lamp5,Lamp5,True,Lamp5
652303366,269,P9S4_171206_407_A01,Lamp5 Lsp1,5,#FFA388,Core,1.0,269,1.0,both,True,362149.0,Gad2-IRES-Cre;Ai14-362149,M,P51,VISp6a,652303351.0,SM-GE65R_S031_E1-50,RSC-136,CS180626100006,Lamp5 Lsp1,both,True,True,True,Lamp5,Lamp5,True,Lamp5
652304219,270,PAS4_171206_454_A01,Pvalb Reln Itm2a,56,#E67A77,Core,1.0,270,1.0,both,True,362149.0,Gad2-IRES-Cre;Ai14-362149,M,P51,VISp4,652304204.0,SM-GE65R_S036_E1-50,RSC-136,CS180626100058,Pvalb Reln Itm2a,both,True,True,True,Pvalb,Pvalb,True,Pvalb
652305423,271,P9S4_171206_408_A01,Lamp5 Lsp1,5,#FFA388,I1,1.0,271,1.0,both,True,362149.0,Gad2-IRES-Cre;Ai14-362149,M,P51,VISp6a,652305401.0,SM-GE65R_S032_E1-50,RSC-136,CS180626100006,Lamp5 Lsp1,both,True,True,True,Lamp5,Lamp5,True,Lamp5
652306478,272,PBS4_171206_505_A01,Pvalb Sema3e Kank4,54,#C94545,I1,1.0,272,1.0,both,True,362149.0,Gad2-IRES-Cre;Ai14-362149,M,P51,VISp6a,652306463.0,SM-GE65D_S146_E1-50,RSC-137,CS180626100055,Pvalb Sema3e Kank4,both,True,True,True,Pvalb,Pvalb,True,Pvalb
652307230,273,PBS4_171206_506_A01,Sst Hpse Cbln4,42,#806B19,I1,1.0,273,1.0,both,True,362149.0,Gad2-IRES-Cre;Ai14-362149,M,P51,VISp6a,652307199.0,SM-GE65D_S147_E1-50,RSC-137,CS180626100043,Sst Hpse Cbln4,both,True,True,True,Sst,Sst,True,Sst
652313391,274,PBS4_171206_507_A01,Pvalb Reln Itm2a,56,#E67A77,Core,1.0,274,1.0,both,True,362149.0,Gad2-IRES-Cre;Ai14-362149,M,P51,VISp4,652313376.0,SM-GE65D_S148_E1-50,RSC-137,CS180626100058,Pvalb Reln Itm2a,both,True,True,True,Pvalb,Pvalb,True,Pvalb
652516963,275,PAS4_171207_451_A01,Sncg Gpr50,9,#C266D1,Core,1.0,275,1.0,both,True,362810.0,Chrna2-Cre_OE25;Ai14-362810,F,P48,VISal2/3,652516832.0,SM-GE65D_S157_E1-50,RSC-137,CS180626100010,Sncg Gpr50,both,True,True,True,Sncg,Sncg,True,Sncg
652533530,276,PAS4_171207_453_A01,Sst Esm1,45,#C11331,Core,1.0,276,1.0,both,True,362810.0,Chrna2-Cre_OE25;Ai14-362810,F,P48,VISli5,652533438.0,SM-GE65D_S159_E1-50,RSC-137,CS180626100046,Sst Esm1,both,True,True,True,Sst,Sst,True,Sst
652764831,277,PAS4_171208_452_A01,Sst Esm1,45,#C11331,Core,1.0,277,1.0,both,True,362995.0,Chrna2-Cre_OE25;Ai14-362995,F,P48,VISp5,652764642.0,SM-GE65D_S178_E1-50,RSC-137,CS180626100046,Sst Esm1,both,True,True,True,Sst,Sst,True,Sst
652809932,278,PAS4_171208_455_A01,Pvalb Vipr2,59,#FF197F,Core,1.0,278,1.0,both,True,359788.0,Vipr2-IRES2-Cre;Ai14-359788,F,P65,VISp2/3,652809908.0,SM-GE65D_S181_E1-50,RSC-137,CS180626100060,Pvalb Vipr2,both,True,True,True,Pvalb,Pvalb,True,Pvalb
652810157,279,P9S4_171208_406_A01,Lamp5 Plch2 Dock5,4,#FF7290,Core,1.0,279,1.0,both,True,363968.0,Ndnf-IRES2-dgCre;Ai14-363968,M,P43,VISp1,652810136.0,SM-GE65D_S173_E1-50,RSC-137,CS180626100005,Lamp5 Plch2 Dock5,both,True,True,True,Lamp5,Lamp5,True,Lamp5
652811224,280,P9S4_171208_407_A01,Lamp5 Ntn1 Npy2r,3,#DD6091,I2,1.0,280,1.0,both,True,363968.0,Ndnf-IRES2-dgCre;Ai14-363968,M,P43,VISp1,652811206.0,SM-GE65D_S174_E1-50,RSC-137,CS180626100004,Lamp5 Ntn1 Npy2r,both,True,True,True,Lamp5,Lamp5,True,Lamp5
652812484,281,P9S4_171208_408_A01,Lamp5 Plch2 Dock5,4,#FF7290,Core,1.0,281,1.0,both,True,363968.0,Ndnf-IRES2-dgCre;Ai14-363968,M,P43,VISp2/3,652812454.0,SM-GE65D_S175_E1-50,RSC-137,CS180626100005,Lamp5 Plch2 Dock5,both,True,True,True,Lamp5,Lamp5,True,Lamp5
652920631,282,P8S4_171211_351_A01,Sncg Vip Itih5,10,#6C00BF,I1,1.0,282,1.0,both,True,362806.0,Chrna2-Cre_OE25;Ai14-362806,M,P52,VISl5,652920551.0,SM-GE65D_S192_E1-50,RSC-137,CS180626100011,Sncg Vip Itih5,both,True,True,True,Sncg,Sncg,True,Sncg
652938130,283,P2S4_171211_051_A01,Lamp5 Lsp1,5,#FFA388,Core,1.0,283,1.0,both,True,361253.0,Htr3a-Cre_NO152;Ai14-361253,M,P62,VISp2/3,652938095.0,SM-GE65D_S187_E1-50,RSC-137,CS180626100006,Lamp5 Lsp1,both,True,True,True,Lamp5,Lamp5,True,Lamp5
652953931,284,P9S4_171211_403_A01,Lamp5 Plch2 Dock5,4,#FF7290,Core,1.0,284,1.0,both,True,363973.0,Ndnf-IRES2-dgCre;Ai14-363973,F,P46,VISp1,652953916.0,SM-GE65H_S009_E1-50,RSC-137,CS180626100005,Lamp5 Plch2 Dock5,both,True,True,True,Lamp5,Lamp5,True,Lamp5
652953971,285,P8S4_171211_353_A01,Lamp5 Lsp1,5,#FFA388,I2,1.0,285,1.0,both,True,363973.0,Ndnf-IRES2-dgCre;Ai14-363973,F,P46,VISp1,652953956.0,SM-GE65H_S002_E1-50,RSC-137,CS180626100006,Lamp5 Lsp1,both,True,True,True,Lamp5,Lamp5,True,Lamp5
652956871,286,PAS4_171211_451_A01,Sst Hpse Cbln4,42,#806B19,Core,1.0,286,1.0,both,True,363961.0,Pdyn-T2A-CreERT2;Ai14-363961,F,P46,VISp5,652956849.0,SM-GE65H_S014_E1-50,RSC-137,CS180626100043,Sst Hpse Cbln4,both,True,True,True,Sst,Sst,True,Sst
652959162,287,PBS4_171211_504_A01,Pvalb Sema3e Kank4,54,#C94545,I1,1.0,287,1.0,both,True,361253.0,Htr3a-Cre_NO152;Ai14-361253,M,P62,VISp6a,652959147.0,SM-GE65H_S019_E1-50,RSC-137,CS180626100055,Pvalb Sema3e Kank4,both,True,True,True,Pvalb,Pvalb,True,Pvalb
652959904,288,PBS4_171211_505_A01,Lamp5 Fam19a1 Tmem182,2,#FFB8CE,Core,1.0,288,1.0,both,True,363973.0,Ndnf-IRES2-dgCre;Ai14-363973,F,P46,VISp1,652959889.0,SM-GE65H_S020_E1-50,RSC-137,CS180626100003,Lamp5 Fam19a1 Tmem182,both,True,True,True,Lamp5,Lamp5,True,Lamp5
653024237,289,P8S4_171212_351_A01,Lamp5 Lsp1,5,#FFA388,Core,1.0,289,1.0,both,True,363949.0,Slc32a1-IRES2-FlpO;Ai65F-363949,F,P47,VISp2/3,653024222.0,SM-GE65H_S031_E1-50,RSC-137,CS180626100006,Lamp5 Lsp1,both,True,True,True,Lamp5,Lamp5,True,Lamp5
653024481,290,P9S4_171212_401_A01,Lamp5 Lsp1,5,#FFA388,Core,1.0,290,1.0,both,True,363949.0,Slc32a1-IRES2-FlpO;Ai65F-363949,F,P47,VISp1,653024466.0,SM-GE65H_S041_E1-50,RSC-137,CS180626100006,Lamp5 Lsp1,both,True,True,True,Lamp5,Lamp5,True,Lamp5
653025875,291,P2S4_171212_051_A01,Vip Pygm C1ql1,25,#BD3D9A,I2,1.0,291,1.0,both,True,363949.0,Slc32a1-IRES2-FlpO;Ai65F-363949,F,P47,VISp2/3,653025857.0,SM-GE65H_S022_E1-50,RSC-137,CS180626100026,Vip Pygm C1ql1,both,True,True,True,Vip,Vip,True,Vip
653031614,292,PAS4_171212_451_A01,Lamp5 Ntn1 Npy2r,3,#DD6091,I2,1.0,292,1.0,both,True,363967.0,Ndnf-IRES2-dgCre;Ai14-363967,M,P47,VISp2/3,653031599.0,SM-GE8ZP_S163_E1-50,RSC-138,CS180626100005,Lamp5 Plch2 Dock5,both,True,True,False,Lamp5,Lamp5,True,Lamp5
653031656,293,P2S4_171212_052_A01,Lamp5 Fam19a1 Tmem182,2,#FFB8CE,I1,1.0,293,1.0,both,True,363967.0,Ndnf-IRES2-dgCre;Ai14-363967,M,P47,VISp1,653031641.0,SM-GE65H_S023_E1-50,RSC-137,CS180626100003,Lamp5 Fam19a1 Tmem182,both,True,True,True,Lamp5,Lamp5,True,Lamp5
653195941,294,PBS4_171215_502_A01,Sst Hpse Sema3c,41,#BF9F00,I1,1.0,294,1.0,both,True,363957.0,Pdyn-T2A-CreERT2;Ai14-363957,M,P50,VISpm5,653195922.0,SM-GE672_S030_E1-50,RSC-139,CS180626100042,Sst Hpse Sema3c,both,True,True,True,Sst,Sst,True,Sst
653196359,295,PBS4_171215_504_A01,Sst Chrna2 Ptgdr,39,#FFB307,I2,1.0,295,1.0,both,True,363957.0,Pdyn-T2A-CreERT2;Ai14-363957,M,P50,VISp5,653196344.0,SM-GE672_S032_E1-50,RSC-139,CS180626100040,Sst Chrna2 Ptgdr,both,True,True,True,Sst,Sst,True,Sst
653199987,296,PBS4_171215_505_A01,Lamp5 Plch2 Dock5,4,#FF7290,Core,1.0,296,1.0,both,True,363969.0,Ndnf-IRES2-dgCre;Ai14-363969,M,P50,VISp1,653199958.0,SM-GE672_S033_E1-50,RSC-139,CS180626100005,Lamp5 Plch2 Dock5,both,True,True,True,Lamp5,Lamp5,True,Lamp5
653232374,297,P9S4_171215_403_A01,Sst Rxfp1 Prdm8,48,#802600,Core,1.0,297,1.0,both,True,363969.0,Ndnf-IRES2-dgCre;Ai14-363969,M,P50,VISp6a,653232180.0,SM-GE8ZP_S187_E1-50,RSC-138,CS180626100049,Sst Rxfp1 Prdm8,both,True,True,True,Sst,Sst,True,Sst
653289801,298,P8S4_171215_356_A01,Pvalb Reln Tac1,57,#D6221D,I1,1.0,298,1.0,both,True,363788.0,Slc17a8-IRES2-Cre;Slc32a1-IRES2-FlpO-363788-Ai65,M,P51,VISp5,653289786.0,SM-GE8ZP_S181_E1-50,RSC-138,CS180626100057,Pvalb Reln Tac1,both,True,True,True,Pvalb,Pvalb,True,Pvalb
653326186,299,P8S4_171215_357_A01,Pvalb Sema3e Kank4,54,#C94545,I2,1.0,299,1.0,both,True,363788.0,Slc17a8-IRES2-Cre;Slc32a1-IRES2-FlpO-363788-Ai65,M,P51,VISp6a,653326170.0,SM-GE8ZP_S182_E1-50,RSC-138,CS180626100055,Pvalb Sema3e Kank4,both,True,True,True,Pvalb,Pvalb,True,Pvalb
653326966,300,P8S4_171215_358_A01,Sst Mme Fam114a1,30,#FFBB33,I1,1.0,300,1.0,both,True,363788.0,Slc17a8-IRES2-Cre;Slc32a1-IRES2-FlpO-363788-Ai65,M,P51,VISp5,653326944.0,SM-GE8ZP_S183_E1-50,RSC-138,CS180626100031,Sst Mme Fam114a1,both,True,True,True,Sst,Sst,True,Sst
653327067,301,P9S4_171215_406_A01,Sst Rxfp1 Prdm8,48,#802600,Core,1.0,301,1.0,both,True,363788.0,Slc17a8-IRES2-Cre;Slc32a1-IRES2-FlpO-363788-Ai65,M,P51,VISp6a,653327052.0,SM-GE8ZP_S190_E1-50,RSC-138,CS180626100049,Sst Rxfp1 Prdm8,both,True,True,True,Sst,Sst,True,Sst
653327513,302,P2S4_171215_052_A01,Pvalb Sema3e Kank4,54,#C94545,Core,1.0,302,1.0,both,True,363788.0,Slc17a8-IRES2-Cre;Slc32a1-IRES2-FlpO-363788-Ai65,M,P51,VISp6a,653327497.0,SM-GE8ZP_S171_E1-50,RSC-138,CS180626100055,Pvalb Sema3e Kank4,both,True,True,True,Pvalb,Pvalb,True,Pvalb
653327546,303,P8S4_171215_359_A01,Sst Rxfp1 Eya1,47,#994C00,I1,1.0,303,1.0,both,True,363788.0,Slc17a8-IRES2-Cre;Slc32a1-IRES2-FlpO-363788-Ai65,M,P51,VISpm6a,653327528.0,SM-GE8ZP_S184_E1-50,RSC-138,CS180626100048,Sst Rxfp1 Eya1,both,True,True,True,Sst,Sst,True,Sst
653677436,304,PAS4_171219_451_A01,Lamp5 Lsp1,5,#FFA388,Core,1.0,304,1.0,both,True,363946.0,Slc32a1-IRES2-FlpO;Ai65F-363946,M,P54,VISp2/3,653677241.0,SM-GE672_S075_E1-50,RSC-139,CS180626100006,Lamp5 Lsp1,both,True,True,True,Lamp5,Lamp5,True,Lamp5
653699672,305,P8S4_171219_352_A01,Sst Hpse Cbln4,42,#806B19,Core,1.0,305,1.0,both,True,363946.0,Slc32a1-IRES2-FlpO;Ai65F-363946,M,P54,VISpm5,653699552.0,SM-GE672_S058_E1-50,RSC-139,CS180626100043,Sst Hpse Cbln4,both,True,True,True,Sst,Sst,True,Sst
653744562,306,P2S4_171219_051_A01,Pvalb Sema3e Kank4,54,#C94545,I1,1.0,306,1.0,both,True,363946.0,Slc32a1-IRES2-FlpO;Ai65F-363946,M,P54,VISpm5,653744209.0,SM-GE672_S036_E1-50,RSC-139,CS180626100055,Pvalb Sema3e Kank4,both,True,True,True,Pvalb,Pvalb,True,Pvalb
653795917,307,P6S4_171219_252_A01,Vip Crispld2 Htr2c,26,#882E81,Core,1.0,307,1.0,both,True,363633.0,Vip-IRES-Cre;Ai14-363633,M,P56,VISp2/3,653795878.0,SM-GE672_S044_E1-50,RSC-139,CS180626100027,Vip Crispld2 Htr2c,both,True,True,True,Vip,Vip,True,Vip
653832102,308,P6S4_171219_254_A01,Vip Gpc3 Slc18a3,19,#B09FFF,I2,1.0,308,1.0,both,True,363633.0,Vip-IRES-Cre;Ai14-363633,M,P56,VISp5,653832048.0,SM-GE672_S046_E1-50,RSC-139,CS180626100018,Vip Gpc3 Slc18a3,both,True,True,True,Vip,Vip,True,Vip
654294107,309,P2S4_171220_053_A01,Pvalb Tpbg,58,#AF3F64,Core,1.0,309,1.0,both,True,364559.0,Slc32a1-IRES-Cre;Ai14-364559,F,P51,VISp2/3,654293776.0,SM-GE672_S085_E1-50,RSC-139,CS180626100059,Pvalb Tpbg,both,True,True,True,Pvalb,Pvalb,True,Pvalb
654356514,310,P2S4_171220_054_A01,Lamp5 Lsp1,5,#FFA388,Core,1.0,310,1.0,both,True,364559.0,Slc32a1-IRES-Cre;Ai14-364559,F,P51,VISp4,654356205.0,SM-GE672_S086_E1-50,RSC-139,CS180626100006,Lamp5 Lsp1,both,True,True,True,Lamp5,Lamp5,True,Lamp5
654407470,311,P2S4_171220_055_A01,Lamp5 Lsp1,5,#FFA388,I2,1.0,311,1.0,both,True,364559.0,Slc32a1-IRES-Cre;Ai14-364559,F,P51,VISp4,654407332.0,SM-GE672_S087_E1-50,RSC-139,CS180626100006,Lamp5 Lsp1,both,True,True,True,Lamp5,Lamp5,True,Lamp5
654669793,312,P9S4_171221_401_A01,Vip Ptprt Pkp2,20,#FF00FF,Core,1.0,312,1.0,both,True,364380.0,Chat-IRES-Cre-neo;Ai14-364380,M,P52,VISpm4,654669604.0,SM-GE672_S154_E1-50,RSC-139,CS180626100021,Vip Ptprt Pkp2,both,True,True,True,Vip,Vip,True,Vip
654689557,313,P9S4_171221_403_A01,Lamp5 Lsp1,5,#FFA388,Core,1.0,313,1.0,both,True,364558.0,Slc32a1-IRES-Cre;Ai14-364558,M,P52,VISp6a,654689542.0,SM-GE672_S156_E1-50,RSC-139,CS180626100006,Lamp5 Lsp1,both,True,True,True,Lamp5,Lamp5,True,Lamp5
654704107,314,P9S4_171221_404_A01,Vip Ptprt Pkp2,20,#FF00FF,I1,1.0,314,1.0,both,True,364380.0,Chat-IRES-Cre-neo;Ai14-364380,M,P52,VISp4,654704047.0,SM-GE672_S157_E1-50,RSC-139,CS180626100021,Vip Ptprt Pkp2,both,True,True,True,Vip,Vip,True,Vip
655120196,315,P2S4_171222_053_A01,Vip Ptprt Pkp2,20,#FF00FF,I1,1.0,315,1.0,both,True,364381.0,Chat-IRES-Cre-neo;Ai14-364381,F,P53,VISp2/3,655120164.0,SM-GE672_S161_E1-50,RSC-139,CS180626100021,Vip Ptprt Pkp2,both,True,True,True,Vip,Vip,True,Vip
656147268,316,P9S4_180102_401_A01,Sst Hpse Sema3c,41,#BF9F00,Core,1.0,316,1.0,both,True,366659.0,Pdyn-T2A-CreERT2;Ai14-366659,M,P53,VISp5,656147245.0,SM-GE672_S166_E1-50,RSC-139,CS180626100042,Sst Hpse Sema3c,both,True,True,True,Sst,Sst,True,Sst
656149874,317,P8S4_180102_351_A01,Vip Rspo4 Rxfp1 Chat,21,#AF00E6,I1,1.0,317,1.0,both,True,365769.0,Chat-IRES-Cre-neo;Ai14-365769,F,P57,VISp2/3,656149856.0,SM-GE672_S163_E1-50,RSC-139,CS180626100022,Vip Rspo4 Rxfp1 Chat,both,True,True,True,Vip,Vip,True,Vip
656151146,318,P9S4_180102_402_A01,Vip Rspo4 Rxfp1 Chat,21,#AF00E6,Core,1.0,318,1.0,both,True,365769.0,Chat-IRES-Cre-neo;Ai14-365769,F,P57,VISp2/3,656151126.0,SM-GE672_S167_E1-50,RSC-139,CS180626100022,Vip Rspo4 Rxfp1 Chat,both,True,True,True,Vip,Vip,True,Vip
656156755,319,P9S4_180102_403_A01,Sst Hpse Cbln4,42,#806B19,Core,1.0,319,1.0,both,True,366659.0,Pdyn-T2A-CreERT2;Ai14-366659,M,P53,VISp5,656156695.0,SM-GE672_S168_E1-50,RSC-139,CS180626100043,Sst Hpse Cbln4,both,True,True,True,Sst,Sst,True,Sst
656426563,320,PAS4_180103_451_A01,Sst Hpse Cbln4,42,#806B19,Core,1.0,320,1.0,both,True,366660.0,Pdyn-T2A-CreERT2;Ai14-366660,F,P54,VISp4,656426548.0,SM-GE672_S171_E1-50,RSC-139,CS180626100043,Sst Hpse Cbln4,both,True,True,True,Sst,Sst,True,Sst
656427633,321,PAS4_180103_452_A01,Sst Hpse Sema3c,41,#BF9F00,Core,1.0,321,1.0,both,True,366660.0,Pdyn-T2A-CreERT2;Ai14-366660,F,P54,VISp5,656427613.0,SM-GE672_S172_E1-50,RSC-139,CS180626100042,Sst Hpse Sema3c,both,True,True,True,Sst,Sst,True,Sst
656449594,322,P8S4_180103_352_A01,Sst Calb2 Pdlim5,34,#CC6D3D,I1,1.0,322,1.0,both,True,366183.0,Calb2-IRES-Cre;Sst-IRES-FlpO;Ai65-366183,F,P56,VISp5,656449579.0,SM-GE672_S170_E1-50,RSC-139,CS180626100035,Sst Calb2 Pdlim5,both,True,True,True,Sst,Sst,True,Sst
656564790,323,P8S4_180104_351_A01,Sst Esm1,45,#C11331,I1,1.0,323,1.0,both,True,366034.0,Crh-IRES-Cre_ZJH;Sst-IRES-FlpO;Ai65-366034,M,P58,VISl6a,656564775.0,SM-GE672_S173_E1-50,RSC-139,CS180626100045,Sst Crh 4930553C11Rik ,both,True,True,False,Sst,Sst,True,Sst
656705176,324,P9S4_180108_401_A01,Sst Chodl,29,#FFFF00,Core,1.0,324,1.0,both,True,367206.0,Nos1-CreERT2;Ai14-367206,M,P54,VISp2/3,656705122.0,SM-GE672_S185_E1-50,RSC-139,CS180626100030,Sst Chodl,both,True,True,True,Sst,Sst,True,Sst
656705665,325,P2S4_180108_051_A01,Sst Chodl,29,#FFFF00,Core,1.0,325,1.0,both,True,367206.0,Nos1-CreERT2;Ai14-367206,M,P54,VISp1,656705650.0,SM-GE672_S175_E1-50,RSC-139,CS180626100030,Sst Chodl,both,True,True,True,Sst,Sst,True,Sst
656706125,326,PAS4_180108_452_A01,Pvalb Tpbg,58,#AF3F64,Core,1.0,326,1.0,both,True,367206.0,Nos1-CreERT2;Ai14-367206,M,P54,VISp2/3,656706110.0,SM-GE66Q_S001_E1-50,RSC-140,CS180626100059,Pvalb Tpbg,both,True,True,True,Pvalb,Pvalb,True,Pvalb
656718798,327,P8S4_180108_353_A01,Pvalb Vipr2,59,#FF197F,Core,1.0,327,1.0,both,True,367940.0,Vipr2-IRES2-Cre;Pvalb-T2A-FlpO;Ai65-367940,M,P52,VISp5,656718783.0,SM-GE672_S183_E1-50,RSC-139,CS180626100060,Pvalb Vipr2,both,True,True,True,Pvalb,Pvalb,True,Pvalb
656718838,328,P9S4_180108_405_A01,Pvalb Th Sst,51,#FF2F7E,Core,1.0,328,1.0,both,True,367169.0,Chrna2-Cre_OE25;Ai14-367169,M,P56,VISp6a,656718823.0,SM-GE672_S189_E1-50,RSC-139,CS180626100052,Pvalb Th Sst,both,True,True,True,Pvalb,Pvalb,True,Pvalb
656721986,329,PAS4_180108_454_A01,Vip Ptprt Pkp2,20,#FF00FF,Core,1.0,329,1.0,both,True,367630.0,Chat-IRES-Cre-neo;Ai14-367630,M,P53,VISp4,656721970.0,SM-GE66Q_S003_E1-50,RSC-140,CS180626100021,Vip Ptprt Pkp2,both,True,True,True,Vip,Vip,True,Vip
656839029,330,PAS4_180109_451_A01,Vip Ptprt Pkp2,20,#FF00FF,I2,1.0,330,1.0,both,True,367631.0,Chat-IRES-Cre-neo;Ai14-367631,M,P54,VISp4,656839014.0,SM-GE66Q_S026_E1-50,RSC-140,CS180626100021,Vip Ptprt Pkp2,both,True,True,True,Vip,Vip,True,Vip
656841831,331,P2S4_180109_051_A01,Vip Rspo4 Rxfp1 Chat,21,#AF00E6,Core,1.0,331,1.0,both,True,367631.0,Chat-IRES-Cre-neo;Ai14-367631,M,P54,VISp2/3,656841814.0,SM-GE66Q_S006_E1-50,RSC-140,CS180626100022,Vip Rspo4 Rxfp1 Chat,both,True,True,True,Vip,Vip,True,Vip
656857860,332,PAS4_180109_452_A01,Pvalb Vipr2,59,#FF197F,Core,1.0,332,1.0,both,True,367714.0,Vipr2-IRES2-Cre;Slc32a1-T2A-FlpO;Ai65-367714,F,P54,VISp2/3,656857845.0,SM-GE66Q_S027_E1-50,RSC-140,CS180626100060,Pvalb Vipr2,both,True,True,True,Pvalb,Pvalb,True,Pvalb
656859150,333,P2S4_180109_052_A01,Vip Lmo1 Myl1,16,#9FAAFF,I2,1.0,333,1.0,both,True,367714.0,Vipr2-IRES2-Cre;Slc32a1-T2A-FlpO;Ai65-367714,F,P54,VISp4,656859134.0,SM-GE66Q_S007_E1-50,RSC-140,CS180626100020,Vip Lmo1 Myl1,both,True,True,True,Vip,Vip,True,Vip
656859689,334,P8S4_180109_352_A01,Vip Chat Htr1f,24,#FF4DC1,Core,1.0,334,1.0,both,True,366688.0,Vip-IRES-Cre;Ai14-366688,F,P60,VISp4,656859638.0,SM-GE66Q_S011_E1-50,RSC-140,CS180626100025,Vip Chat Htr1f,both,True,True,True,Vip,Vip,True,Vip
656860694,335,P8S4_180109_353_A01,Vip Ptprt Pkp2,20,#FF00FF,Core,1.0,335,1.0,both,True,366688.0,Vip-IRES-Cre;Ai14-366688,F,P60,VISp2/3,656860679.0,SM-GE66Q_S012_E1-50,RSC-140,CS180626100021,Vip Ptprt Pkp2,both,True,True,True,Vip,Vip,True,Vip
656863406,336,P8S4_180109_354_A01,Vip Crispld2 Kcne4,27,#AD589A,I1,1.0,336,1.0,both,True,366688.0,Vip-IRES-Cre;Ai14-366688,F,P60,VISp2/3,656863271.0,SM-GE66Q_S013_E1-50,RSC-140,CS180626100028,Vip Crispld2 Kcne4,both,True,True,True,Vip,Vip,True,Vip
656880843,337,P9S4_180109_401_A01,Vip Lmo1 Fam159b,15,#756FB3,Core,1.0,337,1.0,both,True,366688.0,Vip-IRES-Cre;Ai14-366688,F,P60,VISp6a,656880825.0,SM-GE66Q_S020_E1-50,RSC-140,CS180626100019,Vip Lmo1 Fam159b,both,True,True,True,Vip,Vip,True,Vip
656896838,338,PBS4_180109_502_A01,Sst Hpse Sema3c,41,#BF9F00,Core,1.0,338,1.0,both,True,367956.0,Pdyn-T2A-CreERT2;Ai14-367956,M,P53,VISp5,656896403.0,SM-GE66Q_S030_E1-50,RSC-140,CS180626100042,Sst Hpse Sema3c,both,True,True,True,Sst,Sst,True,Sst
656900237,339,PAS4_180108_453_A01,Pvalb Reln Itm2a,56,#E67A77,Core,1.0,339,1.0,both,True,367940.0,Vipr2-IRES2-Cre;Pvalb-T2A-FlpO;Ai65-367940,M,P52,VISp5,656900221.0,SM-GE66Q_S002_E1-50,RSC-140,CS180626100058,Pvalb Reln Itm2a,both,True,True,True,Pvalb,Pvalb,True,Pvalb
656901504,340,P8S4_180109_355_A01,Vip Gpc3 Slc18a3,19,#B09FFF,Core,1.0,340,1.0,both,True,366688.0,Vip-IRES-Cre;Ai14-366688,F,P60,VISp4,656901478.0,SM-GE66Q_S014_E1-50,RSC-140,CS180626100018,Vip Gpc3 Slc18a3,both,True,True,True,Vip,Vip,True,Vip
656901554,341,PBS4_180109_503_A01,Sst Hpse Sema3c,41,#BF9F00,Core,1.0,341,1.0,both,True,367956.0,Pdyn-T2A-CreERT2;Ai14-367956,M,P53,VISl5,656901533.0,SM-GE66Q_S031_E1-50,RSC-140,CS180626100042,Sst Hpse Sema3c,both,True,True,True,Sst,Sst,True,Sst
656912028,342,P2S4_180109_053_A01,Lamp5 Plch2 Dock5,4,#FF7290,I1,1.0,342,1.0,both,True,367205.0,Nos1-CreERT2;Ai14-367205,M,P55,VISp1,656912013.0,SM-GE66Q_S008_E1-50,RSC-140,CS180626100005,Lamp5 Plch2 Dock5,both,True,True,True,Lamp5,Lamp5,True,Lamp5
656948954,343,PAS4_180110_452_A01,Sst Tac2 Tacstd2,46,#BF8219,I3,1.0,343,1.0,both,True,367171.0,Chrna2-Cre_OE25;Ai14-367171,F,P58,VISp5,656948939.0,SM-GE66Q_S046_E1-50,RSC-140,CS180626100041,Sst Tac2 Myh4,both,True,True,False,Sst,Sst,True,Sst
656971837,344,P9S4_180110_402_A01,Vip Ptprt Pkp2,20,#FF00FF,I1,1.0,344,1.0,both,True,366689.0,Vip-IRES-Cre;Ai14-366689,F,P61,VISp2/3,656971740.0,SM-GE66Q_S043_E1-50,RSC-140,CS180626100021,Vip Ptprt Pkp2,both,True,True,True,Vip,Vip,True,Vip
656977580,345,P2S4_180110_054_A01,Vip Arhgap36 Hmcn1,18,#9189FF,I1,1.0,345,1.0,both,True,366689.0,Vip-IRES-Cre;Ai14-366689,F,P61,VISp5,656977460.0,SM-GE66Q_S035_E1-50,RSC-140,CS180626100017,Vip Arhgap36 Hmcn1,both,True,True,True,Vip,Vip,True,Vip
656977690,346,P9S4_180110_403_A01,Vip Arhgap36 Hmcn1,18,#9189FF,I2,1.0,346,1.0,both,True,366689.0,Vip-IRES-Cre;Ai14-366689,F,P61,VISp5,656977634.0,SM-GE66Q_S044_E1-50,RSC-140,CS180626100017,Vip Arhgap36 Hmcn1,both,True,True,True,Vip,Vip,True,Vip
656990595,347,P2S4_180110_055_A01,Vip Chat Htr1f,24,#FF4DC1,I1,1.0,347,1.0,both,True,366689.0,Vip-IRES-Cre;Ai14-366689,F,P61,VISp2/3,656990572.0,SM-GE66Q_S036_E1-50,RSC-140,CS180626100025,Vip Chat Htr1f,both,True,True,True,Vip,Vip,True,Vip
656993846,348,P8S4_180110_354_A01,Vip Rspo4 Rxfp1 Chat,21,#AF00E6,I1,1.0,348,1.0,both,True,368792.0,Vipr2-IRES2-Cre;Slc32a1-T2A-FlpO;Ai65-368792,F,P55,VISp1,656993829.0,SM-GE66Q_S041_E1-50,RSC-140,CS180626100022,Vip Rspo4 Rxfp1 Chat,both,True,True,True,Vip,Vip,True,Vip
657033914,349,P2S4_180111_051_A01,Vip Ptprt Pkp2,20,#FF00FF,I2,1.0,349,1.0,both,True,367632.0,Chat-IRES-Cre-neo;Ai14-367632,F,P56,VISp2/3,657033546.0,SM-GE8ZC_S099_E1-50,RSC-141,CS180626100021,Vip Ptprt Pkp2,both,True,True,True,Vip,Vip,True,Vip
657039903,350,P9S4_180111_402_A01,Vip Ptprt Pkp2,20,#FF00FF,Core,1.0,350,1.0,both,True,367632.0,Chat-IRES-Cre-neo;Ai14-367632,F,P56,VISl2/3,657039698.0,SM-GE8ZC_S106_E1-50,RSC-141,CS180626100021,Vip Ptprt Pkp2,both,True,True,True,Vip,Vip,True,Vip
657042607,351,PAS4_180111_451_A01,Vip Ptprt Pkp2,20,#FF00FF,Core,1.0,351,1.0,both,True,367632.0,Chat-IRES-Cre-neo;Ai14-367632,F,P56,VISp2/3,657042592.0,SM-GE8ZC_S107_E1-50,RSC-141,CS180626100021,Vip Ptprt Pkp2,both,True,True,True,Vip,Vip,True,Vip
657048690,352,P8S4_180111_352_A01,Vip Ptprt Pkp2,20,#FF00FF,I1,1.0,352,1.0,both,True,367632.0,Chat-IRES-Cre-neo;Ai14-367632,F,P56,VISp2/3,657048675.0,SM-GE8ZC_S103_E1-50,RSC-141,CS180626100021,Vip Ptprt Pkp2,both,True,True,True,Vip,Vip,True,Vip
657052370,353,P8S4_180111_353_A01,Vip Rspo4 Rxfp1 Chat,21,#AF00E6,I1,1.0,353,1.0,both,True,367632.0,Chat-IRES-Cre-neo;Ai14-367632,F,P56,VISp2/3,657052355.0,SM-GE8ZC_S104_E1-50,RSC-141,CS180626100022,Vip Rspo4 Rxfp1 Chat,both,True,True,True,Vip,Vip,True,Vip
657052400,354,PBS4_180111_503_A01,Vip Ptprt Pkp2,20,#FF00FF,I2,1.0,354,1.0,both,True,367632.0,Chat-IRES-Cre-neo;Ai14-367632,F,P56,VISp2/3,657052385.0,SM-GE8ZC_S110_E1-50,RSC-141,CS180626100021,Vip Ptprt Pkp2,both,True,True,True,Vip,Vip,True,Vip
657054571,355,PBS4_180111_504_A01,Vip Rspo4 Rxfp1 Chat,21,#AF00E6,I1,1.0,355,1.0,both,True,367632.0,Chat-IRES-Cre-neo;Ai14-367632,F,P56,VISp2/3,657054555.0,SM-GE8ZC_S111_E1-50,RSC-141,CS180626100022,Vip Rspo4 Rxfp1 Chat,both,True,True,True,Vip,Vip,True,Vip
657179762,356,P9S4_180112_402_A01,Vip Rspo4 Rxfp1 Chat,21,#AF00E6,Core,1.0,356,1.0,both,True,367633.0,Chat-IRES-Cre-neo;Ai14-367633,F,P57,VISp2/3,657179697.0,SM-GE8ZC_S124_E1-50,RSC-141,CS180626100022,Vip Rspo4 Rxfp1 Chat,both,True,True,True,Vip,Vip,True,Vip
657184390,357,PBS4_180112_502_A01,Vip Rspo4 Rxfp1 Chat,21,#AF00E6,Core,1.0,357,1.0,both,True,367633.0,Chat-IRES-Cre-neo;Ai14-367633,F,P57,VISp4,657184367.0,SM-GE8ZC_S129_E1-50,RSC-141,CS180626100022,Vip Rspo4 Rxfp1 Chat,both,True,True,True,Vip,Vip,True,Vip
657185314,358,P8S4_180112_352_A01,Lamp5 Lsp1,5,#FFA388,Core,1.0,358,1.0,both,True,367172.0,Chrna2-Cre_OE25;Ai14-367172,F,P60,VISp2/3,657185299.0,SM-GE8ZC_S113_E1-50,RSC-141,CS180626100006,Lamp5 Lsp1,both,True,True,True,Lamp5,Lamp5,True,Lamp5
657194483,359,P8S4_180112_355_A01,Lamp5 Lsp1,5,#FFA388,Core,1.0,359,1.0,both,True,367208.0,Nos1-CreERT2;Ai14-367208,F,P58,VISp1,657194465.0,SM-GE8ZC_S121_E1-50,RSC-141,CS180626100006,Lamp5 Lsp1,both,True,True,True,Lamp5,Lamp5,True,Lamp5
657304069,360,PAS4_180115_451_A01,Sncg Vip Itih5,10,#6C00BF,I2,1.0,360,1.0,both,True,368658.0,Htr3a-Cre_NO152;Ai14-368658,M,P55,VISal2/3,657303920.0,SM-GE8ZC_S134_E1-50,RSC-141,CS180626100011,Sncg Vip Itih5,both,True,True,True,Sncg,Sncg,True,Sncg
657346185,361,PAS4_180115_452_A01,Pvalb Reln Tac1,57,#D6221D,I2,1.0,361,1.0,both,True,368658.0,Htr3a-Cre_NO152;Ai14-368658,M,P55,VISp5,657346133.0,SM-GE8ZC_S135_E1-50,RSC-141,CS180626100057,Pvalb Reln Tac1,both,True,True,True,Pvalb,Pvalb,True,Pvalb
657366321,362,P9S4_180115_402_A01,Sst Tac2 Tacstd2,46,#BF8219,I1,1.0,362,1.0,both,True,368770.0,Sst-IRES-Cre;Ai14-368770,M,P56,VISp5,657366300.0,SM-GE8ZC_S138_E1-50,RSC-141,CS180626100047,Sst Tac2 Tacstd2,both,True,True,True,Sst,Sst,True,Sst
657382503,363,PAS4_180115_456_A01,Vip Arhgap36 Hmcn1,18,#9189FF,I1,1.0,363,1.0,both,True,368553.0,Vip-IRES-Cre;Ai14-368553,M,P56,VISp5,657382488.0,SM-GE8ZC_S133_E1-50,RSC-141,CS180626100017,Vip Arhgap36 Hmcn1,both,True,True,True,Vip,Vip,True,Vip
657442490,364,PAS4_180116_452_A01,Sst Hpse Sema3c,41,#BF9F00,Core,1.0,364,1.0,both,True,368771.0,Sst-IRES-Cre;Ai14-368771,M,P57,VISp5,657442453.0,SM-GE8ZC_S140_E1-50,RSC-141,CS180626100042,Sst Hpse Sema3c,both,True,True,True,Sst,Sst,True,Sst
657454163,365,PAS4_180116_453_A01,Sst Hpse Cbln4,42,#806B19,Core,1.0,365,1.0,both,True,368771.0,Sst-IRES-Cre;Ai14-368771,M,P57,VISp4,657454030.0,SM-GE8ZC_S141_E1-50,RSC-141,CS180626100043,Sst Hpse Cbln4,both,True,True,True,Sst,Sst,True,Sst
657532988,366,P9S4_180117_401_A01,Lamp5 Plch2 Dock5,4,#FF7290,I2,1.0,366,1.0,both,True,368853.0,Ndnf-IRES2-dgCre;Ai14-368853,F,P56,VISp1,657532766.0,SM-GE8ZI_S129_E1-50,RSC-142,CS180626100005,Lamp5 Plch2 Dock5,both,True,True,True,Lamp5,Lamp5,True,Lamp5
657585527,367,P9S4_180117_402_A01,Lamp5 Ntn1 Npy2r,3,#DD6091,Core,1.0,367,1.0,both,True,368853.0,Ndnf-IRES2-dgCre;Ai14-368853,F,P56,VISp1,657585506.0,SM-GE8ZI_S130_E1-50,RSC-142,CS180626100004,Lamp5 Ntn1 Npy2r,both,True,True,True,Lamp5,Lamp5,True,Lamp5
657660421,368,P8S4_180118_351_A01,Sst Hpse Cbln4,42,#806B19,Core,1.0,368,1.0,both,True,370041.0,Sst-IRES-Cre;Ai14-370041,F,P59,VISp5,657660406.0,SM-GE8ZI_S141_E1-50,RSC-142,CS180626100043,Sst Hpse Cbln4,both,True,True,True,Sst,Sst,True,Sst
657661669,369,P2S4_180118_051_A01,Sst Crhr2 Efemp1,43,#B95541,Core,1.0,369,1.0,both,True,370041.0,Sst-IRES-Cre;Ai14-370041,F,P59,VISp6a,657661654.0,SM-GE8ZI_S139_E1-50,RSC-142,CS180626100044,Sst Crhr2 Efemp1,both,True,True,True,Sst,Sst,True,Sst
657661984,370,PAS4_180118_451_A01,Sst Hpse Cbln4,42,#806B19,Core,1.0,370,1.0,both,True,370041.0,Sst-IRES-Cre;Ai14-370041,F,P59,VISp5,657661969.0,SM-GE8ZI_S146_E1-50,RSC-142,CS180626100043,Sst Hpse Cbln4,both,True,True,True,Sst,Sst,True,Sst
657673212,371,PAS4_180118_452_A01,Sst Calb2 Pdlim5,34,#CC6D3D,Core,1.0,371,1.0,both,True,370041.0,Sst-IRES-Cre;Ai14-370041,F,P59,VISl4,657673197.0,SM-GE8ZI_S147_E1-50,RSC-142,CS180626100035,Sst Calb2 Pdlim5,both,True,True,True,Sst,Sst,True,Sst
657675788,372,P8S4_180118_353_A01,Sst Rxfp1 Prdm8,48,#802600,I1,1.0,372,1.0,both,True,370041.0,Sst-IRES-Cre;Ai14-370041,F,P59,VISp5,657675772.0,SM-GE8ZI_S143_E1-50,RSC-142,CS180626100049,Sst Rxfp1 Prdm8,both,True,True,True,Sst,Sst,True,Sst
657676265,373,P2S4_180118_052_A01,Sst Calb2 Necab1,33,#BF480D,I2,1.0,373,1.0,both,True,370041.0,Sst-IRES-Cre;Ai14-370041,F,P59,VISp5,657676250.0,SM-GE8ZI_S140_E1-50,RSC-142,CS180626100035,Sst Calb2 Pdlim5,both,True,True,False,Sst,Sst,True,Sst
657725630,374,PAS4_180118_454_A01,Vip Ptprt Pkp2,20,#FF00FF,Core,1.0,374,1.0,both,True,367634.0,Chat-IRES-Cre-neo;Ai14-367634,M,9 wks,VISpm5,657725615.0,SM-GE8ZI_S136_E1-50,RSC-142,CS180626100021,Vip Ptprt Pkp2,both,True,True,True,Vip,Vip,True,Vip
657727121,375,PAS4_180118_455_A01,Vip Rspo4 Rxfp1 Chat,21,#AF00E6,Core,1.0,375,1.0,both,True,367634.0,Chat-IRES-Cre-neo;Ai14-367634,M,9 wks,VISp2/3,657727106.0,SM-GE8ZI_S137_E1-50,RSC-142,CS180626100022,Vip Rspo4 Rxfp1 Chat,both,True,True,True,Vip,Vip,True,Vip
657830169,376,P8S4_180119_351_A01,Sst Hpse Sema3c,41,#BF9F00,I1,1.0,376,1.0,both,True,368545.0,Sst-IRES-Cre;Ai14-368545,M,P60,VISp4,657830135.0,SM-GE8ZI_S155_E1-50,RSC-142,CS180626100042,Sst Hpse Sema3c,both,True,True,True,Sst,Sst,True,Sst
657857340,377,P2S4_180119_052_A01,Sst Calb2 Necab1,33,#BF480D,I1,1.0,377,1.0,both,True,368545.0,Sst-IRES-Cre;Ai14-368545,M,P60,VISl5,657857325.0,SM-GE8ZI_S151_E1-50,RSC-142,CS180626100034,Sst Calb2 Necab1,both,True,True,True,Sst,Sst,True,Sst
657857431,378,P8S4_180119_354_A01,Sst Hpse Cbln4,42,#806B19,Core,1.0,378,1.0,both,True,368545.0,Sst-IRES-Cre;Ai14-368545,M,P60,VISp5,657857413.0,SM-GE8ZI_S158_E1-50,RSC-142,CS180626100043,Sst Hpse Cbln4,both,True,True,True,Sst,Sst,True,Sst
657857908,379,PBS4_180119_501_A01,Sst Nts,49,#A81111,I2,1.0,379,1.0,both,True,368545.0,Sst-IRES-Cre;Ai14-368545,M,P60,VISp5,657857851.0,SM-GE8ZI_S162_E1-50,RSC-142,CS180626100050,Sst Nts,both,True,True,True,Sst,Sst,True,Sst
657858349,380,P2S4_180119_053_A01,Sst Myh8 Etv1 ,36,#D6C300,Core,1.0,380,1.0,both,True,368545.0,Sst-IRES-Cre;Ai14-368545,M,P60,VISli5,657858334.0,SM-GE8ZI_S152_E1-50,RSC-142,CS180626100037,Sst Myh8 Etv1 ,both,True,True,True,Sst,Sst,True,Sst
657858379,381,PBS4_180119_502_A01,Sst Myh8 Etv1 ,36,#D6C300,Core,1.0,381,1.0,both,True,368545.0,Sst-IRES-Cre;Ai14-368545,M,P60,VISp4,657858364.0,SM-GE8ZI_S163_E1-50,RSC-142,CS180626100037,Sst Myh8 Etv1 ,both,True,True,True,Sst,Sst,True,Sst
657859005,382,PBS4_180119_503_A01,Sst Calb2 Pdlim5,34,#CC6D3D,I2,1.0,382,1.0,both,True,368545.0,Sst-IRES-Cre;Ai14-368545,M,P60,VISp5,657858990.0,SM-GE8ZI_S164_E1-50,RSC-142,CS180626100043,Sst Hpse Cbln4,both,True,True,False,Sst,Sst,True,Sst
657859611,383,P9S4_180119_401_A01,Pvalb Gabrg1,50,#ED4C50,Core,1.0,383,1.0,both,True,363501.0,Th-Cre_FI172;Ai14-363501,M,P87,VISp6a,657859595.0,SM-GE8ZI_S160_E1-50,RSC-142,CS180626100051,Pvalb Gabrg1,both,True,True,True,Pvalb,Pvalb,True,Pvalb
657860437,384,P8S4_180119_355_A01,Pvalb Gabrg1,50,#ED4C50,Core,1.0,384,1.0,both,True,363501.0,Th-Cre_FI172;Ai14-363501,M,P87,VISp5,657860422.0,SM-GE8ZI_S159_E1-50,RSC-142,CS180626100051,Pvalb Gabrg1,both,True,True,True,Pvalb,Pvalb,True,Pvalb
657862091,385,P2S4_180119_055_A01,Pvalb Reln Tac1,57,#D6221D,I2,1.0,385,1.0,both,True,363501.0,Th-Cre_FI172;Ai14-363501,M,P87,VISp5,657862061.0,SM-GE8ZI_S154_E1-50,RSC-142,CS180626100057,Pvalb Reln Tac1,both,True,True,True,Pvalb,Pvalb,True,Pvalb
657926526,386,P8S4_180122_351_A01,Pvalb Sema3e Kank4,54,#C94545,I2,1.0,386,1.0,both,True,365757.0,Slc17a8-IRES2-Cre;Slc32a1-IRES2-FlpO-365757-Ai65,F,P77,VISp6a,657926504.0,SM-GE8ZI_S172_E1-50,RSC-142,CS180626100055,Pvalb Sema3e Kank4,both,True,True,True,Pvalb,Pvalb,True,Pvalb
657926790,387,P9S4_180122_402_A01,Pvalb Sema3e Kank4,54,#C94545,Core,1.0,387,1.0,both,True,365757.0,Slc17a8-IRES2-Cre;Slc32a1-IRES2-FlpO-365757-Ai65,F,P77,VISli5,657926775.0,SM-GE8ZI_S180_E1-50,RSC-142,CS180626100055,Pvalb Sema3e Kank4,both,True,True,True,Pvalb,Pvalb,True,Pvalb
657945461,388,P8S4_180122_354_A01,Lamp5 Lsp1,5,#FFA388,Core,1.0,388,1.0,both,True,368860.0,Htr3a-Cre_NO152;Ai14-368860,M,P61,VISp1,657945350.0,SM-GE8ZI_S175_E1-50,RSC-142,CS180626100006,Lamp5 Lsp1,both,True,True,True,Lamp5,Lamp5,True,Lamp5
657959108,389,P2S4_180122_051_A01,Pvalb Reln Tac1,57,#D6221D,I2,1.0,389,1.0,both,True,365757.0,Slc17a8-IRES2-Cre;Slc32a1-IRES2-FlpO-365757-Ai65,F,P77,VISp5,657959093.0,SM-GE8ZI_S166_E1-50,RSC-142,CS180626100058,Pvalb Reln Itm2a,both,True,True,False,Pvalb,Pvalb,True,Pvalb
657959536,390,PAS4_180122_452_A01,Vip Crispld2 Kcne4,27,#AD589A,I2,1.0,390,1.0,both,True,368860.0,Htr3a-Cre_NO152;Ai14-368860,M,P61,VISp2/3,657959521.0,SM-GE8ZI_S186_E1-50,RSC-142,CS180626100028,Vip Crispld2 Kcne4,both,True,True,True,Vip,Vip,True,Vip
657966095,391,P2S4_180122_052_A01,Pvalb Akr1c18 Ntf3,53,#FF4343,Core,1.0,391,1.0,both,True,365757.0,Slc17a8-IRES2-Cre;Slc32a1-IRES2-FlpO-365757-Ai65,F,P77,VISl6a,657965964.0,SM-GE8ZI_S167_E1-50,RSC-142,CS180626100053,Pvalb Akr1c18 Ntf3,both,True,True,True,Pvalb,Pvalb,True,Pvalb
657982828,392,P8S4_180122_355_A01,Sst Mme Fam114a1,30,#FFBB33,I2,1.0,392,1.0,both,True,370362.0,Tac1-IRES2-Cre;Sst-IRES-FlpO;Ai65-370362,F,P53,VISpm2/3,657982813.0,SM-GE8ZI_S176_E1-50,RSC-142,CS180626100034,Sst Calb2 Necab1,both,True,True,False,Sst,Sst,True,Sst
657983207,393,P9S4_180122_405_A01,Sst Hpse Cbln4,42,#806B19,I2,1.0,393,1.0,both,True,368549.0,Sst-IRES-Cre;Ai14-368549,F,P63,VISpm6a,657983192.0,SM-GE8ZI_S183_E1-50,RSC-142,CS180626100043,Sst Hpse Cbln4,both,True,True,True,Sst,Sst,True,Sst
657984445,394,P8S4_180122_356_A01,Sst Calb2 Necab1,33,#BF480D,I1,1.0,394,1.0,both,True,370362.0,Tac1-IRES2-Cre;Sst-IRES-FlpO;Ai65-370362,F,P53,VISp2/3,657984430.0,SM-GE8ZI_S177_E1-50,RSC-142,,,both,True,False,,Sst,,,Sst
657984709,395,PBS4_180122_502_A01,Pvalb Th Sst,51,#FF2F7E,Core,1.0,395,1.0,both,True,370362.0,Tac1-IRES2-Cre;Sst-IRES-FlpO;Ai65-370362,F,P53,VISpm6a,657984692.0,SM-GE8ZI_S189_E1-50,RSC-142,CS180626100052,Pvalb Th Sst,both,True,True,True,Pvalb,Pvalb,True,Pvalb
657985196,396,P2S4_180122_053_A01,Sst Rxfp1 Eya1,47,#994C00,Core,1.0,396,1.0,both,True,368860.0,Htr3a-Cre_NO152;Ai14-368860,M,P61,VISp6a,657985170.0,SM-GE8ZI_S168_E1-50,RSC-142,CS180626100048,Sst Rxfp1 Eya1,both,True,True,True,Sst,Sst,True,Sst
657985245,397,PAS4_180122_453_A01,Sst Hpse Cbln4,42,#806B19,I1,1.0,397,1.0,both,True,368549.0,Sst-IRES-Cre;Ai14-368549,F,P63,VISp5,657985225.0,SM-GE8ZI_S187_E1-50,RSC-142,CS180626100043,Sst Hpse Cbln4,both,True,True,True,Sst,Sst,True,Sst
657986352,398,P8S4_180122_357_A01,Sst Calb2 Pdlim5,34,#CC6D3D,Core,1.0,398,1.0,both,True,368549.0,Sst-IRES-Cre;Ai14-368549,F,P63,VISpm2/3,657986202.0,SM-GE8ZI_S178_E1-50,RSC-142,CS180626100035,Sst Calb2 Pdlim5,both,True,True,True,Sst,Sst,True,Sst
657999088,399,PBS4_180122_503_A01,Sst Calb2 Pdlim5,34,#CC6D3D,Core,1.0,399,1.0,both,True,368549.0,Sst-IRES-Cre;Ai14-368549,F,P63,VISpm2/3,657998962.0,SM-GE8ZI_S190_E1-50,RSC-142,CS180626100035,Sst Calb2 Pdlim5,both,True,True,True,Sst,Sst,True,Sst
658012080,400,P2S4_180122_054_A01,Sst Crhr2 Efemp1,43,#B95541,I1,1.0,400,1.0,both,True,370362.0,Tac1-IRES2-Cre;Sst-IRES-FlpO;Ai65-370362,F,P53,VISp6a,658011933.0,SM-GE8ZI_S169_E1-50,RSC-142,CS180626100044,Sst Crhr2 Efemp1,both,True,True,True,Sst,Sst,True,Sst
658019448,401,P2S4_180122_055_A01,Sst Tac1 Htr1d,31,#804811,I3,1.0,401,1.0,both,True,368549.0,Sst-IRES-Cre;Ai14-368549,F,P63,VISpm2/3,658019433.0,SM-GE8ZI_S170_E1-50,RSC-142,CS180626100033,Sst Tac1 Tacr3,both,True,True,False,Sst,Sst,True,Sst
658061248,402,P9S4_180123_401_A01,Lamp5 Plch2 Dock5,4,#FF7290,Core,1.0,402,1.0,both,True,368761.0,Ndnf-IRES2-dgCre;Slc32a1-IRES2-FlpO;Ai65-368761,M,P62,VISp2/3,658061092.0,SM-GE67R_S003_E1-50,RSC-143,CS180626100005,Lamp5 Plch2 Dock5,both,True,True,True,Lamp5,Lamp5,True,Lamp5
658068133,403,PAS4_180123_451_A01,Lamp5 Ntn1 Npy2r,3,#DD6091,Core,1.0,403,1.0,both,True,368761.0,Ndnf-IRES2-dgCre;Slc32a1-IRES2-FlpO;Ai65-368761,M,P62,VISp1,658068074.0,SM-GE67R_S008_E1-50,RSC-143,CS180626100004,Lamp5 Ntn1 Npy2r,both,True,True,True,Lamp5,Lamp5,True,Lamp5
658075752,404,PAS4_180123_452_A01,Lamp5 Fam19a1 Tmem182,2,#FFB8CE,Core,1.0,404,1.0,both,True,368761.0,Ndnf-IRES2-dgCre;Slc32a1-IRES2-FlpO;Ai65-368761,M,P62,VISp1,658075737.0,SM-GE67R_S009_E1-50,RSC-143,CS180626100003,Lamp5 Fam19a1 Tmem182,both,True,True,True,Lamp5,Lamp5,True,Lamp5
658089840,405,PBS4_180123_501_A01,Lamp5 Ntn1 Npy2r,3,#DD6091,Core,1.0,405,1.0,both,True,368761.0,Ndnf-IRES2-dgCre;Slc32a1-IRES2-FlpO;Ai65-368761,M,P62,VISp1,658089732.0,SM-GE67R_S012_E1-50,RSC-143,CS180626100004,Lamp5 Ntn1 Npy2r,both,True,True,True,Lamp5,Lamp5,True,Lamp5
658097786,406,P9S4_180123_404_A01,Lamp5 Plch2 Dock5,4,#FF7290,Core,1.0,406,1.0,both,True,368861.0,Htr3a-Cre_NO152;Ai14-368861,F,P62,VISp2/3,658097733.0,SM-GE67R_S006_E1-50,RSC-143,CS180626100005,Lamp5 Plch2 Dock5,both,True,True,True,Lamp5,Lamp5,True,Lamp5
658103346,407,P9S4_180123_405_A01,Lamp5 Lsp1,5,#FFA388,Core,1.0,407,1.0,both,True,368861.0,Htr3a-Cre_NO152;Ai14-368861,F,P62,VISp1,658103317.0,SM-GE67R_S007_E1-50,RSC-143,CS180626100006,Lamp5 Lsp1,both,True,True,True,Lamp5,Lamp5,True,Lamp5
658124114,408,PAS4_180123_453_A01,Lamp5 Lsp1,5,#FFA388,Core,1.0,408,1.0,both,True,368861.0,Htr3a-Cre_NO152;Ai14-368861,F,P62,VISp4,658124099.0,SM-GE67R_S010_E1-50,RSC-143,CS180626100006,Lamp5 Lsp1,both,True,True,True,Lamp5,Lamp5,True,Lamp5
658139545,409,PAS4_180123_454_A01,Vip Chat Htr1f,24,#FF4DC1,I2,1.0,409,1.0,both,True,368861.0,Htr3a-Cre_NO152;Ai14-368861,F,P62,VISp2/3,658139530.0,SM-GE67R_S011_E1-50,RSC-143,CS180626100025,Vip Chat Htr1f,both,True,True,True,Vip,Vip,True,Vip
658139862,410,P2S4_180123_052_A01,Vip Rspo4 Rxfp1 Chat,21,#AF00E6,Core,1.0,410,1.0,both,True,370735.0,Vip-IRES-Cre;Ai14-370735,M,P52,VISp2/3,658139847.0,SM-GE67R_S002_E1-50,RSC-143,CS180626100022,Vip Rspo4 Rxfp1 Chat,both,True,True,True,Vip,Vip,True,Vip
658279826,411,P8S4_180124_351_A01,Pvalb Tpbg,58,#AF3F64,Core,1.0,411,1.0,both,True,370680.0,Oxtr-T2A-Cre;Pvalb-T2A-FlpO;Ai65-370680,F,P53,VISp2/3,658279693.0,SM-GE67R_S013_E1-50,RSC-143,CS180626100059,Pvalb Tpbg,both,True,True,True,Pvalb,Pvalb,True,Pvalb
658411218,412,P9S4_180124_404_A01,Lamp5 Lsp1,5,#FFA388,Core,1.0,412,1.0,both,True,368862.0,Htr3a-Cre_NO152;Ai14-368862,F,P63,VISp2/3,658411125.0,SM-GE67R_S023_E1-50,RSC-143,CS180626100006,Lamp5 Lsp1,both,True,True,True,Lamp5,Lamp5,True,Lamp5
658414952,413,PAS4_180124_452_A01,Sst Tac2 Tacstd2,46,#BF8219,I2,1.0,413,1.0,both,True,368862.0,Htr3a-Cre_NO152;Ai14-368862,F,P63,VISp5,658414884.0,SM-GE67R_S027_E1-50,RSC-143,CS180626100049,Sst Rxfp1 Prdm8,both,True,True,False,Sst,Sst,True,Sst
658418858,414,P8S4_180124_352_A01,Pvalb Sema3e Kank4,54,#C94545,Core,1.0,414,1.0,both,True,370501.0,Pvalb-IRES-Cre;Ai14-370501,M,P54,VISp6a,658418771.0,SM-GE67R_S014_E1-50,RSC-143,CS180626100055,Pvalb Sema3e Kank4,both,True,True,True,Pvalb,Pvalb,True,Pvalb
658424080,415,P9S4_180124_405_A01,Lamp5 Plch2 Dock5,4,#FF7290,Core,1.0,415,1.0,both,True,368863.0,Htr3a-Cre_NO152;Ai14-368863,F,P63,VISp1,658424064.0,SM-GE67R_S024_E1-50,RSC-143,CS180626100005,Lamp5 Plch2 Dock5,both,True,True,True,Lamp5,Lamp5,True,Lamp5
658435131,416,P9S4_180124_406_A01,Lamp5 Lsp1,5,#FFA388,Core,1.0,416,1.0,both,True,368863.0,Htr3a-Cre_NO152;Ai14-368863,F,P63,VISp6a,658435036.0,SM-GE67R_S025_E1-50,RSC-143,CS180626100006,Lamp5 Lsp1,both,True,True,True,Lamp5,Lamp5,True,Lamp5
658441785,417,P8S4_180124_354_A01,Lamp5 Lsp1,5,#FFA388,Core,1.0,417,1.0,both,True,368863.0,Htr3a-Cre_NO152;Ai14-368863,F,P63,VISp6a,658441713.0,SM-GE67R_S016_E1-50,RSC-143,CS180626100006,Lamp5 Lsp1,both,True,True,True,Lamp5,Lamp5,True,Lamp5
658447323,418,PBS4_180124_503_A01,Vip Rspo1 Itga4,23,#B3128A,I1,1.0,418,1.0,both,True,368863.0,Htr3a-Cre_NO152;Ai14-368863,F,P63,VISp2/3,658447176.0,SM-GE67R_S032_E1-50,RSC-143,CS180626100024,Vip Rspo1 Itga4,both,True,True,True,Vip,Vip,True,Vip
658448573,419,PAS4_180124_454_A01,Vip Pygm C1ql1,25,#BD3D9A,Core,1.0,419,1.0,both,True,368862.0,Htr3a-Cre_NO152;Ai14-368862,F,P63,VISp2/3,658448505.0,SM-GE67R_S029_E1-50,RSC-143,CS180626100026,Vip Pygm C1ql1,both,True,True,True,Vip,Vip,True,Vip
658448683,420,P8S4_180124_355_A01,Vip Rspo4 Rxfp1 Chat,21,#AF00E6,Core,1.0,420,1.0,both,True,368863.0,Htr3a-Cre_NO152;Ai14-368863,F,P63,VISp2/3,658448625.0,SM-GE67R_S017_E1-50,RSC-143,CS180626100022,Vip Rspo4 Rxfp1 Chat,both,True,True,True,Vip,Vip,True,Vip
658470462,421,P8S4_180124_356_A01,Sst Rxfp1 Prdm8,48,#802600,Core,1.0,421,1.0,both,True,368863.0,Htr3a-Cre_NO152;Ai14-368863,F,P63,VISp6a,658470447.0,SM-GE67R_S018_E1-50,RSC-143,CS180626100049,Sst Rxfp1 Prdm8,both,True,True,True,Sst,Sst,True,Sst
658477694,422,P8S4_180124_357_A01,Lamp5 Lsp1,5,#FFA388,Core,1.0,422,1.0,both,True,368863.0,Htr3a-Cre_NO152;Ai14-368863,F,P63,VISp5,658477679.0,SM-GE67R_S019_E1-50,RSC-143,CS180626100006,Lamp5 Lsp1,both,True,True,True,Lamp5,Lamp5,True,Lamp5
658603337,423,P8S4_180125_352_A01,Pvalb Tpbg,58,#AF3F64,I1,1.0,423,1.0,both,True,370683.0,Oxtr-T2A-Cre;Pvalb-T2A-FlpO;Ai65-370683,F,P54,VISp2/3,658603234.0,SM-GE67R_S035_E1-50,RSC-143,CS180626100058,Pvalb Reln Itm2a,both,True,True,False,Pvalb,Pvalb,True,Pvalb
658603411,424,P9S4_180125_402_A01,Lamp5 Plch2 Dock5,4,#FF7290,I2,1.0,424,1.0,both,True,368864.0,Htr3a-Cre_NO152;Ai14-368864,F,P64,VISp1,658603357.0,SM-GE67R_S037_E1-50,RSC-143,CS180626100006,Lamp5 Lsp1,both,True,True,False,Lamp5,Lamp5,True,Lamp5
658604834,425,P9S4_180125_403_A01,Lamp5 Lsp1,5,#FFA388,Core,1.0,425,1.0,both,True,368864.0,Htr3a-Cre_NO152;Ai14-368864,F,P64,VISl2/3,658604757.0,SM-GE67R_S038_E1-50,RSC-143,CS180626100006,Lamp5 Lsp1,both,True,True,True,Lamp5,Lamp5,True,Lamp5
658616147,426,P2S4_180125_051_A01,Pvalb Tpbg,58,#AF3F64,Core,1.0,426,1.0,both,True,370683.0,Oxtr-T2A-Cre;Pvalb-T2A-FlpO;Ai65-370683,F,P54,VISp2/3,658615973.0,SM-GE67R_S033_E1-50,RSC-143,CS180626100059,Pvalb Tpbg,both,True,True,True,Pvalb,Pvalb,True,Pvalb
658951514,427,P2S4_180126_051_A01,Sst Tac1 Htr1d,31,#804811,I1,1.0,427,1.0,both,True,370361.0,Tac1-IRES2-Cre;Sst-IRES-FlpO;Ai65-370361,F,P57,VISp2/3,658951026.0,SM-GE67R_S042_E1-50,RSC-143,CS180626100032,Sst Tac1 Htr1d,both,True,True,True,Sst,Sst,True,Sst
659012847,428,P9S4_180126_401_A01,Pvalb Calb1 Sst,52,#BC2B11,I1,1.0,428,1.0,both,True,370361.0,Tac1-IRES2-Cre;Sst-IRES-FlpO;Ai65-370361,F,P57,VISp6a,659012659.0,SM-GE67R_S048_E1-50,RSC-143,CS180626100054,Pvalb Calb1 Sst,both,True,True,True,Pvalb,Pvalb,True,Pvalb
659056830,429,P2S4_180126_052_A01,Vip Lect1 Oxtr,22,#FF00B3,Core,1.0,429,1.0,both,True,370739.0,Vip-IRES-Cre;Ai14-370739,F,P55,VISp2/3,659056468.0,SM-GE67R_S043_E1-50,RSC-143,CS180626100023,Vip Lect1 Oxtr,both,True,True,True,Vip,Vip,True,Vip
659112983,430,P9S4_180126_403_A01,Serpinf1 Aqp5 Vip,12,#CA66FF,I1,1.0,430,1.0,both,True,368865.0,Htr3a-Cre_NO152;Ai14-368865,F,P65,VISp2/3,659112940.0,SM-GE67S_S098_E1-50,RSC-143,CS180626100013,Serpinf1 Aqp5 Vip,both,True,True,True,Serpinf1,Serpinf1,True,Serpinf1
659134440,431,P9S4_180126_404_A01,Vip Lmo1 Myl1,16,#9FAAFF,I1,1.0,431,1.0,both,True,370736.0,Vip-IRES-Cre;Ai14-370736,M,P55,VISpm2/3,659134425.0,SM-GE67S_S099_E1-50,RSC-143,CS180626100020,Vip Lmo1 Myl1,both,True,True,True,Vip,Vip,True,Vip
659141131,432,P9S4_180126_405_A01,Vip Igfbp4 Mab21l1,17,#533691,Core,1.0,432,1.0,both,True,370736.0,Vip-IRES-Cre;Ai14-370736,M,P55,VISp6a,659141091.0,SM-GE67S_S100_E1-50,RSC-143,CS180626100016,Vip Igfbp4 Mab21l1,both,True,True,True,Vip,Vip,True,Vip
659147142,433,P2S4_180126_053_A01,Lamp5 Plch2 Dock5,4,#FF7290,Core,1.0,433,1.0,both,True,368865.0,Htr3a-Cre_NO152;Ai14-368865,F,P65,VISp2/3,659147050.0,SM-GE67R_S044_E1-50,RSC-143,CS180626100005,Lamp5 Plch2 Dock5,both,True,True,True,Lamp5,Lamp5,True,Lamp5
659280391,434,P9S4_180129_402_A01,Sst Chodl,29,#FFFF00,Core,1.0,434,1.0,both,True,372260.0,Nos1-CreERT2;Sst-IRES-FlpO;Ai65-372260,M,P49,VISp5,659280225.0,SM-GE67S_S111_E1-50,RSC-143,CS180626100030,Sst Chodl,both,True,True,True,Sst,Sst,True,Sst
659389644,435,P1S4_180129_002_A01,Sst Nr2f2 Necab1,35,#FFDF11,I2,1.0,435,1.0,both,True,372545.0,Sst-IRES-Cre;Ai14-372545,M,P48,VISp5,659389532.0,SM-GE67S_S103_E1-50,RSC-143,CS180626100036,Sst Nr2f2 Necab1,both,True,True,True,Sst,Sst,True,Sst
659405820,436,P1S4_180129_003_A01,Sst Crhr2 Efemp1,43,#B95541,Core,1.0,436,1.0,both,True,372545.0,Sst-IRES-Cre;Ai14-372545,M,P48,VISp5,659405775.0,SM-GE67S_S104_E1-50,RSC-143,CS180626100044,Sst Crhr2 Efemp1,both,True,True,True,Sst,Sst,True,Sst
659405868,437,P9S4_180129_404_A01,Sst Chodl,29,#FFFF00,Core,1.0,437,1.0,both,True,372545.0,Sst-IRES-Cre;Ai14-372545,M,P48,VISp2/3,659405835.0,SM-GE67S_S113_E1-50,RSC-143,CS180626100030,Sst Chodl,both,True,True,True,Sst,Sst,True,Sst
659413418,438,P1S4_180129_004_A01,Sst Hpse Cbln4,42,#806B19,Core,1.0,438,1.0,both,True,372545.0,Sst-IRES-Cre;Ai14-372545,M,P48,VISp4,659413377.0,SM-GE67S_S105_E1-50,RSC-143,CS180626100043,Sst Hpse Cbln4,both,True,True,True,Sst,Sst,True,Sst
659413500,439,P9S4_180129_405_A01,Sst Tac1 Tacr3,32,#B06411,I2,1.0,439,1.0,both,True,372545.0,Sst-IRES-Cre;Ai14-372545,M,P48,VISp5,659413451.0,SM-GE67S_S114_E1-50,RSC-143,CS180626100033,Sst Tac1 Tacr3,both,True,True,True,Sst,Sst,True,Sst
659430821,440,P2S4_180129_052_A01,Sst Hpse Cbln4,42,#806B19,Core,1.0,440,1.0,both,True,372545.0,Sst-IRES-Cre;Ai14-372545,M,P48,VISp4,659430757.0,SM-GE67S_S108_E1-50,RSC-143,CS180626100043,Sst Hpse Cbln4,both,True,True,True,Sst,Sst,True,Sst
659436153,441,PAS4_180129_452_A01,Vip Ptprt Pkp2,20,#FF00FF,Core,1.0,441,1.0,both,True,372433.0,Chat-IRES-Cre-neo;Ai14-372433,M,P48,VISp2/3,659436102.0,SM-GE67S_S116_E1-50,RSC-143,CS180626100021,Vip Ptprt Pkp2,both,True,True,True,Vip,Vip,True,Vip
659485385,442,P1S4_180129_005_A01,Sst Chodl,29,#FFFF00,Core,1.0,442,1.0,both,True,372545.0,Sst-IRES-Cre;Ai14-372545,M,P48,VISp6a,659485372.0,SM-GE67S_S106_E1-50,RSC-143,CS180626100030,Sst Chodl,both,True,True,True,Sst,Sst,True,Sst
659550641,443,P8S4_180130_351_A01,Sst Esm1,45,#C11331,Core,1.0,443,1.0,both,True,372546.0,Sst-IRES-Cre;Ai14-372546,F,P49,VISp6a,659550598.0,SM-GE67S_S123_E1-50,RSC-143,CS180626100046,Sst Esm1,both,True,True,True,Sst,Sst,True,Sst
659697295,444,P2S4_180130_051_A01,Lamp5 Lsp1,5,#FFA388,Core,1.0,444,1.0,both,True,372795.0,Htr3a-Cre_NO152;Ai14-372795,M,P47,VISp2/3,659697248.0,SM-GE67S_S119_E1-50,RSC-143,CS180626100006,Lamp5 Lsp1,both,True,True,True,Lamp5,Lamp5,True,Lamp5
659700506,445,P2S4_180130_052_A01,Lamp5 Plch2 Dock5,4,#FF7290,I2,1.0,445,1.0,both,True,372795.0,Htr3a-Cre_NO152;Ai14-372795,M,P47,VISl2/3,659700460.0,SM-GE67S_S120_E1-50,RSC-143,CS180626100005,Lamp5 Plch2 Dock5,both,True,True,True,Lamp5,Lamp5,True,Lamp5
659888858,446,P9S4_180131_401_A01,Sst Hpse Cbln4,42,#806B19,Core,1.0,446,1.0,both,True,372548.0,Sst-IRES-Cre;Ai14-372548,F,P50,VISp5,659888674.0,SM-GE67S_S141_E1-50,RSC-143,CS180626100043,Sst Hpse Cbln4,both,True,True,True,Sst,Sst,True,Sst
659922233,447,P1S4_180131_002_A01,Sst Mme Fam114a1,30,#FFBB33,I3,1.0,447,1.0,both,True,372548.0,Sst-IRES-Cre;Ai14-372548,F,P50,VISp2/3,659922144.0,SM-GE67S_S130_E1-50,RSC-143,CS180626100031,Sst Mme Fam114a1,both,True,True,True,Sst,Sst,True,Sst
659934473,448,P1S4_180131_003_A01,Sst Esm1,45,#C11331,Core,1.0,448,1.0,both,True,372548.0,Sst-IRES-Cre;Ai14-372548,F,P50,VISp5,659934206.0,SM-GE67S_S131_E1-50,RSC-143,CS180626100046,Sst Esm1,both,True,True,True,Sst,Sst,True,Sst
659960546,449,P8S4_180131_353_A01,Sst Rxfp1 Prdm8,48,#802600,I1,1.0,449,1.0,both,True,372548.0,Sst-IRES-Cre;Ai14-372548,F,P50,VISp6a,659960401.0,SM-GE67S_S138_E1-50,RSC-143,CS180626100049,Sst Rxfp1 Prdm8,both,True,True,True,Sst,Sst,True,Sst
660050258,450,PAS4_180131_452_A01,Sst Chrna2 Ptgdr,39,#FFB307,Core,1.0,450,1.0,both,True,373524.0,Pdyn-T2A-CreERT2;Ai14-373524,F,P47,VISp5,660050237.0,SM-GE67G_S097_E1-50,RSC-144,CS180626100040,Sst Chrna2 Ptgdr,both,True,True,True,Sst,Sst,True,Sst
660430219,451,P8S4_180201_351_A01,Vip Ptprt Pkp2,20,#FF00FF,Core,1.0,451,1.0,both,True,372437.0,Chat-IRES-Cre-neo;Ai14-372437,F,P51,VISpm2/3,660430133.0,SM-GE67G_S102_E1-50,RSC-144,CS180626100021,Vip Ptprt Pkp2,both,True,True,True,Vip,Vip,True,Vip
660454584,452,P1S4_180201_002_A01,Vip Ptprt Pkp2,20,#FF00FF,Core,1.0,452,1.0,both,True,372437.0,Chat-IRES-Cre-neo;Ai14-372437,F,P51,VISal5,660454432.0,SM-GE67G_S100_E1-50,RSC-144,CS180626100021,Vip Ptprt Pkp2,both,True,True,True,Vip,Vip,True,Vip
660704050,453,P1S4_180202_002_A01,Sst Hpse Sema3c,41,#BF9F00,I2,1.0,453,1.0,both,True,372549.0,Sst-IRES-Cre;Ai14-372549,F,P52,VISp4,660703911.0,SM-GE67G_S115_E1-50,RSC-144,CS180626100042,Sst Hpse Sema3c,both,True,True,True,Sst,Sst,True,Sst
660717471,454,P1S4_180202_003_A01,Sst Tac2 Myh4,40,#D9C566,I2,1.0,454,1.0,both,True,372549.0,Sst-IRES-Cre;Ai14-372549,F,P52,VISp5,660717311.0,SM-GE67G_S116_E1-50,RSC-144,CS180626100043,Sst Hpse Cbln4,both,True,True,False,Sst,Sst,True,Sst
660722612,455,PAS4_180202_452_A01,Sst Hpse Cbln4,42,#806B19,Core,1.0,455,1.0,both,True,372549.0,Sst-IRES-Cre;Ai14-372549,F,P52,VISp5,660722500.0,SM-GE67G_S126_E1-50,RSC-144,CS180626100043,Sst Hpse Cbln4,both,True,True,True,Sst,Sst,True,Sst
660722845,456,P8S4_180202_352_A01,Sst Chodl,29,#FFFF00,Core,1.0,456,1.0,both,True,372549.0,Sst-IRES-Cre;Ai14-372549,F,P52,VISp5,660722724.0,SM-GE67G_S122_E1-50,RSC-144,CS180626100030,Sst Chodl,both,True,True,True,Sst,Sst,True,Sst
660840807,457,P8S4_180202_354_A01,Sst Chrna2 Glra3,37,#FF9F2C,I1,1.0,457,1.0,both,True,372685.0,Chrna2-Cre_OE25;Ai14-372685,F,P51,VISp5,660840702.0,SM-GE67G_S124_E1-50,RSC-144,CS180626100039,Sst Chrna2 Glra3,both,True,True,True,Sst,Sst,True,Sst
660898270,458,P2S4_180202_053_A01,Vip Rspo4 Rxfp1 Chat,21,#AF00E6,Core,1.0,458,1.0,both,True,372438.0,Chat-IRES-Cre-neo;Ai14-372438,F,P52,VISp4,660898196.0,SM-GE67G_S120_E1-50,RSC-144,CS180626100022,Vip Rspo4 Rxfp1 Chat,both,True,True,True,Vip,Vip,True,Vip
661151042,459,P1S4_180205_001_A01,Sst Myh8 Etv1 ,36,#D6C300,Core,1.0,459,1.0,both,True,374736.0,Crh-IRES-Cre_ZJH;Sst-IRES-FlpO;Ai65-374736,M,P43,VISp5,661150905.0,SM-GE67K_S097_E1-50,RSC-144,CS180626100037,Sst Myh8 Etv1 ,both,True,True,True,Sst,Sst,True,Sst
661189529,460,P2S4_180205_051_A01,Sst Tac2 Tacstd2,46,#BF8219,Core,1.0,460,1.0,both,True,374736.0,Crh-IRES-Cre_ZJH;Sst-IRES-FlpO;Ai65-374736,M,P43,VISp5,661189412.0,SM-GE67K_S101_E1-50,RSC-144,CS180626100047,Sst Tac2 Tacstd2,both,True,True,True,Sst,Sst,True,Sst
661222942,461,P2S4_180205_052_A01,Sst Rxfp1 Eya1,47,#994C00,Core,1.0,461,1.0,both,True,374736.0,Crh-IRES-Cre_ZJH;Sst-IRES-FlpO;Ai65-374736,M,P43,VISp6a,661222753.0,SM-GE67K_S102_E1-50,RSC-144,CS180626100048,Sst Rxfp1 Eya1,both,True,True,True,Sst,Sst,True,Sst
661290272,462,P8S4_180205_353_A01,Vip Crispld2 Kcne4,27,#AD589A,Core,1.0,462,1.0,both,True,373812.0,Vip-IRES-Cre;Ai14-373812,F,P48,VISp2/3,661290215.0,SM-GE67K_S109_E1-50,RSC-144,CS180626100028,Vip Crispld2 Kcne4,both,True,True,True,Vip,Vip,True,Vip
661293762,463,P2S4_180205_054_A01,Vip Crispld2 Kcne4,27,#AD589A,Core,1.0,463,1.0,both,True,373812.0,Vip-IRES-Cre;Ai14-373812,F,P48,VISp2/3,661293560.0,SM-GE67K_S104_E1-50,RSC-144,CS180626100028,Vip Crispld2 Kcne4,both,True,True,True,Vip,Vip,True,Vip
661293861,464,PBS4_180205_505_A01,Vip Ptprt Pkp2,20,#FF00FF,Core,1.0,464,1.0,both,True,373623.0,Chat-IRES-Cre-neo;Ai14-373623,M,P48,VISl4,661293799.0,SM-GE67K_S119_E1-50,RSC-144,CS180626100021,Vip Ptprt Pkp2,both,True,True,True,Vip,Vip,True,Vip
661296298,465,P8S4_180205_355_A01,Vip Ptprt Pkp2,20,#FF00FF,Core,1.0,465,1.0,both,True,373623.0,Chat-IRES-Cre-neo;Ai14-373623,M,P48,VISp2/3,661296276.0,SM-GE67K_S111_E1-50,RSC-144,CS180626100021,Vip Ptprt Pkp2,both,True,True,True,Vip,Vip,True,Vip
661296728,466,P2S4_180205_055_A01,Vip Rspo4 Rxfp1 Chat,21,#AF00E6,I2,1.0,466,1.0,both,True,373623.0,Chat-IRES-Cre-neo;Ai14-373623,M,P48,VISp2/3,661296713.0,SM-GE67K_S105_E1-50,RSC-144,CS180626100022,Vip Rspo4 Rxfp1 Chat,both,True,True,True,Vip,Vip,True,Vip
661318431,467,P1S4_180206_001_A01,Sst Crh 4930553C11Rik ,44,#C77767,I1,1.0,467,1.0,both,True,374738.0,Crh-IRES-Cre_ZJH;Sst-IRES-FlpO;Ai65-374738,F,P44,VISp6a,661318304.0,SM-GE67K_S120_E1-50,RSC-144,CS180626100045,Sst Crh 4930553C11Rik ,both,True,True,True,Sst,Sst,True,Sst
661319074,468,PBS4_180205_501_A01,Sst Tac2 Tacstd2,46,#BF8219,I2,1.0,468,1.0,both,True,374736.0,Crh-IRES-Cre_ZJH;Sst-IRES-FlpO;Ai65-374736,M,P43,VISp6a,661318815.0,SM-GE67K_S115_E1-50,RSC-144,CS180626100047,Sst Tac2 Tacstd2,both,True,True,True,Sst,Sst,True,Sst
661354351,469,P1S4_180206_003_A01,Sst Tac2 Tacstd2,46,#BF8219,Core,1.0,469,1.0,both,True,374738.0,Crh-IRES-Cre_ZJH;Sst-IRES-FlpO;Ai65-374738,F,P44,VISp5,661354278.0,SM-GE67K_S122_E1-50,RSC-144,CS180626100047,Sst Tac2 Tacstd2,both,True,True,True,Sst,Sst,True,Sst
661390131,470,P2S4_180206_052_A01,Sst Rxfp1 Eya1,47,#994C00,I1,1.0,470,1.0,both,True,374738.0,Crh-IRES-Cre_ZJH;Sst-IRES-FlpO;Ai65-374738,F,P44,VISpl6a,661390101.0,SM-GE67K_S125_E1-50,RSC-144,CS180626100048,Sst Rxfp1 Eya1,both,True,True,True,Sst,Sst,True,Sst
661391859,471,PAS4_180206_452_A01,Vip Ptprt Pkp2,20,#FF00FF,Core,1.0,471,1.0,both,True,374839.0,Chat-IRES-Cre-neo;Ai14-374839,M,P43,VISp2/3,661391842.0,SM-GE67K_S137_E1-50,RSC-144,CS180626100021,Vip Ptprt Pkp2,both,True,True,True,Vip,Vip,True,Vip
661401154,472,P8S4_180206_354_A01,Sst Tac1 Htr1d,31,#804811,I2,1.0,472,1.0,both,True,374536.0,Oxtr-T2A-Cre;Ai14-374536,F,P45,VISp5,661401139.0,SM-GE67K_S133_E1-50,RSC-144,CS180626100033,Sst Tac1 Tacr3,both,True,True,False,Sst,Sst,True,Sst
661401628,473,PBS4_180206_502_A01,Lamp5 Lsp1,5,#FFA388,Core,1.0,473,1.0,both,True,374536.0,Oxtr-T2A-Cre;Ai14-374536,F,P45,VISp2/3,661401613.0,SM-GE67K_S141_E1-50,RSC-144,CS180626100006,Lamp5 Lsp1,both,True,True,True,Lamp5,Lamp5,True,Lamp5
661407806,474,P2S4_180206_053_A01,Vip Ptprt Pkp2,20,#FF00FF,Core,1.0,474,1.0,both,True,374836.0,Chat-IRES-Cre-neo;Ai14-374836,M,P43,VISp2/3,661407787.0,SM-GE67K_S126_E1-50,RSC-144,CS180626100021,Vip Ptprt Pkp2,both,True,True,True,Vip,Vip,True,Vip
661408488,475,PBS4_180206_503_A01,Sst Calb2 Pdlim5,34,#CC6D3D,I1,1.0,475,1.0,both,True,374536.0,Oxtr-T2A-Cre;Ai14-374536,F,P45,VISp2/3,661408473.0,SM-GE67K_S142_E1-50,RSC-144,CS180626100035,Sst Calb2 Pdlim5,both,True,True,True,Sst,Sst,True,Sst
661409627,476,P2S4_180206_054_A01,Vip Ptprt Pkp2,20,#FF00FF,Core,1.0,476,1.0,both,True,374836.0,Chat-IRES-Cre-neo;Ai14-374836,M,P43,VISp4,661409612.0,SM-GE67K_S127_E1-50,RSC-144,CS180626100021,Vip Ptprt Pkp2,both,True,True,True,Vip,Vip,True,Vip
661411305,477,P8S4_180206_356_A01,Vip Ptprt Pkp2,20,#FF00FF,Core,1.0,477,1.0,both,True,374836.0,Chat-IRES-Cre-neo;Ai14-374836,M,P43,VISp2/3,661411290.0,SM-GE67K_S135_E1-50,RSC-144,CS180626100021,Vip Ptprt Pkp2,both,True,True,True,Vip,Vip,True,Vip
661422439,478,P2S4_180206_055_A01,Vip Ptprt Pkp2,20,#FF00FF,Core,1.0,478,1.0,both,True,374837.0,Chat-IRES-Cre-neo;Ai14-374837,M,P43,VISp4,661422424.0,SM-GE67K_S128_E1-50,RSC-144,CS180626100021,Vip Ptprt Pkp2,both,True,True,True,Vip,Vip,True,Vip
661422469,479,PBS4_180206_505_A01,Lamp5 Ntn1 Npy2r,3,#DD6091,I2,1.0,479,1.0,both,True,374536.0,Oxtr-T2A-Cre;Ai14-374536,F,P45,VISp2/3,661422454.0,SM-GE67K_S144_E1-50,RSC-144,CS180626100005,Lamp5 Plch2 Dock5,both,True,True,False,Lamp5,Lamp5,True,Lamp5
661423720,480,P2S4_180206_056_A01,Vip Ptprt Pkp2,20,#FF00FF,I1,1.0,480,1.0,both,True,374837.0,Chat-IRES-Cre-neo;Ai14-374837,M,P43,VISp2/3,661423705.0,SM-GE67K_S129_E1-50,RSC-144,CS180626100021,Vip Ptprt Pkp2,both,True,True,True,Vip,Vip,True,Vip
661479403,481,P8S4_180207_351_A01,Vip Crispld2 Htr2c,26,#882E81,I3,1.0,481,1.0,both,True,374537.0,Oxtr-T2A-Cre;Ai14-374537,F,P46,VISp2/3,661479337.0,SM-GE67B_S148_E1-50,RSC-145,CS180626100023,Vip Lect1 Oxtr,both,True,True,False,Vip,Vip,True,Vip
661482333,482,P1S4_180207_001_A01,Sst Calb2 Pdlim5,34,#CC6D3D,I1,1.0,482,1.0,both,True,374537.0,Oxtr-T2A-Cre;Ai14-374537,F,P46,VISp2/3,661482248.0,SM-GE67B_S145_E1-50,RSC-145,CS180626100035,Sst Calb2 Pdlim5,both,True,True,True,Sst,Sst,True,Sst
661492805,483,PBS4_180207_502_A01,Sst Calb2 Pdlim5,34,#CC6D3D,I1,1.0,483,1.0,both,True,374537.0,Oxtr-T2A-Cre;Ai14-374537,F,P46,VISp5,661492738.0,SM-GE67B_S167_E1-50,RSC-145,CS180626100035,Sst Calb2 Pdlim5,both,True,True,True,Sst,Sst,True,Sst
661495648,484,P1S4_180207_003_A01,Sst Hpse Cbln4,42,#806B19,Core,1.0,484,1.0,both,True,374537.0,Oxtr-T2A-Cre;Ai14-374537,F,P46,VISp5,661495587.0,SM-GE67B_S147_E1-50,RSC-145,CS180626100043,Sst Hpse Cbln4,both,True,True,True,Sst,Sst,True,Sst
661496177,485,PBS4_180207_503_A01,Sst Tac1 Tacr3,32,#B06411,I3,1.0,485,1.0,both,True,374537.0,Oxtr-T2A-Cre;Ai14-374537,F,P46,VISp2/3,661496074.0,SM-GE67B_S168_E1-50,RSC-145,CS180626100032,Sst Tac1 Htr1d,both,True,True,False,Sst,Sst,True,Sst
661500944,486,PAS4_180207_452_A01,Sst Hpse Cbln4,42,#806B19,Core,1.0,486,1.0,both,True,374537.0,Oxtr-T2A-Cre;Ai14-374537,F,P46,VISp5,661500873.0,SM-GE67B_S162_E1-50,RSC-145,CS180626100043,Sst Hpse Cbln4,both,True,True,True,Sst,Sst,True,Sst
661514378,487,PAS4_180207_454_A01,Vip Rspo4 Rxfp1 Chat,21,#AF00E6,Core,1.0,487,1.0,both,True,374840.0,Chat-IRES-Cre-neo;Ai14-374840,M,P44,VISp2/3,661514324.0,SM-GE67B_S164_E1-50,RSC-145,CS180626100022,Vip Rspo4 Rxfp1 Chat,both,True,True,True,Vip,Vip,True,Vip
661542876,488,P9S4_180207_406_A01,Vip Ptprt Pkp2,20,#FF00FF,Core,1.0,488,1.0,both,True,373625.0,Chat-IRES-Cre-neo;Ai14-373625,F,P50,VISp2/3,661542784.0,SM-GE67B_S159_E1-50,RSC-145,CS180626100021,Vip Ptprt Pkp2,both,True,True,True,Vip,Vip,True,Vip
663193112,489,PBS4_180213_501_A01,Pvalb Gpr149 Islr,55,#E62A5D,Core,1.0,489,1.0,both,True,375845.0,Pvalb-IRES-Cre;Ai14-375845,M,P43,VISp5,663192897.0,SM-GE67D_S091_E1-50,RSC-145,CS180626100056,Pvalb Gpr149 Islr,both,True,True,True,Pvalb,Pvalb,True,Pvalb
665104716,490,P8S4_180219_351_A01,Sst Calb2 Pdlim5,34,#CC6D3D,I1,1.0,490,1.0,both,True,376198.0,Sst-IRES-Cre;Ai14-376198,M,P47,VISp2/3,665104531.0,SM-GE91Q_S005_E1-50,RSC-146,CS180626100035,Sst Calb2 Pdlim5,both,True,True,True,Sst,Sst,True,Sst
665129920,491,P8S4_180219_352_A01,Sst Calb2 Pdlim5,34,#CC6D3D,I2,1.0,491,1.0,both,True,376198.0,Sst-IRES-Cre;Ai14-376198,M,P47,VISpm5,665129806.0,SM-GE91Q_S006_E1-50,RSC-146,CS180626100034,Sst Calb2 Necab1,both,True,True,False,Sst,Sst,True,Sst
665178360,492,P8S4_180219_353_A01,Vip Crispld2 Kcne4,27,#AD589A,I2,1.0,492,1.0,both,True,376066.0,Htr3a-Cre_NO152;Ai14-376066,M,P48,VISp2/3,665178082.0,SM-GE91Q_S007_E1-50,RSC-146,CS180626100027,Vip Crispld2 Htr2c,both,True,True,False,Vip,Vip,True,Vip
665208462,493,P8S4_180219_354_A01,Vip Lmo1 Myl1,16,#9FAAFF,I1,1.0,493,1.0,both,True,376066.0,Htr3a-Cre_NO152;Ai14-376066,M,P48,VISp2/3,665208331.0,SM-GE91Q_S008_E1-50,RSC-146,CS180626100020,Vip Lmo1 Myl1,both,True,True,True,Vip,Vip,True,Vip
665220542,494,P9S4_180219_404_A01,Lamp5 Plch2 Dock5,4,#FF7290,I1,1.0,494,1.0,both,True,376066.0,Htr3a-Cre_NO152;Ai14-376066,M,P48,VISp2/3,665220314.0,SM-GE91I_S024_E1-50,RSC-147,CS180626100005,Lamp5 Plch2 Dock5,both,True,True,True,Lamp5,Lamp5,True,Lamp5
665271681,495,P9S4_180219_405_A01,Vip Crispld2 Kcne4,27,#AD589A,I1,1.0,495,1.0,both,True,376066.0,Htr3a-Cre_NO152;Ai14-376066,M,P48,VISp2/3,665271666.0,SM-GE91I_S025_E1-50,RSC-147,CS180626100023,Vip Lect1 Oxtr,both,True,True,False,Vip,Vip,True,Vip
665276770,496,P8S4_180219_355_A01,Sst Rxfp1 Prdm8,48,#802600,Core,1.0,496,1.0,both,True,376066.0,Htr3a-Cre_NO152;Ai14-376066,M,P48,VISp5,665276755.0,SM-GE91Q_S009_E1-50,RSC-146,CS180626100049,Sst Rxfp1 Prdm8,both,True,True,True,Sst,Sst,True,Sst
665286365,497,P2S4_180219_053_A01,Vip Crispld2 Kcne4,27,#AD589A,I1,1.0,497,1.0,both,True,376066.0,Htr3a-Cre_NO152;Ai14-376066,M,P48,VISp2/3,665286350.0,SM-GE91Q_S003_E1-50,RSC-146,CS180626100028,Vip Crispld2 Kcne4,both,True,True,True,Vip,Vip,True,Vip
665468858,498,P9S4_180220_401_A01,Sst Rxfp1 Eya1,47,#994C00,Core,1.0,498,1.0,both,True,376201.0,Sst-IRES-Cre;Ai14-376201,F,P48,VISp5,665468562.0,SM-GE91Q_S033_E1-50,RSC-146,CS180626100048,Sst Rxfp1 Eya1,both,True,True,True,Sst,Sst,True,Sst
665478543,499,P8S4_180220_351_A01,Sst Calb2 Pdlim5,34,#CC6D3D,Core,1.0,499,1.0,both,True,376201.0,Sst-IRES-Cre;Ai14-376201,F,P48,VISp5,665478414.0,SM-GE91Q_S024_E1-50,RSC-146,CS180626100035,Sst Calb2 Pdlim5,both,True,True,True,Sst,Sst,True,Sst
665502576,500,P9S4_180220_402_A01,Sst Rxfp1 Eya1,47,#994C00,I2,1.0,500,1.0,both,True,376201.0,Sst-IRES-Cre;Ai14-376201,F,P48,VISp6a,665502314.0,SM-GE91Q_S034_E1-50,RSC-146,CS180626100048,Sst Rxfp1 Eya1,both,True,True,True,Sst,Sst,True,Sst
665602299,501,PAS4_180220_451_A01,Sst Hpse Cbln4,42,#806B19,Core,1.0,501,1.0,both,True,376201.0,Sst-IRES-Cre;Ai14-376201,F,P48,VISp5,665602098.0,SM-GE91Q_S038_E1-50,RSC-146,CS180626100043,Sst Hpse Cbln4,both,True,True,True,Sst,Sst,True,Sst
666030065,502,P9S4_180221_401_A01,Pvalb Reln Itm2a,56,#E67A77,I2,1.0,502,1.0,both,True,376967.0,Pvalb-IRES-Cre;Ai14-376967,M,P44,VISp2/3,666029884.0,SM-GE91Q_S052_E1-50,RSC-146,CS180626100059,Pvalb Tpbg,both,True,True,False,Pvalb,Pvalb,True,Pvalb
666046495,503,P8S4_180221_351_A01,Pvalb Reln Itm2a,56,#E67A77,I2,1.0,503,1.0,both,True,376967.0,Pvalb-IRES-Cre;Ai14-376967,M,P44,VISp2/3,666046288.0,SM-GE91Q_S047_E1-50,RSC-146,CS180626100058,Pvalb Reln Itm2a,both,True,True,True,Pvalb,Pvalb,True,Pvalb
666141992,504,P2S4_180221_051_A01,Pvalb Tpbg,58,#AF3F64,Core,1.0,504,1.0,both,True,376967.0,Pvalb-IRES-Cre;Ai14-376967,M,P44,VISp2/3,666141827.0,SM-GE91Q_S044_E1-50,RSC-146,CS180626100059,Pvalb Tpbg,both,True,True,True,Pvalb,Pvalb,True,Pvalb
666209423,505,P8S4_180221_353_A01,Sst Calb2 Pdlim5,34,#CC6D3D,I3,1.0,505,1.0,both,True,376203.0,Sst-IRES-Cre;Ai14-376203,F,P49,VISp2/3,666209381.0,SM-GE91Q_S049_E1-50,RSC-146,CS180626100033,Sst Tac1 Tacr3,both,True,True,False,Sst,Sst,True,Sst
666218416,506,P8S4_180221_354_A01,Pvalb Tpbg,58,#AF3F64,Core,1.0,506,1.0,both,True,376970.0,Pvalb-IRES-Cre;Ai14-376970,F,P44,VISp2/3,666218401.0,SM-GE91Q_S050_E1-50,RSC-146,CS180626100059,Pvalb Tpbg,both,True,True,True,Pvalb,Pvalb,True,Pvalb
666219578,507,PBS4_180221_504_A01,Pvalb Reln Itm2a,56,#E67A77,Core,1.0,507,1.0,both,True,376967.0,Pvalb-IRES-Cre;Ai14-376967,M,P44,VISp4,666219516.0,SM-GE91Q_S056_E1-50,RSC-146,CS180626100058,Pvalb Reln Itm2a,both,True,True,True,Pvalb,Pvalb,True,Pvalb
667163821,508,P8S4_180226_351_A01,Sst Esm1,45,#C11331,Core,1.0,508,1.0,both,True,376202.0,Sst-IRES-Cre;Ai14-376202,F,P54,VISp5,667163716.0,SM-GE91I_S044_E1-50,RSC-147,CS180626100046,Sst Esm1,both,True,True,True,Sst,Sst,True,Sst
667457951,509,P8S4_180227_351_A01,Sst Calb2 Pdlim5,34,#CC6D3D,I1,1.0,509,1.0,both,True,376204.0,Sst-IRES-Cre;Ai14-376204,F,P55,VISp5,667457853.0,SM-GE91I_S062_E1-50,RSC-147,CS180626100035,Sst Calb2 Pdlim5,both,True,True,True,Sst,Sst,True,Sst
667472005,510,P2S4_180227_051_A01,Sst Calb2 Pdlim5,34,#CC6D3D,I2,1.0,510,1.0,both,True,376204.0,Sst-IRES-Cre;Ai14-376204,F,P55,VISp5,667471958.0,SM-GE91I_S058_E1-50,RSC-147,CS180626100035,Sst Calb2 Pdlim5,both,True,True,True,Sst,Sst,True,Sst
667473755,511,PAS4_180227_452_A01,Pvalb Tpbg,58,#AF3F64,Core,1.0,511,1.0,both,True,376204.0,Sst-IRES-Cre;Ai14-376204,F,P55,VISp2/3,667473740.0,SM-GE91I_S082_E1-50,RSC-147,CS180626100059,Pvalb Tpbg,both,True,True,True,Pvalb,Pvalb,True,Pvalb
667473785,512,P8S4_180227_353_A01,Sst Mme Fam114a1,30,#FFBB33,Core,1.0,512,1.0,both,True,376204.0,Sst-IRES-Cre;Ai14-376204,F,P55,VISp4,667473770.0,SM-GE91I_S064_E1-50,RSC-147,CS180626100031,Sst Mme Fam114a1,both,True,True,True,Sst,Sst,True,Sst
667478348,513,PAS4_180227_453_A01,Lamp5 Plch2 Dock5,4,#FF7290,Core,1.0,513,1.0,both,True,377310.0,Ndnf-IRES2-dgCre;Ai14-377310,M,P49,VISp1,667478292.0,SM-GE91I_S083_E1-50,RSC-147,CS180626100005,Lamp5 Plch2 Dock5,both,True,True,True,Lamp5,Lamp5,True,Lamp5
667490926,514,P8S4_180227_355_A01,Lamp5 Plch2 Dock5,4,#FF7290,Core,1.0,514,1.0,both,True,377313.0,Ndnf-IRES2-dgCre;Ai14-377313,M,P49,VISp1,667490911.0,SM-GE91I_S066_E1-50,RSC-147,CS180626100005,Lamp5 Plch2 Dock5,both,True,True,True,Lamp5,Lamp5,True,Lamp5
667492234,515,P2S4_180227_053_A01,Lamp5 Lsp1,5,#FFA388,Core,1.0,515,1.0,both,True,377313.0,Ndnf-IRES2-dgCre;Ai14-377313,M,P49,VISp1,667492219.0,SM-GE91I_S060_E1-50,RSC-147,CS180626100006,Lamp5 Lsp1,both,True,True,True,Lamp5,Lamp5,True,Lamp5
667492978,516,P9S4_180227_405_A01,Lamp5 Ntn1 Npy2r,3,#DD6091,Core,1.0,516,1.0,both,True,377313.0,Ndnf-IRES2-dgCre;Ai14-377313,M,P49,VISp4,667492963.0,SM-GE91I_S072_E1-50,RSC-147,CS180626100004,Lamp5 Ntn1 Npy2r,both,True,True,True,Lamp5,Lamp5,True,Lamp5
667493822,517,P8S4_180227_356_A01,Lamp5 Plch2 Dock5,4,#FF7290,I1,1.0,517,1.0,both,True,377313.0,Ndnf-IRES2-dgCre;Ai14-377313,M,P49,VISp2/3,667493807.0,SM-GE91I_S067_E1-50,RSC-147,CS180626100005,Lamp5 Plch2 Dock5,both,True,True,True,Lamp5,Lamp5,True,Lamp5
668176228,518,P9S4_180228_401_A01,Sst Rxfp1 Eya1,47,#994C00,Core,1.0,518,1.0,both,True,376205.0,Sst-IRES-Cre;Ai14-376205,F,P56,VISpm6a,668176074.0,SM-GE918_S009_E1-50,RSC-148,CS180626100048,Sst Rxfp1 Eya1,both,True,True,True,Sst,Sst,True,Sst
668249770,519,P2S4_180228_051_A01,Sst Myh8 Etv1 ,36,#D6C300,Core,1.0,519,1.0,both,True,376205.0,Sst-IRES-Cre;Ai14-376205,F,P56,VISp5,668249424.0,SM-GE91I_S094_E1-50,RSC-147,CS180626100037,Sst Myh8 Etv1 ,both,True,True,True,Sst,Sst,True,Sst
668292781,520,P9S4_180228_403_A01,Lamp5 Ntn1 Npy2r,3,#DD6091,I2,1.0,520,1.0,both,True,377316.0,Ndnf-IRES2-dgCre;Ai14-377316,F,P50,VISp2/3,668292638.0,SM-GE918_S011_E1-50,RSC-148,CS180626100004,Lamp5 Ntn1 Npy2r,both,True,True,True,Lamp5,Lamp5,True,Lamp5
668319974,521,P8S4_180228_353_A01,Lamp5 Ntn1 Npy2r,3,#DD6091,I2,1.0,521,1.0,both,True,377316.0,Ndnf-IRES2-dgCre;Ai14-377316,F,P50,VISpm2/3,668319822.0,SM-GE918_S005_E1-50,RSC-148,CS180626100005,Lamp5 Plch2 Dock5,both,True,True,False,Lamp5,Lamp5,True,Lamp5
668337999,522,PBS4_180228_501_A01,Sst Tac1 Tacr3,32,#B06411,I2,1.0,522,1.0,both,True,376205.0,Sst-IRES-Cre;Ai14-376205,F,P56,VISp2/3,668337794.0,SM-GE918_S019_E1-50,RSC-148,CS180626100032,Sst Tac1 Htr1d,both,True,True,False,Sst,Sst,True,Sst
668464797,523,P9S4_180228_406_A01,Vip Pygm C1ql1,25,#BD3D9A,Core,1.0,523,1.0,both,True,377300.0,Vip-IRES-Cre;Ai14-377300,F,P50,VISp2/3,668464779.0,SM-GE918_S014_E1-50,RSC-148,CS180626100026,Vip Pygm C1ql1,both,True,True,True,Vip,Vip,True,Vip
668489573,524,PBS4_180228_505_A01,Lamp5 Ntn1 Npy2r,3,#DD6091,Core,1.0,524,1.0,both,True,378475.0,Ndnf-IRES2-dgCre;Ai14-378475,F,P50,VISp1,668489557.0,SM-GE918_S023_E1-50,RSC-148,CS180626100004,Lamp5 Ntn1 Npy2r,both,True,True,True,Lamp5,Lamp5,True,Lamp5
669047347,525,P8S4_180302_351_A01,Sst Crhr2 Efemp1,43,#B95541,I2,1.0,525,1.0,both,True,376206.0,Sst-IRES-Cre;Ai14-376206,F,P58,VISp6a,669047103.0,SM-GE918_S035_E1-50,RSC-148,CS180626100031,Sst Mme Fam114a1,both,True,True,False,Sst,Sst,True,Sst
669047778,526,P9S4_180302_401_A01,Sst Crh 4930553C11Rik ,44,#C77767,I1,1.0,526,1.0,both,True,376206.0,Sst-IRES-Cre;Ai14-376206,F,P58,VISp5,669047519.0,SM-GE918_S041_E1-50,RSC-148,CS180626100044,Sst Crhr2 Efemp1,both,True,True,False,Sst,Sst,True,Sst
669072563,527,P1S4_180302_001_A01,Sst Myh8 Etv1 ,36,#D6C300,I1,1.0,527,1.0,both,True,376206.0,Sst-IRES-Cre;Ai14-376206,F,P58,VISp5,669072526.0,SM-GE918_S024_E1-50,RSC-148,CS180626100036,Sst Nr2f2 Necab1,both,True,True,False,Sst,Sst,True,Sst
669072736,528,P8S4_180302_352_A01,Pvalb Gabrg1,50,#ED4C50,Core,1.0,528,1.0,both,True,376206.0,Sst-IRES-Cre;Ai14-376206,F,P58,VISp6a,669072632.0,SM-GE918_S036_E1-50,RSC-148,CS180626100051,Pvalb Gabrg1,both,True,True,True,Pvalb,Pvalb,True,Pvalb
669074640,529,PBS4_180302_501_A01,Sst Calb2 Pdlim5,34,#CC6D3D,Core,1.0,529,1.0,both,True,376206.0,Sst-IRES-Cre;Ai14-376206,F,P58,VISp4,669074191.0,SM-GE918_S048_E1-50,RSC-148,CS180626100035,Sst Calb2 Pdlim5,both,True,True,True,Sst,Sst,True,Sst
669112312,530,PBS4_180302_502_A01,Sst Crhr2 Efemp1,43,#B95541,Core,1.0,530,1.0,both,True,376206.0,Sst-IRES-Cre;Ai14-376206,F,P58,VISp6a,669111920.0,SM-GE918_S049_E1-50,RSC-148,CS180626100044,Sst Crhr2 Efemp1,both,True,True,True,Sst,Sst,True,Sst
669154876,531,PAS4_180302_452_A01,Sst Hpse Cbln4,42,#806B19,I1,1.0,531,1.0,both,True,376206.0,Sst-IRES-Cre;Ai14-376206,F,P58,VISp4,669154853.0,SM-GE918_S047_E1-50,RSC-148,CS180626100043,Sst Hpse Cbln4,both,True,True,True,Sst,Sst,True,Sst
669165270,532,P8S4_180302_354_A01,Sst Crhr2 Efemp1,43,#B95541,I2,1.0,532,1.0,both,True,376837.0,Sst-IRES-Cre;Ai14-376837,F,P54,VISp6a,669165253.0,SM-GE918_S038_E1-50,RSC-148,CS180626100045,Sst Crh 4930553C11Rik ,both,True,True,False,Sst,Sst,True,Sst
669165397,533,P9S4_180302_405_A01,Sst Tac2 Tacstd2,46,#BF8219,Core,1.0,533,1.0,both,True,376837.0,Sst-IRES-Cre;Ai14-376837,F,P54,VISp5,669165378.0,SM-GE918_S045_E1-50,RSC-148,CS180626100047,Sst Tac2 Tacstd2,both,True,True,True,Sst,Sst,True,Sst
669166845,534,P8S4_180302_355_A01,Sst Crhr2 Efemp1,43,#B95541,I2,1.0,534,1.0,both,True,376837.0,Sst-IRES-Cre;Ai14-376837,F,P54,VISp5,669166830.0,SM-GE918_S039_E1-50,RSC-148,CS180626100044,Sst Crhr2 Efemp1,both,True,True,True,Sst,Sst,True,Sst
669523148,535,P1S4_180305_001_A01,Lamp5 Plch2 Dock5,4,#FF7290,I1,1.0,535,1.0,both,True,378110.0,Ndnf-IRES2-dgCre;Slc32a1-IRES2-FlpO;Ai65-378110,M,P49,VISp2/3,669522934.0,SM-GE918_S051_E1-50,RSC-148,CS180626100005,Lamp5 Plch2 Dock5,both,True,True,True,Lamp5,Lamp5,True,Lamp5
669567574,536,P1S4_180305_002_A01,Lamp5 Lsp1,5,#FFA388,I1,1.0,536,1.0,both,True,378110.0,Ndnf-IRES2-dgCre;Slc32a1-IRES2-FlpO;Ai65-378110,M,P49,VISli1,669567455.0,SM-GE918_S052_E1-50,RSC-148,CS180626100006,Lamp5 Lsp1,both,True,True,True,Lamp5,Lamp5,True,Lamp5
669764794,537,P8S4_180305_355_A01,Sst Chodl,29,#FFFF00,Core,1.0,537,1.0,both,True,377369.0,Nos1-CreERT2;Sst-IRES-FlpO;Ai65-377369,M,P54,VISp6a,669764777.0,SM-GE918_S064_E1-50,RSC-148,CS180626100030,Sst Chodl,both,True,True,True,Sst,Sst,True,Sst
669807010,538,P8S4_180305_356_A01,Sst Chodl,29,#FFFF00,Core,1.0,538,1.0,both,True,377369.0,Nos1-CreERT2;Sst-IRES-FlpO;Ai65-377369,M,P54,VISp5,669806993.0,SM-GE918_S065_E1-50,RSC-148,CS180626100030,Sst Chodl,both,True,True,True,Sst,Sst,True,Sst
669817511,539,P1S4_180305_004_A01,Pvalb Tpbg,58,#AF3F64,I1,1.0,539,1.0,both,True,378389.0,Pvalb-IRES-Cre;Ai14-378389,M,P47,VISp5,669817496.0,SM-GE918_S054_E1-50,RSC-148,CS180626100059,Pvalb Tpbg,both,True,True,True,Pvalb,Pvalb,True,Pvalb
669825289,540,P2S4_180305_053_A01,Sst Tac1 Htr1d,31,#804811,Core,1.0,540,1.0,both,True,378389.0,Pvalb-IRES-Cre;Ai14-378389,M,P47,VISp2/3,669825272.0,SM-GE918_S057_E1-50,RSC-148,CS180626100032,Sst Tac1 Htr1d,both,True,True,True,Sst,Sst,True,Sst
669838950,541,P2S4_180305_055_A01,Pvalb Reln Itm2a,56,#E67A77,Core,1.0,541,1.0,both,True,378389.0,Pvalb-IRES-Cre;Ai14-378389,M,P47,VISp5,669838935.0,SM-GE918_S059_E1-50,RSC-148,CS180626100058,Pvalb Reln Itm2a,both,True,True,True,Pvalb,Pvalb,True,Pvalb
670091720,542,P2S4_180306_051_A01,Pvalb Reln Itm2a,56,#E67A77,Core,1.0,542,1.0,both,True,378386.0,Pvalb-IRES-Cre;Ai14-378386,M,P48,VISp2/3,670091421.0,SM-GE918_S073_E1-50,RSC-148,CS180626100058,Pvalb Reln Itm2a,both,True,True,True,Pvalb,Pvalb,True,Pvalb
670153271,543,P2S4_180306_052_A01,Pvalb Reln Tac1,57,#D6221D,Core,1.0,543,1.0,both,True,378386.0,Pvalb-IRES-Cre;Ai14-378386,M,P48,VISp4,670152752.0,SM-GE918_S074_E1-50,RSC-148,CS180626100057,Pvalb Reln Tac1,both,True,True,True,Pvalb,Pvalb,True,Pvalb
670295503,544,P8S4_180306_353_A01,Sst Chodl,29,#FFFF00,Core,1.0,544,1.0,both,True,377372.0,Nos1-CreERT2;Sst-IRES-FlpO;Ai65-377372,M,P55,VISl6a,670295417.0,SM-GE918_S081_E1-50,RSC-148,CS180626100030,Sst Chodl,both,True,True,True,Sst,Sst,True,Sst
670326711,545,P8S4_180306_354_A01,Sst Chodl,29,#FFFF00,Core,1.0,545,1.0,both,True,377372.0,Nos1-CreERT2;Sst-IRES-FlpO;Ai65-377372,M,P55,VISl6a,670326650.0,SM-GE918_S082_E1-50,RSC-148,CS180626100030,Sst Chodl,both,True,True,True,Sst,Sst,True,Sst
670329639,546,PBS4_180306_501_A01,Pvalb Tpbg,58,#AF3F64,I1,1.0,546,1.0,both,True,378390.0,Pvalb-IRES-Cre;Ai14-378390,M,P48,VISp2/3,670329426.0,SM-GE918_S088_E1-50,RSC-148,CS180626100059,Pvalb Tpbg,both,True,True,True,Pvalb,Pvalb,True,Pvalb
670340941,547,P8S4_180306_356_A01,Sst Chodl,29,#FFFF00,Core,1.0,547,1.0,both,True,377372.0,Nos1-CreERT2;Sst-IRES-FlpO;Ai65-377372,M,P55,VISpm5,670340851.0,SM-GE918_S084_E1-50,RSC-148,CS180626100030,Sst Chodl,both,True,True,True,Sst,Sst,True,Sst
670607755,548,P8S4_180307_353_A01,Lamp5 Plch2 Dock5,4,#FF7290,Core,1.0,548,1.0,both,True,378108.0,Ndnf-IRES2-dgCre;Slc32a1-IRES2-FlpO;Ai65-378108,M,P51,VISp1,670607631.0,SM-GE8ZX_S121_E1-50,RSC-149,CS180626100005,Lamp5 Plch2 Dock5,both,True,True,True,Lamp5,Lamp5,True,Lamp5
670666224,549,P2S4_180307_052_A01,Lamp5 Ntn1 Npy2r,3,#DD6091,I1,1.0,549,1.0,both,True,378108.0,Ndnf-IRES2-dgCre;Slc32a1-IRES2-FlpO;Ai65-378108,M,P51,VISp2/3,670666161.0,SM-GE918_S093_E1-50,RSC-148,CS180626100004,Lamp5 Ntn1 Npy2r,both,True,True,True,Lamp5,Lamp5,True,Lamp5
670686401,550,P8S4_180307_355_A01,Sst Tac2 Tacstd2,46,#BF8219,I2,1.0,550,1.0,both,True,378262.0,Crh-IRES-Cre_ZJH;Sst-IRES-FlpO;Ai65-378262,F,P51,VISpm6a,670686386.0,SM-GE8ZX_S123_E1-50,RSC-149,CS180626100048,Sst Rxfp1 Eya1,both,True,True,False,Sst,Sst,True,Sst
670698462,551,P8S4_180307_356_A01,Sst Crhr2 Efemp1,43,#B95541,I2,1.0,551,1.0,both,True,378262.0,Crh-IRES-Cre_ZJH;Sst-IRES-FlpO;Ai65-378262,F,P51,VISp5,670698447.0,SM-GE8ZX_S124_E1-50,RSC-149,CS180626100043,Sst Hpse Cbln4,both,True,True,False,Sst,Sst,True,Sst
670709216,552,PBS4_180307_506_A01,Vip Crispld2 Kcne4,27,#AD589A,I1,1.0,552,1.0,both,True,377304.0,Vip-IRES-Cre;Ai14-377304,F,P57,VISl2/3,670709191.0,SM-GE8ZX_S136_E1-50,RSC-149,CS180626100028,Vip Crispld2 Kcne4,both,True,True,True,Vip,Vip,True,Vip
671529949,553,P8S4_180309_352_A01,Pvalb Sema3e Kank4,54,#C94545,Core,1.0,553,1.0,both,True,378388.0,Pvalb-IRES-Cre;Ai14-378388,M,P51,VISpm6a,671529883.0,SM-GE8ZX_S140_E1-50,RSC-149,CS180626100055,Pvalb Sema3e Kank4,both,True,True,True,Pvalb,Pvalb,True,Pvalb
671544471,554,P8S4_180309_353_A01,Pvalb Sema3e Kank4,54,#C94545,I2,1.0,554,1.0,both,True,378388.0,Pvalb-IRES-Cre;Ai14-378388,M,P51,VISp6a,671544407.0,SM-GE8ZX_S141_E1-50,RSC-149,CS180626100055,Pvalb Sema3e Kank4,both,True,True,True,Pvalb,Pvalb,True,Pvalb
671547731,555,P8S4_180309_354_A01,Pvalb Tpbg,58,#AF3F64,I1,1.0,555,1.0,both,True,378388.0,Pvalb-IRES-Cre;Ai14-378388,M,P51,VISp5,671547680.0,SM-GE8ZX_S142_E1-50,RSC-149,CS180626100059,Pvalb Tpbg,both,True,True,True,Pvalb,Pvalb,True,Pvalb
671822971,556,P8S4_180312_351_A01,Sncg Vip Nptx2,8,#9900B3,I2,1.0,556,1.0,both,True,379134.0,Chrna2-Cre_OE25;Ai14-379134,F,P48,VISp2/3,671822694.0,SM-GE8ZX_S149_E1-50,RSC-149,CS180626100011,Sncg Vip Itih5,both,True,True,False,Sncg,Sncg,True,Sncg
671840004,557,PBS4_180312_501_A01,Pvalb Reln Tac1,57,#D6221D,I2,1.0,557,1.0,both,True,379134.0,Chrna2-Cre_OE25;Ai14-379134,F,P48,VISp6a,671839360.0,SM-GE8ZX_S160_E1-50,RSC-149,CS180626100057,Pvalb Reln Tac1,both,True,True,True,Pvalb,Pvalb,True,Pvalb
671876425,558,P8S4_180312_352_A01,Lamp5 Lsp1,5,#FFA388,I2,1.0,558,1.0,both,True,379873.0,Ndnf-IRES2-dgCre;Ai14-379873,F,P44,VISp2/3,671876317.0,SM-GE8ZX_S150_E1-50,RSC-149,CS180626100006,Lamp5 Lsp1,both,True,True,True,Lamp5,Lamp5,True,Lamp5
671943738,559,PBS4_180312_503_A01,Lamp5 Ntn1 Npy2r,3,#DD6091,Core,1.0,559,1.0,both,True,379873.0,Ndnf-IRES2-dgCre;Ai14-379873,F,P44,VISl1,671943590.0,SM-GE8ZX_S162_E1-50,RSC-149,CS180626100004,Lamp5 Ntn1 Npy2r,both,True,True,True,Lamp5,Lamp5,True,Lamp5
672318911,560,P9S4_180313_401_A01,Sst Hpse Cbln4,42,#806B19,I1,1.0,560,1.0,both,True,379882.0,Npr3-IRES2-Cre;Sst-IRES-FlpO;Ai65-379882,F,P45,VISp5,672318776.0,SM-GE8ZX_S179_E1-50,RSC-149,CS180626100043,Sst Hpse Cbln4,both,True,True,True,Sst,Sst,True,Sst
672346130,561,P9S4_180313_402_A01,Sst Hpse Cbln4,42,#806B19,I2,1.0,561,1.0,both,True,379882.0,Npr3-IRES2-Cre;Sst-IRES-FlpO;Ai65-379882,F,P45,VISp5,672345993.0,SM-GE8ZX_S180_E1-50,RSC-149,CS180626100043,Sst Hpse Cbln4,both,True,True,True,Sst,Sst,True,Sst
672346340,562,P8S4_180313_351_A01,Sst Hpse Cbln4,42,#806B19,Core,1.0,562,1.0,both,True,379882.0,Npr3-IRES2-Cre;Sst-IRES-FlpO;Ai65-379882,F,P45,VISp2/3,672346216.0,SM-GE8ZX_S169_E1-50,RSC-149,CS180626100043,Sst Hpse Cbln4,both,True,True,True,Sst,Sst,True,Sst
672392283,563,P8S4_180313_352_A01,Sst Hpse Cbln4,42,#806B19,I1,1.0,563,1.0,both,True,379882.0,Npr3-IRES2-Cre;Sst-IRES-FlpO;Ai65-379882,F,P45,VISp5,672392098.0,SM-GE8ZX_S170_E1-50,RSC-149,CS180626100043,Sst Hpse Cbln4,both,True,True,True,Sst,Sst,True,Sst
672414832,564,P9S4_180313_403_A01,Sst Crhr2 Efemp1,43,#B95541,I2,1.0,564,1.0,both,True,379882.0,Npr3-IRES2-Cre;Sst-IRES-FlpO;Ai65-379882,F,P45,VISp6a,672414377.0,SM-GE8ZX_S181_E1-50,RSC-149,CS180626100031,Sst Mme Fam114a1,both,True,True,False,Sst,Sst,True,Sst
672444950,565,P9S4_180313_404_A01,Sst Hpse Sema3c,41,#BF9F00,Core,1.0,565,1.0,both,True,379882.0,Npr3-IRES2-Cre;Sst-IRES-FlpO;Ai65-379882,F,P45,VISp5,672444794.0,SM-GE8ZX_S182_E1-50,RSC-149,CS180626100042,Sst Hpse Sema3c,both,True,True,True,Sst,Sst,True,Sst
672460582,566,P8S4_180313_353_A01,Sst Calb2 Pdlim5,34,#CC6D3D,I2,1.0,566,1.0,both,True,379882.0,Npr3-IRES2-Cre;Sst-IRES-FlpO;Ai65-379882,F,P45,VISp2/3,672460331.0,SM-GE8ZX_S171_E1-50,RSC-149,,,both,True,False,,Sst,,,Sst
672494596,567,PBS4_180313_502_A01,Sst Tac2 Tacstd2,46,#BF8219,I1,1.0,567,1.0,both,True,379882.0,Npr3-IRES2-Cre;Sst-IRES-FlpO;Ai65-379882,F,P45,VISpor5,672493968.0,SM-GE8ZX_S191_E1-50,RSC-149,CS180626100047,Sst Tac2 Tacstd2,both,True,True,True,Sst,Sst,True,Sst
672812091,568,P9S4_180314_401_A01,Sst Tac2 Tacstd2,46,#BF8219,I2,1.0,568,1.0,both,True,379136.0,Chrna2-Cre_OE25;Ai14-379136,F,P50,VISp5,672811936.0,SM-GE93P_S029_E1-50,RSC-150,CS180626100047,Sst Tac2 Tacstd2,both,True,True,True,Sst,Sst,True,Sst
672823119,569,P8S4_180314_351_A01,Sst Myh8 Etv1 ,36,#D6C300,Core,1.0,569,1.0,both,True,379136.0,Chrna2-Cre_OE25;Ai14-379136,F,P50,VISp5,672822977.0,SM-GE93P_S022_E1-50,RSC-150,CS180626100037,Sst Myh8 Etv1 ,both,True,True,True,Sst,Sst,True,Sst
672839890,570,PBS4_180314_501_A01,Sst Nr2f2 Necab1,35,#FFDF11,I2,1.0,570,1.0,both,True,379136.0,Chrna2-Cre_OE25;Ai14-379136,F,P50,VISp5,672839632.0,SM-GE93P_S035_E1-50,RSC-150,CS180626100036,Sst Nr2f2 Necab1,both,True,True,True,Sst,Sst,True,Sst
672871389,571,P9S4_180314_402_A01,Sncg Gpr50,9,#C266D1,I1,1.0,571,1.0,both,True,379136.0,Chrna2-Cre_OE25;Ai14-379136,F,P50,VISp2/3,672870986.0,SM-GE93P_S030_E1-50,RSC-150,CS180626100010,Sncg Gpr50,both,True,True,True,Sncg,Sncg,True,Sncg
672871774,572,P8S4_180314_352_A01,Vip Lmo1 Myl1,16,#9FAAFF,Core,1.0,572,1.0,both,True,379136.0,Chrna2-Cre_OE25;Ai14-379136,F,P50,VISp2/3,672871504.0,SM-GE93P_S023_E1-50,RSC-150,CS180626100020,Vip Lmo1 Myl1,both,True,True,True,Vip,Vip,True,Vip
672918290,573,PAS4_180314_451_A01,Sst Esm1,45,#C11331,Core,1.0,573,1.0,both,True,379136.0,Chrna2-Cre_OE25;Ai14-379136,F,P50,VISp5,672918159.0,SM-GE93P_S033_E1-50,RSC-150,CS180626100046,Sst Esm1,both,True,True,True,Sst,Sst,True,Sst
672977850,574,P2S4_180314_052_A01,Pvalb Gabrg1,50,#ED4C50,Core,1.0,574,1.0,both,True,379136.0,Chrna2-Cre_OE25;Ai14-379136,F,P50,VISpor6a,672977572.0,SM-GE93P_S018_E1-50,RSC-150,CS180626100051,Pvalb Gabrg1,both,True,True,True,Pvalb,Pvalb,True,Pvalb
673047103,575,P8S4_180314_354_A01,Lamp5 Plch2 Dock5,4,#FF7290,I2,1.0,575,1.0,both,True,379874.0,Ndnf-IRES2-dgCre;Ai14-379874,F,P46,VISp4,673047088.0,SM-GE93P_S025_E1-50,RSC-150,CS180626100005,Lamp5 Plch2 Dock5,both,True,True,True,Lamp5,Lamp5,True,Lamp5
673082762,576,P2S4_180314_053_A01,Pvalb Tpbg,58,#AF3F64,I2,1.0,576,1.0,both,True,379844.0,Slc32a1-IRES-Cre;Ai14-379844,M,P48,VISp5,673082501.0,SM-GE93P_S019_E1-50,RSC-150,CS180626100059,Pvalb Tpbg,both,True,True,True,Pvalb,Pvalb,True,Pvalb
673121351,577,PBS4_180314_506_A01,Lamp5 Plch2 Dock5,4,#FF7290,I2,1.0,577,1.0,both,True,379874.0,Ndnf-IRES2-dgCre;Ai14-379874,F,P46,VISp2/3,673121335.0,SM-GE93P_S040_E1-50,RSC-150,CS180626100005,Lamp5 Plch2 Dock5,both,True,True,True,Lamp5,Lamp5,True,Lamp5
673132928,578,P8S4_180314_356_A01,Sst Myh8 Etv1 ,36,#D6C300,I1,1.0,578,1.0,both,True,379844.0,Slc32a1-IRES-Cre;Ai14-379844,M,P48,VISp6a,673132904.0,SM-GE93P_S027_E1-50,RSC-150,CS180626100037,Sst Myh8 Etv1 ,both,True,True,True,Sst,Sst,True,Sst
673139917,579,PBS4_180314_507_A01,Lamp5 Plch2 Dock5,4,#FF7290,Core,1.0,579,1.0,both,True,379874.0,Ndnf-IRES2-dgCre;Ai14-379874,F,P46,VISp2/3,673139900.0,SM-GE93P_S041_E1-50,RSC-150,CS180626100005,Lamp5 Plch2 Dock5,both,True,True,True,Lamp5,Lamp5,True,Lamp5
673395815,580,P1S4_180315_003_A01,Sst Crhr2 Efemp1,43,#B95541,Core,1.0,580,1.0,both,True,379845.0,Slc32a1-IRES-Cre;Ai14-379845,M,P49,VISpor5,673395800.0,SM-GE93P_S044_E1-50,RSC-150,CS180626100044,Sst Crhr2 Efemp1,both,True,True,True,Sst,Sst,True,Sst
673427380,581,PAS4_180315_452_A01,Sst Chrna2 Glra3,37,#FF9F2C,I1,1.0,581,1.0,both,True,379152.0,Chrna2-Cre_OE25;Ai14-379152,M,P51,VISp6a,673427357.0,SM-GE93P_S048_E1-50,RSC-150,CS180626100039,Sst Chrna2 Glra3,both,True,True,True,Sst,Sst,True,Sst
673692648,582,P8S4_180316_354_A01,Sncg Gpr50,9,#C266D1,Core,1.0,582,1.0,both,True,379153.0,Chrna2-Cre_OE25;Ai14-379153,M,P52,VISp2/3,673692534.0,SM-GE93P_S058_E1-50,RSC-150,CS180626100010,Sncg Gpr50,both,True,True,True,Sncg,Sncg,True,Sncg
673724358,583,P1S4_180316_002_A01,Lamp5 Plch2 Dock5,4,#FF7290,I1,1.0,583,1.0,both,True,379866.0,Ndnf-IRES2-dgCre;Ai14-379866,M,P48,VISp1,673724343.0,SM-GE93P_S053_E1-50,RSC-150,CS180626100005,Lamp5 Plch2 Dock5,both,True,True,True,Lamp5,Lamp5,True,Lamp5
673769249,584,P8S4_180316_356_A01,Sst Calb2 Pdlim5,34,#CC6D3D,I2,1.0,584,1.0,both,True,379843.0,Slc32a1-IRES-Cre;Ai14-379843,M,P50,VISp4,673769228.0,SM-GE93P_S060_E1-50,RSC-150,CS180626100035,Sst Calb2 Pdlim5,both,True,True,True,Sst,Sst,True,Sst
674069192,585,P9S4_180319_401_A01,Sst Calb2 Pdlim5,34,#CC6D3D,Core,1.0,585,1.0,both,True,381578.0,Sst-IRES-Cre;Ai14-381578,F,P43,VISp2/3,674068890.0,SM-GE93P_S083_E1-50,RSC-150,CS180626100035,Sst Calb2 Pdlim5,both,True,True,True,Sst,Sst,True,Sst
674142820,586,P1S4_180319_002_A01,Sst Hpse Sema3c,41,#BF9F00,I2,1.0,586,1.0,both,True,381578.0,Sst-IRES-Cre;Ai14-381578,F,P43,VISp5,674142701.0,SM-GE93P_S071_E1-50,RSC-150,CS180626100042,Sst Hpse Sema3c,both,True,True,True,Sst,Sst,True,Sst
674144712,587,P9S4_180319_403_A01,Pvalb Reln Itm2a,56,#E67A77,Core,1.0,587,1.0,both,True,380351.0,Pvalb-IRES-Cre;Ai14-380351,F,P49,VISp5,674144537.0,SM-GE93P_S085_E1-50,RSC-150,CS180626100058,Pvalb Reln Itm2a,both,True,True,True,Pvalb,Pvalb,True,Pvalb
674168545,588,P9S4_180319_404_A01,Pvalb Reln Itm2a,56,#E67A77,Core,1.0,588,1.0,both,True,380351.0,Pvalb-IRES-Cre;Ai14-380351,F,P49,VISp2/3,674168459.0,SM-GE93P_S086_E1-50,RSC-150,CS180626100058,Pvalb Reln Itm2a,both,True,True,True,Pvalb,Pvalb,True,Pvalb
674221323,589,PAS4_180319_453_A01,Pvalb Tpbg,58,#AF3F64,I2,1.0,589,1.0,both,True,380351.0,Pvalb-IRES-Cre;Ai14-380351,F,P49,VISp5,674221306.0,SM-GE93P_S091_E1-50,RSC-150,CS180626100059,Pvalb Tpbg,both,True,True,True,Pvalb,Pvalb,True,Pvalb
674238221,590,P9S4_180319_405_A01,Sst Hpse Cbln4,42,#806B19,Core,1.0,590,1.0,both,True,381578.0,Sst-IRES-Cre;Ai14-381578,F,P43,VISp2/3,674238205.0,SM-GE93P_S087_E1-50,RSC-150,CS180626100043,Sst Hpse Cbln4,both,True,True,True,Sst,Sst,True,Sst
674238265,591,P1S4_180319_004_A01,Lamp5 Plch2 Dock5,4,#FF7290,Core,1.0,591,1.0,both,True,380156.0,Ndnf-IRES2-dgCre;Slc32a1-IRES2-FlpO;Ai65-380156,M,P50,VISp1,674238250.0,SM-GE93P_S073_E1-50,RSC-150,CS180626100005,Lamp5 Plch2 Dock5,both,True,True,True,Lamp5,Lamp5,True,Lamp5
674240849,592,P8S4_180319_354_A01,Lamp5 Plch2 Dock5,4,#FF7290,I1,1.0,592,1.0,both,True,380156.0,Ndnf-IRES2-dgCre;Slc32a1-IRES2-FlpO;Ai65-380156,M,P50,VISp2/3,674240834.0,SM-GE93P_S078_E1-50,RSC-150,CS180626100005,Lamp5 Plch2 Dock5,both,True,True,True,Lamp5,Lamp5,True,Lamp5
674246494,593,P9S4_180319_406_A01,Lamp5 Plch2 Dock5,4,#FF7290,Core,1.0,593,1.0,both,True,380156.0,Ndnf-IRES2-dgCre;Slc32a1-IRES2-FlpO;Ai65-380156,M,P50,VISp2/3,674246439.0,SM-GE93P_S088_E1-50,RSC-150,CS180626100005,Lamp5 Plch2 Dock5,both,True,True,True,Lamp5,Lamp5,True,Lamp5
674247723,594,P1S4_180319_005_A01,Lamp5 Plch2 Dock5,4,#FF7290,Core,1.0,594,1.0,both,True,381042.0,Htr3a-Cre_NO152;Ai14-381042,M,P46,VISp5,674247708.0,SM-GE93P_S074_E1-50,RSC-150,CS180626100005,Lamp5 Plch2 Dock5,both,True,True,True,Lamp5,Lamp5,True,Lamp5
674251116,595,PBS4_180319_504_A01,Vip Lmo1 Myl1,16,#9FAAFF,Core,1.0,595,1.0,both,True,381042.0,Htr3a-Cre_NO152;Ai14-381042,M,P46,VISp2/3,674251055.0,SM-GE93S_S115_E1-50,RSC-150,CS180626100020,Vip Lmo1 Myl1,both,True,True,True,Vip,Vip,True,Vip
674260498,596,P8S4_180319_358_A01,Vip Lmo1 Myl1,16,#9FAAFF,Core,1.0,596,1.0,both,True,381042.0,Htr3a-Cre_NO152;Ai14-381042,M,P46,VISp2/3,674260483.0,SM-GE93P_S082_E1-50,RSC-150,CS180626100020,Vip Lmo1 Myl1,both,True,True,True,Vip,Vip,True,Vip
674419902,597,P9S4_180320_401_A01,Sst Hpse Cbln4,42,#806B19,Core,1.0,597,1.0,both,True,381580.0,Sst-IRES-Cre;Ai14-381580,F,P44,VISp5,674419678.0,SM-GE93S_S141_E1-50,RSC-150,CS180626100043,Sst Hpse Cbln4,both,True,True,True,Sst,Sst,True,Sst
674420128,598,P8S4_180320_351_A01,Sst Calb2 Pdlim5,34,#CC6D3D,Core,1.0,598,1.0,both,True,381580.0,Sst-IRES-Cre;Ai14-381580,F,P44,VISp5,674419997.0,SM-GE93S_S129_E1-50,RSC-150,CS180626100035,Sst Calb2 Pdlim5,both,True,True,True,Sst,Sst,True,Sst
674436459,599,P1S4_180320_001_A01,Sst Nr2f2 Necab1,35,#FFDF11,I2,1.0,599,1.0,both,True,381580.0,Sst-IRES-Cre;Ai14-381580,F,P44,VISp5,674436338.0,SM-GE93S_S117_E1-50,RSC-150,CS180626100037,Sst Myh8 Etv1 ,both,True,True,False,Sst,Sst,True,Sst
674449465,600,P8S4_180320_352_A01,Sst Esm1,45,#C11331,I2,1.0,600,1.0,both,True,381580.0,Sst-IRES-Cre;Ai14-381580,F,P44,VISp6a,674449117.0,SM-GE93S_S130_E1-50,RSC-150,CS180626100045,Sst Crh 4930553C11Rik ,both,True,True,False,Sst,Sst,True,Sst
674471452,601,P9S4_180320_402_A01,Lamp5 Plch2 Dock5,4,#FF7290,Core,1.0,601,1.0,both,True,380160.0,Ndnf-IRES2-dgCre;Slc32a1-IRES2-FlpO;Ai65-380160,M,P51,VISp4,674471313.0,SM-GE93S_S142_E1-50,RSC-150,CS180626100005,Lamp5 Plch2 Dock5,both,True,True,True,Lamp5,Lamp5,True,Lamp5
674482551,602,P8S4_180320_353_A01,Sst Esm1,45,#C11331,Core,1.0,602,1.0,both,True,381580.0,Sst-IRES-Cre;Ai14-381580,F,P44,VISp5,674482423.0,SM-GE93S_S131_E1-50,RSC-150,CS180626100046,Sst Esm1,both,True,True,True,Sst,Sst,True,Sst
674495385,603,P2S4_180320_051_A01,Sst Tac2 Tacstd2,46,#BF8219,I1,1.0,603,1.0,both,True,381580.0,Sst-IRES-Cre;Ai14-381580,F,P44,VISp5,674495232.0,SM-GE93S_S121_E1-50,RSC-150,CS180626100047,Sst Tac2 Tacstd2,both,True,True,True,Sst,Sst,True,Sst
674537160,604,P2S4_180320_052_A01,Sst Calb2 Pdlim5,34,#CC6D3D,I1,1.0,604,1.0,both,True,381580.0,Sst-IRES-Cre;Ai14-381580,F,P44,VISp5,674537053.0,SM-GE93S_S122_E1-50,RSC-150,CS180626100035,Sst Calb2 Pdlim5,both,True,True,True,Sst,Sst,True,Sst
674556708,605,P8S4_180320_354_A01,Lamp5 Lsp1,5,#FFA388,Core,1.0,605,1.0,both,True,380160.0,Ndnf-IRES2-dgCre;Slc32a1-IRES2-FlpO;Ai65-380160,M,P51,VISp2/3,674556464.0,SM-GE93S_S132_E1-50,RSC-150,CS180626100006,Lamp5 Lsp1,both,True,True,True,Lamp5,Lamp5,True,Lamp5
674559170,606,P9S4_180320_404_A01,Lamp5 Lsp1,5,#FFA388,Core,1.0,606,1.0,both,True,381045.0,Htr3a-Cre_NO152;Ai14-381045,F,P47,VISp1,674558982.0,SM-GE93S_S144_E1-50,RSC-150,CS180626100006,Lamp5 Lsp1,both,True,True,True,Lamp5,Lamp5,True,Lamp5
674582479,607,P9S4_180320_406_A01,Lamp5 Lsp1,5,#FFA388,Core,1.0,607,1.0,both,True,381045.0,Htr3a-Cre_NO152;Ai14-381045,F,P47,VISp4,674582430.0,SM-GE93S_S146_E1-50,RSC-150,CS180626100006,Lamp5 Lsp1,both,True,True,True,Lamp5,Lamp5,True,Lamp5
674587352,608,P8S4_180320_356_A01,Vip Crispld2 Kcne4,27,#AD589A,Core,1.0,608,1.0,both,True,381045.0,Htr3a-Cre_NO152;Ai14-381045,F,P47,VISp2/3,674587296.0,SM-GE93S_S134_E1-50,RSC-150,CS180626100028,Vip Crispld2 Kcne4,both,True,True,True,Vip,Vip,True,Vip
674588640,609,P9S4_180320_407_A01,Vip Ptprt Pkp2,20,#FF00FF,Core,1.0,609,1.0,both,True,381045.0,Htr3a-Cre_NO152;Ai14-381045,F,P47,VISp2/3,674588602.0,SM-GE93S_S147_E1-50,RSC-150,CS180626100021,Vip Ptprt Pkp2,both,True,True,True,Vip,Vip,True,Vip
675025710,610,P8S4_180321_354_A01,Lamp5 Lsp1,5,#FFA388,Core,1.0,610,1.0,both,True,381047.0,Htr3a-Cre_NO152;Ai14-381047,F,P48,VISp6a,675025695.0,SM-GE93S_S179_E1-50,RSC-150,CS180626100006,Lamp5 Lsp1,both,True,True,True,Lamp5,Lamp5,True,Lamp5
675026566,611,PAS4_180321_453_A01,Vip Lmo1 Fam159b,15,#756FB3,Core,1.0,611,1.0,both,True,381047.0,Htr3a-Cre_NO152;Ai14-381047,F,P48,VISp4,675026551.0,SM-GE93S_S183_E1-50,RSC-150,CS180626100019,Vip Lmo1 Fam159b,both,True,True,True,Vip,Vip,True,Vip
675027801,612,P2S4_180321_053_A01,Lamp5 Lsp1,5,#FFA388,Core,1.0,612,1.0,both,True,380161.0,Ndnf-IRES2-dgCre;Slc32a1-IRES2-FlpO;Ai65-380161,M,P52,VISp1,675027786.0,SM-GE93S_S175_E1-50,RSC-150,,,both,True,False,,Lamp5,,,Lamp5
675772724,613,PAS4_180323_451_A01,Pvalb Reln Itm2a,56,#E67A77,Core,1.0,613,1.0,both,True,381048.0,Htr3a-Cre_NO152;Ai14-381048,F,P50,VISp4,675772576.0,SM-GE93J_S001_E1-50,RSC-152,CS180626100058,Pvalb Reln Itm2a,both,True,True,True,Pvalb,Pvalb,True,Pvalb
675904449,614,P2S4_180323_053_A01,Sst Tac2 Tacstd2,46,#BF8219,I1,1.0,614,1.0,both,True,379154.0,Chrna2-Cre_OE25;Ai14-379154,M,P59,VISpm5,675903984.0,SM-GE93S_S190_E1-50,RSC-150,CS180626100047,Sst Tac2 Tacstd2,both,True,True,True,Sst,Sst,True,Sst
676685241,615,P9S4_180327_401_A01,Vip Lmo1 Myl1,16,#9FAAFF,I1,1.0,615,1.0,both,True,381886.0,Vip-IRES-Cre;Ai14-381886,M,P49,VISp2/3,676685040.0,SM-GE93J_S030_E1-50,RSC-152,CS180626100020,Vip Lmo1 Myl1,both,True,True,True,Vip,Vip,True,Vip
676732261,616,P1S4_180327_001_A01,Vip Arhgap36 Hmcn1,18,#9189FF,I2,1.0,616,1.0,both,True,381886.0,Vip-IRES-Cre;Ai14-381886,M,P49,VISp5,676731963.0,SM-GE93J_S013_E1-50,RSC-152,CS180626100016,Vip Igfbp4 Mab21l1,both,True,True,False,Vip,Vip,True,Vip
676757248,617,P8S4_180327_352_A01,Lamp5 Lsp1,5,#FFA388,Core,1.0,617,1.0,both,True,380655.0,Gad2-IRES-Cre;Ai14-380655,F,P56,VISp2/3,676757078.0,SM-GE93J_S023_E1-50,RSC-152,CS180626100006,Lamp5 Lsp1,both,True,True,True,Lamp5,Lamp5,True,Lamp5
676767745,618,P1S4_180327_002_A01,Vip Ptprt Pkp2,20,#FF00FF,Core,1.0,618,1.0,both,True,381886.0,Vip-IRES-Cre;Ai14-381886,M,P49,VISp2/3,676767571.0,SM-GE93J_S014_E1-50,RSC-152,CS180626100021,Vip Ptprt Pkp2,both,True,True,True,Vip,Vip,True,Vip
676768413,619,PBS4_180327_501_A01,Vip Col15a1 Pde1a,28,#AC3491,I1,1.0,619,1.0,both,True,381886.0,Vip-IRES-Cre;Ai14-381886,M,P49,VISp1,676767955.0,SM-GE93J_S047_E1-50,RSC-152,CS180626100029,Vip Col15a1 Pde1a,both,True,True,True,Vip,Vip,True,Vip
676789476,620,P8S4_180327_353_A01,Sst Crhr2 Efemp1,43,#B95541,I1,1.0,620,1.0,both,True,380655.0,Gad2-IRES-Cre;Ai14-380655,F,P56,VISp6a,676789291.0,SM-GE93J_S024_E1-50,RSC-152,CS180626100043,Sst Hpse Cbln4,both,True,True,False,Sst,Sst,True,Sst
676890033,621,PBS4_180327_502_A01,Pvalb Reln Tac1,57,#D6221D,I2,1.0,621,1.0,both,True,380655.0,Gad2-IRES-Cre;Ai14-380655,F,P56,VISp5,676889612.0,SM-GE93J_S048_E1-50,RSC-152,CS180626100057,Pvalb Reln Tac1,both,True,True,True,Pvalb,Pvalb,True,Pvalb
677042379,622,PBS4_180327_503_A01,Lamp5 Lsp1,5,#FFA388,I2,1.0,622,1.0,both,True,381810.0,Ndnf-IRES2-dgCre;Slc32a1-IRES2-FlpO;Ai65-381810,F,P58,VISp1,677042105.0,SM-GE93J_S049_E1-50,RSC-152,CS180626100006,Lamp5 Lsp1,both,True,True,True,Lamp5,Lamp5,True,Lamp5
677042504,623,P1S4_180327_005_A01,Lamp5 Lsp1,5,#FFA388,Core,1.0,623,1.0,both,True,381810.0,Ndnf-IRES2-dgCre;Slc32a1-IRES2-FlpO;Ai65-381810,F,P58,VISp1,677042422.0,SM-GE93J_S017_E1-50,RSC-152,CS180626100006,Lamp5 Lsp1,both,True,True,True,Lamp5,Lamp5,True,Lamp5
677077832,624,PBS4_180327_504_A01,Sst Hpse Sema3c,41,#BF9F00,Core,1.0,624,1.0,both,True,380655.0,Gad2-IRES-Cre;Ai14-380655,F,P56,VISp5,677077532.0,SM-GE93J_S050_E1-50,RSC-152,CS180626100042,Sst Hpse Sema3c,both,True,True,True,Sst,Sst,True,Sst
678411851,625,P8S4_180330_351_A01,Vip Igfbp4 Mab21l1,17,#533691,I2,1.0,625,1.0,both,True,381891.0,Vip-IRES-Cre;Ai14-381891,F,P52,VISp4,678411671.0,SM-GE93J_S059_E1-50,RSC-152,CS180626100026,Vip Pygm C1ql1,both,True,True,False,Vip,Vip,True,Vip
678519215,626,P2S4_180330_051_A01,Vip Ptprt Pkp2,20,#FF00FF,Core,1.0,626,1.0,both,True,381891.0,Vip-IRES-Cre;Ai14-381891,F,P52,VISp2/3,678518949.0,SM-GE93J_S054_E1-50,RSC-152,CS180626100021,Vip Ptprt Pkp2,both,True,True,True,Vip,Vip,True,Vip
678605510,627,PBS4_180330_502_A01,Pvalb Reln Itm2a,56,#E67A77,Core,1.0,627,1.0,both,True,381164.0,Chrna2-Cre_OE25;Pvalb-T2A-FlpO;Ai65-381164,M,P56,VISp5,678605191.0,SM-GE93J_S069_E1-50,RSC-152,CS180626100058,Pvalb Reln Itm2a,both,True,True,True,Pvalb,Pvalb,True,Pvalb
678626969,628,PBS4_180330_503_A01,Pvalb Akr1c18 Ntf3,53,#FF4343,I1,1.0,628,1.0,both,True,381164.0,Chrna2-Cre_OE25;Pvalb-T2A-FlpO;Ai65-381164,M,P56,VISp5,678626735.0,SM-GE93J_S070_E1-50,RSC-152,CS180626100053,Pvalb Akr1c18 Ntf3,both,True,True,True,Pvalb,Pvalb,True,Pvalb
678632250,629,P8S4_180330_354_A01,Vip Crispld2 Kcne4,27,#AD589A,Core,1.0,629,1.0,both,True,382260.0,Vip-IRES-Cre;Ai14-382260,M,P50,VISp2/3,678632056.0,SM-GE93J_S062_E1-50,RSC-152,CS180626100028,Vip Crispld2 Kcne4,both,True,True,True,Vip,Vip,True,Vip
678641945,630,P1S4_180330_001_A01,Vip Chat Htr1f,24,#FF4DC1,Core,1.0,630,1.0,both,True,382260.0,Vip-IRES-Cre;Ai14-382260,M,P50,VISp5,678641697.0,SM-GE93J_S051_E1-50,RSC-152,CS180626100025,Vip Chat Htr1f,both,True,True,True,Vip,Vip,True,Vip
678656656,631,P8S4_180330_355_A01,Vip Lect1 Oxtr,22,#FF00B3,Core,1.0,631,1.0,both,True,382260.0,Vip-IRES-Cre;Ai14-382260,M,P50,VISp2/3,678656543.0,SM-GE93J_S063_E1-50,RSC-152,CS180626100023,Vip Lect1 Oxtr,both,True,True,True,Vip,Vip,True,Vip
678708083,632,P8S4_180330_357_A01,Vip Ptprt Pkp2,20,#FF00FF,Core,1.0,632,1.0,both,True,382260.0,Vip-IRES-Cre;Ai14-382260,M,P50,VISp2/3,678708067.0,SM-GE93J_S065_E1-50,RSC-152,CS180626100021,Vip Ptprt Pkp2,both,True,True,True,Vip,Vip,True,Vip
678708195,633,P2S4_180330_055_A01,Vip Lmo1 Myl1,16,#9FAAFF,Core,1.0,633,1.0,both,True,382260.0,Vip-IRES-Cre;Ai14-382260,M,P50,VISpm2/3,678708179.0,SM-GE93J_S058_E1-50,RSC-152,CS180626100020,Vip Lmo1 Myl1,both,True,True,True,Vip,Vip,True,Vip
678711682,634,PBS4_180330_505_A01,Pvalb Akr1c18 Ntf3,53,#FF4343,Core,1.0,634,1.0,both,True,382382.0,Slc17a8-IRES2-Cre;Ai14-382382,F,P49,VISp6a,678711631.0,SM-GE93J_S072_E1-50,RSC-152,CS180626100053,Pvalb Akr1c18 Ntf3,both,True,True,True,Pvalb,Pvalb,True,Pvalb
679028081,635,P1S4_180402_001_A01,Sst Calb2 Necab1,33,#BF480D,I1,1.0,635,1.0,both,True,382539.0,Sst-IRES-Cre;Ai14-382539,M,P51,VISp2/3,679027587.0,SM-GE93J_S073_E1-50,RSC-152,CS180626100034,Sst Calb2 Necab1,both,True,True,True,Sst,Sst,True,Sst
679068460,636,P1S4_180402_002_A01,Sst Hpse Cbln4,42,#806B19,Core,1.0,636,1.0,both,True,382539.0,Sst-IRES-Cre;Ai14-382539,M,P51,VISp4,679068225.0,SM-GE93J_S074_E1-50,RSC-152,CS180626100043,Sst Hpse Cbln4,both,True,True,True,Sst,Sst,True,Sst
679226264,637,P9S4_180402_403_A01,Vip Lmo1 Myl1,16,#9FAAFF,Core,1.0,637,1.0,both,True,382261.0,Vip-IRES-Cre;Ai14-382261,F,P53,VISp5,679226109.0,SM-GE93J_S090_E1-50,RSC-152,CS180626100020,Vip Lmo1 Myl1,both,True,True,True,Vip,Vip,True,Vip
679300054,638,P2S4_180402_054_A01,Pvalb Gabrg1,50,#ED4C50,Core,1.0,638,1.0,both,True,382502.0,Th-Cre_FI172;Ai14-382502,F,P51,VISp6a,679299969.0,SM-GE93J_S081_E1-50,RSC-152,CS180626100051,Pvalb Gabrg1,both,True,True,True,Pvalb,Pvalb,True,Pvalb
679447960,639,P9S4_180403_402_A01,Sst Tac1 Htr1d,31,#804811,Core,1.0,639,1.0,both,True,382542.0,Sst-IRES-Cre;Ai14-382542,F,P52,VISp2/3,679447785.0,SM-GE93V_S040_E1-50,RSC-153,CS180626100032,Sst Tac1 Htr1d,both,True,True,True,Sst,Sst,True,Sst
679457550,640,P8S4_180403_352_A01,Sst Nts,49,#A81111,I1,1.0,640,1.0,both,True,382542.0,Sst-IRES-Cre;Ai14-382542,F,P52,VISp6a,679457393.0,SM-GE93V_S034_E1-50,RSC-153,CS180626100050,Sst Nts,both,True,True,True,Sst,Sst,True,Sst
679462648,641,PBS4_180403_501_A01,Sst Calb2 Necab1,33,#BF480D,I2,1.0,641,1.0,both,True,382542.0,Sst-IRES-Cre;Ai14-382542,F,P52,VISli2/3,679462388.0,SM-GE93V_S056_E1-50,RSC-153,CS180626100034,Sst Calb2 Necab1,both,True,True,True,Sst,Sst,True,Sst
679475427,642,PBS4_180403_502_A01,Sst Esm1,45,#C11331,Core,1.0,642,1.0,both,True,382542.0,Sst-IRES-Cre;Ai14-382542,F,P52,VISpor6a,679475196.0,SM-GE93V_S057_E1-50,RSC-153,CS180626100046,Sst Esm1,both,True,True,True,Sst,Sst,True,Sst
679512991,643,PAS4_180403_451_A01,Sst Rxfp1 Prdm8,48,#802600,I1,1.0,643,1.0,both,True,382542.0,Sst-IRES-Cre;Ai14-382542,F,P52,VISp5,679512902.0,SM-GE93V_S054_E1-50,RSC-153,CS180626100049,Sst Rxfp1 Prdm8,both,True,True,True,Sst,Sst,True,Sst
679578958,644,P9S4_180403_405_A01,Vip Pygm C1ql1,25,#BD3D9A,Core,1.0,644,1.0,both,True,382262.0,Vip-IRES-Cre;Ai14-382262,F,P54,VISp2/3,679578671.0,SM-GE93V_S051_E1-50,RSC-153,CS180626100026,Vip Pygm C1ql1,both,True,True,True,Vip,Vip,True,Vip
679590711,645,P8S4_180403_354_A01,Pvalb Gabrg1,50,#ED4C50,Core,1.0,645,1.0,both,True,382500.0,Th-Cre_FI172;Ai14-382500,M,P52,VISp6a,679590544.0,SM-GE93V_S036_E1-50,RSC-153,CS180626100051,Pvalb Gabrg1,both,True,True,True,Pvalb,Pvalb,True,Pvalb
679620100,646,PBS4_180403_506_A01,Pvalb Gabrg1,50,#ED4C50,Core,1.0,646,1.0,both,True,382500.0,Th-Cre_FI172;Ai14-382500,M,P52,VISl5,679619991.0,SM-GE93V_S061_E1-50,RSC-153,CS180626100051,Pvalb Gabrg1,both,True,True,True,Pvalb,Pvalb,True,Pvalb
679649396,647,P2S4_180403_056_A01,Vip Arhgap36 Hmcn1,18,#9189FF,Core,1.0,647,1.0,both,True,382262.0,Vip-IRES-Cre;Ai14-382262,F,P54,VISp4,679648965.0,SM-GE93V_S032_E1-50,RSC-153,CS180626100017,Vip Arhgap36 Hmcn1,both,True,True,True,Vip,Vip,True,Vip
679650759,648,P8S4_180403_356_A01,Vip Crispld2 Kcne4,27,#AD589A,I2,1.0,648,1.0,both,True,382262.0,Vip-IRES-Cre;Ai14-382262,F,P54,VISp2/3,679650695.0,SM-GE93V_S038_E1-50,RSC-153,CS180626100023,Vip Lect1 Oxtr,both,True,True,False,Vip,Vip,True,Vip
679863446,649,P8S4_180404_351_A01,Sst Hpse Cbln4,42,#806B19,Core,1.0,649,1.0,both,True,382543.0,Sst-IRES-Cre;Ai14-382543,F,P53,VISp4,679863225.0,SM-GE93V_S080_E1-50,RSC-153,CS180626100043,Sst Hpse Cbln4,both,True,True,True,Sst,Sst,True,Sst
679870007,650,PBS4_180404_501_A01,Sst Calb2 Pdlim5,34,#CC6D3D,I2,1.0,650,1.0,both,True,382543.0,Sst-IRES-Cre;Ai14-382543,F,P53,VISp4,679869807.0,SM-GE93V_S090_E1-50,RSC-153,CS180626100034,Sst Calb2 Necab1,both,True,True,False,Sst,Sst,True,Sst
679883928,651,P8S4_180404_352_A01,Sst Mme Fam114a1,30,#FFBB33,I1,1.0,651,1.0,both,True,382543.0,Sst-IRES-Cre;Ai14-382543,F,P53,VISp4,679883661.0,SM-GE93V_S081_E1-50,RSC-153,CS180626100031,Sst Mme Fam114a1,both,True,True,True,Sst,Sst,True,Sst
679899997,652,P1S4_180404_002_A01,Sst Hpse Cbln4,42,#806B19,I2,1.0,652,1.0,both,True,382543.0,Sst-IRES-Cre;Ai14-382543,F,P53,VISp4,679899849.0,SM-GE93V_S073_E1-50,RSC-153,CS180626100043,Sst Hpse Cbln4,both,True,True,True,Sst,Sst,True,Sst
679920275,653,P8S4_180404_353_A01,Pvalb Tpbg,58,#AF3F64,Core,1.0,653,1.0,both,True,382769.0,Slc32a1-IRES-Cre;Ai14-382769,M,P51,VISp5,679920055.0,SM-GE93V_S082_E1-50,RSC-153,CS180626100059,Pvalb Tpbg,both,True,True,True,Pvalb,Pvalb,True,Pvalb
679932490,654,PBS4_180404_503_A01,Pvalb Tpbg,58,#AF3F64,Core,1.0,654,1.0,both,True,382769.0,Slc32a1-IRES-Cre;Ai14-382769,M,P51,VISp4,679932370.0,SM-GE93V_S092_E1-50,RSC-153,CS180626100059,Pvalb Tpbg,both,True,True,True,Pvalb,Pvalb,True,Pvalb
680027413,655,P2S4_180404_053_A01,Vip Lect1 Oxtr,22,#FF00B3,Core,1.0,655,1.0,both,True,382769.0,Slc32a1-IRES-Cre;Ai14-382769,M,P51,VISp2/3,680027197.0,SM-GE93V_S077_E1-50,RSC-153,CS180626100023,Vip Lect1 Oxtr,both,True,True,True,Vip,Vip,True,Vip
680100714,656,PBS4_180404_506_A01,Sst Nts,49,#A81111,Core,1.0,656,1.0,both,True,382501.0,Th-Cre_FI172;Ai14-382501,M,P53,VISpm6a,680100510.0,SM-GE93V_S095_E1-50,RSC-153,CS180626100050,Sst Nts,both,True,True,True,Sst,Sst,True,Sst
680106185,657,PAS4_180404_452_A01,Vip Crispld2 Kcne4,27,#AD589A,I1,1.0,657,1.0,both,True,382501.0,Th-Cre_FI172;Ai14-382501,M,P53,VISp2/3,680106146.0,SM-GE93V_S089_E1-50,RSC-153,CS180626100028,Vip Crispld2 Kcne4,both,True,True,True,Vip,Vip,True,Vip
680108584,658,PBS4_180404_507_A01,Pvalb Gabrg1,50,#ED4C50,Core,1.0,658,1.0,both,True,382501.0,Th-Cre_FI172;Ai14-382501,M,P53,VISp6a,680108335.0,SM-GE93V_S096_E1-50,RSC-153,CS180626100051,Pvalb Gabrg1,both,True,True,True,Pvalb,Pvalb,True,Pvalb
680553572,659,PAS4_180328_451_A01,Vip Pygm C1ql1,25,#BD3D9A,I1,1.0,659,1.0,both,True,381889.0,Vip-IRES-Cre;Ai14-381889,F,P50,VISp2/3,680553383.0,SM-GE93V_S015_E1-50,RSC-153,CS180626100026,Vip Pygm C1ql1,both,True,True,True,Vip,Vip,True,Vip
680752163,660,P9S4_180406_401_A01,Sst Hpse Cbln4,42,#806B19,Core,1.0,660,1.0,both,True,382544.0,Sst-IRES-Cre;Ai14-382544,F,P55,VISpm4,680751956.0,SM-GE91V_S127_E1-50,RSC-154,CS180626100043,Sst Hpse Cbln4,both,True,True,True,Sst,Sst,True,Sst
680779594,661,PBS4_180406_501_A01,Sst Calb2 Pdlim5,34,#CC6D3D,I1,1.0,661,1.0,both,True,382544.0,Sst-IRES-Cre;Ai14-382544,F,P55,VISp2/3,680779329.0,SM-GE91V_S135_E1-50,RSC-154,CS180626100035,Sst Calb2 Pdlim5,both,True,True,True,Sst,Sst,True,Sst
680791736,662,P1S4_180406_001_A01,Sst Calb2 Pdlim5,34,#CC6D3D,I2,1.0,662,1.0,both,True,382544.0,Sst-IRES-Cre;Ai14-382544,F,P55,VISp2/3,680791578.0,SM-GE91V_S116_E1-50,RSC-154,,,both,True,False,,Sst,,,Sst
680800589,663,P2S4_180328_055_A01,Sst Calb2 Pdlim5,34,#CC6D3D,I3,1.0,663,1.0,both,True,381904.0,Oxtr-T2A-Cre;Ai14-381904,M,P50,VISp4,680799386.0,SM-GE93V_S008_E1-50,RSC-153,CS180626100032,Sst Tac1 Htr1d,both,True,True,False,Sst,Sst,True,Sst
680804279,664,PAS4_180406_451_A01,Sst Tac1 Htr1d,31,#804811,I3,1.0,664,1.0,both,True,382544.0,Sst-IRES-Cre;Ai14-382544,F,P55,VISp2/3,680804129.0,SM-GE91V_S133_E1-50,RSC-154,CS180626100033,Sst Tac1 Tacr3,both,True,True,False,Sst,Sst,True,Sst
680804713,665,P2S4_180328_056_A01,Sst Crhr2 Efemp1,43,#B95541,I2,1.0,665,1.0,both,True,381904.0,Oxtr-T2A-Cre;Ai14-381904,M,P50,VISp5,680804382.0,SM-GE93V_S009_E1-50,RSC-153,CS180626100043,Sst Hpse Cbln4,both,True,True,False,Sst,Sst,True,Sst
680852136,666,P1S4_180406_002_A01,Lamp5 Lsp1,5,#FFA388,Core,1.0,666,1.0,both,True,382770.0,Slc32a1-IRES-Cre;Ai14-382770,M,P53,VISp2/3,680851952.0,SM-GE91V_S117_E1-50,RSC-154,CS180626100006,Lamp5 Lsp1,both,True,True,True,Lamp5,Lamp5,True,Lamp5
680863396,667,P1S4_180406_003_A01,Vip Igfbp4 Mab21l1,17,#533691,I2,1.0,667,1.0,both,True,382770.0,Slc32a1-IRES-Cre;Ai14-382770,M,P53,VISp2/3,680863153.0,SM-GE91V_S118_E1-50,RSC-154,CS180626100026,Vip Pygm C1ql1,both,True,True,False,Vip,Vip,True,Vip
680898048,668,P8S4_180328_353_A01,Lamp5 Lsp1,5,#FFA388,Core,1.0,668,1.0,both,True,381812.0,Ndnf-IRES2-dgCre;Slc32a1-IRES2-FlpO;Ai65-381812,F,P59,VISp4,680897463.0,SM-GE93V_S012_E1-50,RSC-153,CS180626100006,Lamp5 Lsp1,both,True,True,True,Lamp5,Lamp5,True,Lamp5
680956432,669,P9S4_180406_405_A01,Sst Rxfp1 Eya1,47,#994C00,Core,1.0,669,1.0,both,True,382695.0,Gad2-IRES-Cre;Ai14-382695,F,P54,VISp5,680956286.0,SM-GE91V_S131_E1-50,RSC-154,,,both,True,False,,Sst,,,Sst
680964142,670,P9S4_180406_406_A01,Lamp5 Lsp1,5,#FFA388,Core,1.0,670,1.0,both,True,382695.0,Gad2-IRES-Cre;Ai14-382695,F,P54,VISp2/3,680964125.0,SM-GE91V_S132_E1-50,RSC-154,CS180626100006,Lamp5 Lsp1,both,True,True,True,Lamp5,Lamp5,True,Lamp5
680983818,671,P8S4_180406_358_A01,Sst Calb2 Necab1,33,#BF480D,I2,1.0,671,1.0,both,True,382695.0,Gad2-IRES-Cre;Ai14-382695,F,P54,VISp5,680983584.0,SM-GE91V_S126_E1-50,RSC-154,CS180626100034,Sst Calb2 Necab1,both,True,True,True,Sst,Sst,True,Sst
681359761,672,P8S4_180409_352_A01,Vip Lmo1 Myl1,16,#9FAAFF,Core,1.0,672,1.0,both,True,383084.0,Vip-IRES-Cre;Ai14-383084,M,P55,VISp4,681359396.0,SM-GE91V_S153_E1-50,RSC-154,CS180626100020,Vip Lmo1 Myl1,both,True,True,True,Vip,Vip,True,Vip
681586118,673,P9S4_180409_406_A01,Vip Lect1 Oxtr,22,#FF00B3,Core,1.0,673,1.0,both,True,383358.0,Vip-IRES-Cre;Ai14-383358,F,P54,VISp2/3,681585951.0,SM-GE91V_S174_E1-50,RSC-154,CS180626100023,Vip Lect1 Oxtr,both,True,True,True,Vip,Vip,True,Vip
681631284,674,P8S4_180409_357_A01,Vip Ptprt Pkp2,20,#FF00FF,Core,1.0,674,1.0,both,True,383358.0,Vip-IRES-Cre;Ai14-383358,F,P54,VISp4,681631237.0,SM-GE91V_S158_E1-50,RSC-154,CS180626100021,Vip Ptprt Pkp2,both,True,True,True,Vip,Vip,True,Vip
681649837,675,P8S4_180409_359_A01,Pvalb Reln Itm2a,56,#E67A77,I1,1.0,675,1.0,both,True,383626.0,Pvalb-IRES-Cre;Ai14-383626,M,P53,VISp5,681649724.0,SM-GE91V_S160_E1-50,RSC-154,CS180626100058,Pvalb Reln Itm2a,both,True,True,True,Pvalb,Pvalb,True,Pvalb
681793778,676,P8S4_180410_351_A01,Vip Crispld2 Htr2c,26,#882E81,I1,1.0,676,1.0,both,True,383085.0,Vip-IRES-Cre;Ai14-383085,M,P56,VISp2/3,681793570.0,SM-GE936_S005_E1-50,RSC-155,CS180626100027,Vip Crispld2 Htr2c,both,True,True,True,Vip,Vip,True,Vip
681837535,677,P9S4_180410_404_A01,Vip Pygm C1ql1,25,#BD3D9A,Core,1.0,677,1.0,both,True,384210.0,Slc32a1-IRES-Cre;Ai14-384210,M,P50,VISp2/3,681837199.0,SM-GE936_S023_E1-50,RSC-155,CS180626100026,Vip Pygm C1ql1,both,True,True,True,Vip,Vip,True,Vip
681847715,678,P2S4_180410_052_A01,Sst Myh8 Fibin,38,#FF8011,I1,1.0,678,1.0,both,True,384210.0,Slc32a1-IRES-Cre;Ai14-384210,M,P50,VISp5,681847483.0,SM-GE936_S001_E1-50,RSC-155,CS180626100038,Sst Myh8 Fibin,both,True,True,True,Sst,Sst,True,Sst
681863200,679,P2S4_180410_053_A01,Sst Tac1 Htr1d,31,#804811,I3,1.0,679,1.0,both,True,384210.0,Slc32a1-IRES-Cre;Ai14-384210,M,P50,VISp2/3,681862976.0,SM-GE936_S002_E1-50,RSC-155,CS180626100033,Sst Tac1 Tacr3,both,True,True,False,Sst,Sst,True,Sst
681887486,680,P2S4_180410_054_A01,Pvalb Reln Itm2a,56,#E67A77,Core,1.0,680,1.0,both,True,384210.0,Slc32a1-IRES-Cre;Ai14-384210,M,P50,VISp4,681887306.0,SM-GE936_S003_E1-50,RSC-155,CS180626100058,Pvalb Reln Itm2a,both,True,True,True,Pvalb,Pvalb,True,Pvalb
681907924,681,P2S4_180410_055_A01,Sst Calb2 Pdlim5,34,#CC6D3D,I1,1.0,681,1.0,both,True,384210.0,Slc32a1-IRES-Cre;Ai14-384210,M,P50,VISp2/3,681907837.0,SM-GE936_S004_E1-50,RSC-155,CS180626100035,Sst Calb2 Pdlim5,both,True,True,True,Sst,Sst,True,Sst
682128272,682,P9S4_180411_401_A01,Vip Ptprt Pkp2,20,#FF00FF,Core,1.0,682,1.0,both,True,383086.0,Vip-IRES-Cre;Ai14-383086,M,P57,VISp2/3,682128141.0,SM-GE936_S056_E1-50,RSC-155,CS180626100021,Vip Ptprt Pkp2,both,True,True,True,Vip,Vip,True,Vip
682131764,683,P8S4_180411_351_A01,Vip Lmo1 Fam159b,15,#756FB3,I1,1.0,683,1.0,both,True,383086.0,Vip-IRES-Cre;Ai14-383086,M,P57,VISl6a,682131557.0,SM-GE936_S048_E1-50,RSC-155,CS180626100019,Vip Lmo1 Fam159b,both,True,True,True,Vip,Vip,True,Vip
682135792,684,PBS4_180411_501_A01,Vip Col15a1 Pde1a,28,#AC3491,I2,1.0,684,1.0,both,True,383086.0,Vip-IRES-Cre;Ai14-383086,M,P57,VISp2/3,682135535.0,SM-GE936_S067_E1-50,RSC-155,CS180626100029,Vip Col15a1 Pde1a,both,True,True,True,Vip,Vip,True,Vip
682143357,685,P1S4_180411_001_A01,Vip Crispld2 Kcne4,27,#AD589A,I2,1.0,685,1.0,both,True,383086.0,Vip-IRES-Cre;Ai14-383086,M,P57,VISp2/3,682143236.0,SM-GE936_S035_E1-50,RSC-155,CS180626100020,Vip Lmo1 Myl1,both,True,True,False,Vip,Vip,True,Vip
682145219,686,PBS4_180411_502_A01,Vip Lmo1 Myl1,16,#9FAAFF,I1,1.0,686,1.0,both,True,383086.0,Vip-IRES-Cre;Ai14-383086,M,P57,VISp4,682145030.0,SM-GE936_S068_E1-50,RSC-155,CS180626100020,Vip Lmo1 Myl1,both,True,True,True,Vip,Vip,True,Vip
682151312,687,P8S4_180411_353_A01,Pvalb Reln Itm2a,56,#E67A77,Core,1.0,687,1.0,both,True,384211.0,Slc32a1-IRES-Cre;Ai14-384211,M,P51,VISp5,682151174.0,SM-GE936_S050_E1-50,RSC-155,CS180626100058,Pvalb Reln Itm2a,both,True,True,True,Pvalb,Pvalb,True,Pvalb
682158343,688,PAS4_180411_451_A01,Lamp5 Lsp1,5,#FFA388,Core,1.0,688,1.0,both,True,384211.0,Slc32a1-IRES-Cre;Ai14-384211,M,P51,VISp2/3,682158220.0,SM-GE936_S064_E1-50,RSC-155,CS180626100006,Lamp5 Lsp1,both,True,True,True,Lamp5,Lamp5,True,Lamp5
682163968,689,P9S4_180411_404_A01,Lamp5 Lsp1,5,#FFA388,Core,1.0,689,1.0,both,True,384211.0,Slc32a1-IRES-Cre;Ai14-384211,M,P51,VISpm6a,682163810.0,SM-GE936_S059_E1-50,RSC-155,CS180626100006,Lamp5 Lsp1,both,True,True,True,Lamp5,Lamp5,True,Lamp5
682176818,690,P8S4_180411_355_A01,Sst Rxfp1 Prdm8,48,#802600,Core,1.0,690,1.0,both,True,384211.0,Slc32a1-IRES-Cre;Ai14-384211,M,P51,VISp5,682176548.0,SM-GE936_S052_E1-50,RSC-155,CS180626100049,Sst Rxfp1 Prdm8,both,True,True,True,Sst,Sst,True,Sst
682177103,691,P9S4_180411_405_A01,Lamp5 Lsp1,5,#FFA388,Core,1.0,691,1.0,both,True,384211.0,Slc32a1-IRES-Cre;Ai14-384211,M,P51,VISp6a,682176921.0,SM-GE936_S060_E1-50,RSC-155,CS180626100006,Lamp5 Lsp1,both,True,True,True,Lamp5,Lamp5,True,Lamp5
682223987,692,PBS4_180411_503_A01,Sst Calb2 Pdlim5,34,#CC6D3D,Core,1.0,692,1.0,both,True,384211.0,Slc32a1-IRES-Cre;Ai14-384211,M,P51,VISp5,682223581.0,SM-GE936_S069_E1-50,RSC-155,CS180626100035,Sst Calb2 Pdlim5,both,True,True,True,Sst,Sst,True,Sst
682239403,693,P2S4_180411_051_A01,Pvalb Reln Itm2a,56,#E67A77,I1,1.0,693,1.0,both,True,384211.0,Slc32a1-IRES-Cre;Ai14-384211,M,P51,VISpm4,682239321.0,SM-GE936_S043_E1-50,RSC-155,CS180626100058,Pvalb Reln Itm2a,both,True,True,True,Pvalb,Pvalb,True,Pvalb
682320370,694,P1S4_180411_005_A01,Lamp5 Lsp1,5,#FFA388,Core,1.0,694,1.0,both,True,384211.0,Slc32a1-IRES-Cre;Ai14-384211,M,P51,VISpm2/3,682320088.0,SM-GE936_S039_E1-50,RSC-155,CS180626100006,Lamp5 Lsp1,both,True,True,True,Lamp5,Lamp5,True,Lamp5
682331689,695,P1S4_180411_006_A01,Lamp5 Lsp1,5,#FFA388,Core,1.0,695,1.0,both,True,384211.0,Slc32a1-IRES-Cre;Ai14-384211,M,P51,VISp2/3,682331540.0,SM-GE936_S040_E1-50,RSC-155,CS180626100006,Lamp5 Lsp1,both,True,True,True,Lamp5,Lamp5,True,Lamp5
682332013,696,P8S4_180411_356_A01,Pvalb Reln Tac1,57,#D6221D,Core,1.0,696,1.0,both,True,384211.0,Slc32a1-IRES-Cre;Ai14-384211,M,P51,VISp5,682331801.0,SM-GE936_S053_E1-50,RSC-155,CS180626100057,Pvalb Reln Tac1,both,True,True,True,Pvalb,Pvalb,True,Pvalb
682402048,697,P2S4_180411_053_A01,Pvalb Reln Itm2a,56,#E67A77,Core,1.0,697,1.0,both,True,383628.0,Pvalb-IRES-Cre;Ai14-383628,M,P55,VISp4,682401880.0,SM-GE936_S045_E1-50,RSC-155,CS180626100058,Pvalb Reln Itm2a,both,True,True,True,Pvalb,Pvalb,True,Pvalb
682454193,698,P2S4_180411_054_A01,Pvalb Tpbg,58,#AF3F64,Core,1.0,698,1.0,both,True,383628.0,Pvalb-IRES-Cre;Ai14-383628,M,P55,VISp2/3,682454062.0,SM-GE936_S046_E1-50,RSC-155,CS180626100059,Pvalb Tpbg,both,True,True,True,Pvalb,Pvalb,True,Pvalb
683411842,699,P1S4_180413_002_A01,Vip Crispld2 Kcne4,27,#AD589A,I1,1.0,699,1.0,both,True,383357.0,Vip-IRES-Cre;Ai14-383357,M,P58,VISp2/3,683411711.0,SM-GE936_S074_E1-50,RSC-155,CS180626100028,Vip Crispld2 Kcne4,both,True,True,True,Vip,Vip,True,Vip
683446765,700,P8S4_180413_352_A01,Pvalb Sema3e Kank4,54,#C94545,I2,1.0,700,1.0,both,True,383745.0,Gad2-IRES-Cre;Ai14-383745,M,P56,VISp5,683446657.0,SM-GE936_S084_E1-50,RSC-155,CS180626100055,Pvalb Sema3e Kank4,both,True,True,True,Pvalb,Pvalb,True,Pvalb
683594240,701,P8S4_180413_355_A01,Pvalb Tpbg,58,#AF3F64,Core,1.0,701,1.0,both,True,383745.0,Gad2-IRES-Cre;Ai14-383745,M,P56,VISpm2/3,683594156.0,SM-GE936_S087_E1-50,RSC-155,CS180626100059,Pvalb Tpbg,both,True,True,True,Pvalb,Pvalb,True,Pvalb
683607340,702,P2S4_180413_052_A01,Pvalb Reln Tac1,57,#D6221D,I2,1.0,702,1.0,both,True,383745.0,Gad2-IRES-Cre;Ai14-383745,M,P56,VISp5,683606942.0,SM-GE936_S078_E1-50,RSC-155,CS180626100057,Pvalb Reln Tac1,both,True,True,True,Pvalb,Pvalb,True,Pvalb
683782728,703,PAS4_180413_451_A01,Pvalb Reln Itm2a,56,#E67A77,Core,1.0,703,1.0,both,True,383745.0,Gad2-IRES-Cre;Ai14-383745,M,P56,VISp5,683782665.0,SM-GE937_S097_E1-50,RSC-155,CS180626100058,Pvalb Reln Itm2a,both,True,True,True,Pvalb,Pvalb,True,Pvalb
683811404,704,P2S4_180413_053_A01,Sst Mme Fam114a1,30,#FFBB33,Core,1.0,704,1.0,both,True,383745.0,Gad2-IRES-Cre;Ai14-383745,M,P56,VISp5,683811118.0,SM-GE936_S079_E1-50,RSC-155,CS180626100031,Sst Mme Fam114a1,both,True,True,True,Sst,Sst,True,Sst
683834014,705,PAS4_180413_452_A01,Sst Hpse Sema3c,41,#BF9F00,Core,1.0,705,1.0,both,True,383745.0,Gad2-IRES-Cre;Ai14-383745,M,P56,VISp4,683833919.0,SM-GE937_S098_E1-50,RSC-155,CS180626100042,Sst Hpse Sema3c,both,True,True,True,Sst,Sst,True,Sst
683840204,706,P8S4_180413_357_A01,Sst Myh8 Fibin,38,#FF8011,Core,1.0,706,1.0,both,True,383745.0,Gad2-IRES-Cre;Ai14-383745,M,P56,VISpm5,683839935.0,SM-GE936_S089_E1-50,RSC-155,CS180626100038,Sst Myh8 Fibin,both,True,True,True,Sst,Sst,True,Sst
683859949,707,PBS4_180413_504_A01,Pvalb Tpbg,58,#AF3F64,I1,1.0,707,1.0,both,True,383629.0,Pvalb-IRES-Cre;Ai14-383629,M,P57,VISpor5,683859636.0,SM-GE937_S102_E1-50,RSC-155,CS180626100059,Pvalb Tpbg,both,True,True,True,Pvalb,Pvalb,True,Pvalb
683870933,708,P2S4_180413_054_A01,Sst Tac1 Htr1d,31,#804811,I3,1.0,708,1.0,both,True,383745.0,Gad2-IRES-Cre;Ai14-383745,M,P56,VISp5,683870701.0,SM-GE936_S080_E1-50,RSC-155,CS180626100033,Sst Tac1 Tacr3,both,True,True,False,Sst,Sst,True,Sst
683899155,709,P8S4_180413_358_A01,Sst Nr2f2 Necab1,35,#FFDF11,I1,1.0,709,1.0,both,True,383745.0,Gad2-IRES-Cre;Ai14-383745,M,P56,VISpm5,683898971.0,SM-GE936_S090_E1-50,RSC-155,CS180626100036,Sst Nr2f2 Necab1,both,True,True,True,Sst,Sst,True,Sst
683929708,710,PBS4_180413_505_A01,Pvalb Tpbg,58,#AF3F64,I1,1.0,710,1.0,both,True,383629.0,Pvalb-IRES-Cre;Ai14-383629,M,P57,VISp2/3,683929691.0,SM-GE937_S103_E1-50,RSC-155,CS180626100059,Pvalb Tpbg,both,True,True,True,Pvalb,Pvalb,True,Pvalb
683958677,711,PBS4_180413_506_A01,Pvalb Reln Itm2a,56,#E67A77,Core,1.0,711,1.0,both,True,383629.0,Pvalb-IRES-Cre;Ai14-383629,M,P57,VISpl5,683958549.0,SM-GE937_S104_E1-50,RSC-155,CS180626100058,Pvalb Reln Itm2a,both,True,True,True,Pvalb,Pvalb,True,Pvalb
683976003,712,P2S4_180413_055_A01,Pvalb Reln Itm2a,56,#E67A77,I2,1.0,712,1.0,both,True,383745.0,Gad2-IRES-Cre;Ai14-383745,M,P56,VISp5,683975821.0,SM-GE936_S081_E1-50,RSC-155,CS180626100058,Pvalb Reln Itm2a,both,True,True,True,Pvalb,Pvalb,True,Pvalb
684857201,713,P9S4_180416_401_A01,Sst Rxfp1 Eya1,47,#994C00,I2,1.0,713,1.0,both,True,385813.0,Sst-IRES-Cre;Ai14-385813,M,P49,VISp5,684857016.0,SM-GE937_S111_E1-50,RSC-155,CS180626100048,Sst Rxfp1 Eya1,both,True,True,True,Sst,Sst,True,Sst
684907719,714,PBS4_180416_501_A01,Sst Hpse Cbln4,42,#806B19,Core,1.0,714,1.0,both,True,385813.0,Sst-IRES-Cre;Ai14-385813,M,P49,VISp4,684907313.0,SM-GE937_S120_E1-50,RSC-155,CS180626100043,Sst Hpse Cbln4,both,True,True,True,Sst,Sst,True,Sst
685314490,715,P9S4_180416_405_A01,Vip Lmo1 Fam159b,15,#756FB3,Core,1.0,715,1.0,both,True,385205.0,Chrna2-Cre_OE25;Vip-IRES-FlpO;Ai65-385205,M,P51,VISp5,685314341.0,SM-GE937_S115_E1-50,RSC-155,CS180626100019,Vip Lmo1 Fam159b,both,True,True,True,Vip,Vip,True,Vip
685348280,716,PBS4_180416_503_A01,Sst Calb2 Pdlim5,34,#CC6D3D,I2,1.0,716,1.0,both,True,385813.0,Sst-IRES-Cre;Ai14-385813,M,P49,VISpm5,685347979.0,SM-GE937_S122_E1-50,RSC-155,CS180626100035,Sst Calb2 Pdlim5,both,True,True,True,Sst,Sst,True,Sst
685379987,717,PBS4_180416_504_A01,Sst Tac1 Htr1d,31,#804811,I1,1.0,717,1.0,both,True,385813.0,Sst-IRES-Cre;Ai14-385813,M,P49,VISp2/3,685379789.0,SM-GE937_S123_E1-50,RSC-155,CS180626100032,Sst Tac1 Htr1d,both,True,True,True,Sst,Sst,True,Sst
685382599,718,PAS4_180416_451_A01,Lamp5 Lsp1,5,#FFA388,Core,1.0,718,1.0,both,True,384859.0,Gad2-IRES-Cre;Ai14-384859,M,P53,VISp1,685382490.0,SM-GE937_S118_E1-50,RSC-155,CS180626100006,Lamp5 Lsp1,both,True,True,True,Lamp5,Lamp5,True,Lamp5
685611222,719,P8S4_180417_351_A01,Sst Calb2 Pdlim5,34,#CC6D3D,Core,1.0,719,1.0,both,True,385815.0,Sst-IRES-Cre;Ai14-385815,F,P50,VISp4,685611188.0,SM-GE937_S173_E1-50,RSC-155,CS180626100035,Sst Calb2 Pdlim5,both,True,True,True,Sst,Sst,True,Sst
685624703,720,P8S4_180417_352_A01,Sst Crhr2 Efemp1,43,#B95541,Core,1.0,720,1.0,both,True,385815.0,Sst-IRES-Cre;Ai14-385815,F,P50,VISp6a,685624549.0,SM-GE937_S174_E1-50,RSC-155,CS180626100044,Sst Crhr2 Efemp1,both,True,True,True,Sst,Sst,True,Sst
685636842,721,P8S4_180417_353_A01,Sst Crhr2 Efemp1,43,#B95541,I1,1.0,721,1.0,both,True,385815.0,Sst-IRES-Cre;Ai14-385815,F,P50,VISp6a,685636769.0,SM-GE937_S175_E1-50,RSC-155,CS180626100044,Sst Crhr2 Efemp1,both,True,True,True,Sst,Sst,True,Sst
685682618,722,PBS4_180417_502_A01,Pvalb Tpbg,58,#AF3F64,I3,1.0,722,1.0,both,True,385815.0,Sst-IRES-Cre;Ai14-385815,F,P50,VISp5,685682418.0,SM-GE93B_S016_E1-50,RSC-155,CS180626100057,Pvalb Reln Tac1,both,True,True,False,Pvalb,Pvalb,True,Pvalb
685707450,723,PAS4_180417_452_A01,Sst Hpse Cbln4,42,#806B19,I1,1.0,723,1.0,both,True,385815.0,Sst-IRES-Cre;Ai14-385815,F,P50,VISp5,685707352.0,SM-GE93B_S010_E1-50,RSC-155,CS180626100043,Sst Hpse Cbln4,both,True,True,True,Sst,Sst,True,Sst
685707621,724,PBS4_180417_503_A01,Pvalb Th Sst,51,#FF2F7E,I1,1.0,724,1.0,both,True,385815.0,Sst-IRES-Cre;Ai14-385815,F,P50,VISp6a,685707481.0,SM-GE93B_S017_E1-50,RSC-155,CS180626100052,Pvalb Th Sst,both,True,True,True,Pvalb,Pvalb,True,Pvalb
685736302,725,P9S4_180417_401_A01,Pvalb Reln Itm2a,56,#E67A77,I1,1.0,725,1.0,both,True,384679.0,Etv1-CreERT2;Pvalb-T2A-FlpO;Ai65-384679,M,P60,VISpm2/3,685736251.0,SM-GE937_S190_E1-50,RSC-155,CS180626100058,Pvalb Reln Itm2a,both,True,True,True,Pvalb,Pvalb,True,Pvalb
685742609,726,PBS4_180417_506_A01,Sst Calb2 Pdlim5,34,#CC6D3D,I3,1.0,726,1.0,both,True,385815.0,Sst-IRES-Cre;Ai14-385815,F,P50,VISp5,685742420.0,SM-GE93B_S020_E1-50,RSC-155,CS180626100032,Sst Tac1 Htr1d,both,True,True,False,Sst,Sst,True,Sst
685762610,727,PAS4_180417_453_A01,Sst Hpse Sema3c,41,#BF9F00,I2,1.0,727,1.0,both,True,384861.0,Gad2-IRES-Cre;Ai14-384861,M,P54,VISp5,685762595.0,SM-GE93B_S011_E1-50,RSC-155,CS180626100042,Sst Hpse Sema3c,both,True,True,True,Sst,Sst,True,Sst
685762875,728,PBS4_180417_508_A01,Pvalb Tpbg,58,#AF3F64,I2,1.0,728,1.0,both,True,384679.0,Etv1-CreERT2;Pvalb-T2A-FlpO;Ai65-384679,M,P60,VISp5,685762860.0,SM-GE93B_S022_E1-50,RSC-155,CS180626100058,Pvalb Reln Itm2a,both,True,True,False,Pvalb,Pvalb,True,Pvalb
686075082,729,P8S4_180418_351_A01,Sst Tac1 Htr1d,31,#804811,I1,1.0,729,1.0,both,True,385817.0,Sst-IRES-Cre;Ai14-385817,F,P51,VISp5,686074892.0,SM-GE93B_S030_E1-50,RSC-155,CS180626100032,Sst Tac1 Htr1d,both,True,True,True,Sst,Sst,True,Sst
686334539,730,P8S4_180418_356_A01,Lamp5 Plch2 Dock5,4,#FF7290,Core,1.0,730,1.0,both,True,384591.0,Ndnf-IRES2-dgCre;Ai14-384591,F,P56,VISp1,686334362.0,SM-GE93B_S035_E1-50,RSC-155,CS180626100005,Lamp5 Plch2 Dock5,both,True,True,True,Lamp5,Lamp5,True,Lamp5
686334676,731,PAS4_180418_453_A01,Lamp5 Plch2 Dock5,4,#FF7290,Core,1.0,731,1.0,both,True,384591.0,Ndnf-IRES2-dgCre;Ai14-384591,F,P56,VISp1,686334616.0,SM-GE93B_S038_E1-50,RSC-155,CS180626100005,Lamp5 Plch2 Dock5,both,True,True,True,Lamp5,Lamp5,True,Lamp5
687104367,732,PAS4_180419_452_A01,Lamp5 Lhx6,6,#C77963,Core,1.0,732,1.0,both,True,384990.0,Nkx2-1-CreERT2;Ai14(TAM at e17)-384990,F,P55,VISp5,687104265.0,SM-GE93B_S066_E1-50,RSC-155,CS180626100007,Lamp5 Lhx6,both,True,True,True,Lamp5,Lamp5,True,Lamp5
687907602,733,P8S4_180423_351_A01,Sst Chrna2 Glra3,37,#FF9F2C,I2,1.0,733,1.0,both,True,386474.0,Sst-IRES-Cre;Ai14-386474,M,P50,VISp5,687907372.0,SM-GE93B_S072_E1-50,RSC-155,CS180626100039,Sst Chrna2 Glra3,both,True,True,True,Sst,Sst,True,Sst
687935998,734,P8S4_180423_352_A01,Sst Esm1,45,#C11331,I1,1.0,734,1.0,both,True,386474.0,Sst-IRES-Cre;Ai14-386474,M,P50,VISp6a,687935847.0,SM-GE93B_S073_E1-50,RSC-155,CS180626100046,Sst Esm1,both,True,True,True,Sst,Sst,True,Sst
688058099,735,P2S4_180423_051_A01,Sst Myh8 Etv1 ,36,#D6C300,I1,1.0,735,1.0,both,True,386474.0,Sst-IRES-Cre;Ai14-386474,M,P50,VISpm5,688057710.0,SM-GE93B_S067_E1-50,RSC-155,CS180626100037,Sst Myh8 Etv1 ,both,True,True,True,Sst,Sst,True,Sst
688086402,736,PAS4_180423_453_A01,Sst Myh8 Etv1 ,36,#D6C300,I2,1.0,736,1.0,both,True,386474.0,Sst-IRES-Cre;Ai14-386474,M,P50,VISp5,688086222.0,SM-GE93B_S088_E1-50,RSC-155,CS180626100037,Sst Myh8 Etv1 ,both,True,True,True,Sst,Sst,True,Sst
688115867,737,P8S4_180423_354_A01,Sst Rxfp1 Prdm8,48,#802600,Core,1.0,737,1.0,both,True,385997.0,Th-P2A-FlpO;Ai65F-385997,F,P53,VISp6b,688115799.0,SM-GE93B_S075_E1-50,RSC-155,CS180626100049,Sst Rxfp1 Prdm8,both,True,True,True,Sst,Sst,True,Sst
688130343,738,P8S4_180423_355_A01,Pvalb Gabrg1,50,#ED4C50,Core,1.0,738,1.0,both,True,385997.0,Th-P2A-FlpO;Ai65F-385997,F,P53,VISp5,688130325.0,SM-GE93B_S076_E1-50,RSC-155,CS180626100051,Pvalb Gabrg1,both,True,True,True,Pvalb,Pvalb,True,Pvalb
688133055,739,P2S4_180423_053_A01,Sst Tac2 Tacstd2,46,#BF8219,Core,1.0,739,1.0,both,True,386474.0,Sst-IRES-Cre;Ai14-386474,M,P50,VISp5,688133040.0,SM-GE93B_S069_E1-50,RSC-155,CS180626100047,Sst Tac2 Tacstd2,both,True,True,True,Sst,Sst,True,Sst
688145929,740,P8S4_180423_356_A01,Pvalb Th Sst,51,#FF2F7E,I1,1.0,740,1.0,both,True,385997.0,Th-P2A-FlpO;Ai65F-385997,F,P53,VISpm6a,688145914.0,SM-GE93B_S077_E1-50,RSC-155,CS180626100052,Pvalb Th Sst,both,True,True,True,Pvalb,Pvalb,True,Pvalb
688152462,741,P2S4_180423_054_A01,Lamp5 Plch2 Dock5,4,#FF7290,I2,1.0,741,1.0,both,True,385740.0,Ndnf-IRES2-dgCre;Slc32a1-IRES2-FlpO;Ai65-385740,M,P54,VISpm1,688152447.0,SM-GE93B_S070_E1-50,RSC-155,CS180626100005,Lamp5 Plch2 Dock5,both,True,True,True,Lamp5,Lamp5,True,Lamp5
688152504,742,P8S4_180423_358_A01,Sst Nts,49,#A81111,Core,1.0,742,1.0,both,True,385997.0,Th-P2A-FlpO;Ai65F-385997,F,P53,VISam6a,688152489.0,SM-GE93B_S079_E1-50,RSC-155,CS180626100050,Sst Nts,both,True,True,True,Sst,Sst,True,Sst
688382422,743,PAS4_180423_455_A01,Pvalb Tpbg,58,#AF3F64,I1,1.0,743,1.0,both,True,384390.0,Pvalb-IRES-Cre;Ai14-384390,M,P62,VISpor5,688382353.0,SM-GE93B_S090_E1-50,RSC-155,CS180626100059,Pvalb Tpbg,both,True,True,True,Pvalb,Pvalb,True,Pvalb
688897776,744,P8S4_180424_351_A01,Sst Tac1 Htr1d,31,#804811,I2,1.0,744,1.0,both,True,386476.0,Sst-IRES-Cre;Ai14-386476,F,P51,VISp5,688897268.0,SM-GE92Y_S012_E1-50,RSC-156,CS180626100032,Sst Tac1 Htr1d,both,True,True,True,Sst,Sst,True,Sst
688926074,745,P2S4_180424_051_A01,Sst Rxfp1 Prdm8,48,#802600,Core,1.0,745,1.0,both,True,386476.0,Sst-IRES-Cre;Ai14-386476,F,P51,VISp6a,688925621.0,SM-GE93B_S094_E1-50,RSC-155,CS180626100049,Sst Rxfp1 Prdm8,both,True,True,True,Sst,Sst,True,Sst
688958418,746,P8S4_180424_352_A01,Sst Hpse Cbln4,42,#806B19,Core,1.0,746,1.0,both,True,386476.0,Sst-IRES-Cre;Ai14-386476,F,P51,VISp5,688958005.0,SM-GE92Y_S013_E1-50,RSC-156,CS180626100043,Sst Hpse Cbln4,both,True,True,True,Sst,Sst,True,Sst
688970669,747,PAS4_180424_451_A01,Sst Calb2 Pdlim5,34,#CC6D3D,Core,1.0,747,1.0,both,True,386476.0,Sst-IRES-Cre;Ai14-386476,F,P51,VISrl4,688970416.0,SM-GE92Y_S044_E1-50,RSC-156,CS180626100035,Sst Calb2 Pdlim5,both,True,True,True,Sst,Sst,True,Sst
689017383,748,P2S4_180424_052_A01,Sst Rxfp1 Prdm8,48,#802600,Core,1.0,748,1.0,both,True,386476.0,Sst-IRES-Cre;Ai14-386476,F,P51,VISp5,689016966.0,SM-GE93B_S095_E1-50,RSC-155,CS180626100049,Sst Rxfp1 Prdm8,both,True,True,True,Sst,Sst,True,Sst
689030611,749,P8S4_180424_353_A01,Pvalb Calb1 Sst,52,#BC2B11,Core,1.0,749,1.0,both,True,386476.0,Sst-IRES-Cre;Ai14-386476,F,P51,VISp6a,689030270.0,SM-GE92Y_S014_E1-50,RSC-156,CS180626100054,Pvalb Calb1 Sst,both,True,True,True,Pvalb,Pvalb,True,Pvalb
689098357,750,P2S4_180424_053_A01,Sst Hpse Cbln4,42,#806B19,Core,1.0,750,1.0,both,True,386476.0,Sst-IRES-Cre;Ai14-386476,F,P51,VISp5,689096830.0,SM-GE93B_S096_E1-50,RSC-155,CS180626100043,Sst Hpse Cbln4,both,True,True,True,Sst,Sst,True,Sst
689123951,751,PAS4_180424_452_A01,Sst Chodl,29,#FFFF00,Core,1.0,751,1.0,both,True,386167.0,Nos1-CreERT2;Ai14-386167,M,P53,VISp1,689123738.0,SM-GE92Y_S045_E1-50,RSC-156,CS180626100030,Sst Chodl,both,True,True,True,Sst,Sst,True,Sst
689145054,752,PAS4_180424_453_A01,Lamp5 Lhx6,6,#C77963,Core,1.0,752,1.0,both,True,386167.0,Nos1-CreERT2;Ai14-386167,M,P53,VISp2/3,689144767.0,SM-GE92Y_S046_E1-50,RSC-156,CS180626100007,Lamp5 Lhx6,both,True,True,True,Lamp5,Lamp5,True,Lamp5
689256816,753,P9S4_180424_403_A01,Lamp5 Lsp1,5,#FFA388,I2,1.0,753,1.0,both,True,385743.0,Ndnf-IRES2-dgCre;Slc32a1-IRES2-FlpO;Ai65-385743,M,P55,VISp2/3,689256673.0,SM-GE92Y_S030_E1-50,RSC-156,CS180626100006,Lamp5 Lsp1,both,True,True,True,Lamp5,Lamp5,True,Lamp5
689279957,754,P9S4_180424_404_A01,Lamp5 Ntn1 Npy2r,3,#DD6091,I1,1.0,754,1.0,both,True,385743.0,Ndnf-IRES2-dgCre;Slc32a1-IRES2-FlpO;Ai65-385743,M,P55,VISp2/3,689279803.0,SM-GE92Y_S031_E1-50,RSC-156,CS180626100004,Lamp5 Ntn1 Npy2r,both,True,True,True,Lamp5,Lamp5,True,Lamp5
689280134,755,P2S4_180424_054_A01,Pvalb Gabrg1,50,#ED4C50,Core,1.0,755,1.0,both,True,385998.0,Th-P2A-FlpO;Ai65F-385998,F,P54,VISp6a,689280018.0,SM-GE92Y_S001_E1-50,RSC-156,CS180626100051,Pvalb Gabrg1,both,True,True,True,Pvalb,Pvalb,True,Pvalb
689636633,756,P8S4_180425_351_A01,Sst Crh 4930553C11Rik ,44,#C77767,I2,1.0,756,1.0,both,True,386478.0,Sst-IRES-Cre;Ai14-386478,F,P52,VISp6a,689636425.0,SM-GE92Y_S065_E1-50,RSC-156,CS180626100045,Sst Crh 4930553C11Rik ,both,True,True,True,Sst,Sst,True,Sst
689656936,757,P8S4_180425_352_A01,Sst Calb2 Pdlim5,34,#CC6D3D,Core,1.0,757,1.0,both,True,386478.0,Sst-IRES-Cre;Ai14-386478,F,P52,VISp2/3,689656788.0,SM-GE92Y_S066_E1-50,RSC-156,CS180626100035,Sst Calb2 Pdlim5,both,True,True,True,Sst,Sst,True,Sst
689678479,758,P8S4_180425_353_A01,Sst Rxfp1 Prdm8,48,#802600,Core,1.0,758,1.0,both,True,386478.0,Sst-IRES-Cre;Ai14-386478,F,P52,VISpm5,689678259.0,SM-GE92Y_S067_E1-50,RSC-156,CS180626100049,Sst Rxfp1 Prdm8,both,True,True,True,Sst,Sst,True,Sst
689705007,759,PAS4_180425_452_A01,Pvalb Reln Itm2a,56,#E67A77,Core,1.0,759,1.0,both,True,384391.0,Pvalb-IRES-Cre;Ai14-384391,M,P64,VISp5,689704875.0,SM-GE92Y_S072_E1-50,RSC-156,CS180626100058,Pvalb Reln Itm2a,both,True,True,True,Pvalb,Pvalb,True,Pvalb
689775309,760,P8S4_180425_355_A01,Pvalb Th Sst,51,#FF2F7E,I1,1.0,760,1.0,both,True,385999.0,Th-P2A-FlpO;Ai65F-385999,F,P55,VISp6a,689775201.0,SM-GE92Y_S069_E1-50,RSC-156,CS180626100052,Pvalb Th Sst,both,True,True,True,Pvalb,Pvalb,True,Pvalb
689776472,761,P2S4_180425_051_A01,Pvalb Akr1c18 Ntf3,53,#FF4343,I2,1.0,761,1.0,both,True,385999.0,Th-P2A-FlpO;Ai65F-385999,F,P55,VISp5,689776342.0,SM-GE92Y_S054_E1-50,RSC-156,CS180626100053,Pvalb Akr1c18 Ntf3,both,True,True,True,Pvalb,Pvalb,True,Pvalb
689791001,762,P8S4_180425_356_A01,Sst Chodl,29,#FFFF00,Core,1.0,762,1.0,both,True,386169.0,Nos1-CreERT2;Ai14-386169,F,P54,VISpm6a,689790922.0,SM-GE92Y_S070_E1-50,RSC-156,CS180626100030,Sst Chodl,both,True,True,True,Sst,Sst,True,Sst
689797731,763,P2S4_180425_052_A01,Pvalb Gabrg1,50,#ED4C50,Core,1.0,763,1.0,both,True,385999.0,Th-P2A-FlpO;Ai65F-385999,F,P55,VISp5,689797581.0,SM-GE92Y_S055_E1-50,RSC-156,CS180626100051,Pvalb Gabrg1,both,True,True,True,Pvalb,Pvalb,True,Pvalb
689816363,764,P2S4_180425_053_A01,Sst Tac1 Htr1d,31,#804811,I2,1.0,764,1.0,both,True,386169.0,Nos1-CreERT2;Ai14-386169,F,P54,VISp5,689816223.0,SM-GE92Y_S056_E1-50,RSC-156,CS180626100032,Sst Tac1 Htr1d,both,True,True,True,Sst,Sst,True,Sst
691433259,765,P8S4_180427_351_A01,Vip Rspo4 Rxfp1 Chat,21,#AF00E6,Core,1.0,765,1.0,both,True,386651.0,Chat-IRES-Cre-neo;Ai14-386651,F,P53,VISp2/3,691433117.0,SM-GE932_S008_E1-50,RSC-156,CS180626100022,Vip Rspo4 Rxfp1 Chat,both,True,True,True,Vip,Vip,True,Vip
691433482,766,P9S4_180427_402_A01,Vip Col15a1 Pde1a,28,#AC3491,Core,1.0,766,1.0,both,True,386651.0,Chat-IRES-Cre-neo;Ai14-386651,F,P53,VISp2/3,691433355.0,SM-GE932_S016_E1-50,RSC-156,CS180626100029,Vip Col15a1 Pde1a,both,True,True,True,Vip,Vip,True,Vip
691511791,767,P8S4_180427_352_A01,Vip Rspo4 Rxfp1 Chat,21,#AF00E6,Core,1.0,767,1.0,both,True,386651.0,Chat-IRES-Cre-neo;Ai14-386651,F,P53,VISpm2/3,691511646.0,SM-GE932_S009_E1-50,RSC-156,CS180626100022,Vip Rspo4 Rxfp1 Chat,both,True,True,True,Vip,Vip,True,Vip
691547521,768,P2S4_180427_052_A01,Vip Igfbp6 Car10,13,#7779BF,I1,1.0,768,1.0,both,True,386651.0,Chat-IRES-Cre-neo;Ai14-386651,F,P53,VISp2/3,691547179.0,SM-GE932_S003_E1-50,RSC-156,CS180626100014,Vip Igfbp6 Car10,both,True,True,True,Vip,Vip,True,Vip
691665864,769,P9S4_180427_403_A01,Lamp5 Plch2 Dock5,4,#FF7290,Core,1.0,769,1.0,both,True,386058.0,Gad2-IRES-Cre;Ai14-386058,M,P57,VISp2/3,691665753.0,SM-GE932_S017_E1-50,RSC-156,CS180626100005,Lamp5 Plch2 Dock5,both,True,True,True,Lamp5,Lamp5,True,Lamp5
691670691,770,P8S4_180427_353_A01,Sst Tac2 Tacstd2,46,#BF8219,Core,1.0,770,1.0,both,True,386058.0,Gad2-IRES-Cre;Ai14-386058,M,P57,VISp6a,691670500.0,SM-GE932_S010_E1-50,RSC-156,CS180626100047,Sst Tac2 Tacstd2,both,True,True,True,Sst,Sst,True,Sst
691673416,771,P9S4_180427_404_A01,Lamp5 Lsp1,5,#FFA388,Core,1.0,771,1.0,both,True,386058.0,Gad2-IRES-Cre;Ai14-386058,M,P57,VISp6b,691673234.0,SM-GE932_S018_E1-50,RSC-156,CS180626100006,Lamp5 Lsp1,both,True,True,True,Lamp5,Lamp5,True,Lamp5
691685873,772,P8S4_180427_354_A01,Lamp5 Lsp1,5,#FFA388,Core,1.0,772,1.0,both,True,386058.0,Gad2-IRES-Cre;Ai14-386058,M,P57,VISpm2/3,691685638.0,SM-GE932_S011_E1-50,RSC-156,CS180626100006,Lamp5 Lsp1,both,True,True,True,Lamp5,Lamp5,True,Lamp5
691703809,773,P8S4_180427_355_A01,Pvalb Sema3e Kank4,54,#C94545,Core,1.0,773,1.0,both,True,386058.0,Gad2-IRES-Cre;Ai14-386058,M,P57,VISpm6a,691703642.0,SM-GE932_S012_E1-50,RSC-156,CS180626100055,Pvalb Sema3e Kank4,both,True,True,True,Pvalb,Pvalb,True,Pvalb
691719142,774,P2S4_180427_055_A01,Vip Lmo1 Myl1,16,#9FAAFF,Core,1.0,774,1.0,both,True,386058.0,Gad2-IRES-Cre;Ai14-386058,M,P57,VISp2/3,691719034.0,SM-GE932_S006_E1-50,RSC-156,CS180626100020,Vip Lmo1 Myl1,both,True,True,True,Vip,Vip,True,Vip
691728766,775,P8S4_180427_356_A01,Pvalb Sema3e Kank4,54,#C94545,I2,1.0,775,1.0,both,True,386058.0,Gad2-IRES-Cre;Ai14-386058,M,P57,VISpm6a,691728661.0,SM-GE932_S013_E1-50,RSC-156,CS180626100055,Pvalb Sema3e Kank4,both,True,True,True,Pvalb,Pvalb,True,Pvalb
691750677,776,P2S4_180427_056_A01,Pvalb Reln Tac1,57,#D6221D,I2,1.0,776,1.0,both,True,386058.0,Gad2-IRES-Cre;Ai14-386058,M,P57,VISam5,691750590.0,SM-GE932_S007_E1-50,RSC-156,CS180626100057,Pvalb Reln Tac1,both,True,True,True,Pvalb,Pvalb,True,Pvalb
692015490,777,P8S4_180430_351_A01,Sst Rxfp1 Prdm8,48,#802600,Core,1.0,777,1.0,both,True,387577.0,Sst-IRES-Cre;Ai14-387577,M,P51,VISp6b,692015275.0,SM-GE932_S020_E1-50,RSC-156,CS180626100049,Sst Rxfp1 Prdm8,both,True,True,True,Sst,Sst,True,Sst
692044280,778,P8S4_180430_352_A01,Sst Nts,49,#A81111,Core,1.0,778,1.0,both,True,387577.0,Sst-IRES-Cre;Ai14-387577,M,P51,VISp6a,692044122.0,SM-GE932_S021_E1-50,RSC-156,CS180626100050,Sst Nts,both,True,True,True,Sst,Sst,True,Sst
692068557,779,PAS4_180430_451_A01,Sst Calb2 Pdlim5,34,#CC6D3D,Core,1.0,779,1.0,both,True,387577.0,Sst-IRES-Cre;Ai14-387577,M,P51,VISli5,692068398.0,SM-GE932_S035_E1-50,RSC-156,CS180626100035,Sst Calb2 Pdlim5,both,True,True,True,Sst,Sst,True,Sst
692161037,780,PAS4_180430_452_A01,Sst Calb2 Pdlim5,34,#CC6D3D,I1,1.0,780,1.0,both,True,387577.0,Sst-IRES-Cre;Ai14-387577,M,P51,VISp2/3,692160891.0,SM-GE932_S036_E1-50,RSC-156,CS180626100035,Sst Calb2 Pdlim5,both,True,True,True,Sst,Sst,True,Sst
692247628,781,P9S4_180430_401_A01,Vip Lmo1 Myl1,16,#9FAAFF,I1,1.0,781,1.0,both,True,387145.0,Vip-IRES-Cre;Ai14-387145,M,P54,VISp2/3,692247496.0,SM-GE932_S028_E1-50,RSC-156,CS180626100020,Vip Lmo1 Myl1,both,True,True,True,Vip,Vip,True,Vip
692286150,782,P8S4_180430_355_A01,Vip Lmo1 Myl1,16,#9FAAFF,Core,1.0,782,1.0,both,True,387600.0,Vip-IRES-Cre;Ai14-387600,F,P51,VISp2/3,692285955.0,SM-GE932_S024_E1-50,RSC-156,CS180626100020,Vip Lmo1 Myl1,both,True,True,True,Vip,Vip,True,Vip
692290052,783,P9S4_180430_402_A01,Sst Chodl,29,#FFFF00,Core,1.0,783,1.0,both,True,387320.0,Ndnf-IRES2-dgCre;Slc32a1-IRES2-FlpO;Ai65-387320,M,P52,VISpm6a,692289929.0,SM-GE932_S029_E1-50,RSC-156,CS180626100030,Sst Chodl,both,True,True,True,Sst,Sst,True,Sst
692296799,784,PAS4_180430_453_A01,Lamp5 Plch2 Dock5,4,#FF7290,I2,1.0,784,1.0,both,True,387320.0,Ndnf-IRES2-dgCre;Slc32a1-IRES2-FlpO;Ai65-387320,M,P52,VISp6a,692296674.0,SM-GE932_S037_E1-50,RSC-156,CS180626100005,Lamp5 Plch2 Dock5,both,True,True,True,Lamp5,Lamp5,True,Lamp5
692300498,785,P8S4_180430_356_A01,Vip Ptprt Pkp2,20,#FF00FF,Core,1.0,785,1.0,both,True,387600.0,Vip-IRES-Cre;Ai14-387600,F,P51,VISpm2/3,692300284.0,SM-GE932_S025_E1-50,RSC-156,CS180626100021,Vip Ptprt Pkp2,both,True,True,True,Vip,Vip,True,Vip
692300636,786,P9S4_180430_403_A01,Sst Calb2 Pdlim5,34,#CC6D3D,I1,1.0,786,1.0,both,True,387320.0,Ndnf-IRES2-dgCre;Slc32a1-IRES2-FlpO;Ai65-387320,M,P52,VISp4,692300540.0,SM-GE932_S030_E1-50,RSC-156,,,both,True,False,,Sst,,,Sst
692309268,787,P9S4_180430_404_A01,Lamp5 Plch2 Dock5,4,#FF7290,I1,1.0,787,1.0,both,True,387320.0,Ndnf-IRES2-dgCre;Slc32a1-IRES2-FlpO;Ai65-387320,M,P52,VISpm1,692309248.0,SM-GE932_S031_E1-50,RSC-156,CS180626100005,Lamp5 Plch2 Dock5,both,True,True,True,Lamp5,Lamp5,True,Lamp5
692309940,788,P9S4_180430_405_A01,Sst Rxfp1 Prdm8,48,#802600,I1,1.0,788,1.0,both,True,387320.0,Ndnf-IRES2-dgCre;Slc32a1-IRES2-FlpO;Ai65-387320,M,P52,VISpm5,692309925.0,SM-GE932_S032_E1-50,RSC-156,CS180626100049,Sst Rxfp1 Prdm8,both,True,True,True,Sst,Sst,True,Sst
692310663,789,P9S4_180430_406_A01,Sst Chrna2 Glra3,37,#FF9F2C,I1,1.0,789,1.0,both,True,387320.0,Ndnf-IRES2-dgCre;Slc32a1-IRES2-FlpO;Ai65-387320,M,P52,VISp5,692310648.0,SM-GE932_S033_E1-50,RSC-156,CS180626100039,Sst Chrna2 Glra3,both,True,True,True,Sst,Sst,True,Sst
692314766,790,P9S4_180430_407_A01,Lamp5 Plch2 Dock5,4,#FF7290,I1,1.0,790,1.0,both,True,387320.0,Ndnf-IRES2-dgCre;Slc32a1-IRES2-FlpO;Ai65-387320,M,P52,VISp1,692314749.0,SM-GE932_S034_E1-50,RSC-156,CS180626100006,Lamp5 Lsp1,both,True,True,False,Lamp5,Lamp5,True,Lamp5
692470904,791,P9S4_180501_401_A01,Sst Nts,49,#A81111,Core,1.0,791,1.0,both,True,387578.0,Sst-IRES-Cre;Ai14-387578,M,P52,VISpm6a,692470628.0,SM-GE932_S059_E1-50,RSC-156,CS180626100050,Sst Nts,both,True,True,True,Sst,Sst,True,Sst
692498211,792,P8S4_180501_351_A01,Sst Rxfp1 Prdm8,48,#802600,I1,1.0,792,1.0,both,True,387578.0,Sst-IRES-Cre;Ai14-387578,M,P52,VISp6a,692498003.0,SM-GE932_S051_E1-50,RSC-156,CS180626100049,Sst Rxfp1 Prdm8,both,True,True,True,Sst,Sst,True,Sst
692565557,793,P8S4_180501_353_A01,Sst Esm1,45,#C11331,Core,1.0,793,1.0,both,True,387578.0,Sst-IRES-Cre;Ai14-387578,M,P52,VISpm6a,692565297.0,SM-GE932_S053_E1-50,RSC-156,CS180626100046,Sst Esm1,both,True,True,True,Sst,Sst,True,Sst
692635606,794,PAS4_180501_452_A01,Vip Gpc3 Slc18a3,19,#B09FFF,Core,1.0,794,1.0,both,True,387146.0,Vip-IRES-Cre;Ai14-387146,M,P55,VISp6a,692635516.0,SM-GE932_S064_E1-50,RSC-156,CS180626100018,Vip Gpc3 Slc18a3,both,True,True,True,Vip,Vip,True,Vip
692675937,795,PAS4_180501_453_A01,Vip Crispld2 Kcne4,27,#AD589A,I1,1.0,795,1.0,both,True,387146.0,Vip-IRES-Cre;Ai14-387146,M,P55,VISp2/3,692675821.0,SM-GE932_S065_E1-50,RSC-156,CS180626100028,Vip Crispld2 Kcne4,both,True,True,True,Vip,Vip,True,Vip
692777508,796,P8S4_180501_355_A01,Pvalb Calb1 Sst,52,#BC2B11,I1,1.0,796,1.0,both,True,388062.0,Pvalb-IRES-Cre;Ai14-388062,M,P49,VISp6a,692777335.0,SM-GE932_S055_E1-50,RSC-156,CS180626100054,Pvalb Calb1 Sst,both,True,True,True,Pvalb,Pvalb,True,Pvalb
692777680,797,P2S4_180501_052_A01,Vip Crispld2 Kcne4,27,#AD589A,Core,1.0,797,1.0,both,True,387146.0,Vip-IRES-Cre;Ai14-387146,M,P55,VISp2/3,692777581.0,SM-GE932_S039_E1-50,RSC-156,CS180626100028,Vip Crispld2 Kcne4,both,True,True,True,Vip,Vip,True,Vip
692783767,798,PBS4_180501_505_A01,Vip Pygm C1ql1,25,#BD3D9A,I1,1.0,798,1.0,both,True,387146.0,Vip-IRES-Cre;Ai14-387146,M,P55,VISp4,692783607.0,SM-GE932_S072_E1-50,RSC-156,CS180626100026,Vip Pygm C1ql1,both,True,True,True,Vip,Vip,True,Vip
692793083,799,PBS4_180501_506_A01,Vip Crispld2 Htr2c,26,#882E81,I1,1.0,799,1.0,both,True,387146.0,Vip-IRES-Cre;Ai14-387146,M,P55,VISp2/3,692792919.0,SM-GE932_S073_E1-50,RSC-156,CS180626100027,Vip Crispld2 Htr2c,both,True,True,True,Vip,Vip,True,Vip
692793282,800,P2S4_180501_053_A01,Vip Crispld2 Kcne4,27,#AD589A,Core,1.0,800,1.0,both,True,387146.0,Vip-IRES-Cre;Ai14-387146,M,P55,VISp4,692793132.0,SM-GE932_S040_E1-50,RSC-156,CS180626100028,Vip Crispld2 Kcne4,both,True,True,True,Vip,Vip,True,Vip
692794769,801,PAS4_180501_454_A01,Pvalb Reln Itm2a,56,#E67A77,Core,1.0,801,1.0,both,True,388062.0,Pvalb-IRES-Cre;Ai14-388062,M,P49,VISp4,692794724.0,SM-GE932_S066_E1-50,RSC-156,CS180626100058,Pvalb Reln Itm2a,both,True,True,True,Pvalb,Pvalb,True,Pvalb
692802446,802,P8S4_180501_357_A01,Pvalb Tpbg,58,#AF3F64,I2,1.0,802,1.0,both,True,388062.0,Pvalb-IRES-Cre;Ai14-388062,M,P49,VISp2/3,692802350.0,SM-GE932_S057_E1-50,RSC-156,CS180626100058,Pvalb Reln Itm2a,both,True,True,False,Pvalb,Pvalb,True,Pvalb
692808080,803,P8S4_180501_358_A01,Pvalb Sema3e Kank4,54,#C94545,I1,1.0,803,1.0,both,True,388062.0,Pvalb-IRES-Cre;Ai14-388062,M,P49,VISpm6a,692807996.0,SM-GE932_S058_E1-50,RSC-156,CS180626100055,Pvalb Sema3e Kank4,both,True,True,True,Pvalb,Pvalb,True,Pvalb
692809544,804,P2S4_180501_054_A01,Pvalb Tpbg,58,#AF3F64,I2,1.0,804,1.0,both,True,388062.0,Pvalb-IRES-Cre;Ai14-388062,M,P49,VISp5,692809418.0,SM-GE932_S049_E1-50,RSC-156,,,both,True,False,,Pvalb,,,Pvalb
692821749,805,PBS4_180501_507_A01,Pvalb Sema3e Kank4,54,#C94545,Core,1.0,805,1.0,both,True,388062.0,Pvalb-IRES-Cre;Ai14-388062,M,P49,VISal6a,692821588.0,SM-GE932_S074_E1-50,RSC-156,CS180626100055,Pvalb Sema3e Kank4,both,True,True,True,Pvalb,Pvalb,True,Pvalb
692824134,806,P2S4_180501_055_A01,Pvalb Reln Itm2a,56,#E67A77,Core,1.0,806,1.0,both,True,388062.0,Pvalb-IRES-Cre;Ai14-388062,M,P49,VISp5,692824020.0,SM-GE932_S050_E1-50,RSC-156,CS180626100058,Pvalb Reln Itm2a,both,True,True,True,Pvalb,Pvalb,True,Pvalb
692843780,807,PBS4_180501_509_A01,Pvalb Reln Itm2a,56,#E67A77,Core,1.0,807,1.0,both,True,388062.0,Pvalb-IRES-Cre;Ai14-388062,M,P49,VISp4,692843651.0,SM-GE932_S076_E1-50,RSC-156,CS180626100058,Pvalb Reln Itm2a,both,True,True,True,Pvalb,Pvalb,True,Pvalb
692846027,808,PBS4_180501_510_A01,Pvalb Sema3e Kank4,54,#C94545,I1,1.0,808,1.0,both,True,388062.0,Pvalb-IRES-Cre;Ai14-388062,M,P49,VISl6a,692845989.0,SM-GE932_S077_E1-50,RSC-156,CS180626100055,Pvalb Sema3e Kank4,both,True,True,True,Pvalb,Pvalb,True,Pvalb
693009119,809,P8S4_180502_351_A01,Sst Nts,49,#A81111,Core,1.0,809,1.0,both,True,387579.0,Sst-IRES-Cre;Ai14-387579,F,P53,VISp6a,693008936.0,SM-GE932_S081_E1-50,RSC-156,CS180626100050,Sst Nts,both,True,True,True,Sst,Sst,True,Sst
693044296,810,P9S4_180502_403_A01,Sst Rxfp1 Prdm8,48,#802600,I1,1.0,810,1.0,both,True,387579.0,Sst-IRES-Cre;Ai14-387579,F,P53,VISp6a,693044160.0,SM-GE932_S092_E1-50,RSC-156,CS180626100049,Sst Rxfp1 Prdm8,both,True,True,True,Sst,Sst,True,Sst
693044826,811,PBS4_180502_501_A01,Sst Hpse Cbln4,42,#806B19,Core,1.0,811,1.0,both,True,387579.0,Sst-IRES-Cre;Ai14-387579,F,P53,VISpm4,693044673.0,SM-GE92K_S099_E1-50,RSC-157,CS180626100043,Sst Hpse Cbln4,both,True,True,True,Sst,Sst,True,Sst
693061554,812,P9S4_180502_404_A01,Sst Calb2 Pdlim5,34,#CC6D3D,I2,1.0,812,1.0,both,True,387579.0,Sst-IRES-Cre;Ai14-387579,F,P53,VISp4,693061397.0,SM-GE932_S093_E1-50,RSC-156,CS180626100035,Sst Calb2 Pdlim5,both,True,True,True,Sst,Sst,True,Sst
693085460,813,PBS4_180502_502_A01,Sst Hpse Sema3c,41,#BF9F00,I2,1.0,813,1.0,both,True,387579.0,Sst-IRES-Cre;Ai14-387579,F,P53,VISp5,693085160.0,SM-GE92K_S100_E1-50,RSC-157,CS180626100042,Sst Hpse Sema3c,both,True,True,True,Sst,Sst,True,Sst
693093302,814,P9S4_180502_405_A01,Sst Crhr2 Efemp1,43,#B95541,Core,1.0,814,1.0,both,True,387579.0,Sst-IRES-Cre;Ai14-387579,F,P53,VISp6a,693092906.0,SM-GE932_S094_E1-50,RSC-156,CS180626100044,Sst Crhr2 Efemp1,both,True,True,True,Sst,Sst,True,Sst
693220300,815,P8S4_180502_355_A01,Vip Pygm C1ql1,25,#BD3D9A,I2,1.0,815,1.0,both,True,387602.0,Vip-IRES-Cre;Ai14-387602,F,P53,VISp2/3,693220226.0,SM-GE932_S085_E1-50,RSC-156,CS180626100016,Vip Igfbp4 Mab21l1,both,True,True,False,Vip,Vip,True,Vip
693230694,816,P8S4_180502_356_A01,Vip Crispld2 Htr2c,26,#882E81,I1,1.0,816,1.0,both,True,387602.0,Vip-IRES-Cre;Ai14-387602,F,P53,VISp2/3,693230409.0,SM-GE932_S086_E1-50,RSC-156,CS180626100027,Vip Crispld2 Htr2c,both,True,True,True,Vip,Vip,True,Vip
693232442,817,P1S4_180502_001_A01,Vip Rspo1 Itga4,23,#B3128A,I2,1.0,817,1.0,both,True,387602.0,Vip-IRES-Cre;Ai14-387602,F,P53,VISp2/3,693232272.0,SM-GE932_S078_E1-50,RSC-156,CS180626100024,Vip Rspo1 Itga4,both,True,True,True,Vip,Vip,True,Vip
693266287,818,PBS4_180502_506_A01,Vip Lmo1 Myl1,16,#9FAAFF,I3,1.0,818,1.0,both,True,387602.0,Vip-IRES-Cre;Ai14-387602,F,P53,VISp2/3,693266268.0,SM-GE92K_S104_E1-50,RSC-157,CS180626100020,Vip Lmo1 Myl1,both,True,True,True,Vip,Vip,True,Vip
694126170,819,P2S4_180504_051_A01,Vip Lmo1 Myl1,16,#9FAAFF,I2,1.0,819,1.0,both,True,387150.0,Vip-IRES-Cre;Ai14-387150,M,P58,VISp2/3,694125973.0,SM-GE92K_S110_E1-50,RSC-157,CS180626100020,Vip Lmo1 Myl1,both,True,True,True,Vip,Vip,True,Vip
694139940,820,P9S4_180504_401_A01,Sst Rxfp1 Prdm8,48,#802600,I2,1.0,820,1.0,both,True,389709.0,Th-P2A-FlpO;Ai65F-389709,M,P42,VISp6a,694139720.0,SM-GE92K_S123_E1-50,RSC-157,CS180626100049,Sst Rxfp1 Prdm8,both,True,True,True,Sst,Sst,True,Sst
694146546,821,P8S4_180504_351_A01,Vip Ptprt Pkp2,20,#FF00FF,I1,1.0,821,1.0,both,True,387150.0,Vip-IRES-Cre;Ai14-387150,M,P58,VISp4,694146239.0,SM-GE92K_S117_E1-50,RSC-157,CS180626100021,Vip Ptprt Pkp2,both,True,True,True,Vip,Vip,True,Vip
694162255,822,P9S4_180504_402_A01,Sst Nts,49,#A81111,Core,1.0,822,1.0,both,True,389709.0,Th-P2A-FlpO;Ai65F-389709,M,P42,VISp6a,694162097.0,SM-GE92K_S124_E1-50,RSC-157,CS180626100050,Sst Nts,both,True,True,True,Sst,Sst,True,Sst
694183636,823,P8S4_180504_352_A01,Vip Crispld2 Kcne4,27,#AD589A,Core,1.0,823,1.0,both,True,387150.0,Vip-IRES-Cre;Ai14-387150,M,P58,VISpm2/3,694183555.0,SM-GE92K_S118_E1-50,RSC-157,CS180626100028,Vip Crispld2 Kcne4,both,True,True,True,Vip,Vip,True,Vip
694197913,824,PBS4_180504_502_A01,Vip Pygm C1ql1,25,#BD3D9A,I1,1.0,824,1.0,both,True,387150.0,Vip-IRES-Cre;Ai14-387150,M,P58,VISp4,694197714.0,SM-GE92K_S140_E1-50,RSC-157,CS180626100026,Vip Pygm C1ql1,both,True,True,True,Vip,Vip,True,Vip
694212444,825,P2S4_180504_053_A01,Vip Col15a1 Pde1a,28,#AC3491,I1,1.0,825,1.0,both,True,387150.0,Vip-IRES-Cre;Ai14-387150,M,P58,VISp1,694212224.0,SM-GE92K_S112_E1-50,RSC-157,CS180626100029,Vip Col15a1 Pde1a,both,True,True,True,Vip,Vip,True,Vip
694220357,826,PAS4_180504_452_A01,Pvalb Akr1c18 Ntf3,53,#FF4343,Core,1.0,826,1.0,both,True,389709.0,Th-P2A-FlpO;Ai65F-389709,M,P42,VISp6a,694220126.0,SM-GE92K_S128_E1-50,RSC-157,CS180626100053,Pvalb Akr1c18 Ntf3,both,True,True,True,Pvalb,Pvalb,True,Pvalb
694226486,827,P9S4_180504_404_A01,Sst Nts,49,#A81111,I2,1.0,827,1.0,both,True,389709.0,Th-P2A-FlpO;Ai65F-389709,M,P42,VISp6a,694226372.0,SM-GE92K_S126_E1-50,RSC-157,CS180626100050,Sst Nts,both,True,True,True,Sst,Sst,True,Sst
694335699,828,PAS4_180504_453_A01,Pvalb Gabrg1,50,#ED4C50,I1,1.0,828,1.0,both,True,389709.0,Th-P2A-FlpO;Ai65F-389709,M,P42,VISp5,694335527.0,SM-GE92K_S137_E1-50,RSC-157,CS180626100051,Pvalb Gabrg1,both,True,True,True,Pvalb,Pvalb,True,Pvalb
694413065,829,P8S4_180504_354_A01,Pvalb Gabrg1,50,#ED4C50,Core,1.0,829,1.0,both,True,389710.0,Th-P2A-FlpO;Ai65F-389710,F,P42,VISp5,694412906.0,SM-GE92K_S120_E1-50,RSC-157,CS180626100051,Pvalb Gabrg1,both,True,True,True,Pvalb,Pvalb,True,Pvalb
694419620,830,PBS4_180504_503_A01,Pvalb Gabrg1,50,#ED4C50,Core,1.0,830,1.0,both,True,389709.0,Th-P2A-FlpO;Ai65F-389709,M,P42,VISp6a,694419417.0,SM-GE92K_S141_E1-50,RSC-157,CS180626100051,Pvalb Gabrg1,both,True,True,True,Pvalb,Pvalb,True,Pvalb
694420603,831,P2S4_180504_054_A01,Pvalb Th Sst,51,#FF2F7E,Core,1.0,831,1.0,both,True,389710.0,Th-P2A-FlpO;Ai65F-389710,F,P42,VISp6a,694420439.0,SM-GE92K_S113_E1-50,RSC-157,CS180626100052,Pvalb Th Sst,both,True,True,True,Pvalb,Pvalb,True,Pvalb
694437359,832,P8S4_180504_355_A01,Pvalb Gabrg1,50,#ED4C50,Core,1.0,832,1.0,both,True,389709.0,Th-P2A-FlpO;Ai65F-389709,M,P42,VISp6a,694437231.0,SM-GE92K_S121_E1-50,RSC-157,CS180626100051,Pvalb Gabrg1,both,True,True,True,Pvalb,Pvalb,True,Pvalb
694441917,833,P2S4_180504_055_A01,Pvalb Th Sst,51,#FF2F7E,I2,1.0,833,1.0,both,True,389709.0,Th-P2A-FlpO;Ai65F-389709,M,P42,VISpm6a,694441804.0,SM-GE92K_S114_E1-50,RSC-157,CS180626100053,Pvalb Akr1c18 Ntf3,both,True,True,False,Pvalb,Pvalb,True,Pvalb
694474022,834,P2S4_180504_056_A01,Pvalb Gabrg1,50,#ED4C50,Core,1.0,834,1.0,both,True,389709.0,Th-P2A-FlpO;Ai65F-389709,M,P42,VISpm6a,694473905.0,SM-GE92K_S115_E1-50,RSC-157,CS180626100051,Pvalb Gabrg1,both,True,True,True,Pvalb,Pvalb,True,Pvalb
694478454,835,PBS4_180504_505_A01,Pvalb Gabrg1,50,#ED4C50,I2,1.0,835,1.0,both,True,389709.0,Th-P2A-FlpO;Ai65F-389709,M,P42,VISp6a,694478384.0,SM-GE92K_S143_E1-50,RSC-157,CS180626100052,Pvalb Th Sst,both,True,True,False,Pvalb,Pvalb,True,Pvalb
694664060,836,P9S4_180507_401_A01,Vip Crispld2 Htr2c,26,#882E81,Core,1.0,836,1.0,both,True,390084.0,Vip-IRES-Cre;Ai14-390084,M,P43,VISp1,694663915.0,SM-GE92K_S157_E1-50,RSC-157,CS180626100027,Vip Crispld2 Htr2c,both,True,True,True,Vip,Vip,True,Vip
694689662,837,P8S4_180507_351_A01,Vip Ptprt Pkp2,20,#FF00FF,I1,1.0,837,1.0,both,True,390084.0,Vip-IRES-Cre;Ai14-390084,M,P43,VISp2/3,694689486.0,SM-GE92K_S149_E1-50,RSC-157,CS180626100021,Vip Ptprt Pkp2,both,True,True,True,Vip,Vip,True,Vip
694717177,838,P8S4_180507_352_A01,Vip Crispld2 Kcne4,27,#AD589A,I2,1.0,838,1.0,both,True,390084.0,Vip-IRES-Cre;Ai14-390084,M,P43,VISp2/3,694716985.0,SM-GE92K_S150_E1-50,RSC-157,CS180626100028,Vip Crispld2 Kcne4,both,True,True,True,Vip,Vip,True,Vip
694734857,839,P8S4_180507_353_A01,Vip Lmo1 Myl1,16,#9FAAFF,Core,1.0,839,1.0,both,True,390084.0,Vip-IRES-Cre;Ai14-390084,M,P43,VISp4,694734628.0,SM-GE92K_S151_E1-50,RSC-157,CS180626100020,Vip Lmo1 Myl1,both,True,True,True,Vip,Vip,True,Vip
694860793,840,P9S4_180507_406_A01,Vip Gpc3 Slc18a3,19,#B09FFF,Core,1.0,840,1.0,both,True,388042.0,Vip-IRES-Cre;Ai14-388042,M,P55,VISp5,694860564.0,SM-GE92K_S162_E1-50,RSC-157,CS180626100018,Vip Gpc3 Slc18a3,both,True,True,True,Vip,Vip,True,Vip
694869009,841,P9S4_180507_407_A01,Vip Ptprt Pkp2,20,#FF00FF,Core,1.0,841,1.0,both,True,388042.0,Vip-IRES-Cre;Ai14-388042,M,P55,VISp2/3,694868911.0,SM-GE92K_S163_E1-50,RSC-157,CS180626100021,Vip Ptprt Pkp2,both,True,True,True,Vip,Vip,True,Vip
694873662,842,P9S4_180507_408_A01,Vip Arhgap36 Hmcn1,18,#9189FF,Core,1.0,842,1.0,both,True,388042.0,Vip-IRES-Cre;Ai14-388042,M,P55,VISp6a,694873580.0,SM-GE92K_S164_E1-50,RSC-157,,,both,True,False,,Vip,,,Vip
694874769,843,P8S4_180507_357_A01,Vip Ptprt Pkp2,20,#FF00FF,Core,1.0,843,1.0,both,True,388042.0,Vip-IRES-Cre;Ai14-388042,M,P55,VISp2/3,694874709.0,SM-GE92K_S155_E1-50,RSC-157,CS180626100021,Vip Ptprt Pkp2,both,True,True,True,Vip,Vip,True,Vip
694898822,844,PAS4_180507_453_A01,Vip Igfbp4 Mab21l1,17,#533691,I2,1.0,844,1.0,both,True,388042.0,Vip-IRES-Cre;Ai14-388042,M,P55,VISp5,694898738.0,SM-GE92K_S167_E1-50,RSC-157,CS180626100016,Vip Igfbp4 Mab21l1,both,True,True,True,Vip,Vip,True,Vip
695266455,845,P8S4_180508_351_A01,Vip Crispld2 Kcne4,27,#AD589A,I1,1.0,845,1.0,both,True,390085.0,Vip-IRES-Cre;Ai14-390085,M,P44,VISp4,695266274.0,SM-GE92K_S186_E1-50,RSC-157,CS180626100028,Vip Crispld2 Kcne4,both,True,True,True,Vip,Vip,True,Vip
695289158,846,P8S4_180508_352_A01,Vip Lmo1 Fam159b,15,#756FB3,I2,1.0,846,1.0,both,True,390085.0,Vip-IRES-Cre;Ai14-390085,M,P44,VISp5,695289019.0,SM-GE92K_S187_E1-50,RSC-157,CS180626100019,Vip Lmo1 Fam159b,both,True,True,True,Vip,Vip,True,Vip
695318015,847,P8S4_180508_353_A01,Vip Crispld2 Kcne4,27,#AD589A,Core,1.0,847,1.0,both,True,390085.0,Vip-IRES-Cre;Ai14-390085,M,P44,VISp2/3,695317780.0,SM-GE92K_S188_E1-50,RSC-157,CS180626100028,Vip Crispld2 Kcne4,both,True,True,True,Vip,Vip,True,Vip
695422181,848,P9S4_180508_401_A01,Sst Calb2 Pdlim5,34,#CC6D3D,Core,1.0,848,1.0,both,True,388544.0,Htr3a-Cre_NO152;Sst-IRES-FlpO;Ai65-388544,M,P53,VISp4,695422070.0,SM-GE92A_S011_E1-50,RSC-158,CS180626100035,Sst Calb2 Pdlim5,both,True,True,True,Sst,Sst,True,Sst
695432655,849,P9S4_180508_403_A01,Sst Tac2 Tacstd2,46,#BF8219,Core,1.0,849,1.0,both,True,388544.0,Htr3a-Cre_NO152;Sst-IRES-FlpO;Ai65-388544,M,P53,VISpm5,695432532.0,SM-GE92A_S013_E1-50,RSC-158,CS180626100047,Sst Tac2 Tacstd2,both,True,True,True,Sst,Sst,True,Sst
695446404,850,P2S4_180508_051_A01,Sst Tac2 Tacstd2,46,#BF8219,Core,1.0,850,1.0,both,True,388544.0,Htr3a-Cre_NO152;Sst-IRES-FlpO;Ai65-388544,M,P53,VISp6a,695446311.0,SM-GE92K_S168_E1-50,RSC-157,CS180626100047,Sst Tac2 Tacstd2,both,True,True,True,Sst,Sst,True,Sst
695452579,851,P2S4_180508_052_A01,Sst Hpse Cbln4,42,#806B19,I1,1.0,851,1.0,both,True,388544.0,Htr3a-Cre_NO152;Sst-IRES-FlpO;Ai65-388544,M,P53,VISp4,695452406.0,SM-GE92K_S169_E1-50,RSC-157,CS180626100043,Sst Hpse Cbln4,both,True,True,True,Sst,Sst,True,Sst
695949332,852,P8S4_180509_352_A01,Sst Hpse Cbln4,42,#806B19,Core,1.0,852,1.0,both,True,387691.0,Sst-IRES-Cre;Ai14-387691,F,P59,VISam5,695949126.0,SM-GE92A_S050_E1-50,RSC-158,CS180626100043,Sst Hpse Cbln4,both,True,True,True,Sst,Sst,True,Sst
696030664,853,PBS4_180509_501_A01,Sst Hpse Sema3c,41,#BF9F00,Core,1.0,853,1.0,both,True,387691.0,Sst-IRES-Cre;Ai14-387691,F,P59,VISp5,696030379.0,SM-GE92A_S058_E1-50,RSC-158,CS180626100042,Sst Hpse Sema3c,both,True,True,True,Sst,Sst,True,Sst
696059326,854,PBS4_180509_502_A01,Sst Calb2 Pdlim5,34,#CC6D3D,Core,1.0,854,1.0,both,True,387691.0,Sst-IRES-Cre;Ai14-387691,F,P59,VISp2/3,696059147.0,SM-GE92A_S059_E1-50,RSC-158,CS180626100035,Sst Calb2 Pdlim5,both,True,True,True,Sst,Sst,True,Sst
696081106,855,PBS4_180509_503_A01,Sst Rxfp1 Prdm8,48,#802600,Core,1.0,855,1.0,both,True,387691.0,Sst-IRES-Cre;Ai14-387691,F,P59,VISp5,696080959.0,SM-GE92A_S060_E1-50,RSC-158,CS180626100049,Sst Rxfp1 Prdm8,both,True,True,True,Sst,Sst,True,Sst
696115308,856,P8S4_180509_355_A01,Vip Lect1 Oxtr,22,#FF00B3,I1,1.0,856,1.0,both,True,390091.0,Vip-IRES-Cre;Ai14-390091,F,P45,VISp2/3,696115179.0,SM-GE92A_S053_E1-50,RSC-158,CS180626100023,Vip Lect1 Oxtr,both,True,True,True,Vip,Vip,True,Vip
696128312,857,PAS4_180509_453_A01,Vip Pygm C1ql1,25,#BD3D9A,I1,1.0,857,1.0,both,True,388049.0,Vip-IRES-Cre;Ai14-388049,F,P57,VISp2/3,696128291.0,SM-GE92A_S057_E1-50,RSC-158,CS180626100026,Vip Pygm C1ql1,both,True,True,True,Vip,Vip,True,Vip
696136783,858,PBS4_180509_508_A01,Sncg Vip Itih5,10,#6C00BF,Core,1.0,858,1.0,both,True,388049.0,Vip-IRES-Cre;Ai14-388049,F,P57,VISp5,696136767.0,SM-GE92A_S065_E1-50,RSC-158,CS180626100011,Sncg Vip Itih5,both,True,True,True,Sncg,Sncg,True,Sncg
697292431,859,PBS4_180511_501_A01,Pvalb Tpbg,58,#AF3F64,I1,1.0,859,1.0,both,True,387401.0,Slc32a1-IRES-Cre;Ai14-387401,F,P63,VISp4,697292250.0,SM-GE92A_S069_E1-50,RSC-158,CS180626100059,Pvalb Tpbg,both,True,True,True,Pvalb,Pvalb,True,Pvalb
697306483,860,PBS4_180511_502_A01,Pvalb Reln Itm2a,56,#E67A77,I2,1.0,860,1.0,both,True,387401.0,Slc32a1-IRES-Cre;Ai14-387401,F,P63,VISp4,697306351.0,SM-GE92A_S070_E1-50,RSC-158,CS180626100058,Pvalb Reln Itm2a,both,True,True,True,Pvalb,Pvalb,True,Pvalb
697326722,861,PBS4_180511_504_A01,Pvalb Tpbg,58,#AF3F64,Core,1.0,861,1.0,both,True,387401.0,Slc32a1-IRES-Cre;Ai14-387401,F,P63,VISal4,697326707.0,SM-GE92A_S072_E1-50,RSC-158,CS180626100059,Pvalb Tpbg,both,True,True,True,Pvalb,Pvalb,True,Pvalb
697328468,862,PBS4_180511_505_A01,Pvalb Gpr149 Islr,55,#E62A5D,Core,1.0,862,1.0,both,True,389711.0,Th-P2A-FlpO;Ai65F-389711,F,P49,VISpm5,697328453.0,SM-GE92A_S081_E1-50,RSC-158,CS180626100056,Pvalb Gpr149 Islr,both,True,True,True,Pvalb,Pvalb,True,Pvalb
697502029,863,P8S4_180514_351_A01,Sst Rxfp1 Prdm8,48,#802600,Core,1.0,863,1.0,both,True,390755.0,Slc17a8-IRES2-Cre;Ai14-390755,M,P46,VISp6a,697501867.0,SM-GE92A_S092_E1-50,RSC-158,CS180626100049,Sst Rxfp1 Prdm8,both,True,True,True,Sst,Sst,True,Sst
697521591,864,P8S4_180514_352_A01,Pvalb Sema3e Kank4,54,#C94545,I1,1.0,864,1.0,both,True,390755.0,Slc17a8-IRES2-Cre;Ai14-390755,M,P46,VISp6a,697521429.0,SM-GE92A_S093_E1-50,RSC-158,CS180626100055,Pvalb Sema3e Kank4,both,True,True,True,Pvalb,Pvalb,True,Pvalb
697543032,865,PBS4_180514_502_A01,Pvalb Akr1c18 Ntf3,53,#FF4343,Core,1.0,865,1.0,both,True,390755.0,Slc17a8-IRES2-Cre;Ai14-390755,M,P46,VISp6a,697542828.0,SM-GE8X4_S113_E1-50,RSC-159,CS180626100053,Pvalb Akr1c18 Ntf3,both,True,True,True,Pvalb,Pvalb,True,Pvalb
697543249,866,P8S4_180514_353_A01,Pvalb Sema3e Kank4,54,#C94545,Core,1.0,866,1.0,both,True,390755.0,Slc17a8-IRES2-Cre;Ai14-390755,M,P46,VISp6a,697543162.0,SM-GE92A_S094_E1-50,RSC-158,CS180626100055,Pvalb Sema3e Kank4,both,True,True,True,Pvalb,Pvalb,True,Pvalb
697582111,867,P1S4_180514_004_A01,Pvalb Reln Itm2a,56,#E67A77,Core,1.0,867,1.0,both,True,390755.0,Slc17a8-IRES2-Cre;Ai14-390755,M,P46,VISl5,697580856.0,SM-GE92A_S085_E1-50,RSC-158,CS180626100058,Pvalb Reln Itm2a,both,True,True,True,Pvalb,Pvalb,True,Pvalb
697609511,868,PBS4_180514_504_A01,Pvalb Sema3e Kank4,54,#C94545,Core,1.0,868,1.0,both,True,390755.0,Slc17a8-IRES2-Cre;Ai14-390755,M,P46,VISp6a,697609256.0,SM-GE8X4_S115_E1-50,RSC-159,CS180626100055,Pvalb Sema3e Kank4,both,True,True,True,Pvalb,Pvalb,True,Pvalb
697764035,869,P9S4_180514_405_A01,Lamp5 Lsp1,5,#FFA388,Core,1.0,869,1.0,both,True,389956.0,Htr3a-Cre_NO152;Ai14-389956,F,P51,VISpm2/3,697763961.0,SM-GE8X4_S103_E1-50,RSC-159,CS180626100006,Lamp5 Lsp1,both,True,True,True,Lamp5,Lamp5,True,Lamp5
697783972,870,P1S4_180514_005_A01,Vip Ptprt Pkp2,20,#FF00FF,I1,1.0,870,1.0,both,True,390255.0,Chat-IRES-Cre-neo;Ai14-390255,M,P49,VISp4,697783658.0,SM-GE92A_S086_E1-50,RSC-158,CS180626100021,Vip Ptprt Pkp2,both,True,True,True,Vip,Vip,True,Vip
697787349,871,P8S4_180514_354_A01,Pvalb Sema3e Kank4,54,#C94545,Core,1.0,871,1.0,both,True,389352.0,Pvalb-IRES-Cre;Ai14-389352,M,P55,VISp6a,697787132.0,SM-GE92A_S095_E1-50,RSC-158,CS180626100055,Pvalb Sema3e Kank4,both,True,True,True,Pvalb,Pvalb,True,Pvalb
697793498,872,P9S4_180514_407_A01,Pvalb Reln Itm2a,56,#E67A77,I1,1.0,872,1.0,both,True,389956.0,Htr3a-Cre_NO152;Ai14-389956,F,P51,VISp2/3,697793428.0,SM-GE8X4_S105_E1-50,RSC-159,CS180626100058,Pvalb Reln Itm2a,both,True,True,True,Pvalb,Pvalb,True,Pvalb
697795277,873,P8S4_180514_355_A01,Pvalb Sema3e Kank4,54,#C94545,Core,1.0,873,1.0,both,True,389352.0,Pvalb-IRES-Cre;Ai14-389352,M,P55,VISp6a,697795197.0,SM-GE92A_S096_E1-50,RSC-158,CS180626100055,Pvalb Sema3e Kank4,both,True,True,True,Pvalb,Pvalb,True,Pvalb
697795393,874,PBS4_180514_505_A01,Pvalb Sema3e Kank4,54,#C94545,Core,1.0,874,1.0,both,True,389352.0,Pvalb-IRES-Cre;Ai14-389352,M,P55,VISp6a,697795351.0,SM-GE8X4_S116_E1-50,RSC-159,CS180626100055,Pvalb Sema3e Kank4,both,True,True,True,Pvalb,Pvalb,True,Pvalb
697798908,875,P9S4_180514_408_A01,Vip Lmo1 Fam159b,15,#756FB3,Core,1.0,875,1.0,both,True,389956.0,Htr3a-Cre_NO152;Ai14-389956,F,P51,VISp5,697798884.0,SM-GE8X4_S106_E1-50,RSC-159,CS180626100019,Vip Lmo1 Fam159b,both,True,True,True,Vip,Vip,True,Vip
697799017,876,P1S4_180514_007_A01,Vip Lmo1 Myl1,16,#9FAAFF,Core,1.0,876,1.0,both,True,390255.0,Chat-IRES-Cre-neo;Ai14-390255,M,P49,VISp2/3,697798929.0,SM-GE92A_S088_E1-50,RSC-158,CS180626100020,Vip Lmo1 Myl1,both,True,True,True,Vip,Vip,True,Vip
697804311,877,PBS4_180514_506_A01,Pvalb Sema3e Kank4,54,#C94545,I1,1.0,877,1.0,both,True,389352.0,Pvalb-IRES-Cre;Ai14-389352,M,P55,VISp5,697804296.0,SM-GE8X4_S117_E1-50,RSC-159,CS180626100055,Pvalb Sema3e Kank4,both,True,True,True,Pvalb,Pvalb,True,Pvalb
697804445,878,PAS4_180514_453_A01,Vip Rspo4 Rxfp1 Chat,21,#AF00E6,Core,1.0,878,1.0,both,True,390255.0,Chat-IRES-Cre-neo;Ai14-390255,M,P49,VISp2/3,697804326.0,SM-GE8X4_S111_E1-50,RSC-159,CS180626100022,Vip Rspo4 Rxfp1 Chat,both,True,True,True,Vip,Vip,True,Vip
697806661,879,P8S4_180514_356_A01,Pvalb Sema3e Kank4,54,#C94545,I1,1.0,879,1.0,both,True,389352.0,Pvalb-IRES-Cre;Ai14-389352,M,P55,VISp6a,697806645.0,SM-GE8X4_S097_E1-50,RSC-159,CS180626100055,Pvalb Sema3e Kank4,both,True,True,True,Pvalb,Pvalb,True,Pvalb
697810063,880,P9S4_180514_409_A01,Vip Rspo4 Rxfp1 Chat,21,#AF00E6,I1,1.0,880,1.0,both,True,390255.0,Chat-IRES-Cre-neo;Ai14-390255,M,P49,VISp2/3,697810048.0,SM-GE8X4_S107_E1-50,RSC-159,CS180626100022,Vip Rspo4 Rxfp1 Chat,both,True,True,True,Vip,Vip,True,Vip
697810231,881,PBS4_180514_507_A01,Pvalb Sema3e Kank4,54,#C94545,Core,1.0,881,1.0,both,True,389352.0,Pvalb-IRES-Cre;Ai14-389352,M,P55,VISp5,697810214.0,SM-GE8X4_S118_E1-50,RSC-159,CS180626100055,Pvalb Sema3e Kank4,both,True,True,True,Pvalb,Pvalb,True,Pvalb
697810707,882,P9S4_180514_410_A01,Vip Ptprt Pkp2,20,#FF00FF,Core,1.0,882,1.0,both,True,390255.0,Chat-IRES-Cre-neo;Ai14-390255,M,P49,VISp4,697810691.0,SM-GE8X4_S108_E1-50,RSC-159,CS180626100021,Vip Ptprt Pkp2,both,True,True,True,Vip,Vip,True,Vip
697810838,883,P8S4_180514_357_A01,Vip Crispld2 Kcne4,27,#AD589A,Core,1.0,883,1.0,both,True,389956.0,Htr3a-Cre_NO152;Ai14-389956,F,P51,VISp2/3,697810823.0,SM-GE8X4_S098_E1-50,RSC-159,CS180626100028,Vip Crispld2 Kcne4,both,True,True,True,Vip,Vip,True,Vip
697811314,884,P2S4_180514_052_A01,Vip Lmo1 Myl1,16,#9FAAFF,Core,1.0,884,1.0,both,True,389956.0,Htr3a-Cre_NO152;Ai14-389956,F,P51,VISpm2/3,697811299.0,SM-GE92A_S090_E1-50,RSC-158,CS180626100020,Vip Lmo1 Myl1,both,True,True,True,Vip,Vip,True,Vip
697811579,885,PBS4_180514_508_A01,Lamp5 Plch2 Dock5,4,#FF7290,Core,1.0,885,1.0,both,True,389956.0,Htr3a-Cre_NO152;Ai14-389956,F,P51,VISpm1,697811564.0,SM-GE8X4_S119_E1-50,RSC-159,CS180626100005,Lamp5 Plch2 Dock5,both,True,True,True,Lamp5,Lamp5,True,Lamp5
697987610,886,P8S4_180515_351_A01,Pvalb Vipr2,59,#FF197F,Core,1.0,886,1.0,both,True,389210.0,Vipr2-IRES2-Cre;Slc32a1-T2A-FlpO;Ai65-389210,M,P56,VISpm2/3,697987226.0,SM-GE8X4_S127_E1-50,RSC-159,CS180626100060,Pvalb Vipr2,both,True,True,True,Pvalb,Pvalb,True,Pvalb
697999392,887,P1S4_180515_002_A01,Pvalb Reln Itm2a,56,#E67A77,I1,1.0,887,1.0,both,True,389210.0,Vipr2-IRES2-Cre;Slc32a1-T2A-FlpO;Ai65-389210,M,P56,VISp5,697999112.0,SM-GE8X4_S122_E1-50,RSC-159,CS180626100058,Pvalb Reln Itm2a,both,True,True,True,Pvalb,Pvalb,True,Pvalb
698027101,888,P8S4_180515_352_A01,Pvalb Sema3e Kank4,54,#C94545,I1,1.0,888,1.0,both,True,389353.0,Pvalb-IRES-Cre;Ai14-389353,M,P56,VISp5,698026899.0,SM-GE8X4_S128_E1-50,RSC-159,CS180626100055,Pvalb Sema3e Kank4,both,True,True,True,Pvalb,Pvalb,True,Pvalb
698042345,889,P8S4_180515_353_A01,Pvalb Sema3e Kank4,54,#C94545,Core,1.0,889,1.0,both,True,389353.0,Pvalb-IRES-Cre;Ai14-389353,M,P56,VISp6a,698042123.0,SM-GE8X4_S129_E1-50,RSC-159,CS180626100055,Pvalb Sema3e Kank4,both,True,True,True,Pvalb,Pvalb,True,Pvalb
698077857,890,P2S4_180515_051_A01,Pvalb Gpr149 Islr,55,#E62A5D,Core,1.0,890,1.0,both,True,389353.0,Pvalb-IRES-Cre;Ai14-389353,M,P56,VISp6a,698077341.0,SM-GE8X4_S123_E1-50,RSC-159,,,both,True,False,,Pvalb,,,Pvalb
698086962,891,PAS4_180515_451_A01,Pvalb Reln Itm2a,56,#E67A77,Core,1.0,891,1.0,both,True,389353.0,Pvalb-IRES-Cre;Ai14-389353,M,P56,VISp4,698086784.0,SM-GE8X4_S133_E1-50,RSC-159,CS180626100058,Pvalb Reln Itm2a,both,True,True,True,Pvalb,Pvalb,True,Pvalb
698504012,892,PAS4_180516_451_A01,Pvalb Sema3e Kank4,54,#C94545,Core,1.0,892,1.0,both,True,389356.0,Pvalb-IRES-Cre;Ai14-389356,F,P57,VISp6a,698503862.0,SM-GE8X4_S148_E1-50,RSC-159,CS180626100055,Pvalb Sema3e Kank4,both,True,True,True,Pvalb,Pvalb,True,Pvalb
698509705,893,P2S4_180516_051_A01,Pvalb Vipr2,59,#FF197F,Core,1.0,893,1.0,both,True,390749.0,Vipr2-IRES2-Cre;Pvalb-T2A-FlpO;Ai65-390749,F,P48,VISp1,698509566.0,SM-GE8X4_S135_E1-50,RSC-159,CS180626100060,Pvalb Vipr2,both,True,True,True,Pvalb,Pvalb,True,Pvalb
698570301,894,P8S4_180516_351_A01,Pvalb Reln Itm2a,56,#E67A77,Core,1.0,894,1.0,both,True,389356.0,Pvalb-IRES-Cre;Ai14-389356,F,P57,VISp5,698570150.0,SM-GE8X4_S140_E1-50,RSC-159,CS180626100058,Pvalb Reln Itm2a,both,True,True,True,Pvalb,Pvalb,True,Pvalb
698586385,895,P8S4_180516_352_A01,Pvalb Sema3e Kank4,54,#C94545,Core,1.0,895,1.0,both,True,389356.0,Pvalb-IRES-Cre;Ai14-389356,F,P57,VISp6a,698586157.0,SM-GE8X4_S141_E1-50,RSC-159,CS180626100055,Pvalb Sema3e Kank4,both,True,True,True,Pvalb,Pvalb,True,Pvalb
698614902,896,P8S4_180516_353_A01,Pvalb Th Sst,51,#FF2F7E,I2,1.0,896,1.0,both,True,389356.0,Pvalb-IRES-Cre;Ai14-389356,F,P57,VISp5,698614672.0,SM-GE8X4_S142_E1-50,RSC-159,CS180626100053,Pvalb Akr1c18 Ntf3,both,True,True,False,Pvalb,Pvalb,True,Pvalb
698636803,897,P8S4_180516_354_A01,Pvalb Reln Itm2a,56,#E67A77,Core,1.0,897,1.0,both,True,389356.0,Pvalb-IRES-Cre;Ai14-389356,F,P57,VISp4,698636638.0,SM-GE8X4_S143_E1-50,RSC-159,CS180626100058,Pvalb Reln Itm2a,both,True,True,True,Pvalb,Pvalb,True,Pvalb
698725237,898,PAS4_180516_455_A01,Pvalb Sema3e Kank4,54,#C94545,I2,1.0,898,1.0,both,True,390757.0,Slc17a8-IRES2-Cre;Ai14-390757,F,P48,VISp5,698725182.0,SM-GE8X4_S152_E1-50,RSC-159,CS180626100055,Pvalb Sema3e Kank4,both,True,True,True,Pvalb,Pvalb,True,Pvalb
699448311,899,PBS4_180518_501_A01,Pvalb Tpbg,58,#AF3F64,Core,1.0,899,1.0,both,True,389359.0,Pvalb-IRES-Cre;Ai14-389359,F,P59,VISpm4,699448104.0,SM-GE8X4_S160_E1-50,RSC-159,CS180626100059,Pvalb Tpbg,both,True,True,True,Pvalb,Pvalb,True,Pvalb
699788826,900,PBS4_180518_504_A01,Pvalb Sema3e Kank4,54,#C94545,I1,1.0,900,1.0,both,True,390758.0,Slc17a8-IRES2-Cre;Ai14-390758,F,P50,VISp6a,699788760.0,SM-GE8X4_S163_E1-50,RSC-159,CS180626100055,Pvalb Sema3e Kank4,both,True,True,True,Pvalb,Pvalb,True,Pvalb
699805220,901,PBS4_180518_505_A01,Pvalb Akr1c18 Ntf3,53,#FF4343,Core,1.0,901,1.0,both,True,390758.0,Slc17a8-IRES2-Cre;Ai14-390758,F,P50,VISp5,699805146.0,SM-GE8X4_S164_E1-50,RSC-159,CS180626100053,Pvalb Akr1c18 Ntf3,both,True,True,True,Pvalb,Pvalb,True,Pvalb
700105125,902,P9S4_180521_401_A01,Sst Rxfp1 Eya1,47,#994C00,Core,1.0,902,1.0,both,True,391341.0,Sst-IRES-Cre;Ai14-391341,F,P50,VISp6a,700104990.0,SM-GE8X7_S127_E1-50,RSC-159,CS180626100048,Sst Rxfp1 Eya1,both,True,True,True,Sst,Sst,True,Sst
700161354,903,P9S4_180521_402_A01,Lamp5 Plch2 Dock5,4,#FF7290,Core,1.0,903,1.0,both,True,391467.0,Ndnf-IRES2-dgCre;Slc32a1-IRES2-FlpO;Ai65-391467,F,P51,VISp1,700161202.0,SM-GE8X7_S128_E1-50,RSC-159,CS180626100005,Lamp5 Plch2 Dock5,both,True,True,True,Lamp5,Lamp5,True,Lamp5
700162028,904,P8S4_180521_351_A01,Sst Calb2 Pdlim5,34,#CC6D3D,Core,1.0,904,1.0,both,True,391341.0,Sst-IRES-Cre;Ai14-391341,F,P50,VISp5,700161733.0,SM-GE8X4_S188_E1-50,RSC-159,CS180626100035,Sst Calb2 Pdlim5,both,True,True,True,Sst,Sst,True,Sst
700193566,905,P9S4_180521_403_A01,Lamp5 Ntn1 Npy2r,3,#DD6091,I2,1.0,905,1.0,both,True,391467.0,Ndnf-IRES2-dgCre;Slc32a1-IRES2-FlpO;Ai65-391467,F,P51,VISp1,700193433.0,SM-GE8X7_S129_E1-50,RSC-159,CS180626100004,Lamp5 Ntn1 Npy2r,both,True,True,True,Lamp5,Lamp5,True,Lamp5
700193920,906,P8S4_180521_352_A01,Sst Calb2 Pdlim5,34,#CC6D3D,Core,1.0,906,1.0,both,True,391341.0,Sst-IRES-Cre;Ai14-391341,F,P50,VISp5,700193649.0,SM-GE8X4_S189_E1-50,RSC-159,CS180626100035,Sst Calb2 Pdlim5,both,True,True,True,Sst,Sst,True,Sst
700278065,907,PAS4_180521_451_A01,Lamp5 Fam19a1 Tmem182,2,#FFB8CE,I1,1.0,907,1.0,both,True,391467.0,Ndnf-IRES2-dgCre;Slc32a1-IRES2-FlpO;Ai65-391467,F,P51,VISl1,700277943.0,SM-GE8X7_S130_E1-50,RSC-159,CS180626100003,Lamp5 Fam19a1 Tmem182,both,True,True,True,Lamp5,Lamp5,True,Lamp5
700334729,908,P2S4_180521_052_A01,Sst Tac2 Tacstd2,46,#BF8219,I1,1.0,908,1.0,both,True,391341.0,Sst-IRES-Cre;Ai14-391341,F,P50,VISp6a,700334572.0,SM-GE8X4_S187_E1-50,RSC-159,CS180626100047,Sst Tac2 Tacstd2,both,True,True,True,Sst,Sst,True,Sst
700341530,909,P8S4_180521_353_A01,Vip Ptprt Pkp2,20,#FF00FF,I1,1.0,909,1.0,both,True,390928.0,Vip-IRES-Cre;Ai14-390928,M,P53,VISp2/3,700341339.0,SM-GE8X4_S190_E1-50,RSC-159,CS180626100021,Vip Ptprt Pkp2,both,True,True,True,Vip,Vip,True,Vip
700357513,910,P8S4_180521_354_A01,Vip Crispld2 Kcne4,27,#AD589A,I1,1.0,910,1.0,both,True,390928.0,Vip-IRES-Cre;Ai14-390928,M,P53,VISp2/3,700357424.0,SM-GE8X4_S191_E1-50,RSC-159,CS180626100028,Vip Crispld2 Kcne4,both,True,True,True,Vip,Vip,True,Vip
700390241,911,P8S4_180521_356_A01,Vip Ptprt Pkp2,20,#FF00FF,Core,1.0,911,1.0,both,True,390928.0,Vip-IRES-Cre;Ai14-390928,M,P53,VISp2/3,700390226.0,SM-GE8X7_S124_E1-50,RSC-159,CS180626100021,Vip Ptprt Pkp2,both,True,True,True,Vip,Vip,True,Vip
700413526,912,P8S4_180521_357_A01,Vip Lmo1 Fam159b,15,#756FB3,Core,1.0,912,1.0,both,True,390928.0,Vip-IRES-Cre;Ai14-390928,M,P53,VISp5,700413501.0,SM-GE8X7_S125_E1-50,RSC-159,CS180626100019,Vip Lmo1 Fam159b,both,True,True,True,Vip,Vip,True,Vip
700470340,913,PBS4_180521_506_A01,Vip Ptprt Pkp2,20,#FF00FF,Core,1.0,913,1.0,both,True,390928.0,Vip-IRES-Cre;Ai14-390928,M,P53,VISp2/3,700470325.0,SM-GE8X7_S137_E1-50,RSC-159,CS180626100021,Vip Ptprt Pkp2,both,True,True,True,Vip,Vip,True,Vip
700658027,914,P9S4_180522_402_A01,Sst Chodl,29,#FFFF00,Core,1.0,914,1.0,both,True,391571.0,Nos1-CreERT2;Sst-IRES-FlpO;Ai65-391571,M,P50,VISp6a,700657825.0,SM-GE8X7_S160_E1-50,RSC-159,CS180626100030,Sst Chodl,both,True,True,True,Sst,Sst,True,Sst
700661679,915,P8S4_180522_352_A01,Sst Chodl,29,#FFFF00,Core,1.0,915,1.0,both,True,391571.0,Nos1-CreERT2;Sst-IRES-FlpO;Ai65-391571,M,P50,VISp6a,700661473.0,SM-GE8X7_S151_E1-50,RSC-159,CS180626100030,Sst Chodl,both,True,True,True,Sst,Sst,True,Sst
700729949,916,PBS4_180522_501_A01,Sst Chodl,29,#FFFF00,Core,1.0,916,1.0,both,True,391571.0,Nos1-CreERT2;Sst-IRES-FlpO;Ai65-391571,M,P50,VISp6a,700729786.0,SM-GE8X7_S178_E1-50,RSC-159,CS180626100030,Sst Chodl,both,True,True,True,Sst,Sst,True,Sst
701072703,917,P9S4_180523_401_A01,Sst Chodl,29,#FFFF00,Core,1.0,917,1.0,both,True,391572.0,Nos1-CreERT2;Sst-IRES-FlpO;Ai65-391572,M,P51,VISpl5,701072667.0,SM-GE8WX_S032_E1-50,RSC-160,CS180626100030,Sst Chodl,both,True,True,True,Sst,Sst,True,Sst
701073003,918,P8S4_180523_352_A01,Sst Chodl,29,#FFFF00,Core,1.0,918,1.0,both,True,391572.0,Nos1-CreERT2;Sst-IRES-FlpO;Ai65-391572,M,P51,VISp6a,701072969.0,SM-GE8X7_S189_E1-50,RSC-159,CS180626100030,Sst Chodl,both,True,True,True,Sst,Sst,True,Sst
701073396,919,PBS4_180523_501_A01,Sst Chodl,29,#FFFF00,Core,1.0,919,1.0,both,True,391572.0,Nos1-CreERT2;Sst-IRES-FlpO;Ai65-391572,M,P51,VISp5,701073368.0,SM-GE8WX_S038_E1-50,RSC-160,CS180626100030,Sst Chodl,both,True,True,True,Sst,Sst,True,Sst
701075567,920,PBS4_180523_502_A01,Sst Chodl,29,#FFFF00,Core,1.0,920,1.0,both,True,391572.0,Nos1-CreERT2;Sst-IRES-FlpO;Ai65-391572,M,P51,VISp5,701075486.0,SM-GE8WX_S039_E1-50,RSC-160,CS180626100030,Sst Chodl,both,True,True,True,Sst,Sst,True,Sst
701077452,921,PBS4_180523_503_A01,Sst Chodl,29,#FFFF00,Core,1.0,921,1.0,both,True,391572.0,Nos1-CreERT2;Sst-IRES-FlpO;Ai65-391572,M,P51,VISp5,701077433.0,SM-GE8WX_S040_E1-50,RSC-160,CS180626100030,Sst Chodl,both,True,True,True,Sst,Sst,True,Sst
701140434,922,PBS4_180523_505_A01,Pvalb Sema3e Kank4,54,#C94545,I1,1.0,922,1.0,both,True,390760.0,Slc17a8-IRES2-Cre;Ai14-390760,F,P55,VISp6a,701140266.0,SM-GE8WX_S042_E1-50,RSC-160,CS180626100055,Pvalb Sema3e Kank4,both,True,True,True,Pvalb,Pvalb,True,Pvalb
701141837,923,P8S4_180523_356_A01,Sst Crhr2 Efemp1,43,#B95541,I1,1.0,923,1.0,both,True,390760.0,Slc17a8-IRES2-Cre;Ai14-390760,F,P55,VISp6a,701141690.0,SM-GE8WX_S029_E1-50,RSC-160,CS180626100044,Sst Crhr2 Efemp1,both,True,True,True,Sst,Sst,True,Sst
701148434,924,PAS4_180523_451_A01,Lamp5 Lsp1,5,#FFA388,Core,1.0,924,1.0,both,True,390981.0,Htr3a-Cre_NO152;Ai14-390981,F,P54,VISp1,701148353.0,SM-GE8WX_S036_E1-50,RSC-160,CS180626100006,Lamp5 Lsp1,both,True,True,True,Lamp5,Lamp5,True,Lamp5
701152294,925,P2S4_180523_051_A01,Lamp5 Lsp1,5,#FFA388,Core,1.0,925,1.0,both,True,390981.0,Htr3a-Cre_NO152;Ai14-390981,F,P54,VISp2/3,701152117.0,SM-GE8X7_S186_E1-50,RSC-159,CS180626100006,Lamp5 Lsp1,both,True,True,True,Lamp5,Lamp5,True,Lamp5
701155312,926,P8S4_180523_357_A01,Lamp5 Lsp1,5,#FFA388,Core,1.0,926,1.0,both,True,390981.0,Htr3a-Cre_NO152;Ai14-390981,F,P54,VISp2/3,701155178.0,SM-GE8WX_S030_E1-50,RSC-160,CS180626100006,Lamp5 Lsp1,both,True,True,True,Lamp5,Lamp5,True,Lamp5
701239541,927,PBS4_180523_509_A01,Sst Rxfp1 Eya1,47,#994C00,I1,1.0,927,1.0,both,True,390760.0,Slc17a8-IRES2-Cre;Ai14-390760,F,P55,VISp6a,701239357.0,SM-GE8WX_S046_E1-50,RSC-160,CS180626100048,Sst Rxfp1 Eya1,both,True,True,True,Sst,Sst,True,Sst
701605755,928,P9S4_180524_401_A01,Sst Chodl,29,#FFFF00,Core,1.0,928,1.0,both,True,391574.0,Nos1-CreERT2;Sst-IRES-FlpO;Ai65-391574,F,P51,VISp6a,701605740.0,SM-GE8WX_S056_E1-50,RSC-160,CS180626100030,Sst Chodl,both,True,True,True,Sst,Sst,True,Sst
701630221,929,P9S4_180524_402_A01,Sst Chodl,29,#FFFF00,Core,1.0,929,1.0,both,True,391574.0,Nos1-CreERT2;Sst-IRES-FlpO;Ai65-391574,F,P51,VISp5,701630129.0,SM-GE8WX_S057_E1-50,RSC-160,CS180626100030,Sst Chodl,both,True,True,True,Sst,Sst,True,Sst
701684250,930,P8S4_180524_352_A01,Lamp5 Lsp1,5,#FFA388,Core,1.0,930,1.0,both,True,390983.0,Htr3a-Cre_NO152;Ai14-390983,F,P54,VISp4,701684032.0,SM-GE8WX_S050_E1-50,RSC-160,CS180626100006,Lamp5 Lsp1,both,True,True,True,Lamp5,Lamp5,True,Lamp5
701750976,931,P8S4_180524_353_A01,Sncg Vip Itih5,10,#6C00BF,Core,1.0,931,1.0,both,True,390983.0,Htr3a-Cre_NO152;Ai14-390983,F,P54,VISpm5,701750678.0,SM-GE8WX_S051_E1-50,RSC-160,CS180626100011,Sncg Vip Itih5,both,True,True,True,Sncg,Sncg,True,Sncg
701751335,932,PBS4_180524_503_A01,Lamp5 Ntn1 Npy2r,3,#DD6091,Core,1.0,932,1.0,both,True,390983.0,Htr3a-Cre_NO152;Ai14-390983,F,P54,VISp2/3,701751126.0,SM-GE8WX_S065_E1-50,RSC-160,CS180626100004,Lamp5 Ntn1 Npy2r,both,True,True,True,Lamp5,Lamp5,True,Lamp5
702027710,933,P2S4_180524_051_A01,Sst Tac2 Tacstd2,46,#BF8219,I1,1.0,933,1.0,both,True,391339.0,Sst-IRES-Cre;Ai14-391339,M,P53,VISp6a,702027391.0,SM-GE8WX_S047_E1-50,RSC-160,CS180626100047,Sst Tac2 Tacstd2,both,True,True,True,Sst,Sst,True,Sst
702051128,934,P8S4_180524_355_A01,Sst Esm1,45,#C11331,Core,1.0,934,1.0,both,True,391339.0,Sst-IRES-Cre;Ai14-391339,M,P53,VISl5,702050918.0,SM-GE8WX_S053_E1-50,RSC-160,CS180626100046,Sst Esm1,both,True,True,True,Sst,Sst,True,Sst
702062326,935,P2S4_180524_052_A01,Sst Tac2 Myh4,40,#D9C566,I2,1.0,935,1.0,both,True,391339.0,Sst-IRES-Cre;Ai14-391339,M,P53,VISp5,702061956.0,SM-GE8WX_S048_E1-50,RSC-160,CS180626100043,Sst Hpse Cbln4,both,True,True,False,Sst,Sst,True,Sst
702082762,936,PAS4_180524_452_A01,Sst Crhr2 Efemp1,43,#B95541,Core,1.0,936,1.0,both,True,391339.0,Sst-IRES-Cre;Ai14-391339,M,P53,VISl5,702082496.0,SM-GE8WX_S062_E1-50,RSC-160,CS180626100044,Sst Crhr2 Efemp1,both,True,True,True,Sst,Sst,True,Sst
702100037,937,P8S4_180524_356_A01,Sst Crhr2 Efemp1,43,#B95541,Core,1.0,937,1.0,both,True,391339.0,Sst-IRES-Cre;Ai14-391339,M,P53,VISp6a,702099849.0,SM-GE8WX_S054_E1-50,RSC-160,CS180626100044,Sst Crhr2 Efemp1,both,True,True,True,Sst,Sst,True,Sst
702124545,938,P8S4_180524_351_A01,Sst Chodl,29,#FFFF00,Core,1.0,938,1.0,both,True,391574.0,Nos1-CreERT2;Sst-IRES-FlpO;Ai65-391574,F,P51,VISli6a,702124385.0,SM-GE8WX_S049_E1-50,RSC-160,CS180626100030,Sst Chodl,both,True,True,True,Sst,Sst,True,Sst
703154406,939,P9S4_180529_402_A01,Sst Calb2 Pdlim5,34,#CC6D3D,I1,1.0,939,1.0,both,True,392696.0,Sst-IRES-Cre;Ai14-392696,M,P52,VISl5,703154211.0,SM-GE8WX_S083_E1-50,RSC-160,CS180626100035,Sst Calb2 Pdlim5,both,True,True,True,Sst,Sst,True,Sst
703158517,940,P8S4_180529_352_A01,Sst Esm1,45,#C11331,Core,1.0,940,1.0,both,True,392696.0,Sst-IRES-Cre;Ai14-392696,M,P52,VISp6a,703158430.0,SM-GE8WX_S074_E1-50,RSC-160,CS180626100046,Sst Esm1,both,True,True,True,Sst,Sst,True,Sst
703165931,941,PAS4_180529_452_A01,Sst Calb2 Pdlim5,34,#CC6D3D,I1,1.0,941,1.0,both,True,392696.0,Sst-IRES-Cre;Ai14-392696,M,P52,VISl2/3,703165715.0,SM-GE8WX_S092_E1-50,RSC-160,CS180626100035,Sst Calb2 Pdlim5,both,True,True,True,Sst,Sst,True,Sst
703169690,942,P9S4_180529_403_A01,Pvalb Th Sst,51,#FF2F7E,I1,1.0,942,1.0,both,True,392696.0,Sst-IRES-Cre;Ai14-392696,M,P52,VISpor6b,703169329.0,SM-GE8WX_S084_E1-50,RSC-160,CS180626100052,Pvalb Th Sst,both,True,True,True,Pvalb,Pvalb,True,Pvalb
703192181,943,P8S4_180529_353_A01,Sst Rxfp1 Prdm8,48,#802600,I2,1.0,943,1.0,both,True,391834.0,Th-P2A-FlpO;Ai65F-391834,M,P56,VISp6a,703191989.0,SM-GE8WX_S075_E1-50,RSC-160,CS180626100049,Sst Rxfp1 Prdm8,both,True,True,True,Sst,Sst,True,Sst
703201141,944,PBS4_180529_501_A01,Sst Hpse Cbln4,42,#806B19,I2,1.0,944,1.0,both,True,392696.0,Sst-IRES-Cre;Ai14-392696,M,P52,VISpor5,703201053.0,SM-GE8X2_S109_E1-50,RSC-160,CS180626100043,Sst Hpse Cbln4,both,True,True,True,Sst,Sst,True,Sst
703213088,945,P8S4_180529_354_A01,Pvalb Sema3e Kank4,54,#C94545,I1,1.0,945,1.0,both,True,391834.0,Th-P2A-FlpO;Ai65F-391834,M,P56,VISp6a,703212974.0,SM-GE8WX_S076_E1-50,RSC-160,CS180626100055,Pvalb Sema3e Kank4,both,True,True,True,Pvalb,Pvalb,True,Pvalb
703213182,946,P9S4_180529_405_A01,Pvalb Gpr149 Islr,55,#E62A5D,Core,1.0,946,1.0,both,True,391834.0,Th-P2A-FlpO;Ai65F-391834,M,P56,VISp6a,703213129.0,SM-GE8WX_S086_E1-50,RSC-160,CS180626100056,Pvalb Gpr149 Islr,both,True,True,True,Pvalb,Pvalb,True,Pvalb
703219562,947,PBS4_180529_502_A01,Sst Calb2 Pdlim5,34,#CC6D3D,I2,1.0,947,1.0,both,True,392696.0,Sst-IRES-Cre;Ai14-392696,M,P52,VISpl5,703219442.0,SM-GE8X2_S110_E1-50,RSC-160,CS180626100035,Sst Calb2 Pdlim5,both,True,True,True,Sst,Sst,True,Sst
703231431,948,PAS4_180529_453_A01,Pvalb Th Sst,51,#FF2F7E,Core,1.0,948,1.0,both,True,391834.0,Th-P2A-FlpO;Ai65F-391834,M,P56,VISl6a,703231337.0,SM-GE8WX_S093_E1-50,RSC-160,CS180626100052,Pvalb Th Sst,both,True,True,True,Pvalb,Pvalb,True,Pvalb
703232472,949,PBS4_180529_503_A01,Sst Rxfp1 Prdm8,48,#802600,Core,1.0,949,1.0,both,True,392696.0,Sst-IRES-Cre;Ai14-392696,M,P52,VISpl6a,703232332.0,SM-GE8X2_S111_E1-50,RSC-160,CS180626100049,Sst Rxfp1 Prdm8,both,True,True,True,Sst,Sst,True,Sst
703238991,950,PBS4_180529_504_A01,Sst Myh8 Etv1 ,36,#D6C300,Core,1.0,950,1.0,both,True,392696.0,Sst-IRES-Cre;Ai14-392696,M,P52,VISp5,703238855.0,SM-GE8X2_S112_E1-50,RSC-160,CS180626100037,Sst Myh8 Etv1 ,both,True,True,True,Sst,Sst,True,Sst
703267355,951,P8S4_180529_355_A01,Sst Calb2 Necab1,33,#BF480D,I2,1.0,951,1.0,both,True,392697.0,Sst-IRES-Cre;Ai14-392697,M,P52,VISp5,703267340.0,SM-GE8WX_S077_E1-50,RSC-160,CS180626100035,Sst Calb2 Pdlim5,both,True,True,False,Sst,Sst,True,Sst
703270805,952,P8S4_180529_356_A01,Sst Rxfp1 Prdm8,48,#802600,Core,1.0,952,1.0,both,True,392697.0,Sst-IRES-Cre;Ai14-392697,M,P52,VISp6a,703270742.0,SM-GE8WX_S078_E1-50,RSC-160,CS180626100049,Sst Rxfp1 Prdm8,both,True,True,True,Sst,Sst,True,Sst
703271595,953,PBS4_180529_506_A01,Pvalb Gabrg1,50,#ED4C50,Core,1.0,953,1.0,both,True,391834.0,Th-P2A-FlpO;Ai65F-391834,M,P56,VISp6a,703271526.0,SM-GE8X2_S122_E1-50,RSC-160,CS180626100051,Pvalb Gabrg1,both,True,True,True,Pvalb,Pvalb,True,Pvalb
703271625,954,P9S4_180529_407_A01,Vip Ptprt Pkp2,20,#FF00FF,I1,1.0,954,1.0,both,True,392332.0,Vip-IRES-Cre;Ai14-392332,M,P55,VISp4,703271610.0,SM-GE8WX_S088_E1-50,RSC-160,CS180626100021,Vip Ptprt Pkp2,both,True,True,True,Vip,Vip,True,Vip
703274690,955,P8S4_180529_357_A01,Sst Calb2 Pdlim5,34,#CC6D3D,Core,1.0,955,1.0,both,True,392697.0,Sst-IRES-Cre;Ai14-392697,M,P52,VISp5,703274621.0,SM-GE8WX_S079_E1-50,RSC-160,CS180626100035,Sst Calb2 Pdlim5,both,True,True,True,Sst,Sst,True,Sst
703274727,956,PAS4_180529_454_A01,Pvalb Gabrg1,50,#ED4C50,I2,1.0,956,1.0,both,True,392697.0,Sst-IRES-Cre;Ai14-392697,M,P52,VISp5,703274710.0,SM-GE8WX_S094_E1-50,RSC-160,CS180626100051,Pvalb Gabrg1,both,True,True,True,Pvalb,Pvalb,True,Pvalb
703275551,957,PBS4_180529_507_A01,Sst Crhr2 Efemp1,43,#B95541,I1,1.0,957,1.0,both,True,392697.0,Sst-IRES-Cre;Ai14-392697,M,P52,VISp5,703275487.0,SM-GE8X2_S123_E1-50,RSC-160,CS180626100044,Sst Crhr2 Efemp1,both,True,True,True,Sst,Sst,True,Sst
703276947,958,P9S4_180529_408_A01,Vip Arhgap36 Hmcn1,18,#9189FF,Core,1.0,958,1.0,both,True,392332.0,Vip-IRES-Cre;Ai14-392332,M,P55,VISpm5,703276873.0,SM-GE8WX_S089_E1-50,RSC-160,CS180626100017,Vip Arhgap36 Hmcn1,both,True,True,True,Vip,Vip,True,Vip
703283610,959,P8S4_180529_358_A01,Sst Crh 4930553C11Rik ,44,#C77767,I1,1.0,959,1.0,both,True,392697.0,Sst-IRES-Cre;Ai14-392697,M,P52,VISp6a,703283563.0,SM-GE8WX_S080_E1-50,RSC-160,CS180626100045,Sst Crh 4930553C11Rik ,both,True,True,True,Sst,Sst,True,Sst
703286461,960,P8S4_180529_359_A01,Sst Tac2 Tacstd2,46,#BF8219,Core,1.0,960,1.0,both,True,392697.0,Sst-IRES-Cre;Ai14-392697,M,P52,VISpm5,703286422.0,SM-GE8WX_S081_E1-50,RSC-160,CS180626100047,Sst Tac2 Tacstd2,both,True,True,True,Sst,Sst,True,Sst
703288237,961,PAS4_180529_456_A01,Vip Lect1 Oxtr,22,#FF00B3,I1,1.0,961,1.0,both,True,392332.0,Vip-IRES-Cre;Ai14-392332,M,P55,VISp2/3,703288188.0,SM-GE8WX_S096_E1-50,RSC-160,CS180626100023,Vip Lect1 Oxtr,both,True,True,True,Vip,Vip,True,Vip
703443928,962,PAS4_180530_451_A01,Pvalb Calb1 Sst,52,#BC2B11,Core,1.0,962,1.0,both,True,392698.0,Sst-IRES-Cre;Ai14-392698,M,P53,VISp6a,703443728.0,SM-GE8X2_S131_E1-50,RSC-160,CS180626100054,Pvalb Calb1 Sst,both,True,True,True,Pvalb,Pvalb,True,Pvalb
703512183,963,PBS4_180530_501_A01,Sst Hpse Cbln4,42,#806B19,Core,1.0,963,1.0,both,True,392698.0,Sst-IRES-Cre;Ai14-392698,M,P53,VISp5,703511851.0,SM-GE8X2_S133_E1-50,RSC-160,CS180626100043,Sst Hpse Cbln4,both,True,True,True,Sst,Sst,True,Sst
703565379,964,PAS4_180530_452_A01,Pvalb Th Sst,51,#FF2F7E,Core,1.0,964,1.0,both,True,391836.0,Th-P2A-FlpO;Ai65F-391836,M,P57,VISp6a,703565239.0,SM-GE8X2_S132_E1-50,RSC-160,CS180626100052,Pvalb Th Sst,both,True,True,True,Pvalb,Pvalb,True,Pvalb
703570927,965,P8S4_180530_351_A01,Sst Rxfp1 Eya1,47,#994C00,Core,1.0,965,1.0,both,True,392698.0,Sst-IRES-Cre;Ai14-392698,M,P53,VISp6a,703570727.0,SM-GE8X2_S128_E1-50,RSC-160,CS180626100048,Sst Rxfp1 Eya1,both,True,True,True,Sst,Sst,True,Sst
703591588,966,P8S4_180530_352_A01,Sst Rxfp1 Prdm8,48,#802600,Core,1.0,966,1.0,both,True,392698.0,Sst-IRES-Cre;Ai14-392698,M,P53,VISp6a,703591330.0,SM-GE8X2_S129_E1-50,RSC-160,CS180626100049,Sst Rxfp1 Prdm8,both,True,True,True,Sst,Sst,True,Sst
703610080,967,P8S4_180530_353_A01,Sst Esm1,45,#C11331,I1,1.0,967,1.0,both,True,392698.0,Sst-IRES-Cre;Ai14-392698,M,P53,VISp6a,703609929.0,SM-GE8X2_S130_E1-50,RSC-160,CS180626100046,Sst Esm1,both,True,True,True,Sst,Sst,True,Sst
703660316,968,PBS4_180530_504_A01,Sst Crhr2 Efemp1,43,#B95541,I1,1.0,968,1.0,both,True,392698.0,Sst-IRES-Cre;Ai14-392698,M,P53,VISp6a,703660140.0,SM-GE8X2_S136_E1-50,RSC-160,CS180626100044,Sst Crhr2 Efemp1,both,True,True,True,Sst,Sst,True,Sst
703963200,969,P9S4_180531_401_A01,Sst Crhr2 Efemp1,43,#B95541,Core,1.0,969,1.0,both,True,392699.0,Sst-IRES-Cre;Ai14-392699,M,P54,VISp6a,703963025.0,SM-GE8X2_S146_E1-50,RSC-160,CS180626100044,Sst Crhr2 Efemp1,both,True,True,True,Sst,Sst,True,Sst
703972537,970,PAS4_180531_451_A01,Sst Myh8 Etv1 ,36,#D6C300,Core,1.0,970,1.0,both,True,392699.0,Sst-IRES-Cre;Ai14-392699,M,P54,VISp6a,703972418.0,SM-GE8X2_S158_E1-50,RSC-160,CS180626100037,Sst Myh8 Etv1 ,both,True,True,True,Sst,Sst,True,Sst
703992393,971,P9S4_180531_402_A01,Sst Hpse Cbln4,42,#806B19,Core,1.0,971,1.0,both,True,392699.0,Sst-IRES-Cre;Ai14-392699,M,P54,VISp5,703992235.0,SM-GE8X2_S147_E1-50,RSC-160,CS180626100043,Sst Hpse Cbln4,both,True,True,True,Sst,Sst,True,Sst
704012357,972,P8S4_180531_351_A01,Sst Hpse Cbln4,42,#806B19,I1,1.0,972,1.0,both,True,392699.0,Sst-IRES-Cre;Ai14-392699,M,P54,VISp6a,704012193.0,SM-GE8X2_S140_E1-50,RSC-160,CS180626100043,Sst Hpse Cbln4,both,True,True,True,Sst,Sst,True,Sst
704012705,973,P9S4_180531_403_A01,Sst Mme Fam114a1,30,#FFBB33,Core,1.0,973,1.0,both,True,392699.0,Sst-IRES-Cre;Ai14-392699,M,P54,VISp6a,704012498.0,SM-GE8X2_S148_E1-50,RSC-160,CS180626100031,Sst Mme Fam114a1,both,True,True,True,Sst,Sst,True,Sst
704047023,974,P8S4_180531_352_A01,Sst Calb2 Pdlim5,34,#CC6D3D,I1,1.0,974,1.0,both,True,392699.0,Sst-IRES-Cre;Ai14-392699,M,P54,VISp5,704046814.0,SM-GE8X2_S141_E1-50,RSC-160,CS180626100035,Sst Calb2 Pdlim5,both,True,True,True,Sst,Sst,True,Sst
704047351,975,P9S4_180531_404_A01,Sst Tac1 Htr1d,31,#804811,I3,1.0,975,1.0,both,True,392699.0,Sst-IRES-Cre;Ai14-392699,M,P54,VISp2/3,704047111.0,SM-GE8X2_S149_E1-50,RSC-160,CS180626100033,Sst Tac1 Tacr3,both,True,True,False,Sst,Sst,True,Sst
704070516,976,PBS4_180531_502_A01,Pvalb Th Sst,51,#FF2F7E,Core,1.0,976,1.0,both,True,392699.0,Sst-IRES-Cre;Ai14-392699,M,P54,VISp6a,704070243.0,SM-GE8X2_S163_E1-50,RSC-160,CS180626100052,Pvalb Th Sst,both,True,True,True,Pvalb,Pvalb,True,Pvalb
704071039,977,P9S4_180531_405_A01,Sst Crhr2 Efemp1,43,#B95541,Core,1.0,977,1.0,both,True,392699.0,Sst-IRES-Cre;Ai14-392699,M,P54,VISp5,704070711.0,SM-GE8X2_S150_E1-50,RSC-160,CS180626100044,Sst Crhr2 Efemp1,both,True,True,True,Sst,Sst,True,Sst
704077752,978,P8S4_180531_353_A01,Sst Hpse Cbln4,42,#806B19,I3,1.0,978,1.0,both,True,392699.0,Sst-IRES-Cre;Ai14-392699,M,P54,VISpm5,704077514.0,SM-GE8X2_S142_E1-50,RSC-160,CS180626100031,Sst Mme Fam114a1,both,True,True,False,Sst,Sst,True,Sst
704086017,979,PAS4_180531_452_A01,Pvalb Th Sst,51,#FF2F7E,Core,1.0,979,1.0,both,True,391840.0,Th-P2A-FlpO;Ai65F-391840,F,P58,VISp6a,704085641.0,SM-GE8X2_S159_E1-50,RSC-160,CS180626100052,Pvalb Th Sst,both,True,True,True,Pvalb,Pvalb,True,Pvalb
704115865,980,P9S4_180531_406_A01,Sst Calb2 Pdlim5,34,#CC6D3D,I2,1.0,980,1.0,both,True,392699.0,Sst-IRES-Cre;Ai14-392699,M,P54,VISpm2/3,704115734.0,SM-GE8X2_S151_E1-50,RSC-160,CS180626100034,Sst Calb2 Necab1,both,True,True,False,Sst,Sst,True,Sst
704261937,981,P9S4_180531_408_A01,Vip Pygm C1ql1,25,#BD3D9A,I2,1.0,981,1.0,both,True,391678.0,Vip-IRES-Cre;Npy-IRES2-FlpO;Ai65-391678,F,P58,VISp2/3,704261616.0,SM-GE8X2_S153_E1-50,RSC-160,CS180626100025,Vip Chat Htr1f,both,True,True,False,Vip,Vip,True,Vip
704272923,982,P9S4_180531_409_A01,Vip Pygm C1ql1,25,#BD3D9A,Core,1.0,982,1.0,both,True,391678.0,Vip-IRES-Cre;Npy-IRES2-FlpO;Ai65-391678,F,P58,VISp2/3,704272753.0,SM-GE8X2_S154_E1-50,RSC-160,CS180626100026,Vip Pygm C1ql1,both,True,True,True,Vip,Vip,True,Vip
704280075,983,PAS4_180531_453_A01,Vip Arhgap36 Hmcn1,18,#9189FF,I2,1.0,983,1.0,both,True,391678.0,Vip-IRES-Cre;Npy-IRES2-FlpO;Ai65-391678,F,P58,VISp5,704280001.0,SM-GE8X2_S160_E1-50,RSC-160,CS180626100017,Vip Arhgap36 Hmcn1,both,True,True,True,Vip,Vip,True,Vip
704284060,984,P9S4_180531_412_A01,Sncg Vip Itih5,10,#6C00BF,I1,1.0,984,1.0,both,True,392333.0,Vip-IRES-Cre;Ai14-392333,F,P57,VISp2/3,704284004.0,SM-GE8X2_S157_E1-50,RSC-160,CS180626100011,Sncg Vip Itih5,both,True,True,True,Sncg,Sncg,True,Sncg
704285908,985,PAS4_180531_454_A01,Vip Pygm C1ql1,25,#BD3D9A,Core,1.0,985,1.0,both,True,391678.0,Vip-IRES-Cre;Npy-IRES2-FlpO;Ai65-391678,F,P58,VISpm2/3,704285892.0,SM-GE8X2_S161_E1-50,RSC-160,CS180626100026,Vip Pygm C1ql1,both,True,True,True,Vip,Vip,True,Vip
704402841,986,P8S4_180601_351_A01,Sst Rxfp1 Prdm8,48,#802600,Core,1.0,986,1.0,both,True,392700.0,Sst-IRES-Cre;Ai14-392700,M,P55,VISp6a,704402813.0,SM-GE8X2_S174_E1-50,RSC-160,CS180626100049,Sst Rxfp1 Prdm8,both,True,True,True,Sst,Sst,True,Sst
704410009,987,PAS4_180601_451_A01,Sst Hpse Sema3c,41,#BF9F00,Core,1.0,987,1.0,both,True,392700.0,Sst-IRES-Cre;Ai14-392700,M,P55,VISp4,704409722.0,SM-GE8X2_S192_E1-50,RSC-160,CS180626100042,Sst Hpse Sema3c,both,True,True,True,Sst,Sst,True,Sst
704411495,988,P9S4_180601_402_A01,Sst Mme Fam114a1,30,#FFBB33,Core,1.0,988,1.0,both,True,392700.0,Sst-IRES-Cre;Ai14-392700,M,P55,VISp2/3,704411362.0,SM-GE8X2_S184_E1-50,RSC-160,CS180626100031,Sst Mme Fam114a1,both,True,True,True,Sst,Sst,True,Sst
704444653,989,P8S4_180601_353_A01,Sst Rxfp1 Prdm8,48,#802600,Core,1.0,989,1.0,both,True,392700.0,Sst-IRES-Cre;Ai14-392700,M,P55,VISp5,704444523.0,SM-GE8X2_S176_E1-50,RSC-160,CS180626100049,Sst Rxfp1 Prdm8,both,True,True,True,Sst,Sst,True,Sst
704462624,990,P8S4_180601_354_A01,Sst Calb2 Pdlim5,34,#CC6D3D,I1,1.0,990,1.0,both,True,392700.0,Sst-IRES-Cre;Ai14-392700,M,P55,VISpm5,704462469.0,SM-GE8X2_S177_E1-50,RSC-160,CS180626100035,Sst Calb2 Pdlim5,both,True,True,True,Sst,Sst,True,Sst
704482491,991,P2S4_180601_051_A01,Sst Calb2 Pdlim5,34,#CC6D3D,Core,1.0,991,1.0,both,True,392700.0,Sst-IRES-Cre;Ai14-392700,M,P55,VISpm4,704482085.0,SM-GE8X2_S169_E1-50,RSC-160,CS180626100035,Sst Calb2 Pdlim5,both,True,True,True,Sst,Sst,True,Sst
704531371,992,P2S4_180601_052_A01,Sst Calb2 Pdlim5,34,#CC6D3D,Core,1.0,992,1.0,both,True,392700.0,Sst-IRES-Cre;Ai14-392700,M,P55,VISpm5,704531118.0,SM-GE8X2_S170_E1-50,RSC-160,CS180626100035,Sst Calb2 Pdlim5,both,True,True,True,Sst,Sst,True,Sst
704576178,993,P2S4_180601_053_A01,Sst Tac1 Htr1d,31,#804811,I2,1.0,993,1.0,both,True,392700.0,Sst-IRES-Cre;Ai14-392700,M,P55,VISp2/3,704575715.0,SM-GE8X2_S171_E1-50,RSC-160,CS180626100032,Sst Tac1 Htr1d,both,True,True,True,Sst,Sst,True,Sst
704652028,994,P8S4_180601_355_A01,Vip Lmo1 Fam159b,15,#756FB3,Core,1.0,994,1.0,both,True,391841.0,Th-P2A-FlpO;Ai65F-391841,F,P59,VISp2/3,704651785.0,SM-GE8X2_S178_E1-50,RSC-160,CS180626100019,Vip Lmo1 Fam159b,both,True,True,True,Vip,Vip,True,Vip
704670940,995,P9S4_180601_405_A01,Pvalb Vipr2,59,#FF197F,Core,1.0,995,1.0,both,True,392608.0,Vipr2-IRES2-Cre;Slc32a1-T2A-FlpO;Ai65-392608,F,P55,VISp1,704670677.0,SM-GE8X2_S187_E1-50,RSC-160,CS180626100060,Pvalb Vipr2,both,True,True,True,Pvalb,Pvalb,True,Pvalb
704701827,996,P9S4_180601_406_A01,Sst Rxfp1 Eya1,47,#994C00,Core,1.0,996,1.0,both,True,392608.0,Vipr2-IRES2-Cre;Slc32a1-T2A-FlpO;Ai65-392608,F,P55,VISp6a,704701678.0,SM-GE8X2_S188_E1-50,RSC-160,CS180626100048,Sst Rxfp1 Eya1,both,True,True,True,Sst,Sst,True,Sst
704728420,997,P8S4_180601_356_A01,Pvalb Akr1c18 Ntf3,53,#FF4343,Core,1.0,997,1.0,both,True,391841.0,Th-P2A-FlpO;Ai65F-391841,F,P59,VISp6a,704728403.0,SM-GE8X2_S179_E1-50,RSC-160,CS180626100053,Pvalb Akr1c18 Ntf3,both,True,True,True,Pvalb,Pvalb,True,Pvalb
704745296,998,P9S4_180601_407_A01,Pvalb Gpr149 Islr,55,#E62A5D,I1,1.0,998,1.0,both,True,391841.0,Th-P2A-FlpO;Ai65F-391841,F,P59,VISp5,704745201.0,SM-GE8X2_S189_E1-50,RSC-160,CS180626100056,Pvalb Gpr149 Islr,both,True,True,True,Pvalb,Pvalb,True,Pvalb
704755753,999,P8S4_180601_357_A01,Pvalb Akr1c18 Ntf3,53,#FF4343,I2,1.0,999,1.0,both,True,391841.0,Th-P2A-FlpO;Ai65F-391841,F,P59,VISp6a,704755697.0,SM-GE8X2_S180_E1-50,RSC-160,CS180626100053,Pvalb Akr1c18 Ntf3,both,True,True,True,Pvalb,Pvalb,True,Pvalb
704759134,1000,P2S4_180601_054_A01,Sst Rxfp1 Prdm8,48,#802600,Core,1.0,1000,1.0,both,True,391841.0,Th-P2A-FlpO;Ai65F-391841,F,P59,VISp6a,704759111.0,SM-GE8X2_S172_E1-50,RSC-160,CS180626100049,Sst Rxfp1 Prdm8,both,True,True,True,Sst,Sst,True,Sst
704760377,1001,P8S4_180601_358_A01,Pvalb Akr1c18 Ntf3,53,#FF4343,Core,1.0,1001,1.0,both,True,391841.0,Th-P2A-FlpO;Ai65F-391841,F,P59,VISp6a,704760316.0,SM-GE8X2_S181_E1-50,RSC-160,CS180626100053,Pvalb Akr1c18 Ntf3,both,True,True,True,Pvalb,Pvalb,True,Pvalb
704762338,1002,P9S4_180601_409_A01,Pvalb Vipr2,59,#FF197F,Core,1.0,1002,1.0,both,True,392608.0,Vipr2-IRES2-Cre;Slc32a1-T2A-FlpO;Ai65-392608,F,P55,VISp2/3,704762321.0,SM-GE8X2_S191_E1-50,RSC-160,CS180626100060,Pvalb Vipr2,both,True,True,True,Pvalb,Pvalb,True,Pvalb
704768671,1003,PBS4_180601_510_A01,Sst Crh 4930553C11Rik ,44,#C77767,I1,1.0,1003,1.0,both,True,392700.0,Sst-IRES-Cre;Ai14-392700,M,P55,VISl6a,704768567.0,SM-GE681_S029_E1-50,RSC-161,CS180626100045,Sst Crh 4930553C11Rik ,both,True,True,True,Sst,Sst,True,Sst
704769317,1004,P8S4_180601_359_A01,Sst Rxfp1 Prdm8,48,#802600,Core,1.0,1004,1.0,both,True,391841.0,Th-P2A-FlpO;Ai65F-391841,F,P59,VISp6a,704769262.0,SM-GE8X2_S182_E1-50,RSC-160,CS180626100049,Sst Rxfp1 Prdm8,both,True,True,True,Sst,Sst,True,Sst
704985586,1005,P9S4_180604_401_A01,Sst Calb2 Pdlim5,34,#CC6D3D,I1,1.0,1005,1.0,both,True,392701.0,Sst-IRES-Cre;Ai14-392701,M,P58,VISpm4,704985309.0,SM-GE681_S046_E1-50,RSC-161,CS180626100035,Sst Calb2 Pdlim5,both,True,True,True,Sst,Sst,True,Sst
705173927,1006,P2S4_180604_051_A01,Sst Crhr2 Efemp1,43,#B95541,Core,1.0,1006,1.0,both,True,392701.0,Sst-IRES-Cre;Ai14-392701,M,P58,VISp6a,705173759.0,SM-GE681_S037_E1-50,RSC-161,CS180626100044,Sst Crhr2 Efemp1,both,True,True,True,Sst,Sst,True,Sst
705179319,1007,PAS4_180604_452_A01,Pvalb Tpbg,58,#AF3F64,Core,1.0,1007,1.0,both,True,392701.0,Sst-IRES-Cre;Ai14-392701,M,P58,VISp2/3,705179194.0,SM-GE681_S050_E1-50,RSC-161,CS180626100059,Pvalb Tpbg,both,True,True,True,Pvalb,Pvalb,True,Pvalb
705209114,1008,P9S4_180604_402_A01,Sst Chodl,29,#FFFF00,Core,1.0,1008,1.0,both,True,392703.0,Sst-IRES-Cre;Ai14-392703,F,P58,VISpm6a,705209087.0,SM-GE681_S047_E1-50,RSC-161,CS180626100030,Sst Chodl,both,True,True,True,Sst,Sst,True,Sst
705215172,1009,P8S4_180604_351_A01,Sst Tac1 Htr1d,31,#804811,I3,1.0,1009,1.0,both,True,392701.0,Sst-IRES-Cre;Ai14-392701,M,P58,VISp2/3,705215015.0,SM-GE681_S040_E1-50,RSC-161,CS180626100033,Sst Tac1 Tacr3,both,True,True,False,Sst,Sst,True,Sst
705217315,1010,P2S4_180604_053_A01,Sst Tac2 Tacstd2,46,#BF8219,I1,1.0,1010,1.0,both,True,392701.0,Sst-IRES-Cre;Ai14-392701,M,P58,VISp5,705217226.0,SM-GE681_S039_E1-50,RSC-161,CS180626100047,Sst Tac2 Tacstd2,both,True,True,True,Sst,Sst,True,Sst
705220380,1011,P8S4_180604_352_A01,Sst Esm1,45,#C11331,Core,1.0,1011,1.0,both,True,392701.0,Sst-IRES-Cre;Ai14-392701,M,P58,VISp5,705220200.0,SM-GE681_S041_E1-50,RSC-161,CS180626100046,Sst Esm1,both,True,True,True,Sst,Sst,True,Sst
705245410,1012,P8S4_180604_353_A01,Sst Hpse Cbln4,42,#806B19,Core,1.0,1012,1.0,both,True,392703.0,Sst-IRES-Cre;Ai14-392703,F,P58,VISp4,705245366.0,SM-GE681_S042_E1-50,RSC-161,CS180626100043,Sst Hpse Cbln4,both,True,True,True,Sst,Sst,True,Sst
705266559,1013,P8S4_180604_354_A01,Sst Calb2 Pdlim5,34,#CC6D3D,Core,1.0,1013,1.0,both,True,392703.0,Sst-IRES-Cre;Ai14-392703,F,P58,VISp2/3,705266476.0,SM-GE681_S043_E1-50,RSC-161,CS180626100035,Sst Calb2 Pdlim5,both,True,True,True,Sst,Sst,True,Sst
705268919,1014,PBS4_180604_505_A01,Sst Hpse Cbln4,42,#806B19,Core,1.0,1014,1.0,both,True,392703.0,Sst-IRES-Cre;Ai14-392703,F,P58,VISp4,705268820.0,SM-GE681_S057_E1-50,RSC-161,CS180626100043,Sst Hpse Cbln4,both,True,True,True,Sst,Sst,True,Sst
705278421,1015,P8S4_180604_355_A01,Sst Tac1 Tacr3,32,#B06411,Core,1.0,1015,1.0,both,True,392703.0,Sst-IRES-Cre;Ai14-392703,F,P58,VISp2/3,705278334.0,SM-GE681_S044_E1-50,RSC-161,CS180626100033,Sst Tac1 Tacr3,both,True,True,True,Sst,Sst,True,Sst
705570328,1016,P9S4_180605_401_A01,Sst Myh8 Etv1 ,36,#D6C300,Core,1.0,1016,1.0,both,True,394299.0,Sst-IRES-Cre;Ai14-394299,F,P59,VISpm5,705570063.0,SM-GE681_S076_E1-50,RSC-161,CS180626100037,Sst Myh8 Etv1 ,both,True,True,True,Sst,Sst,True,Sst
705585853,1017,P8S4_180605_351_A01,Sst Hpse Cbln4,42,#806B19,Core,1.0,1017,1.0,both,True,394299.0,Sst-IRES-Cre;Ai14-394299,F,P59,VISp4,705585430.0,SM-GE681_S068_E1-50,RSC-161,CS180626100043,Sst Hpse Cbln4,both,True,True,True,Sst,Sst,True,Sst
705593515,1018,P9S4_180605_402_A01,Pvalb Tpbg,58,#AF3F64,Core,1.0,1018,1.0,both,True,394299.0,Sst-IRES-Cre;Ai14-394299,F,P59,VISp2/3,705593231.0,SM-GE681_S077_E1-50,RSC-161,CS180626100059,Pvalb Tpbg,both,True,True,True,Pvalb,Pvalb,True,Pvalb
705617133,1019,P8S4_180605_352_A01,Sst Hpse Cbln4,42,#806B19,Core,1.0,1019,1.0,both,True,394299.0,Sst-IRES-Cre;Ai14-394299,F,P59,VISp5,705616794.0,SM-GE681_S069_E1-50,RSC-161,CS180626100043,Sst Hpse Cbln4,both,True,True,True,Sst,Sst,True,Sst
705624869,1020,P9S4_180605_403_A01,Sst Myh8 Etv1 ,36,#D6C300,I1,1.0,1020,1.0,both,True,394299.0,Sst-IRES-Cre;Ai14-394299,F,P59,VISp5,705624581.0,SM-GE681_S078_E1-50,RSC-161,CS180626100037,Sst Myh8 Etv1 ,both,True,True,True,Sst,Sst,True,Sst
705642036,1021,P9S4_180605_404_A01,Sst Rxfp1 Prdm8,48,#802600,Core,1.0,1021,1.0,both,True,394299.0,Sst-IRES-Cre;Ai14-394299,F,P59,VISp6a,705641690.0,SM-GE681_S079_E1-50,RSC-161,CS180626100049,Sst Rxfp1 Prdm8,both,True,True,True,Sst,Sst,True,Sst
705649721,1022,P8S4_180605_353_A01,Sst Calb2 Pdlim5,34,#CC6D3D,I2,1.0,1022,1.0,both,True,394299.0,Sst-IRES-Cre;Ai14-394299,F,P59,VISp2/3,705649400.0,SM-GE681_S070_E1-50,RSC-161,CS180626100035,Sst Calb2 Pdlim5,both,True,True,True,Sst,Sst,True,Sst
705657401,1023,PAS4_180605_451_A01,Sst Tac2 Tacstd2,46,#BF8219,Core,1.0,1023,1.0,both,True,394299.0,Sst-IRES-Cre;Ai14-394299,F,P59,VISp5,705657214.0,SM-GE681_S081_E1-50,RSC-161,CS180626100047,Sst Tac2 Tacstd2,both,True,True,True,Sst,Sst,True,Sst
705663823,1024,P9S4_180605_405_A01,Sst Tac1 Htr1d,31,#804811,I3,1.0,1024,1.0,both,True,394299.0,Sst-IRES-Cre;Ai14-394299,F,P59,VISp2/3,705663531.0,SM-GE681_S080_E1-50,RSC-161,CS180626100033,Sst Tac1 Tacr3,both,True,True,False,Sst,Sst,True,Sst
705710648,1025,PBS4_180605_501_A01,Sst Rxfp1 Eya1,47,#994C00,I1,1.0,1025,1.0,both,True,394299.0,Sst-IRES-Cre;Ai14-394299,F,P59,VISp5,705710423.0,SM-GE681_S086_E1-50,RSC-161,CS180626100048,Sst Rxfp1 Eya1,both,True,True,True,Sst,Sst,True,Sst
705765534,1026,PBS4_180605_503_A01,Sst Tac2 Tacstd2,46,#BF8219,Core,1.0,1026,1.0,both,True,394299.0,Sst-IRES-Cre;Ai14-394299,F,P59,VISp5,705765378.0,SM-GE681_S088_E1-50,RSC-161,CS180626100047,Sst Tac2 Tacstd2,both,True,True,True,Sst,Sst,True,Sst
705817510,1027,P8S4_180605_354_A01,Sst Nr2f2 Necab1,35,#FFDF11,Core,1.0,1027,1.0,both,True,394299.0,Sst-IRES-Cre;Ai14-394299,F,P59,VISp5,705817413.0,SM-GE681_S071_E1-50,RSC-161,CS180626100036,Sst Nr2f2 Necab1,both,True,True,True,Sst,Sst,True,Sst
705853382,1028,P2S4_180605_052_A01,Sst Rxfp1 Prdm8,48,#802600,Core,1.0,1028,1.0,both,True,394299.0,Sst-IRES-Cre;Ai14-394299,F,P59,VISp5,705853201.0,SM-GE681_S065_E1-50,RSC-161,CS180626100049,Sst Rxfp1 Prdm8,both,True,True,True,Sst,Sst,True,Sst
705853493,1029,P8S4_180605_356_A01,Sst Chodl,29,#FFFF00,Core,1.0,1029,1.0,both,True,394299.0,Sst-IRES-Cre;Ai14-394299,F,P59,VISpm5,705853410.0,SM-GE681_S073_E1-50,RSC-161,,,both,True,False,,Sst,,,Sst
705858348,1030,PBS4_180605_504_A01,Pvalb Sema3e Kank4,54,#C94545,I2,1.0,1030,1.0,both,True,393685.0,Gad2-IRES-Cre;Ai14-393685,F,P55,VISp6a,705858250.0,SM-GE8WR_S001_E1-50,RSC-162,CS180626100058,Pvalb Reln Itm2a,both,True,True,False,Pvalb,Pvalb,True,Pvalb
705875798,1031,P2S4_180605_053_A01,Sst Calb2 Pdlim5,34,#CC6D3D,I1,1.0,1031,1.0,both,True,394299.0,Sst-IRES-Cre;Ai14-394299,F,P59,VISp2/3,705875651.0,SM-GE681_S066_E1-50,RSC-161,CS180626100035,Sst Calb2 Pdlim5,both,True,True,True,Sst,Sst,True,Sst
705887968,1032,P8S4_180605_358_A01,Pvalb Reln Itm2a,56,#E67A77,Core,1.0,1032,1.0,both,True,393685.0,Gad2-IRES-Cre;Ai14-393685,F,P55,VISp5,705887953.0,SM-GE681_S075_E1-50,RSC-161,CS180626100058,Pvalb Reln Itm2a,both,True,True,True,Pvalb,Pvalb,True,Pvalb
705889505,1033,P2S4_180605_054_A01,Sst Calb2 Pdlim5,34,#CC6D3D,I1,1.0,1033,1.0,both,True,394299.0,Sst-IRES-Cre;Ai14-394299,F,P59,VISp5,705889490.0,SM-GE681_S067_E1-50,RSC-161,CS180626100035,Sst Calb2 Pdlim5,both,True,True,True,Sst,Sst,True,Sst
706159288,1034,P9S4_180606_401_A01,Sst Hpse Cbln4,42,#806B19,I2,1.0,1034,1.0,both,True,394301.0,Sst-IRES-Cre;Ai14-394301,F,P60,VISpm5,706159083.0,SM-GE8WR_S011_E1-50,RSC-162,CS180626100042,Sst Hpse Sema3c,both,True,True,False,Sst,Sst,True,Sst
706191067,1035,P9S4_180606_402_A01,Sst Calb2 Pdlim5,34,#CC6D3D,I1,1.0,1035,1.0,both,True,394301.0,Sst-IRES-Cre;Ai14-394301,F,P60,VISp2/3,706190865.0,SM-GE8WR_S012_E1-50,RSC-162,CS180626100035,Sst Calb2 Pdlim5,both,True,True,True,Sst,Sst,True,Sst
706221820,1036,P9S4_180606_403_A01,Sst Hpse Cbln4,42,#806B19,I2,1.0,1036,1.0,both,True,394301.0,Sst-IRES-Cre;Ai14-394301,F,P60,VISp5,706221582.0,SM-GE8WR_S013_E1-50,RSC-162,CS180626100044,Sst Crhr2 Efemp1,both,True,True,False,Sst,Sst,True,Sst
706265097,1037,P9S4_180606_404_A01,Sst Calb2 Necab1,33,#BF480D,I2,1.0,1037,1.0,both,True,394301.0,Sst-IRES-Cre;Ai14-394301,F,P60,VISp2/3,706264884.0,SM-GE8WR_S014_E1-50,RSC-162,CS180626100035,Sst Calb2 Pdlim5,both,True,True,False,Sst,Sst,True,Sst
706289784,1038,P9S4_180606_405_A01,Sst Esm1,45,#C11331,Core,1.0,1038,1.0,both,True,394301.0,Sst-IRES-Cre;Ai14-394301,F,P60,VISp6a,706289560.0,SM-GE8WR_S015_E1-50,RSC-162,CS180626100046,Sst Esm1,both,True,True,True,Sst,Sst,True,Sst
706463467,1039,P8S4_180606_351_A01,Sst Crhr2 Efemp1,43,#B95541,I2,1.0,1039,1.0,both,True,394301.0,Sst-IRES-Cre;Ai14-394301,F,P60,VISp6a,706463361.0,SM-GE8WR_S006_E1-50,RSC-162,CS180626100041,Sst Tac2 Myh4,both,True,True,False,Sst,Sst,True,Sst
706470043,1040,P8S4_180606_352_A01,Sst Hpse Cbln4,42,#806B19,I1,1.0,1040,1.0,both,True,394301.0,Sst-IRES-Cre;Ai14-394301,F,P60,VISp5,706469975.0,SM-GE8WR_S007_E1-50,RSC-162,CS180626100043,Sst Hpse Cbln4,both,True,True,True,Sst,Sst,True,Sst
706531271,1041,PAS4_180606_455_A01,Lamp5 Ntn1 Npy2r,3,#DD6091,Core,1.0,1041,1.0,both,True,392647.0,Ndnf-IRES2-dgCre;Ai14-392647,M,P60,VISp1,706531226.0,SM-GE8WR_S020_E1-50,RSC-162,,,both,True,False,,Lamp5,,,Lamp5
706531340,1042,P8S4_180606_355_A01,Lamp5 Plch2 Dock5,4,#FF7290,Core,1.0,1042,1.0,both,True,392647.0,Ndnf-IRES2-dgCre;Ai14-392647,M,P60,VISpm4,706531321.0,SM-GE8WR_S010_E1-50,RSC-162,CS180626100005,Lamp5 Plch2 Dock5,both,True,True,True,Lamp5,Lamp5,True,Lamp5
706628654,1043,P2S4_180606_051_A01,Sst Rxfp1 Prdm8,48,#802600,I1,1.0,1043,1.0,both,True,394301.0,Sst-IRES-Cre;Ai14-394301,F,P60,VISpm5,706628371.0,SM-GE8WR_S003_E1-50,RSC-162,CS180626100047,Sst Tac2 Tacstd2,both,True,True,False,Sst,Sst,True,Sst
706631307,1044,P2S4_180606_052_A01,Sst Calb2 Pdlim5,34,#CC6D3D,I1,1.0,1044,1.0,both,True,394301.0,Sst-IRES-Cre;Ai14-394301,F,P60,VISp4,706631209.0,SM-GE8WR_S004_E1-50,RSC-162,CS180626100035,Sst Calb2 Pdlim5,both,True,True,True,Sst,Sst,True,Sst
707147758,1045,P8S4_180608_351_A01,Sst Crhr2 Efemp1,43,#B95541,Core,1.0,1045,1.0,both,True,394303.0,Sst-IRES-Cre;Ai14-394303,F,P62,VISp6a,707147521.0,SM-GE8WR_S043_E1-50,RSC-162,CS180626100045,Sst Crh 4930553C11Rik ,both,True,True,False,Sst,Sst,True,Sst
707162377,1046,P8S4_180608_352_A01,Sst Crhr2 Efemp1,43,#B95541,Core,1.0,1046,1.0,both,True,394303.0,Sst-IRES-Cre;Ai14-394303,F,P62,VISp6a,707162123.0,SM-GE8WR_S044_E1-50,RSC-162,CS180626100044,Sst Crhr2 Efemp1,both,True,True,True,Sst,Sst,True,Sst
707179690,1047,P8S4_180608_353_A01,Sst Chodl,29,#FFFF00,Core,1.0,1047,1.0,both,True,394303.0,Sst-IRES-Cre;Ai14-394303,F,P62,VISpm2/3,707179441.0,SM-GE8WR_S045_E1-50,RSC-162,CS180626100030,Sst Chodl,both,True,True,True,Sst,Sst,True,Sst
707201871,1048,P8S4_180608_354_A01,Sst Nr2f2 Necab1,35,#FFDF11,I2,1.0,1048,1.0,both,True,394303.0,Sst-IRES-Cre;Ai14-394303,F,P62,VISp6a,707201731.0,SM-GE8WR_S046_E1-50,RSC-162,CS180626100036,Sst Nr2f2 Necab1,both,True,True,True,Sst,Sst,True,Sst
707297335,1049,P8S4_180608_355_A01,Sst Nr2f2 Necab1,35,#FFDF11,Core,1.0,1049,1.0,both,True,394303.0,Sst-IRES-Cre;Ai14-394303,F,P62,VISp5,707297029.0,SM-GE8WR_S047_E1-50,RSC-162,CS180626100036,Sst Nr2f2 Necab1,both,True,True,True,Sst,Sst,True,Sst
707333574,1050,P8S4_180608_356_A01,Sst Tac1 Htr1d,31,#804811,I3,1.0,1050,1.0,both,True,394303.0,Sst-IRES-Cre;Ai14-394303,F,P62,VISp5,707333269.0,SM-GE8WR_S048_E1-50,RSC-162,CS180626100034,Sst Calb2 Necab1,both,True,True,False,Sst,Sst,True,Sst
707352752,1051,P8S4_180608_357_A01,Sst Rxfp1 Prdm8,48,#802600,I1,1.0,1051,1.0,both,True,394303.0,Sst-IRES-Cre;Ai14-394303,F,P62,VISp6a,707352407.0,SM-GE8WR_S049_E1-50,RSC-162,CS180626100049,Sst Rxfp1 Prdm8,both,True,True,True,Sst,Sst,True,Sst
707397301,1052,P8S4_180608_358_A01,Sst Chodl,29,#FFFF00,Core,1.0,1052,1.0,both,True,394303.0,Sst-IRES-Cre;Ai14-394303,F,P62,VISp5,707397228.0,SM-GE8WR_S050_E1-50,RSC-162,CS180626100030,Sst Chodl,both,True,True,True,Sst,Sst,True,Sst
707403326,1053,P8S4_180608_359_A01,Sst Hpse Cbln4,42,#806B19,Core,1.0,1053,1.0,both,True,394303.0,Sst-IRES-Cre;Ai14-394303,F,P62,VISp4,707403235.0,SM-GE8WR_S051_E1-50,RSC-162,CS180626100043,Sst Hpse Cbln4,both,True,True,True,Sst,Sst,True,Sst
707424705,1054,PBS4_180608_507_A01,Sst Mme Fam114a1,30,#FFBB33,Core,1.0,1054,1.0,both,True,393920.0,Slc32a1-IRES-Cre;Ai14-393920,F,P56,VISp5,707424603.0,SM-GE8WR_S059_E1-50,RSC-162,CS180626100031,Sst Mme Fam114a1,both,True,True,True,Sst,Sst,True,Sst
707622361,1055,P9S4_180611_401_A01,Sst Mme Fam114a1,30,#FFBB33,I1,1.0,1055,1.0,both,True,394566.0,Gad67-GFP_X94-394566,M,P55,VISpm5,707622187.0,SM-GE8WR_S074_E1-50,RSC-162,CS180626100031,Sst Mme Fam114a1,both,True,True,True,Sst,Sst,True,Sst
707660063,1056,P9S4_180611_402_A01,Lamp5 Plch2 Dock5,4,#FF7290,Core,1.0,1056,1.0,both,True,393686.0,Gad2-IRES-Cre;Ai14-393686,F,P61,VISp1,707659560.0,SM-GE8WR_S075_E1-50,RSC-162,CS180626100005,Lamp5 Plch2 Dock5,both,True,True,True,Lamp5,Lamp5,True,Lamp5
707666602,1057,P9S4_180611_403_A01,Vip Igfbp6 Car10,13,#7779BF,I1,1.0,1057,1.0,both,True,393686.0,Gad2-IRES-Cre;Ai14-393686,F,P61,VISp5,707666447.0,SM-GE8WR_S076_E1-50,RSC-162,CS180626100014,Vip Igfbp6 Car10,both,True,True,True,Vip,Vip,True,Vip
707666779,1058,P8S4_180611_354_A01,Lamp5 Lsp1,5,#FFA388,Core,1.0,1058,1.0,both,True,393686.0,Gad2-IRES-Cre;Ai14-393686,F,P61,VISp5,707666717.0,SM-GE8WR_S065_E1-50,RSC-162,CS180626100006,Lamp5 Lsp1,both,True,True,True,Lamp5,Lamp5,True,Lamp5
707678952,1059,P9S4_180611_404_A01,Lamp5 Plch2 Dock5,4,#FF7290,Core,1.0,1059,1.0,both,True,393686.0,Gad2-IRES-Cre;Ai14-393686,F,P61,VISp1,707678638.0,SM-GE8WR_S077_E1-50,RSC-162,CS180626100005,Lamp5 Plch2 Dock5,both,True,True,True,Lamp5,Lamp5,True,Lamp5
707681894,1060,P8S4_180611_355_A01,Lamp5 Lsp1,5,#FFA388,Core,1.0,1060,1.0,both,True,393686.0,Gad2-IRES-Cre;Ai14-393686,F,P61,VISp2/3,707681732.0,SM-GE8WR_S066_E1-50,RSC-162,CS180626100006,Lamp5 Lsp1,both,True,True,True,Lamp5,Lamp5,True,Lamp5
708221753,1061,P8S4_180612_351_A01,Sst Tac2 Tacstd2,46,#BF8219,Core,1.0,1061,1.0,both,True,394428.0,Crh-IRES-Cre_ZJH;Sst-IRES-FlpO;Ai65-394428,M,P57,VISp6a,708221481.0,SM-GE8WR_S093_E1-50,RSC-162,CS180626100047,Sst Tac2 Tacstd2,both,True,True,True,Sst,Sst,True,Sst
708221965,1062,PBS4_180608_501_A01,Sst Crh 4930553C11Rik ,44,#C77767,I2,1.0,1062,1.0,both,True,394303.0,Sst-IRES-Cre;Ai14-394303,F,P62,VISp6a,708221810.0,SM-GE8WR_S053_E1-50,RSC-162,CS180626100045,Sst Crh 4930553C11Rik ,both,True,True,True,Sst,Sst,True,Sst
708229331,1063,PBS4_180608_502_A01,Sst Tac2 Tacstd2,46,#BF8219,Core,1.0,1063,1.0,both,True,394303.0,Sst-IRES-Cre;Ai14-394303,F,P62,VISp5,708228984.0,SM-GE8WR_S054_E1-50,RSC-162,CS180626100047,Sst Tac2 Tacstd2,both,True,True,True,Sst,Sst,True,Sst
708237126,1064,PBS4_180608_503_A01,Sst Hpse Cbln4,42,#806B19,Core,1.0,1064,1.0,both,True,394303.0,Sst-IRES-Cre;Ai14-394303,F,P62,VISp5,708236739.0,SM-GE8WR_S055_E1-50,RSC-162,CS180626100043,Sst Hpse Cbln4,both,True,True,True,Sst,Sst,True,Sst
708246759,1065,PAS4_180612_451_A01,Sst Rxfp1 Eya1,47,#994C00,Core,1.0,1065,1.0,both,True,394428.0,Crh-IRES-Cre_ZJH;Sst-IRES-FlpO;Ai65-394428,M,P57,VISp6a,708246527.0,SM-GE95A_S016_E1-50,RSC-163,CS180626100048,Sst Rxfp1 Eya1,both,True,True,True,Sst,Sst,True,Sst
708289788,1066,P8S4_180612_352_A01,Sst Rxfp1 Prdm8,48,#802600,I2,1.0,1066,1.0,both,True,394428.0,Crh-IRES-Cre_ZJH;Sst-IRES-FlpO;Ai65-394428,M,P57,VISp5,708289455.0,SM-GE8WR_S094_E1-50,RSC-162,CS180626100049,Sst Rxfp1 Prdm8,both,True,True,True,Sst,Sst,True,Sst
708298763,1067,PBS4_180612_501_A01,Sst Rxfp1 Eya1,47,#994C00,Core,1.0,1067,1.0,both,True,394428.0,Crh-IRES-Cre_ZJH;Sst-IRES-FlpO;Ai65-394428,M,P57,VISp6a,708298524.0,SM-GE95A_S021_E1-50,RSC-163,CS180626100048,Sst Rxfp1 Eya1,both,True,True,True,Sst,Sst,True,Sst
708479383,1068,P9S4_180612_401_A01,Lamp5 Plch2 Dock5,4,#FF7290,Core,1.0,1068,1.0,both,True,393687.0,Gad2-IRES-Cre;Ai14-393687,F,P62,VISpm1,708479233.0,SM-GE95A_S006_E1-50,RSC-163,CS180626100005,Lamp5 Plch2 Dock5,both,True,True,True,Lamp5,Lamp5,True,Lamp5
708495657,1069,P8S4_180612_353_A01,Lamp5 Lsp1,5,#FFA388,Core,1.0,1069,1.0,both,True,393687.0,Gad2-IRES-Cre;Ai14-393687,F,P62,VISp2/3,708495330.0,SM-GE8WR_S095_E1-50,RSC-162,CS180626100006,Lamp5 Lsp1,both,True,True,True,Lamp5,Lamp5,True,Lamp5
708513415,1070,P8S4_180612_354_A01,Lamp5 Lsp1,5,#FFA388,Core,1.0,1070,1.0,both,True,393687.0,Gad2-IRES-Cre;Ai14-393687,F,P62,VISp6a,708513007.0,SM-GE8WR_S096_E1-50,RSC-162,CS180626100006,Lamp5 Lsp1,both,True,True,True,Lamp5,Lamp5,True,Lamp5
708545660,1071,P8S4_180612_355_A01,Sst Rxfp1 Eya1,47,#994C00,I2,1.0,1071,1.0,both,True,393687.0,Gad2-IRES-Cre;Ai14-393687,F,P62,VISp5,708545262.0,SM-GE95A_S001_E1-50,RSC-163,CS180626100045,Sst Crh 4930553C11Rik ,both,True,True,False,Sst,Sst,True,Sst
708642436,1072,PBS4_180612_504_A01,Sst Hpse Cbln4,42,#806B19,Core,1.0,1072,1.0,both,True,394569.0,Gad67-GFP_X94-394569,F,P56,VISpm4,708642174.0,SM-GE95A_S024_E1-50,RSC-163,CS180626100043,Sst Hpse Cbln4,both,True,True,True,Sst,Sst,True,Sst
708659517,1073,P9S4_180612_405_A01,Sst Crhr2 Efemp1,43,#B95541,Core,1.0,1073,1.0,both,True,393922.0,Slc32a1-IRES-Cre;Ai14-393922,F,P60,VISp6a,708658522.0,SM-GE95A_S010_E1-50,RSC-163,CS180626100044,Sst Crhr2 Efemp1,both,True,True,True,Sst,Sst,True,Sst
708685097,1074,PAS4_180612_453_A01,Sst Tac1 Htr1d,31,#804811,Core,1.0,1074,1.0,both,True,393922.0,Slc32a1-IRES-Cre;Ai14-393922,F,P60,VISpm4,708684732.0,SM-GE95A_S018_E1-50,RSC-163,CS180626100032,Sst Tac1 Htr1d,both,True,True,True,Sst,Sst,True,Sst
708696471,1075,P2S4_180612_051_A01,Sst Hpse Cbln4,42,#806B19,Core,1.0,1075,1.0,both,True,393922.0,Slc32a1-IRES-Cre;Ai14-393922,F,P60,VISpm5,708696291.0,SM-GE8WR_S090_E1-50,RSC-162,CS180626100043,Sst Hpse Cbln4,both,True,True,True,Sst,Sst,True,Sst
708696754,1076,P9S4_180612_406_A01,Lamp5 Lsp1,5,#FFA388,Core,1.0,1076,1.0,both,True,393922.0,Slc32a1-IRES-Cre;Ai14-393922,F,P60,VISp4,708696585.0,SM-GE95A_S011_E1-50,RSC-163,CS180626100006,Lamp5 Lsp1,both,True,True,True,Lamp5,Lamp5,True,Lamp5
708712664,1077,P9S4_180612_407_A01,Pvalb Sema3e Kank4,54,#C94545,I1,1.0,1077,1.0,both,True,393922.0,Slc32a1-IRES-Cre;Ai14-393922,F,P60,VISp6a,708712231.0,SM-GE95A_S012_E1-50,RSC-163,CS180626100055,Pvalb Sema3e Kank4,both,True,True,True,Pvalb,Pvalb,True,Pvalb
708758571,1078,PAS4_180612_454_A01,Sst Esm1,45,#C11331,I1,1.0,1078,1.0,both,True,393922.0,Slc32a1-IRES-Cre;Ai14-393922,F,P60,VISp6a,708758331.0,SM-GE95A_S019_E1-50,RSC-163,CS180626100046,Sst Esm1,both,True,True,True,Sst,Sst,True,Sst
708766941,1079,P9S4_180612_409_A01,Lamp5 Lsp1,5,#FFA388,Core,1.0,1079,1.0,both,True,393922.0,Slc32a1-IRES-Cre;Ai14-393922,F,P60,VISp6a,708766631.0,SM-GE95A_S014_E1-50,RSC-163,CS180626100006,Lamp5 Lsp1,both,True,True,True,Lamp5,Lamp5,True,Lamp5
708781717,1080,P8S4_180612_359_A01,Vip Ptprt Pkp2,20,#FF00FF,Core,1.0,1080,1.0,both,True,394486.0,Chat-IRES-Cre-neo;Ai14-394486,M,P57,VISp4,708781535.0,SM-GE95A_S005_E1-50,RSC-163,CS180626100021,Vip Ptprt Pkp2,both,True,True,True,Vip,Vip,True,Vip
708792108,1081,P2S4_180612_052_A01,Sst Hpse Cbln4,42,#806B19,Core,1.0,1081,1.0,both,True,393922.0,Slc32a1-IRES-Cre;Ai14-393922,F,P60,VISp5,708791985.0,SM-GE8WR_S091_E1-50,RSC-162,CS180626100043,Sst Hpse Cbln4,both,True,True,True,Sst,Sst,True,Sst
708797744,1082,PAS4_180612_455_A01,Pvalb Reln Itm2a,56,#E67A77,Core,1.0,1082,1.0,both,True,393922.0,Slc32a1-IRES-Cre;Ai14-393922,F,P60,VISp4,708797537.0,SM-GE95A_S020_E1-50,RSC-163,CS180626100058,Pvalb Reln Itm2a,both,True,True,True,Pvalb,Pvalb,True,Pvalb
708819184,1083,P2S4_180612_053_A01,Sst Chrna2 Glra3,37,#FF9F2C,I2,1.0,1083,1.0,both,True,393922.0,Slc32a1-IRES-Cre;Ai14-393922,F,P60,VISp5,708818939.0,SM-GE8WR_S092_E1-50,RSC-162,CS180626100039,Sst Chrna2 Glra3,both,True,True,True,Sst,Sst,True,Sst
709153201,1084,P8S4_180613_351_A01,Pvalb Sema3e Kank4,54,#C94545,Core,1.0,1084,1.0,both,True,393692.0,Gad2-IRES-Cre;Ai14-393692,M,P63,VISp6a,709153002.0,SM-GE95A_S030_E1-50,RSC-163,CS180626100055,Pvalb Sema3e Kank4,both,True,True,True,Pvalb,Pvalb,True,Pvalb
709179855,1085,PBS4_180613_501_A01,Sst Hpse Cbln4,42,#806B19,I1,1.0,1085,1.0,both,True,394570.0,Gad67-GFP_X94-394570,F,P57,VISpm2/3,709179624.0,SM-GE95A_S053_E1-50,RSC-163,CS180626100043,Sst Hpse Cbln4,both,True,True,True,Sst,Sst,True,Sst
709219898,1086,P8S4_180613_353_A01,Vip Pygm C1ql1,25,#BD3D9A,I1,1.0,1086,1.0,both,True,393692.0,Gad2-IRES-Cre;Ai14-393692,M,P63,VISp4,709219706.0,SM-GE95A_S032_E1-50,RSC-163,CS180626100026,Vip Pygm C1ql1,both,True,True,True,Vip,Vip,True,Vip
709232477,1087,P2S4_180613_051_A01,Sst Hpse Cbln4,42,#806B19,Core,1.0,1087,1.0,both,True,394570.0,Gad67-GFP_X94-394570,F,P57,VISp5,709231981.0,SM-GE95A_S025_E1-50,RSC-163,CS180626100043,Sst Hpse Cbln4,both,True,True,True,Sst,Sst,True,Sst
709323717,1088,PBS4_180613_502_A01,Pvalb Reln Itm2a,56,#E67A77,I2,1.0,1088,1.0,both,True,393692.0,Gad2-IRES-Cre;Ai14-393692,M,P63,VISp5,709323468.0,SM-GE95A_S054_E1-50,RSC-163,CS180626100057,Pvalb Reln Tac1,both,True,True,False,Pvalb,Pvalb,True,Pvalb
709329028,1089,PAS4_180613_453_A01,Pvalb Reln Itm2a,56,#E67A77,Core,1.0,1089,1.0,both,True,393692.0,Gad2-IRES-Cre;Ai14-393692,M,P63,VISp5,709328806.0,SM-GE95A_S050_E1-50,RSC-163,CS180626100058,Pvalb Reln Itm2a,both,True,True,True,Pvalb,Pvalb,True,Pvalb
709332066,1090,P2S4_180613_052_A01,Sst Calb2 Pdlim5,34,#CC6D3D,I1,1.0,1090,1.0,both,True,393692.0,Gad2-IRES-Cre;Ai14-393692,M,P63,VISp5,709331805.0,SM-GE95A_S026_E1-50,RSC-163,CS180626100035,Sst Calb2 Pdlim5,both,True,True,True,Sst,Sst,True,Sst
709363412,1091,PBS4_180613_503_A01,Pvalb Reln Itm2a,56,#E67A77,I2,1.0,1091,1.0,both,True,393692.0,Gad2-IRES-Cre;Ai14-393692,M,P63,VISp5,709363155.0,SM-GE95A_S055_E1-50,RSC-163,CS180626100057,Pvalb Reln Tac1,both,True,True,False,Pvalb,Pvalb,True,Pvalb
709376713,1092,PAS4_180613_454_A01,Pvalb Tpbg,58,#AF3F64,I1,1.0,1092,1.0,both,True,393692.0,Gad2-IRES-Cre;Ai14-393692,M,P63,VISp2/3,709376514.0,SM-GE95A_S051_E1-50,RSC-163,CS180626100059,Pvalb Tpbg,both,True,True,True,Pvalb,Pvalb,True,Pvalb
709417950,1093,P9S4_180613_402_A01,Lamp5 Plch2 Dock5,4,#FF7290,I2,1.0,1093,1.0,both,True,393923.0,Slc32a1-IRES-Cre;Ai14-393923,F,P61,VISpm1,709417840.0,SM-GE95A_S041_E1-50,RSC-163,CS180626100005,Lamp5 Plch2 Dock5,both,True,True,True,Lamp5,Lamp5,True,Lamp5
709421749,1094,P8S4_180613_356_A01,Vip Pygm C1ql1,25,#BD3D9A,I2,1.0,1094,1.0,both,True,395303.0,Vip-IRES-Cre;Npy-IRES2-FlpO;Ai65-395303,M,P54,VISp2/3,709421608.0,SM-GE95A_S035_E1-50,RSC-163,CS180626100026,Vip Pygm C1ql1,both,True,True,True,Vip,Vip,True,Vip
709423277,1095,P2S4_180613_054_A01,Lamp5 Lsp1,5,#FFA388,Core,1.0,1095,1.0,both,True,393692.0,Gad2-IRES-Cre;Ai14-393692,M,P63,VISp2/3,709423067.0,SM-GE95A_S028_E1-50,RSC-163,CS180626100006,Lamp5 Lsp1,both,True,True,True,Lamp5,Lamp5,True,Lamp5
709427923,1096,P9S4_180613_403_A01,Pvalb Reln Tac1,57,#D6221D,Core,1.0,1096,1.0,both,True,393923.0,Slc32a1-IRES-Cre;Ai14-393923,F,P61,VISpm4,709427338.0,SM-GE95A_S042_E1-50,RSC-163,CS180626100057,Pvalb Reln Tac1,both,True,True,True,Pvalb,Pvalb,True,Pvalb
709436266,1097,PBS4_180613_504_A01,Sncg Vip Itih5,10,#6C00BF,I2,1.0,1097,1.0,both,True,395303.0,Vip-IRES-Cre;Npy-IRES2-FlpO;Ai65-395303,M,P54,VISp4,709436066.0,SM-GE95A_S056_E1-50,RSC-163,CS180626100011,Sncg Vip Itih5,both,True,True,True,Sncg,Sncg,True,Sncg
709445342,1098,P8S4_180613_357_A01,Pvalb Reln Itm2a,56,#E67A77,Core,1.0,1098,1.0,both,True,393923.0,Slc32a1-IRES-Cre;Ai14-393923,F,P61,VISp4,709445183.0,SM-GE95A_S036_E1-50,RSC-163,CS180626100058,Pvalb Reln Itm2a,both,True,True,True,Pvalb,Pvalb,True,Pvalb
709447918,1099,P9S4_180613_405_A01,Lamp5 Lsp1,5,#FFA388,Core,1.0,1099,1.0,both,True,393923.0,Slc32a1-IRES-Cre;Ai14-393923,F,P61,VISp2/3,709447789.0,SM-GE95A_S044_E1-50,RSC-163,CS180626100006,Lamp5 Lsp1,both,True,True,True,Lamp5,Lamp5,True,Lamp5
709453221,1100,P9S4_180613_406_A01,Lamp5 Lsp1,5,#FFA388,Core,1.0,1100,1.0,both,True,393923.0,Slc32a1-IRES-Cre;Ai14-393923,F,P61,VISp5,709453206.0,SM-GE95A_S045_E1-50,RSC-163,CS180626100006,Lamp5 Lsp1,both,True,True,True,Lamp5,Lamp5,True,Lamp5
709454191,1101,P8S4_180613_358_A01,Pvalb Tpbg,58,#AF3F64,Core,1.0,1101,1.0,both,True,393923.0,Slc32a1-IRES-Cre;Ai14-393923,F,P61,VISp5,709454075.0,SM-GE95A_S037_E1-50,RSC-163,CS180626100059,Pvalb Tpbg,both,True,True,True,Pvalb,Pvalb,True,Pvalb
709454254,1102,PBS4_180613_505_A01,Pvalb Sema3e Kank4,54,#C94545,Core,1.0,1102,1.0,both,True,393923.0,Slc32a1-IRES-Cre;Ai14-393923,F,P61,VISp6a,709454217.0,SM-GE95A_S057_E1-50,RSC-163,CS180626100055,Pvalb Sema3e Kank4,both,True,True,True,Pvalb,Pvalb,True,Pvalb
709459382,1103,P8S4_180613_359_A01,Sst Esm1,45,#C11331,I1,1.0,1103,1.0,both,True,393923.0,Slc32a1-IRES-Cre;Ai14-393923,F,P61,VISp5,709459325.0,SM-GE95A_S038_E1-50,RSC-163,CS180626100045,Sst Crh 4930553C11Rik ,both,True,True,False,Sst,Sst,True,Sst
709459537,1104,PBS4_180613_506_A01,Pvalb Sema3e Kank4,54,#C94545,I1,1.0,1104,1.0,both,True,393923.0,Slc32a1-IRES-Cre;Ai14-393923,F,P61,VISp6a,709459480.0,SM-GE95A_S058_E1-50,RSC-163,CS180626100055,Pvalb Sema3e Kank4,both,True,True,True,Pvalb,Pvalb,True,Pvalb
709461711,1105,P9S4_180613_407_A01,Lamp5 Fam19a1 Pax6,1,#FF88AD,I2,1.0,1105,1.0,both,True,393923.0,Slc32a1-IRES-Cre;Ai14-393923,F,P61,VISp1,709461587.0,SM-GE95A_S046_E1-50,RSC-163,CS180626100002,Lamp5 Fam19a1 Pax6,both,True,True,True,Lamp5,Lamp5,True,Lamp5
709464809,1106,PBS4_180613_507_A01,Pvalb Akr1c18 Ntf3,53,#FF4343,I1,1.0,1106,1.0,both,True,393923.0,Slc32a1-IRES-Cre;Ai14-393923,F,P61,VISp6a,709464695.0,SM-GE95A_S059_E1-50,RSC-163,CS180626100053,Pvalb Akr1c18 Ntf3,both,True,True,True,Pvalb,Pvalb,True,Pvalb
709466351,1107,P9S4_180613_408_A01,Sst Tac1 Htr1d,31,#804811,I2,1.0,1107,1.0,both,True,393923.0,Slc32a1-IRES-Cre;Ai14-393923,F,P61,VISp4,709466315.0,SM-GE95A_S047_E1-50,RSC-163,CS180626100034,Sst Calb2 Necab1,both,True,True,False,Sst,Sst,True,Sst
709473109,1108,PBS4_180613_508_A01,Pvalb Tpbg,58,#AF3F64,Core,1.0,1108,1.0,both,True,393923.0,Slc32a1-IRES-Cre;Ai14-393923,F,P61,VISp2/3,709473012.0,SM-GE95A_S060_E1-50,RSC-163,CS180626100059,Pvalb Tpbg,both,True,True,True,Pvalb,Pvalb,True,Pvalb
709477636,1109,PBS4_180613_509_A01,Pvalb Tpbg,58,#AF3F64,Core,1.0,1109,1.0,both,True,393923.0,Slc32a1-IRES-Cre;Ai14-393923,F,P61,VISp2/3,709477621.0,SM-GE95A_S061_E1-50,RSC-163,CS180626100059,Pvalb Tpbg,both,True,True,True,Pvalb,Pvalb,True,Pvalb
709480097,1110,PBS4_180613_510_A01,Pvalb Reln Itm2a,56,#E67A77,Core,1.0,1110,1.0,both,True,393923.0,Slc32a1-IRES-Cre;Ai14-393923,F,P61,VISp4,709480082.0,SM-GE95A_S062_E1-50,RSC-163,CS180626100058,Pvalb Reln Itm2a,both,True,True,True,Pvalb,Pvalb,True,Pvalb
710114365,1111,PAS4_180615_451_A01,Serpinf1 Aqp5 Vip,12,#CA66FF,I2,1.0,1111,1.0,both,True,395420.0,Vip-IRES-Cre;Ai14-395420,M,P55,VISp5,710114097.0,SM-GE95A_S085_E1-50,RSC-163,CS180626100025,Vip Chat Htr1f,both,True,True,False,Serpinf1,Vip,False,Serpinf1
710136447,1112,P8S4_180615_353_A01,Vip Pygm C1ql1,25,#BD3D9A,I1,1.0,1112,1.0,both,True,395420.0,Vip-IRES-Cre;Ai14-395420,M,P55,VISp2/3,710136059.0,SM-GE95A_S080_E1-50,RSC-163,CS180626100026,Vip Pygm C1ql1,both,True,True,True,Vip,Vip,True,Vip
710172327,1113,P2S4_180615_052_A01,Vip Ptprt Pkp2,20,#FF00FF,I1,1.0,1113,1.0,both,True,395420.0,Vip-IRES-Cre;Ai14-395420,M,P55,VISp2/3,710172031.0,SM-GE95A_S064_E1-50,RSC-163,CS180626100021,Vip Ptprt Pkp2,both,True,True,True,Vip,Vip,True,Vip
710188363,1114,PAS4_180615_452_A01,Vip Rspo4 Rxfp1 Chat,21,#AF00E6,I1,1.0,1114,1.0,both,True,395420.0,Vip-IRES-Cre;Ai14-395420,M,P55,VISpm2/3,710188016.0,SM-GE95A_S086_E1-50,RSC-163,CS180626100022,Vip Rspo4 Rxfp1 Chat,both,True,True,True,Vip,Vip,True,Vip
710230349,1115,PAS4_180615_453_A01,Vip Arhgap36 Hmcn1,18,#9189FF,Core,1.0,1115,1.0,both,True,395420.0,Vip-IRES-Cre;Ai14-395420,M,P55,VISp4,710230189.0,SM-GE95A_S087_E1-50,RSC-163,CS180626100017,Vip Arhgap36 Hmcn1,both,True,True,True,Vip,Vip,True,Vip
710309393,1116,P8S4_180615_355_A01,Vip Chat Htr1f,24,#FF4DC1,I1,1.0,1116,1.0,both,True,395306.0,Vip-IRES-Cre;Npy-IRES2-FlpO;Ai65-395306,F,P56,VISp2/3,710309266.0,SM-GE95A_S082_E1-50,RSC-163,CS180626100025,Vip Chat Htr1f,both,True,True,True,Vip,Vip,True,Vip
710332099,1117,P8S4_180615_356_A01,Pvalb Th Sst,51,#FF2F7E,I1,1.0,1117,1.0,both,True,393924.0,Slc32a1-IRES-Cre;Ai14-393924,M,P63,VISpor6a,710331851.0,SM-GE95A_S083_E1-50,RSC-163,CS180626100052,Pvalb Th Sst,both,True,True,True,Pvalb,Pvalb,True,Pvalb
710335225,1118,P2S4_180615_054_A01,Vip Igfbp4 Mab21l1,17,#533691,I1,1.0,1118,1.0,both,True,393924.0,Slc32a1-IRES-Cre;Ai14-393924,M,P63,VISp2/3,710335019.0,SM-GE95A_S074_E1-50,RSC-163,CS180626100016,Vip Igfbp4 Mab21l1,both,True,True,True,Vip,Vip,True,Vip
710336632,1119,PAS4_180615_454_A01,Pvalb Sema3e Kank4,54,#C94545,I1,1.0,1119,1.0,both,True,393924.0,Slc32a1-IRES-Cre;Ai14-393924,M,P63,VISpm5,710336570.0,SM-GE95A_S088_E1-50,RSC-163,CS180626100055,Pvalb Sema3e Kank4,both,True,True,True,Pvalb,Pvalb,True,Pvalb
710338421,1120,P8S4_180615_357_A01,Sst Esm1,45,#C11331,Core,1.0,1120,1.0,both,True,393924.0,Slc32a1-IRES-Cre;Ai14-393924,M,P63,VISpor6a,710338258.0,SM-GE95A_S084_E1-50,RSC-163,CS180626100046,Sst Esm1,both,True,True,True,Sst,Sst,True,Sst
710345047,1121,PAS4_180615_455_A01,Sst Hpse Cbln4,42,#806B19,Core,1.0,1121,1.0,both,True,393924.0,Slc32a1-IRES-Cre;Ai14-393924,M,P63,VISp5,710344970.0,SM-GE95A_S089_E1-50,RSC-163,CS180626100043,Sst Hpse Cbln4,both,True,True,True,Sst,Sst,True,Sst
710345218,1122,P2S4_180615_055_A01,Lamp5 Lhx6,6,#C77963,Core,1.0,1122,1.0,both,True,393924.0,Slc32a1-IRES-Cre;Ai14-393924,M,P63,VISp5,710345090.0,SM-GE95A_S075_E1-50,RSC-163,CS180626100007,Lamp5 Lhx6,both,True,True,True,Lamp5,Lamp5,True,Lamp5
710363006,1123,P2S4_180615_057_A01,Pvalb Reln Itm2a,56,#E67A77,Core,1.0,1123,1.0,both,True,393924.0,Slc32a1-IRES-Cre;Ai14-393924,M,P63,VISp5,710362878.0,SM-GE95A_S077_E1-50,RSC-163,CS180626100058,Pvalb Reln Itm2a,both,True,True,True,Pvalb,Pvalb,True,Pvalb
710730520,1124,P8S4_180618_351_A01,Sst Tac1 Htr1d,31,#804811,Core,1.0,1124,1.0,both,True,395954.0,Sst-IRES-Cre;Ai14-395954,M,P57,VISp4,710730301.0,SM-GE953_S005_E1-50,RSC-164,CS180626100032,Sst Tac1 Htr1d,both,True,True,True,Sst,Sst,True,Sst
710738613,1125,P9S4_180618_402_A01,Sst Tac2 Tacstd2,46,#BF8219,I2,1.0,1125,1.0,both,True,395954.0,Sst-IRES-Cre;Ai14-395954,M,P57,VISp5,710738433.0,SM-GE953_S015_E1-50,RSC-164,CS180626100048,Sst Rxfp1 Eya1,both,True,True,False,Sst,Sst,True,Sst
710743304,1126,P8S4_180618_352_A01,Sst Rxfp1 Eya1,47,#994C00,I1,1.0,1126,1.0,both,True,395954.0,Sst-IRES-Cre;Ai14-395954,M,P57,VISp5,710743081.0,SM-GE953_S006_E1-50,RSC-164,CS180626100048,Sst Rxfp1 Eya1,both,True,True,True,Sst,Sst,True,Sst
710755730,1127,P8S4_180618_353_A01,Sst Crhr2 Efemp1,43,#B95541,I2,1.0,1127,1.0,both,True,395954.0,Sst-IRES-Cre;Ai14-395954,M,P57,VISpm5,710755473.0,SM-GE953_S007_E1-50,RSC-164,CS180626100043,Sst Hpse Cbln4,both,True,True,False,Sst,Sst,True,Sst
710757677,1128,P2S4_180618_051_A01,Sst Calb2 Pdlim5,34,#CC6D3D,I1,1.0,1128,1.0,both,True,395954.0,Sst-IRES-Cre;Ai14-395954,M,P57,VISp4,710757467.0,SM-GE95A_S095_E1-50,RSC-163,CS180626100035,Sst Calb2 Pdlim5,both,True,True,True,Sst,Sst,True,Sst
710767527,1129,PAS4_180618_452_A01,Sst Calb2 Pdlim5,34,#CC6D3D,Core,1.0,1129,1.0,both,True,395954.0,Sst-IRES-Cre;Ai14-395954,M,P57,VISp2/3,710767383.0,SM-GE953_S021_E1-50,RSC-164,CS180626100035,Sst Calb2 Pdlim5,both,True,True,True,Sst,Sst,True,Sst
710784375,1130,P2S4_180618_052_A01,Sst Calb2 Necab1,33,#BF480D,I2,1.0,1130,1.0,both,True,395954.0,Sst-IRES-Cre;Ai14-395954,M,P57,VISp4,710784187.0,SM-GE95A_S096_E1-50,RSC-163,CS180626100034,Sst Calb2 Necab1,both,True,True,True,Sst,Sst,True,Sst
710818330,1131,P2S4_180618_053_A01,Pvalb Sema3e Kank4,54,#C94545,I2,1.0,1131,1.0,both,True,395954.0,Sst-IRES-Cre;Ai14-395954,M,P57,VISp6a,710818198.0,SM-GE953_S001_E1-50,RSC-164,CS180626100055,Pvalb Sema3e Kank4,both,True,True,True,Pvalb,Pvalb,True,Pvalb
710847377,1132,P9S4_180618_403_A01,Sst Tac1 Htr1d,31,#804811,I1,1.0,1132,1.0,both,True,395724.0,Sst-IRES-Cre;Ai14-395724,F,P57,VISpm4,710847136.0,SM-GE953_S016_E1-50,RSC-164,CS180626100032,Sst Tac1 Htr1d,both,True,True,True,Sst,Sst,True,Sst
710867549,1133,P8S4_180618_355_A01,Sst Mme Fam114a1,30,#FFBB33,I2,1.0,1133,1.0,both,True,395724.0,Sst-IRES-Cre;Ai14-395724,F,P57,VISp6a,710867508.0,SM-GE953_S009_E1-50,RSC-164,CS180626100031,Sst Mme Fam114a1,both,True,True,True,Sst,Sst,True,Sst
710867810,1134,P9S4_180618_404_A01,Sst Calb2 Pdlim5,34,#CC6D3D,I1,1.0,1134,1.0,both,True,395724.0,Sst-IRES-Cre;Ai14-395724,F,P57,VISpm1,710867636.0,SM-GE953_S017_E1-50,RSC-164,CS180626100035,Sst Calb2 Pdlim5,both,True,True,True,Sst,Sst,True,Sst
710884224,1135,PAS4_180618_453_A01,Sst Crhr2 Efemp1,43,#B95541,I2,1.0,1135,1.0,both,True,395724.0,Sst-IRES-Cre;Ai14-395724,F,P57,VISp5,710884122.0,SM-GE953_S022_E1-50,RSC-164,CS180626100043,Sst Hpse Cbln4,both,True,True,False,Sst,Sst,True,Sst
710887122,1136,P9S4_180618_405_A01,Sst Mme Fam114a1,30,#FFBB33,I2,1.0,1136,1.0,both,True,395724.0,Sst-IRES-Cre;Ai14-395724,F,P57,VISp2/3,710887016.0,SM-GE953_S018_E1-50,RSC-164,CS180626100031,Sst Mme Fam114a1,both,True,True,True,Sst,Sst,True,Sst
710889545,1137,P2S4_180618_054_A01,Sst Hpse Cbln4,42,#806B19,I2,1.0,1137,1.0,both,True,395724.0,Sst-IRES-Cre;Ai14-395724,F,P57,VISpm5,710889433.0,SM-GE953_S002_E1-50,RSC-164,CS180626100043,Sst Hpse Cbln4,both,True,True,True,Sst,Sst,True,Sst
710895059,1138,P9S4_180618_406_A01,Sst Hpse Cbln4,42,#806B19,I1,1.0,1138,1.0,both,True,395724.0,Sst-IRES-Cre;Ai14-395724,F,P57,VISp5,710894984.0,SM-GE953_S019_E1-50,RSC-164,CS180626100043,Sst Hpse Cbln4,both,True,True,True,Sst,Sst,True,Sst
710912956,1139,P8S4_180618_358_A01,Sst Crh 4930553C11Rik ,44,#C77767,I1,1.0,1139,1.0,both,True,395724.0,Sst-IRES-Cre;Ai14-395724,F,P57,VISp5,710912781.0,SM-GE953_S012_E1-50,RSC-164,CS180626100045,Sst Crh 4930553C11Rik ,both,True,True,True,Sst,Sst,True,Sst
710920450,1140,P8S4_180618_359_A01,Sst Hpse Sema3c,41,#BF9F00,Core,1.0,1140,1.0,both,True,395724.0,Sst-IRES-Cre;Ai14-395724,F,P57,VISp5,710920435.0,SM-GE953_S013_E1-50,RSC-164,CS180626100042,Sst Hpse Sema3c,both,True,True,True,Sst,Sst,True,Sst
711202068,1141,P9S4_180619_402_A01,Sst Hpse Cbln4,42,#806B19,Core,1.0,1141,1.0,both,True,395721.0,Sst-IRES-Cre;Ai14-395721,M,P58,VISpm5,711201882.0,SM-GE953_S039_E1-50,RSC-164,CS180626100043,Sst Hpse Cbln4,both,True,True,True,Sst,Sst,True,Sst
711212623,1142,P8S4_180619_351_A01,Sst Crh 4930553C11Rik ,44,#C77767,I2,1.0,1142,1.0,both,True,395721.0,Sst-IRES-Cre;Ai14-395721,M,P58,VISp6a,711212228.0,SM-GE953_S030_E1-50,RSC-164,CS180626100045,Sst Crh 4930553C11Rik ,both,True,True,True,Sst,Sst,True,Sst
711245238,1143,P8S4_180619_352_A01,Sst Chodl,29,#FFFF00,Core,1.0,1143,1.0,both,True,395721.0,Sst-IRES-Cre;Ai14-395721,M,P58,VISpm5,711245020.0,SM-GE953_S031_E1-50,RSC-164,CS180626100030,Sst Chodl,both,True,True,True,Sst,Sst,True,Sst
711260951,1144,P2S4_180619_051_A01,Sst Mme Fam114a1,30,#FFBB33,Core,1.0,1144,1.0,both,True,395721.0,Sst-IRES-Cre;Ai14-395721,M,P58,VISp5,711260585.0,SM-GE953_S023_E1-50,RSC-164,CS180626100031,Sst Mme Fam114a1,both,True,True,True,Sst,Sst,True,Sst
711282684,1145,PBS4_180619_501_A01,Pvalb Reln Itm2a,56,#E67A77,Core,1.0,1145,1.0,both,True,396257.0,Pvalb-T2A-CreERT2;Ai14-396257,M,P54,VISpm4,711282477.0,SM-GE953_S058_E1-50,RSC-164,CS180626100058,Pvalb Reln Itm2a,both,True,True,True,Pvalb,Pvalb,True,Pvalb
711339717,1146,PBS4_180619_503_A01,Pvalb Reln Itm2a,56,#E67A77,I2,1.0,1146,1.0,both,True,396257.0,Pvalb-T2A-CreERT2;Ai14-396257,M,P54,VISp4,711339565.0,SM-GE953_S060_E1-50,RSC-164,CS180626100059,Pvalb Tpbg,both,True,True,False,Pvalb,Pvalb,True,Pvalb
711438994,1147,PAS4_180619_451_A01,Pvalb Reln Itm2a,56,#E67A77,Core,1.0,1147,1.0,both,True,396257.0,Pvalb-T2A-CreERT2;Ai14-396257,M,P54,VISp4,711438636.0,SM-GE953_S053_E1-50,RSC-164,CS180626100058,Pvalb Reln Itm2a,both,True,True,True,Pvalb,Pvalb,True,Pvalb
711464852,1148,P9S4_180619_405_A01,Sst Chodl,29,#FFFF00,Core,1.0,1148,1.0,both,True,396817.0,Nos1-CreERT2;Ai14-396817,F,P52,VISp5,711464791.0,SM-GE953_S050_E1-50,RSC-164,CS180626100030,Sst Chodl,both,True,True,True,Sst,Sst,True,Sst
711465105,1149,PBS4_180619_505_A01,Pvalb Reln Itm2a,56,#E67A77,Core,1.0,1149,1.0,both,True,396257.0,Pvalb-T2A-CreERT2;Ai14-396257,M,P54,VISp4,711465049.0,SM-GE953_S062_E1-50,RSC-164,CS180626100058,Pvalb Reln Itm2a,both,True,True,True,Pvalb,Pvalb,True,Pvalb
711477649,1150,P9S4_180619_406_A01,Lamp5 Lsp1,5,#FFA388,Core,1.0,1150,1.0,both,True,396817.0,Nos1-CreERT2;Ai14-396817,F,P52,VISp2/3,711477566.0,SM-GE953_S051_E1-50,RSC-164,CS180626100006,Lamp5 Lsp1,both,True,True,True,Lamp5,Lamp5,True,Lamp5
711483278,1151,P9S4_180619_407_A01,Lamp5 Lhx6,6,#C77963,Core,1.0,1151,1.0,both,True,396817.0,Nos1-CreERT2;Ai14-396817,F,P52,VISp6a,711483110.0,SM-GE953_S052_E1-50,RSC-164,CS180626100007,Lamp5 Lhx6,both,True,True,True,Lamp5,Lamp5,True,Lamp5
711483359,1152,PAS4_180619_452_A01,Lamp5 Plch2 Dock5,4,#FF7290,I1,1.0,1152,1.0,both,True,396817.0,Nos1-CreERT2;Ai14-396817,F,P52,VISp2/3,711483310.0,SM-GE953_S054_E1-50,RSC-164,CS180626100005,Lamp5 Plch2 Dock5,both,True,True,True,Lamp5,Lamp5,True,Lamp5
711508435,1153,P2S4_180619_054_A01,Lamp5 Plch2 Dock5,4,#FF7290,Core,1.0,1153,1.0,both,True,396817.0,Nos1-CreERT2;Ai14-396817,F,P52,VISp1,711508420.0,SM-GE953_S026_E1-50,RSC-164,CS180626100005,Lamp5 Plch2 Dock5,both,True,True,True,Lamp5,Lamp5,True,Lamp5
711510463,1154,PAS4_180619_453_A01,Lamp5 Lsp1,5,#FFA388,Core,1.0,1154,1.0,both,True,396817.0,Nos1-CreERT2;Ai14-396817,F,P52,VISp1,711510448.0,SM-GE953_S055_E1-50,RSC-164,CS180626100006,Lamp5 Lsp1,both,True,True,True,Lamp5,Lamp5,True,Lamp5
711511692,1155,P8S4_180619_355_A01,Sst Chodl,29,#FFFF00,Core,1.0,1155,1.0,both,True,396817.0,Nos1-CreERT2;Ai14-396817,F,P52,VISp6a,711511677.0,SM-GE953_S034_E1-50,RSC-164,CS180626100030,Sst Chodl,both,True,True,True,Sst,Sst,True,Sst
711528753,1156,P8S4_180619_356_A01,Sst Chodl,29,#FFFF00,Core,1.0,1156,1.0,both,True,396817.0,Nos1-CreERT2;Ai14-396817,F,P52,VISp6a,711528474.0,SM-GE953_S035_E1-50,RSC-164,CS180626100030,Sst Chodl,both,True,True,True,Sst,Sst,True,Sst
711571947,1157,P8S4_180619_358_A01,Sst Crhr2 Efemp1,43,#B95541,I1,1.0,1157,1.0,both,True,396817.0,Nos1-CreERT2;Ai14-396817,F,P52,VISp6a,711571932.0,SM-GE953_S037_E1-50,RSC-164,CS180626100044,Sst Crhr2 Efemp1,both,True,True,True,Sst,Sst,True,Sst
711572453,1158,PAS4_180619_455_A01,Lamp5 Plch2 Dock5,4,#FF7290,Core,1.0,1158,1.0,both,True,396625.0,Ndnf-IRES2-dgCre;Ai14-396625,M,P52,VISp2/3,711572438.0,SM-GE953_S057_E1-50,RSC-164,CS180626100005,Lamp5 Plch2 Dock5,both,True,True,True,Lamp5,Lamp5,True,Lamp5
711572656,1159,P2S4_180619_056_A01,Lamp5 Lsp1,5,#FFA388,Core,1.0,1159,1.0,both,True,396817.0,Nos1-CreERT2;Ai14-396817,F,P52,VISp2/3,711572641.0,SM-GE953_S028_E1-50,RSC-164,CS180626100006,Lamp5 Lsp1,both,True,True,True,Lamp5,Lamp5,True,Lamp5
711577762,1160,PBS4_180619_511_A01,Lamp5 Ntn1 Npy2r,3,#DD6091,Core,1.0,1160,1.0,both,True,396625.0,Ndnf-IRES2-dgCre;Ai14-396625,M,P52,VISp1,711577747.0,SM-GE953_S068_E1-50,RSC-164,CS180626100004,Lamp5 Ntn1 Npy2r,both,True,True,True,Lamp5,Lamp5,True,Lamp5
711770582,1161,P9S4_180620_401_A01,Sst Calb2 Pdlim5,34,#CC6D3D,Core,1.0,1161,1.0,both,True,395722.0,Sst-IRES-Cre;Ai14-395722,F,P59,VISp2/3,711770342.0,SM-GE953_S081_E1-50,RSC-164,CS180626100035,Sst Calb2 Pdlim5,both,True,True,True,Sst,Sst,True,Sst
711876906,1162,P9S4_180620_402_A01,Pvalb Reln Itm2a,56,#E67A77,Core,1.0,1162,1.0,both,True,396260.0,Pvalb-T2A-CreERT2;Ai14-396260,M,P55,VISp4,711876364.0,SM-GE953_S082_E1-50,RSC-164,CS180626100058,Pvalb Reln Itm2a,both,True,True,True,Pvalb,Pvalb,True,Pvalb
711883863,1163,P8S4_180620_353_A01,Pvalb Th Sst,51,#FF2F7E,I1,1.0,1163,1.0,both,True,395722.0,Sst-IRES-Cre;Ai14-395722,F,P59,VISp5,711883484.0,SM-GE953_S076_E1-50,RSC-164,CS180626100052,Pvalb Th Sst,both,True,True,True,Pvalb,Pvalb,True,Pvalb
711903629,1164,PAS4_180620_451_A01,Sst Nr2f2 Necab1,35,#FFDF11,I1,1.0,1164,1.0,both,True,395722.0,Sst-IRES-Cre;Ai14-395722,F,P59,VISp5,711903399.0,SM-GE953_S083_E1-50,RSC-164,CS180626100036,Sst Nr2f2 Necab1,both,True,True,True,Sst,Sst,True,Sst
711923209,1165,P8S4_180620_354_A01,Sst Tac2 Tacstd2,46,#BF8219,Core,1.0,1165,1.0,both,True,395722.0,Sst-IRES-Cre;Ai14-395722,F,P59,VISpm5,711923072.0,SM-GE953_S077_E1-50,RSC-164,CS180626100047,Sst Tac2 Tacstd2,both,True,True,True,Sst,Sst,True,Sst
711990021,1166,P2S4_180620_051_A01,Pvalb Reln Itm2a,56,#E67A77,Core,1.0,1166,1.0,both,True,396260.0,Pvalb-T2A-CreERT2;Ai14-396260,M,P55,VISp5,711989615.0,SM-GE953_S069_E1-50,RSC-164,CS180626100058,Pvalb Reln Itm2a,both,True,True,True,Pvalb,Pvalb,True,Pvalb
712020677,1167,PAS4_180620_452_A01,Pvalb Reln Itm2a,56,#E67A77,Core,1.0,1167,1.0,both,True,396260.0,Pvalb-T2A-CreERT2;Ai14-396260,M,P55,VISp4,712020553.0,SM-GE953_S084_E1-50,RSC-164,CS180626100058,Pvalb Reln Itm2a,both,True,True,True,Pvalb,Pvalb,True,Pvalb
712133949,1168,PAS4_180620_453_A01,Pvalb Gabrg1,50,#ED4C50,Core,1.0,1168,1.0,both,True,396798.0,Pvalb-IRES-Cre;Th-P2A-FlpO;Ai65-396798,F,P53,VISp5,712133902.0,SM-GE953_S085_E1-50,RSC-164,CS180626100051,Pvalb Gabrg1,both,True,True,True,Pvalb,Pvalb,True,Pvalb
712150175,1169,P8S4_180620_357_A01,Pvalb Reln Itm2a,56,#E67A77,I1,1.0,1169,1.0,both,True,395797.0,Slc17a8-iCre;Ai14-395797,F,P58,VISp5,712150083.0,SM-GE953_S080_E1-50,RSC-164,CS180626100058,Pvalb Reln Itm2a,both,True,True,True,Pvalb,Pvalb,True,Pvalb
712156999,1170,P2S4_180620_055_A01,Sst Rxfp1 Prdm8,48,#802600,Core,1.0,1170,1.0,both,True,396798.0,Pvalb-IRES-Cre;Th-P2A-FlpO;Ai65-396798,F,P53,VISp5,712156869.0,SM-GE953_S073_E1-50,RSC-164,CS180626100049,Sst Rxfp1 Prdm8,both,True,True,True,Sst,Sst,True,Sst
713116724,1171,PAS4_180622_451_A01,Sst Mme Fam114a1,30,#FFBB33,Core,1.0,1171,1.0,both,True,395723.0,Sst-IRES-Cre;Ai14-395723,F,P61,VISp4,713116595.0,SM-GE94R_S131_E1-50,RSC-165,CS180626100031,Sst Mme Fam114a1,both,True,True,True,Sst,Sst,True,Sst
713132614,1172,P9S4_180622_401_A01,Sst Calb2 Pdlim5,34,#CC6D3D,I2,1.0,1172,1.0,both,True,395723.0,Sst-IRES-Cre;Ai14-395723,F,P61,VISp2/3,713132214.0,SM-GE94R_S128_E1-50,RSC-165,CS180626100034,Sst Calb2 Necab1,both,True,True,False,Sst,Sst,True,Sst
713136280,1173,PBS4_180622_501_A01,Sst Nts,49,#A81111,Core,1.0,1173,1.0,both,True,395723.0,Sst-IRES-Cre;Ai14-395723,F,P61,VISp6a,713135999.0,SM-GE94R_S136_E1-50,RSC-165,CS180626100050,Sst Nts,both,True,True,True,Sst,Sst,True,Sst
713181291,1174,PBS4_180622_502_A01,Sst Hpse Cbln4,42,#806B19,Core,1.0,1174,1.0,both,True,395723.0,Sst-IRES-Cre;Ai14-395723,F,P61,VISpm5,713180991.0,SM-GE94R_S137_E1-50,RSC-165,CS180626100043,Sst Hpse Cbln4,both,True,True,True,Sst,Sst,True,Sst
713238678,1175,PAS4_180622_452_A01,Sst Calb2 Necab1,33,#BF480D,I2,1.0,1175,1.0,both,True,395723.0,Sst-IRES-Cre;Ai14-395723,F,P61,VISp2/3,713238561.0,SM-GE94R_S132_E1-50,RSC-165,CS180626100034,Sst Calb2 Necab1,both,True,True,True,Sst,Sst,True,Sst
713245298,1176,P9S4_180622_403_A01,Sst Hpse Cbln4,42,#806B19,I2,1.0,1176,1.0,both,True,396735.0,Htr3a-Cre_NO152;Sst-IRES-FlpO;Ai65-396735,M,P55,VISp2/3,713245073.0,SM-GE94R_S130_E1-50,RSC-165,CS180626100043,Sst Hpse Cbln4,both,True,True,True,Sst,Sst,True,Sst
713288327,1177,PAS4_180622_453_A01,Sst Calb2 Pdlim5,34,#CC6D3D,Core,1.0,1177,1.0,both,True,395723.0,Sst-IRES-Cre;Ai14-395723,F,P61,VISp2/3,713288197.0,SM-GE94R_S133_E1-50,RSC-165,CS180626100035,Sst Calb2 Pdlim5,both,True,True,True,Sst,Sst,True,Sst
713336527,1178,PAS4_180622_454_A01,Sst Hpse Cbln4,42,#806B19,I1,1.0,1178,1.0,both,True,395723.0,Sst-IRES-Cre;Ai14-395723,F,P61,VISp5,713336416.0,SM-GE94R_S134_E1-50,RSC-165,CS180626100043,Sst Hpse Cbln4,both,True,True,True,Sst,Sst,True,Sst
713442456,1179,PBS4_180622_503_A01,Sst Hpse Cbln4,42,#806B19,Core,1.0,1179,1.0,both,True,396735.0,Htr3a-Cre_NO152;Sst-IRES-FlpO;Ai65-396735,M,P55,VISp4,713442283.0,SM-GE94R_S138_E1-50,RSC-165,CS180626100043,Sst Hpse Cbln4,both,True,True,True,Sst,Sst,True,Sst
713692025,1180,P9S4_180625_401_A01,Vip Lect1 Oxtr,22,#FF00B3,I1,1.0,1180,1.0,both,True,398012.0,Vip-IRES-Cre;Ai14-398012,F,P51,VISp4,713691821.0,SM-GE94R_S153_E1-50,RSC-165,CS180626100023,Vip Lect1 Oxtr,both,True,True,True,Vip,Vip,True,Vip
713723052,1181,P8S4_180625_351_A01,Vip Gpc3 Slc18a3,19,#B09FFF,I2,1.0,1181,1.0,both,True,398012.0,Vip-IRES-Cre;Ai14-398012,F,P51,VISp5,713722905.0,SM-GE94R_S146_E1-50,RSC-165,CS180626100018,Vip Gpc3 Slc18a3,both,True,True,True,Vip,Vip,True,Vip
713747705,1182,P9S4_180625_402_A01,Vip Arhgap36 Hmcn1,18,#9189FF,I1,1.0,1182,1.0,both,True,398012.0,Vip-IRES-Cre;Ai14-398012,F,P51,VISp4,713747467.0,SM-GE94R_S154_E1-50,RSC-165,CS180626100017,Vip Arhgap36 Hmcn1,both,True,True,True,Vip,Vip,True,Vip
713768156,1183,P8S4_180625_352_A01,Vip Ptprt Pkp2,20,#FF00FF,I1,1.0,1183,1.0,both,True,398012.0,Vip-IRES-Cre;Ai14-398012,F,P51,VISpm2/3,713768020.0,SM-GE94R_S147_E1-50,RSC-165,CS180626100021,Vip Ptprt Pkp2,both,True,True,True,Vip,Vip,True,Vip
713797685,1184,P9S4_180625_403_A01,Pvalb Akr1c18 Ntf3,53,#FF4343,I1,1.0,1184,1.0,both,True,397195.0,Th-P2A-FlpO;Ai65F-397195,M,P56,VISp5,713797440.0,SM-GE94R_S155_E1-50,RSC-165,CS180626100053,Pvalb Akr1c18 Ntf3,both,True,True,True,Pvalb,Pvalb,True,Pvalb
713806196,1185,P8S4_180625_353_A01,Vip Ptprt Pkp2,20,#FF00FF,Core,1.0,1185,1.0,both,True,398012.0,Vip-IRES-Cre;Ai14-398012,F,P51,VISp2/3,713806006.0,SM-GE94R_S148_E1-50,RSC-165,CS180626100021,Vip Ptprt Pkp2,both,True,True,True,Vip,Vip,True,Vip
713829667,1186,P9S4_180625_404_A01,Pvalb Th Sst,51,#FF2F7E,I1,1.0,1186,1.0,both,True,397195.0,Th-P2A-FlpO;Ai65F-397195,M,P56,VISp6a,713829424.0,SM-GE94R_S156_E1-50,RSC-165,CS180626100052,Pvalb Th Sst,both,True,True,True,Pvalb,Pvalb,True,Pvalb
713886995,1187,P2S4_180625_051_A01,Vip Igfbp4 Mab21l1,17,#533691,Core,1.0,1187,1.0,both,True,398012.0,Vip-IRES-Cre;Ai14-398012,F,P51,VISp4,713886648.0,SM-GE94R_S144_E1-50,RSC-165,CS180626100016,Vip Igfbp4 Mab21l1,both,True,True,True,Vip,Vip,True,Vip
713924319,1188,PBS4_180625_501_A01,Vip Arhgap36 Hmcn1,18,#9189FF,I1,1.0,1188,1.0,both,True,398012.0,Vip-IRES-Cre;Ai14-398012,F,P51,VISp2/3,713923698.0,SM-GE94R_S169_E1-50,RSC-165,CS180626100017,Vip Arhgap36 Hmcn1,both,True,True,True,Vip,Vip,True,Vip
713957719,1189,PBS4_180625_502_A01,Sncg Vip Itih5,10,#6C00BF,I2,1.0,1189,1.0,both,True,398012.0,Vip-IRES-Cre;Ai14-398012,F,P51,VISp5,713957447.0,SM-GE94R_S170_E1-50,RSC-165,CS180626100011,Sncg Vip Itih5,both,True,True,True,Sncg,Sncg,True,Sncg
714007445,1190,P8S4_180625_354_A01,Sst Rxfp1 Prdm8,48,#802600,I2,1.0,1190,1.0,both,True,397195.0,Th-P2A-FlpO;Ai65F-397195,M,P56,VISp6a,714007374.0,SM-GE94R_S149_E1-50,RSC-165,CS180626100049,Sst Rxfp1 Prdm8,both,True,True,True,Sst,Sst,True,Sst
714016148,1191,P9S4_180625_405_A01,Pvalb Tpbg,58,#AF3F64,Core,1.0,1191,1.0,both,True,396261.0,Pvalb-T2A-CreERT2;Ai14-396261,M,P60,VISp4,714015992.0,SM-GE94R_S157_E1-50,RSC-165,CS180626100059,Pvalb Tpbg,both,True,True,True,Pvalb,Pvalb,True,Pvalb
714040661,1192,P8S4_180625_355_A01,Pvalb Sema3e Kank4,54,#C94545,Core,1.0,1192,1.0,both,True,397195.0,Th-P2A-FlpO;Ai65F-397195,M,P56,VISpm5,714040453.0,SM-GE94R_S150_E1-50,RSC-165,CS180626100055,Pvalb Sema3e Kank4,both,True,True,True,Pvalb,Pvalb,True,Pvalb
714046391,1193,P9S4_180625_406_A01,Pvalb Reln Itm2a,56,#E67A77,Core,1.0,1193,1.0,both,True,396261.0,Pvalb-T2A-CreERT2;Ai14-396261,M,P60,VISp2/3,714046232.0,SM-GE94R_S158_E1-50,RSC-165,CS180626100058,Pvalb Reln Itm2a,both,True,True,True,Pvalb,Pvalb,True,Pvalb
714046701,1194,PBS4_180625_503_A01,Pvalb Reln Itm2a,56,#E67A77,Core,1.0,1194,1.0,both,True,396261.0,Pvalb-T2A-CreERT2;Ai14-396261,M,P60,VISp2/3,714046473.0,SM-GE94R_S171_E1-50,RSC-165,CS180626100058,Pvalb Reln Itm2a,both,True,True,True,Pvalb,Pvalb,True,Pvalb
714106437,1195,P8S4_180625_357_A01,Pvalb Akr1c18 Ntf3,53,#FF4343,I2,1.0,1195,1.0,both,True,396261.0,Pvalb-T2A-CreERT2;Ai14-396261,M,P60,VISp5,714106376.0,SM-GE94R_S152_E1-50,RSC-165,CS180626100053,Pvalb Akr1c18 Ntf3,both,True,True,True,Pvalb,Pvalb,True,Pvalb
714210189,1196,P1S4_180625_002_A01,Vip Ptprt Pkp2,20,#FF00FF,Core,1.0,1196,1.0,both,True,398012.0,Vip-IRES-Cre;Ai14-398012,F,P51,VISp2/3,714210086.0,SM-GE94R_S142_E1-50,RSC-165,CS180626100021,Vip Ptprt Pkp2,both,True,True,True,Vip,Vip,True,Vip
714228701,1197,P1S4_180625_003_A01,Pvalb Reln Tac1,57,#D6221D,I1,1.0,1197,1.0,both,True,396261.0,Pvalb-T2A-CreERT2;Ai14-396261,M,P60,VISp5,714228416.0,SM-GE94R_S143_E1-50,RSC-165,CS180626100057,Pvalb Reln Tac1,both,True,True,True,Pvalb,Pvalb,True,Pvalb
714378460,1198,P9S4_180626_401_A01,Vip Pygm C1ql1,25,#BD3D9A,Core,1.0,1198,1.0,both,True,398013.0,Vip-IRES-Cre;Ai14-398013,F,P52,VISp2/3,714378050.0,SM-GE94R_S185_E1-50,RSC-165,CS180626100026,Vip Pygm C1ql1,both,True,True,True,Vip,Vip,True,Vip
714379428,1199,P8S4_180626_351_A01,Vip Crispld2 Htr2c,26,#882E81,I2,1.0,1199,1.0,both,True,398013.0,Vip-IRES-Cre;Ai14-398013,F,P52,VISp2/3,714378742.0,SM-GE94R_S177_E1-50,RSC-165,CS180626100023,Vip Lect1 Oxtr,both,True,True,False,Vip,Vip,True,Vip
714405422,1200,P9S4_180626_402_A01,Vip Crispld2 Kcne4,27,#AD589A,I1,1.0,1200,1.0,both,True,398013.0,Vip-IRES-Cre;Ai14-398013,F,P52,VISp2/3,714404717.0,SM-GE94R_S186_E1-50,RSC-165,CS180626100028,Vip Crispld2 Kcne4,both,True,True,True,Vip,Vip,True,Vip
714485370,1201,PBS4_180626_504_A01,Sncg Vip Nptx2,8,#9900B3,I1,1.0,1201,1.0,both,True,398013.0,Vip-IRES-Cre;Ai14-398013,F,P52,VISp4,714485162.0,SM-GE94J_S006_E1-50,RSC-166,CS180626100009,Sncg Vip Nptx2,both,True,True,True,Sncg,Sncg,True,Sncg
714493051,1202,PAS4_180626_451_A01,Pvalb Gabrg1,50,#ED4C50,Core,1.0,1202,1.0,both,True,397196.0,Th-P2A-FlpO;Ai65F-397196,M,P57,VISp6a,714492930.0,SM-GE94R_S192_E1-50,RSC-165,CS180626100051,Pvalb Gabrg1,both,True,True,True,Pvalb,Pvalb,True,Pvalb
714517612,1203,P2S4_180626_053_A01,Vip Chat Htr1f,24,#FF4DC1,Core,1.0,1203,1.0,both,True,398013.0,Vip-IRES-Cre;Ai14-398013,F,P52,VISpm2/3,714517485.0,SM-GE94R_S175_E1-50,RSC-165,CS180626100025,Vip Chat Htr1f,both,True,True,True,Vip,Vip,True,Vip
714601733,1204,P8S4_180626_353_A01,Pvalb Akr1c18 Ntf3,53,#FF4343,I1,1.0,1204,1.0,both,True,397196.0,Th-P2A-FlpO;Ai65F-397196,M,P57,VISp6a,714601506.0,SM-GE94R_S179_E1-50,RSC-165,CS180626100053,Pvalb Akr1c18 Ntf3,both,True,True,True,Pvalb,Pvalb,True,Pvalb
714673962,1205,P9S4_180626_403_A01,Sncg Vip Itih5,10,#6C00BF,Core,1.0,1205,1.0,both,True,397651.0,Htr3a-Cre_NO152;Ai14-397651,M,P55,VISpm5,714673836.0,SM-GE94R_S187_E1-50,RSC-165,CS180626100011,Sncg Vip Itih5,both,True,True,True,Sncg,Sncg,True,Sncg
714701049,1206,P9S4_180626_404_A01,Lamp5 Lsp1,5,#FFA388,Core,1.0,1206,1.0,both,True,397651.0,Htr3a-Cre_NO152;Ai14-397651,M,P55,VISp2/3,714700983.0,SM-GE94R_S188_E1-50,RSC-165,CS180626100006,Lamp5 Lsp1,both,True,True,True,Lamp5,Lamp5,True,Lamp5
714701489,1207,P8S4_180626_356_A01,Pvalb Sema3e Kank4,54,#C94545,Core,1.0,1207,1.0,both,True,396262.0,Pvalb-T2A-CreERT2;Ai14-396262,M,P61,VISp6a,714701261.0,SM-GE94R_S182_E1-50,RSC-165,CS180626100055,Pvalb Sema3e Kank4,both,True,True,True,Pvalb,Pvalb,True,Pvalb
714717722,1208,P9S4_180626_405_A01,Lamp5 Ntn1 Npy2r,3,#DD6091,I1,1.0,1208,1.0,both,True,397651.0,Htr3a-Cre_NO152;Ai14-397651,M,P55,VISpm1,714717615.0,SM-GE94R_S189_E1-50,RSC-165,CS180626100004,Lamp5 Ntn1 Npy2r,both,True,True,True,Lamp5,Lamp5,True,Lamp5
714722191,1209,P9S4_180626_406_A01,Lamp5 Lsp1,5,#FFA388,Core,1.0,1209,1.0,both,True,397651.0,Htr3a-Cre_NO152;Ai14-397651,M,P55,VISpm5,714722176.0,SM-GE94R_S190_E1-50,RSC-165,CS180626100006,Lamp5 Lsp1,both,True,True,True,Lamp5,Lamp5,True,Lamp5
714722221,1210,P8S4_180626_357_A01,Lamp5 Lhx6,6,#C77963,Core,1.0,1210,1.0,both,True,397651.0,Htr3a-Cre_NO152;Ai14-397651,M,P55,VISp5,714722206.0,SM-GE94R_S183_E1-50,RSC-165,CS180626100007,Lamp5 Lhx6,both,True,True,True,Lamp5,Lamp5,True,Lamp5
714743771,1211,PBS4_180626_506_A01,Pvalb Tpbg,58,#AF3F64,Core,1.0,1211,1.0,both,True,396262.0,Pvalb-T2A-CreERT2;Ai14-396262,M,P61,VISp6a,714743756.0,SM-GE94J_S008_E1-50,RSC-166,CS180626100059,Pvalb Tpbg,both,True,True,True,Pvalb,Pvalb,True,Pvalb
714755043,1212,PBS4_180626_508_A01,Sncg Vip Nptx2,8,#9900B3,Core,1.0,1212,1.0,both,True,397651.0,Htr3a-Cre_NO152;Ai14-397651,M,P55,VISp5,714755028.0,SM-GE94J_S010_E1-50,RSC-166,CS180626100009,Sncg Vip Nptx2,both,True,True,True,Sncg,Sncg,True,Sncg
714904858,1213,P8S4_180627_351_A01,Vip Ptprt Pkp2,20,#FF00FF,Core,1.0,1213,1.0,both,True,397999.0,Vip-IRES-Cre;Ai14-397999,M,P53,VISp4,714904694.0,SM-GE94J_S016_E1-50,RSC-166,CS180626100021,Vip Ptprt Pkp2,both,True,True,True,Vip,Vip,True,Vip
714932261,1214,P8S4_180627_352_A01,Vip Gpc3 Slc18a3,19,#B09FFF,I1,1.0,1214,1.0,both,True,397999.0,Vip-IRES-Cre;Ai14-397999,M,P53,VISp6a,714932077.0,SM-GE94J_S017_E1-50,RSC-166,CS180626100018,Vip Gpc3 Slc18a3,both,True,True,True,Vip,Vip,True,Vip
714936352,1215,P9S4_180627_402_A01,Sncg Vip Itih5,10,#6C00BF,Core,1.0,1215,1.0,both,True,397999.0,Vip-IRES-Cre;Ai14-397999,M,P53,VISp2/3,714936156.0,SM-GE94J_S033_E1-50,RSC-166,CS180626100011,Sncg Vip Itih5,both,True,True,True,Sncg,Sncg,True,Sncg
714953409,1216,P9S4_180627_403_A01,Vip Ptprt Pkp2,20,#FF00FF,I2,1.0,1216,1.0,both,True,397999.0,Vip-IRES-Cre;Ai14-397999,M,P53,VISp2/3,714953153.0,SM-GE94J_S034_E1-50,RSC-166,CS180626100021,Vip Ptprt Pkp2,both,True,True,True,Vip,Vip,True,Vip
715036882,1217,P8S4_180627_354_A01,Sst Rxfp1 Prdm8,48,#802600,Core,1.0,1217,1.0,both,True,397198.0,Th-P2A-FlpO;Ai65F-397198,F,P58,VISp6a,715036722.0,SM-GE94J_S019_E1-50,RSC-166,CS180626100049,Sst Rxfp1 Prdm8,both,True,True,True,Sst,Sst,True,Sst
715056519,1218,PAS4_180627_451_A01,Sst Rxfp1 Prdm8,48,#802600,I1,1.0,1218,1.0,both,True,397198.0,Th-P2A-FlpO;Ai65F-397198,F,P58,VISp5,715056420.0,SM-GE94J_S040_E1-50,RSC-166,CS180626100052,Pvalb Th Sst,both,True,True,False,Sst,Pvalb,False,Sst
715072625,1219,PAS4_180627_452_A01,Pvalb Th Sst,51,#FF2F7E,I2,1.0,1219,1.0,both,True,397198.0,Th-P2A-FlpO;Ai65F-397198,F,P58,VISp6a,715072510.0,SM-GE94J_S041_E1-50,RSC-166,CS180626100052,Pvalb Th Sst,both,True,True,True,Pvalb,Pvalb,True,Pvalb
715092854,1220,PBS4_180627_504_A01,Sst Rxfp1 Prdm8,48,#802600,Core,1.0,1220,1.0,both,True,397198.0,Th-P2A-FlpO;Ai65F-397198,F,P58,VISp5,715092804.0,SM-GE94J_S048_E1-50,RSC-166,CS180626100049,Sst Rxfp1 Prdm8,both,True,True,True,Sst,Sst,True,Sst
715103050,1221,P9S4_180627_405_A01,Pvalb Gabrg1,50,#ED4C50,Core,1.0,1221,1.0,both,True,397198.0,Th-P2A-FlpO;Ai65F-397198,F,P58,VISp6a,715102933.0,SM-GE94J_S036_E1-50,RSC-166,CS180626100051,Pvalb Gabrg1,both,True,True,True,Pvalb,Pvalb,True,Pvalb
715106551,1222,P9S4_180627_406_A01,Sst Nts,49,#A81111,Core,1.0,1222,1.0,both,True,397198.0,Th-P2A-FlpO;Ai65F-397198,F,P58,VISp6b,715106433.0,SM-GE94J_S037_E1-50,RSC-166,CS180626100050,Sst Nts,both,True,True,True,Sst,Sst,True,Sst
715140522,1223,P9S4_180627_407_A01,Vip Col15a1 Pde1a,28,#AC3491,I1,1.0,1223,1.0,both,True,398004.0,Vip-IRES-Cre;Ai14-398004,F,P53,VISp1,715140227.0,SM-GE94J_S038_E1-50,RSC-166,CS180626100011,Sncg Vip Itih5,both,True,True,False,Vip,Sncg,False,Vip
715148321,1224,P9S4_180627_408_A01,Vip Igfbp4 Mab21l1,17,#533691,Core,1.0,1224,1.0,both,True,398004.0,Vip-IRES-Cre;Ai14-398004,F,P53,VISp5,715148270.0,SM-GE94J_S039_E1-50,RSC-166,CS180626100016,Vip Igfbp4 Mab21l1,both,True,True,True,Vip,Vip,True,Vip
715156169,1225,P2S4_180627_053_A01,Vip Igfbp4 Mab21l1,17,#533691,I2,1.0,1225,1.0,both,True,398004.0,Vip-IRES-Cre;Ai14-398004,F,P53,VISp5,715156081.0,SM-GE94J_S014_E1-50,RSC-166,CS180626100022,Vip Rspo4 Rxfp1 Chat,both,True,True,False,Vip,Vip,True,Vip
715158850,1226,PBS4_180627_506_A01,Pvalb Akr1c18 Ntf3,53,#FF4343,I1,1.0,1226,1.0,both,True,397198.0,Th-P2A-FlpO;Ai65F-397198,F,P58,VISpm5,715158759.0,SM-GE94J_S050_E1-50,RSC-166,CS180626100053,Pvalb Akr1c18 Ntf3,both,True,True,True,Pvalb,Pvalb,True,Pvalb
715159651,1227,P8S4_180627_357_A01,Vip Pygm C1ql1,25,#BD3D9A,I1,1.0,1227,1.0,both,True,398004.0,Vip-IRES-Cre;Ai14-398004,F,P53,VISp2/3,715159578.0,SM-GE94J_S022_E1-50,RSC-166,CS180626100026,Vip Pygm C1ql1,both,True,True,True,Vip,Vip,True,Vip
715163712,1228,PBS4_180627_507_A01,Pvalb Akr1c18 Ntf3,53,#FF4343,Core,1.0,1228,1.0,both,True,397198.0,Th-P2A-FlpO;Ai65F-397198,F,P58,VISam5,715163638.0,SM-GE94J_S051_E1-50,RSC-166,CS180626100053,Pvalb Akr1c18 Ntf3,both,True,True,True,Pvalb,Pvalb,True,Pvalb
715163795,1229,P8S4_180627_358_A01,Vip Lmo1 Myl1,16,#9FAAFF,I1,1.0,1229,1.0,both,True,398004.0,Vip-IRES-Cre;Ai14-398004,F,P53,VISp2/3,715163780.0,SM-GE94J_S023_E1-50,RSC-166,CS180626100020,Vip Lmo1 Myl1,both,True,True,True,Vip,Vip,True,Vip
716008621,1230,P8S4_180629_351_A01,Vip Arhgap36 Hmcn1,18,#9189FF,Core,1.0,1230,1.0,both,True,398005.0,Vip-IRES-Cre;Ai14-398005,F,P55,VISp5,716008496.0,SM-GE94J_S056_E1-50,RSC-166,CS180626100017,Vip Arhgap36 Hmcn1,both,True,True,True,Vip,Vip,True,Vip
716233643,1231,P8S4_180629_353_A01,Pvalb Sema3e Kank4,54,#C94545,I1,1.0,1231,1.0,both,True,397199.0,Th-P2A-FlpO;Ai65F-397199,F,P60,VISp6a,716233416.0,SM-GE94J_S058_E1-50,RSC-166,,,both,True,False,,Pvalb,,,Pvalb
716280227,1232,P2S4_180629_053_A01,Sst Rxfp1 Prdm8,48,#802600,I2,1.0,1232,1.0,both,True,397199.0,Th-P2A-FlpO;Ai65F-397199,F,P60,VISp6a,716279947.0,SM-GE94J_S054_E1-50,RSC-166,CS180626100049,Sst Rxfp1 Prdm8,both,True,True,True,Sst,Sst,True,Sst
716298521,1233,PBS4_180629_505_A01,Sncg Vip Itih5,10,#6C00BF,Core,1.0,1233,1.0,both,True,397653.0,Htr3a-Cre_NO152;Ai14-397653,M,P58,VISpor2/3,716298392.0,SM-GE94J_S069_E1-50,RSC-166,CS180626100011,Sncg Vip Itih5,both,True,True,True,Sncg,Sncg,True,Sncg
716307564,1234,P2S4_180629_054_A01,Pvalb Akr1c18 Ntf3,53,#FF4343,Core,1.0,1234,1.0,both,True,397199.0,Th-P2A-FlpO;Ai65F-397199,F,P60,VISp5,716307457.0,SM-GE94J_S055_E1-50,RSC-166,CS180626100053,Pvalb Akr1c18 Ntf3,both,True,True,True,Pvalb,Pvalb,True,Pvalb
716330705,1235,PBS4_180629_508_A01,Vip Lmo1 Myl1,16,#9FAAFF,Core,1.0,1235,1.0,both,True,397653.0,Htr3a-Cre_NO152;Ai14-397653,M,P58,VISp5,716330547.0,SM-GE94J_S072_E1-50,RSC-166,CS180626100020,Vip Lmo1 Myl1,both,True,True,True,Vip,Vip,True,Vip
716473635,1236,P8S4_180702_351_A01,Vip Pygm C1ql1,25,#BD3D9A,I2,1.0,1236,1.0,both,True,398635.0,Vip-IRES-Cre;Ai14-398635,M,P55,VISp4,716473552.0,SM-GE94J_S082_E1-50,RSC-166,CS180626100026,Vip Pygm C1ql1,both,True,True,True,Vip,Vip,True,Vip
716477575,1237,P8S4_180702_352_A01,Vip Igfbp4 Mab21l1,17,#533691,Core,1.0,1237,1.0,both,True,398635.0,Vip-IRES-Cre;Ai14-398635,M,P55,VISp5,716477560.0,SM-GE94J_S083_E1-50,RSC-166,CS180626100016,Vip Igfbp4 Mab21l1,both,True,True,True,Vip,Vip,True,Vip
716492058,1238,P2S4_180702_051_A01,Vip Ptprt Pkp2,20,#FF00FF,I2,1.0,1238,1.0,both,True,398635.0,Vip-IRES-Cre;Ai14-398635,M,P55,VISpm2/3,716492029.0,SM-GE94J_S076_E1-50,RSC-166,CS180626100021,Vip Ptprt Pkp2,both,True,True,True,Vip,Vip,True,Vip
716506444,1239,PAS4_180702_451_A01,Vip Chat Htr1f,24,#FF4DC1,I1,1.0,1239,1.0,both,True,398605.0,Vip-IRES-Cre;Npy-IRES2-FlpO;Ai65-398605,M,P55,VISp2/3,716506429.0,SM-GE94J_S090_E1-50,RSC-166,CS180626100025,Vip Chat Htr1f,both,True,True,True,Vip,Vip,True,Vip
716527368,1240,P2S4_180702_053_A01,Vip Pygm C1ql1,25,#BD3D9A,I1,1.0,1240,1.0,both,True,398635.0,Vip-IRES-Cre;Ai14-398635,M,P55,VISp5,716527089.0,SM-GE94J_S078_E1-50,RSC-166,CS180626100026,Vip Pygm C1ql1,both,True,True,True,Vip,Vip,True,Vip
716556217,1241,P8S4_180702_353_A01,Lamp5 Lsp1,5,#FFA388,Core,1.0,1241,1.0,both,True,397654.0,Htr3a-Cre_NO152;Ai14-397654,M,P61,VISp2/3,716556201.0,SM-GE94J_S084_E1-50,RSC-166,CS180626100006,Lamp5 Lsp1,both,True,True,True,Lamp5,Lamp5,True,Lamp5
716560189,1242,P8S4_180702_354_A01,Vip Crispld2 Kcne4,27,#AD589A,I2,1.0,1242,1.0,both,True,397654.0,Htr3a-Cre_NO152;Ai14-397654,M,P61,VISp2/3,716560173.0,SM-GE94J_S085_E1-50,RSC-166,CS180626100027,Vip Crispld2 Htr2c,both,True,True,False,Vip,Vip,True,Vip
716562206,1243,P8S4_180702_355_A01,Lamp5 Plch2 Dock5,4,#FF7290,I1,1.0,1243,1.0,both,True,397654.0,Htr3a-Cre_NO152;Ai14-397654,M,P61,VISp2/3,716562167.0,SM-GE94J_S086_E1-50,RSC-166,CS180626100005,Lamp5 Plch2 Dock5,both,True,True,True,Lamp5,Lamp5,True,Lamp5
716591444,1244,P8S4_180702_356_A01,Sncg Gpr50,9,#C266D1,Core,1.0,1244,1.0,both,True,397654.0,Htr3a-Cre_NO152;Ai14-397654,M,P61,VISp5,716591427.0,SM-GE94J_S087_E1-50,RSC-166,CS180626100010,Sncg Gpr50,both,True,True,True,Sncg,Sncg,True,Sncg
716591702,1245,PAS4_180702_452_A01,Lamp5 Lsp1,5,#FFA388,Core,1.0,1245,1.0,both,True,397654.0,Htr3a-Cre_NO152;Ai14-397654,M,P61,VISp2/3,716591687.0,SM-GE94J_S091_E1-50,RSC-166,CS180626100006,Lamp5 Lsp1,both,True,True,True,Lamp5,Lamp5,True,Lamp5
716592645,1246,P8S4_180702_357_A01,Sncg Vip Itih5,10,#6C00BF,Core,1.0,1246,1.0,both,True,397654.0,Htr3a-Cre_NO152;Ai14-397654,M,P61,VISpm6a,716592630.0,SM-GE94J_S088_E1-50,RSC-166,CS180626100011,Sncg Vip Itih5,both,True,True,True,Sncg,Sncg,True,Sncg
716595024,1247,P8S4_180702_358_A01,Vip Lect1 Oxtr,22,#FF00B3,I2,1.0,1247,1.0,both,True,397654.0,Htr3a-Cre_NO152;Ai14-397654,M,P61,VISp2/3,716595005.0,SM-GE94J_S089_E1-50,RSC-166,CS180626100023,Vip Lect1 Oxtr,both,True,True,True,Vip,Vip,True,Vip
716729379,1248,P1S4_180702_003_A01,Vip Ptprt Pkp2,20,#FF00FF,I1,1.0,1248,1.0,both,True,398635.0,Vip-IRES-Cre;Ai14-398635,M,P55,VISpm5,716729243.0,SM-GE94J_S075_E1-50,RSC-166,CS180626100021,Vip Ptprt Pkp2,both,True,True,True,Vip,Vip,True,Vip
716746196,1249,PAS4_180703_451_A01,Vip Lmo1 Myl1,16,#9FAAFF,I1,1.0,1249,1.0,both,True,398636.0,Vip-IRES-Cre;Ai14-398636,F,P56,VISp2/3,716746180.0,SM-GE94B_S141_E1-50,RSC-167,CS180626100020,Vip Lmo1 Myl1,both,True,True,True,Vip,Vip,True,Vip
716756437,1250,P8S4_180703_351_A01,Vip Rspo1 Itga4,23,#B3128A,I2,1.0,1250,1.0,both,True,398636.0,Vip-IRES-Cre;Ai14-398636,F,P56,VISp2/3,716756422.0,SM-GE94J_S096_E1-50,RSC-166,CS180626100024,Vip Rspo1 Itga4,both,True,True,True,Vip,Vip,True,Vip
716760772,1251,P8S4_180703_352_A01,Vip Lmo1 Myl1,16,#9FAAFF,Core,1.0,1251,1.0,both,True,398636.0,Vip-IRES-Cre;Ai14-398636,F,P56,VISp4,716760753.0,SM-GE94B_S123_E1-50,RSC-167,CS180626100020,Vip Lmo1 Myl1,both,True,True,True,Vip,Vip,True,Vip
716832846,1252,P8S4_180703_354_A01,Lamp5 Lsp1,5,#FFA388,Core,1.0,1252,1.0,both,True,397655.0,Htr3a-Cre_NO152;Ai14-397655,M,P62,VISp5,716832831.0,SM-GE94B_S125_E1-50,RSC-167,CS180626100006,Lamp5 Lsp1,both,True,True,True,Lamp5,Lamp5,True,Lamp5
716838742,1253,P8S4_180703_355_A01,Lamp5 Lsp1,5,#FFA388,Core,1.0,1253,1.0,both,True,397655.0,Htr3a-Cre_NO152;Ai14-397655,M,P62,VISp4,716838727.0,SM-GE94B_S126_E1-50,RSC-167,CS180626100006,Lamp5 Lsp1,both,True,True,True,Lamp5,Lamp5,True,Lamp5
716842039,1254,P8S4_180703_356_A01,Vip Crispld2 Kcne4,27,#AD589A,I2,1.0,1254,1.0,both,True,397655.0,Htr3a-Cre_NO152;Ai14-397655,M,P62,VISpm2/3,716842024.0,SM-GE94B_S127_E1-50,RSC-167,CS180626100023,Vip Lect1 Oxtr,both,True,True,False,Vip,Vip,True,Vip
716842736,1255,P9S4_180703_401_A01,Sncg Vip Itih5,10,#6C00BF,Core,1.0,1255,1.0,both,True,397655.0,Htr3a-Cre_NO152;Ai14-397655,M,P62,VISpm5,716842718.0,SM-GE94B_S135_E1-50,RSC-167,CS180626100011,Sncg Vip Itih5,both,True,True,True,Sncg,Sncg,True,Sncg
716846357,1256,PBS4_180703_504_A01,Lamp5 Lsp1,5,#FFA388,Core,1.0,1256,1.0,both,True,397655.0,Htr3a-Cre_NO152;Ai14-397655,M,P62,VISp6a,716846296.0,SM-GE94B_S149_E1-50,RSC-167,CS180626100006,Lamp5 Lsp1,both,True,True,True,Lamp5,Lamp5,True,Lamp5
716846733,1257,P8S4_180703_357_A01,Sncg Vip Itih5,10,#6C00BF,I1,1.0,1257,1.0,both,True,397655.0,Htr3a-Cre_NO152;Ai14-397655,M,P62,VISp2/3,716846655.0,SM-GE94B_S128_E1-50,RSC-167,CS180626100011,Sncg Vip Itih5,both,True,True,True,Sncg,Sncg,True,Sncg
716855459,1258,P2S4_180703_051_A01,Lamp5 Lsp1,5,#FFA388,Core,1.0,1258,1.0,both,True,399697.0,Gad2-IRES-Cre;Ai14-399697,M,P51,VISp2/3,716855382.0,SM-GE94J_S093_E1-50,RSC-166,CS180626100006,Lamp5 Lsp1,both,True,True,True,Lamp5,Lamp5,True,Lamp5
716859364,1259,P8S4_180703_359_A01,Sst Hpse Cbln4,42,#806B19,Core,1.0,1259,1.0,both,True,397655.0,Htr3a-Cre_NO152;Ai14-397655,M,P62,VISp5,716859226.0,SM-GE94B_S130_E1-50,RSC-167,CS180626100043,Sst Hpse Cbln4,both,True,True,True,Sst,Sst,True,Sst
716864944,1260,P2S4_180703_052_A01,Lamp5 Lsp1,5,#FFA388,Core,1.0,1260,1.0,both,True,399697.0,Gad2-IRES-Cre;Ai14-399697,M,P51,VISp2/3,716864870.0,SM-GE94J_S094_E1-50,RSC-166,CS180626100006,Lamp5 Lsp1,both,True,True,True,Lamp5,Lamp5,True,Lamp5
717321001,1261,P9S4_180706_401_A01,Sst Calb2 Necab1,33,#BF480D,I2,1.0,1261,1.0,both,True,398664.0,Calb2-IRES-Cre;Sst-IRES-FlpO;Ai65-398664,M,P58,VISp2/3,717320727.0,SM-GE94H_S101_E1-50,RSC-167,CS180626100034,Sst Calb2 Necab1,both,True,True,True,Sst,Sst,True,Sst
717354644,1262,P9S4_180706_402_A01,Sst Calb2 Pdlim5,34,#CC6D3D,Core,1.0,1262,1.0,both,True,398664.0,Calb2-IRES-Cre;Sst-IRES-FlpO;Ai65-398664,M,P58,VISp2/3,717354284.0,SM-GE94H_S102_E1-50,RSC-167,CS180626100035,Sst Calb2 Pdlim5,both,True,True,True,Sst,Sst,True,Sst
717376304,1263,P9S4_180706_403_A01,Sst Calb2 Pdlim5,34,#CC6D3D,I1,1.0,1263,1.0,both,True,398664.0,Calb2-IRES-Cre;Sst-IRES-FlpO;Ai65-398664,M,P58,VISpm2/3,717375745.0,SM-GE94H_S103_E1-50,RSC-167,CS180626100035,Sst Calb2 Pdlim5,both,True,True,True,Sst,Sst,True,Sst
717393031,1264,P8S4_180706_352_A01,Sst Calb2 Necab1,33,#BF480D,I1,1.0,1264,1.0,both,True,398664.0,Calb2-IRES-Cre;Sst-IRES-FlpO;Ai65-398664,M,P58,VISp2/3,717392725.0,SM-GE94B_S189_E1-50,RSC-167,CS180626100034,Sst Calb2 Necab1,both,True,True,True,Sst,Sst,True,Sst
717412114,1265,PBS4_180706_503_A01,Sst Calb2 Pdlim5,34,#CC6D3D,I1,1.0,1265,1.0,both,True,398664.0,Calb2-IRES-Cre;Sst-IRES-FlpO;Ai65-398664,M,P58,VISp4,717411692.0,SM-GE94H_S115_E1-50,RSC-167,CS180626100035,Sst Calb2 Pdlim5,both,True,True,True,Sst,Sst,True,Sst
717472464,1266,P2S4_180706_051_A01,Sst Calb2 Pdlim5,34,#CC6D3D,Core,1.0,1266,1.0,both,True,398664.0,Calb2-IRES-Cre;Sst-IRES-FlpO;Ai65-398664,M,P58,VISp5,717472024.0,SM-GE94B_S185_E1-50,RSC-167,CS180626100035,Sst Calb2 Pdlim5,both,True,True,True,Sst,Sst,True,Sst
717502546,1267,PBS4_180706_504_A01,Sst Calb2 Pdlim5,34,#CC6D3D,I2,1.0,1267,1.0,both,True,398664.0,Calb2-IRES-Cre;Sst-IRES-FlpO;Ai65-398664,M,P58,VISp4,717502270.0,SM-GE94H_S116_E1-50,RSC-167,CS180626100034,Sst Calb2 Necab1,both,True,True,False,Sst,Sst,True,Sst
717637005,1268,P9S4_180706_404_A01,Lamp5 Plch2 Dock5,4,#FF7290,Core,1.0,1268,1.0,both,True,399698.0,Gad2-IRES-Cre;Ai14-399698,M,P54,VISpm1,717636591.0,SM-GE94H_S104_E1-50,RSC-167,CS180626100005,Lamp5 Plch2 Dock5,both,True,True,True,Lamp5,Lamp5,True,Lamp5
717637270,1269,P8S4_180706_354_A01,Pvalb Reln Itm2a,56,#E67A77,Core,1.0,1269,1.0,both,True,400563.0,Pvalb-IRES-Cre;Ai14-400563,M,P49,VISp4,717637155.0,SM-GE94B_S191_E1-50,RSC-167,CS180626100058,Pvalb Reln Itm2a,both,True,True,True,Pvalb,Pvalb,True,Pvalb
717646732,1270,PBS4_180706_506_A01,Pvalb Sema3e Kank4,54,#C94545,Core,1.0,1270,1.0,both,True,400563.0,Pvalb-IRES-Cre;Ai14-400563,M,P49,VISpm6a,717646482.0,SM-GE94H_S118_E1-50,RSC-167,CS180626100055,Pvalb Sema3e Kank4,both,True,True,True,Pvalb,Pvalb,True,Pvalb
717675736,1271,P9S4_180706_406_A01,Lamp5 Lsp1,5,#FFA388,Core,1.0,1271,1.0,both,True,399698.0,Gad2-IRES-Cre;Ai14-399698,M,P54,VISp2/3,717675239.0,SM-GE94H_S106_E1-50,RSC-167,CS180626100006,Lamp5 Lsp1,both,True,True,True,Lamp5,Lamp5,True,Lamp5
717700352,1272,P8S4_180706_356_A01,Pvalb Sema3e Kank4,54,#C94545,I1,1.0,1272,1.0,both,True,400563.0,Pvalb-IRES-Cre;Ai14-400563,M,P49,VISp6a,717700182.0,SM-GE94H_S097_E1-50,RSC-167,CS180626100055,Pvalb Sema3e Kank4,both,True,True,True,Pvalb,Pvalb,True,Pvalb
717732613,1273,PBS4_180706_508_A01,Pvalb Sema3e Kank4,54,#C94545,Core,1.0,1273,1.0,both,True,399698.0,Gad2-IRES-Cre;Ai14-399698,M,P54,VISp6a,717732549.0,SM-GE94H_S120_E1-50,RSC-167,,,both,True,False,,Pvalb,,,Pvalb
717732762,1274,P8S4_180706_357_A01,Vip Lmo1 Fam159b,15,#756FB3,Core,1.0,1274,1.0,both,True,399698.0,Gad2-IRES-Cre;Ai14-399698,M,P54,VISp6a,717732669.0,SM-GE94H_S098_E1-50,RSC-167,CS180626100019,Vip Lmo1 Fam159b,both,True,True,True,Vip,Vip,True,Vip
717738370,1275,PBS4_180706_509_A01,Sst Nr2f2 Necab1,35,#FFDF11,Core,1.0,1275,1.0,both,True,399698.0,Gad2-IRES-Cre;Ai14-399698,M,P54,VISl5,717738308.0,SM-GE94H_S121_E1-50,RSC-167,CS180626100036,Sst Nr2f2 Necab1,both,True,True,True,Sst,Sst,True,Sst
717745994,1276,P8S4_180706_358_A01,Pvalb Sema3e Kank4,54,#C94545,Core,1.0,1276,1.0,both,True,399698.0,Gad2-IRES-Cre;Ai14-399698,M,P54,VISp6a,717745905.0,SM-GE94H_S099_E1-50,RSC-167,CS180626100055,Pvalb Sema3e Kank4,both,True,True,True,Pvalb,Pvalb,True,Pvalb
717770635,1277,PAS4_180706_454_A01,Lamp5 Lsp1,5,#FFA388,Core,1.0,1277,1.0,both,True,399698.0,Gad2-IRES-Cre;Ai14-399698,M,P54,VISp5,717770570.0,SM-GE94H_S111_E1-50,RSC-167,CS180626100006,Lamp5 Lsp1,both,True,True,True,Lamp5,Lamp5,True,Lamp5
718049075,1278,P1S4_180706_006_A01,Pvalb Tpbg,58,#AF3F64,I1,1.0,1278,1.0,both,True,400563.0,Pvalb-IRES-Cre;Ai14-400563,M,P49,VISp2/3,718048934.0,SM-GE94B_S182_E1-50,RSC-167,CS180626100059,Pvalb Tpbg,both,True,True,True,Pvalb,Pvalb,True,Pvalb
718054696,1279,P1S4_180706_007_A01,Pvalb Tpbg,58,#AF3F64,Core,1.0,1279,1.0,both,True,400563.0,Pvalb-IRES-Cre;Ai14-400563,M,P49,VISp2/3,718054494.0,SM-GE94B_S183_E1-50,RSC-167,CS180626100059,Pvalb Tpbg,both,True,True,True,Pvalb,Pvalb,True,Pvalb
718123792,1280,P9S4_180709_402_A01,Sst Rxfp1 Eya1,47,#994C00,Core,1.0,1280,1.0,both,True,400679.0,Sst-IRES-Cre;Ai14-400679,M,P51,VISp6a,718123680.0,SM-GE94H_S154_E1-50,RSC-167,CS180626100048,Sst Rxfp1 Eya1,both,True,True,True,Sst,Sst,True,Sst
718128873,1281,P8S4_180709_352_A01,Sst Rxfp1 Prdm8,48,#802600,Core,1.0,1281,1.0,both,True,400679.0,Sst-IRES-Cre;Ai14-400679,M,P51,VISp5,718128796.0,SM-GE94H_S144_E1-50,RSC-167,CS180626100049,Sst Rxfp1 Prdm8,both,True,True,True,Sst,Sst,True,Sst
718135969,1282,P9S4_180709_403_A01,Sst Rxfp1 Eya1,47,#994C00,I1,1.0,1282,1.0,both,True,400679.0,Sst-IRES-Cre;Ai14-400679,M,P51,VISp6a,718135914.0,SM-GE94H_S155_E1-50,RSC-167,CS180626100048,Sst Rxfp1 Eya1,both,True,True,True,Sst,Sst,True,Sst
718136012,1283,P8S4_180709_353_A01,Sst Esm1,45,#C11331,Core,1.0,1283,1.0,both,True,400679.0,Sst-IRES-Cre;Ai14-400679,M,P51,VISp6a,718135985.0,SM-GE94H_S145_E1-50,RSC-167,CS180626100046,Sst Esm1,both,True,True,True,Sst,Sst,True,Sst
718138161,1284,P9S4_180709_404_A01,Sst Rxfp1 Prdm8,48,#802600,Core,1.0,1284,1.0,both,True,400679.0,Sst-IRES-Cre;Ai14-400679,M,P51,VISp6a,718138116.0,SM-GE94H_S156_E1-50,RSC-167,CS180626100049,Sst Rxfp1 Prdm8,both,True,True,True,Sst,Sst,True,Sst
718165701,1285,P2S4_180709_051_A01,Sst Rxfp1 Prdm8,48,#802600,Core,1.0,1285,1.0,both,True,400679.0,Sst-IRES-Cre;Ai14-400679,M,P51,VISpm5,718165668.0,SM-GE94H_S138_E1-50,RSC-167,CS180626100049,Sst Rxfp1 Prdm8,both,True,True,True,Sst,Sst,True,Sst
718177320,1286,P2S4_180709_052_A01,Sst Rxfp1 Eya1,47,#994C00,I1,1.0,1286,1.0,both,True,400679.0,Sst-IRES-Cre;Ai14-400679,M,P51,VISp5,718177266.0,SM-GE94H_S139_E1-50,RSC-167,CS180626100048,Sst Rxfp1 Eya1,both,True,True,True,Sst,Sst,True,Sst
718188717,1287,P8S4_180709_354_A01,Pvalb Sema3e Kank4,54,#C94545,Core,1.0,1287,1.0,both,True,400685.0,Sst-IRES-Cre;Ai14-400685,M,P51,VISp6a,718188696.0,SM-GE94H_S146_E1-50,RSC-167,CS180626100055,Pvalb Sema3e Kank4,both,True,True,True,Pvalb,Pvalb,True,Pvalb
718195284,1288,P9S4_180709_406_A01,Sst Nts,49,#A81111,Core,1.0,1288,1.0,both,True,400685.0,Sst-IRES-Cre;Ai14-400685,M,P51,VISp5,718195180.0,SM-GE94H_S158_E1-50,RSC-167,CS180626100050,Sst Nts,both,True,True,True,Sst,Sst,True,Sst
718195555,1289,P2S4_180709_053_A01,Sst Rxfp1 Prdm8,48,#802600,Core,1.0,1289,1.0,both,True,400679.0,Sst-IRES-Cre;Ai14-400679,M,P51,VISp5,718195517.0,SM-GE94H_S140_E1-50,RSC-167,CS180626100049,Sst Rxfp1 Prdm8,both,True,True,True,Sst,Sst,True,Sst
718196458,1290,P8S4_180709_355_A01,Sst Rxfp1 Prdm8,48,#802600,Core,1.0,1290,1.0,both,True,400685.0,Sst-IRES-Cre;Ai14-400685,M,P51,VISp5,718196068.0,SM-GE94H_S147_E1-50,RSC-167,CS180626100049,Sst Rxfp1 Prdm8,both,True,True,True,Sst,Sst,True,Sst
718202813,1291,P9S4_180709_407_A01,Sst Esm1,45,#C11331,Core,1.0,1291,1.0,both,True,400685.0,Sst-IRES-Cre;Ai14-400685,M,P51,VISp6a,718202727.0,SM-GE94H_S159_E1-50,RSC-167,CS180626100046,Sst Esm1,both,True,True,True,Sst,Sst,True,Sst
718205473,1292,P8S4_180709_356_A01,Sst Crhr2 Efemp1,43,#B95541,Core,1.0,1292,1.0,both,True,400685.0,Sst-IRES-Cre;Ai14-400685,M,P51,VISp6a,718205400.0,SM-GE94H_S148_E1-50,RSC-167,CS180626100044,Sst Crhr2 Efemp1,both,True,True,True,Sst,Sst,True,Sst
718205957,1293,P9S4_180709_408_A01,Sst Hpse Cbln4,42,#806B19,Core,1.0,1293,1.0,both,True,400685.0,Sst-IRES-Cre;Ai14-400685,M,P51,VISp5,718205888.0,SM-GE94H_S160_E1-50,RSC-167,CS180626100043,Sst Hpse Cbln4,both,True,True,True,Sst,Sst,True,Sst
718207944,1294,P8S4_180709_357_A01,Sst Tac2 Tacstd2,46,#BF8219,I2,1.0,1294,1.0,both,True,400685.0,Sst-IRES-Cre;Ai14-400685,M,P51,VISp6a,718207892.0,SM-GE94H_S149_E1-50,RSC-167,CS180626100041,Sst Tac2 Myh4,both,True,True,False,Sst,Sst,True,Sst
718217349,1295,P8S4_180709_358_A01,Sst Hpse Cbln4,42,#806B19,Core,1.0,1295,1.0,both,True,400685.0,Sst-IRES-Cre;Ai14-400685,M,P51,VISp5,718217148.0,SM-GE94H_S150_E1-50,RSC-167,CS180626100043,Sst Hpse Cbln4,both,True,True,True,Sst,Sst,True,Sst
718237581,1296,P9S4_180709_410_A01,Pvalb Sema3e Kank4,54,#C94545,Core,1.0,1296,1.0,both,True,400565.0,Pvalb-IRES-Cre;Ai14-400565,M,P52,VISp6a,718237480.0,SM-GE94H_S162_E1-50,RSC-167,CS180626100055,Pvalb Sema3e Kank4,both,True,True,True,Pvalb,Pvalb,True,Pvalb
718246985,1297,P8S4_180709_359_A01,Pvalb Sema3e Kank4,54,#C94545,I2,1.0,1297,1.0,both,True,400565.0,Pvalb-IRES-Cre;Ai14-400565,M,P52,VISp5,718246968.0,SM-GE94H_S151_E1-50,RSC-167,CS180626100055,Pvalb Sema3e Kank4,both,True,True,True,Pvalb,Pvalb,True,Pvalb
718257664,1298,P9S4_180709_412_A01,Pvalb Tpbg,58,#AF3F64,Core,1.0,1298,1.0,both,True,400565.0,Pvalb-IRES-Cre;Ai14-400565,M,P52,VISp2/3,718257586.0,SM-GE94H_S164_E1-50,RSC-167,CS180626100059,Pvalb Tpbg,both,True,True,True,Pvalb,Pvalb,True,Pvalb
718257716,1299,P8S4_180709_360_A01,Pvalb Reln Itm2a,56,#E67A77,Core,1.0,1299,1.0,both,True,400565.0,Pvalb-IRES-Cre;Ai14-400565,M,P52,VISpm4,718257679.0,SM-GE94H_S152_E1-50,RSC-167,CS180626100058,Pvalb Reln Itm2a,both,True,True,True,Pvalb,Pvalb,True,Pvalb
718264660,1300,P2S4_180709_055_A01,Pvalb Reln Tac1,57,#D6221D,I2,1.0,1300,1.0,both,True,400685.0,Sst-IRES-Cre;Ai14-400685,M,P51,VISp5,718264497.0,SM-GE94H_S142_E1-50,RSC-167,CS180626100059,Pvalb Tpbg,both,True,True,False,Pvalb,Pvalb,True,Pvalb
718473774,1301,P1S4_180709_002_A01,Sst Crhr2 Efemp1,43,#B95541,Core,1.0,1301,1.0,both,True,400679.0,Sst-IRES-Cre;Ai14-400679,M,P51,VISpm6a,718473724.0,SM-GE94H_S123_E1-50,RSC-167,CS180626100044,Sst Crhr2 Efemp1,both,True,True,True,Sst,Sst,True,Sst
718474288,1302,P1S4_180709_003_A01,Sst Myh8 Etv1 ,36,#D6C300,Core,1.0,1302,1.0,both,True,400679.0,Sst-IRES-Cre;Ai14-400679,M,P51,VISpm6a,718474157.0,SM-GE94H_S124_E1-50,RSC-167,CS180626100037,Sst Myh8 Etv1 ,both,True,True,True,Sst,Sst,True,Sst
718475318,1303,P1S4_180709_005_A01,Pvalb Gabrg1,50,#ED4C50,Core,1.0,1303,1.0,both,True,400679.0,Sst-IRES-Cre;Ai14-400679,M,P51,VISp6a,718475296.0,SM-GE94H_S126_E1-50,RSC-167,CS180626100051,Pvalb Gabrg1,both,True,True,True,Pvalb,Pvalb,True,Pvalb
718476740,1304,P1S4_180709_006_A01,Sst Mme Fam114a1,30,#FFBB33,Core,1.0,1304,1.0,both,True,400685.0,Sst-IRES-Cre;Ai14-400685,M,P51,VISp5,718476666.0,SM-GE94H_S127_E1-50,RSC-167,CS180626100031,Sst Mme Fam114a1,both,True,True,True,Sst,Sst,True,Sst
718492407,1305,P1S4_180709_007_A01,Sst Tac2 Tacstd2,46,#BF8219,I2,1.0,1305,1.0,both,True,400685.0,Sst-IRES-Cre;Ai14-400685,M,P51,VISp5,718492307.0,SM-GE94H_S128_E1-50,RSC-167,CS180626100047,Sst Tac2 Tacstd2,both,True,True,True,Sst,Sst,True,Sst
718494231,1306,P1S4_180709_008_A01,Sst Mme Fam114a1,30,#FFBB33,Core,1.0,1306,1.0,both,True,400685.0,Sst-IRES-Cre;Ai14-400685,M,P51,VISp5,718494073.0,SM-GE94H_S137_E1-50,RSC-167,CS180626100031,Sst Mme Fam114a1,both,True,True,True,Sst,Sst,True,Sst
718552831,1307,P9S4_180710_403_A01,Sst Hpse Cbln4,42,#806B19,Core,1.0,1307,1.0,both,True,400683.0,Sst-IRES-Cre;Ai14-400683,M,P52,VISp5,718552566.0,SM-GE94H_S188_E1-50,RSC-167,CS180626100043,Sst Hpse Cbln4,both,True,True,True,Sst,Sst,True,Sst
718571204,1308,P9S4_180710_404_A01,Sst Tac2 Tacstd2,46,#BF8219,I1,1.0,1308,1.0,both,True,400683.0,Sst-IRES-Cre;Ai14-400683,M,P52,VISp5,718570668.0,SM-GE94H_S189_E1-50,RSC-167,CS180626100047,Sst Tac2 Tacstd2,both,True,True,True,Sst,Sst,True,Sst
718594887,1309,P2S4_180710_052_A01,Sst Crhr2 Efemp1,43,#B95541,I1,1.0,1309,1.0,both,True,400683.0,Sst-IRES-Cre;Ai14-400683,M,P52,VISp5,718594865.0,SM-GE94H_S170_E1-50,RSC-167,CS180626100044,Sst Crhr2 Efemp1,both,True,True,True,Sst,Sst,True,Sst
718601016,1310,P2S4_180710_053_A01,Sst Esm1,45,#C11331,Core,1.0,1310,1.0,both,True,400683.0,Sst-IRES-Cre;Ai14-400683,M,P52,VISp5,718600991.0,SM-GE94H_S171_E1-50,RSC-167,CS180626100046,Sst Esm1,both,True,True,True,Sst,Sst,True,Sst
718618263,1311,P9S4_180710_405_A01,Sst Calb2 Pdlim5,34,#CC6D3D,Core,1.0,1311,1.0,both,True,400687.0,Sst-IRES-Cre;Ai14-400687,F,P51,VISp4,718618085.0,SM-GE94H_S190_E1-50,RSC-167,CS180626100035,Sst Calb2 Pdlim5,both,True,True,True,Sst,Sst,True,Sst
718631381,1312,P9S4_180710_406_A01,Pvalb Akr1c18 Ntf3,53,#FF4343,I2,1.0,1312,1.0,both,True,400687.0,Sst-IRES-Cre;Ai14-400687,F,P51,VISp6a,718631306.0,SM-GE94H_S191_E1-50,RSC-167,CS180626100053,Pvalb Akr1c18 Ntf3,both,True,True,True,Pvalb,Pvalb,True,Pvalb
718632464,1313,P8S4_180710_351_A01,Sst Tac2 Tacstd2,46,#BF8219,I1,1.0,1313,1.0,both,True,400687.0,Sst-IRES-Cre;Ai14-400687,F,P51,VISp6a,718632396.0,SM-GE94H_S178_E1-50,RSC-167,CS180626100049,Sst Rxfp1 Prdm8,both,True,True,False,Sst,Sst,True,Sst
718634695,1314,P9S4_180710_407_A01,Sst Crhr2 Efemp1,43,#B95541,I2,1.0,1314,1.0,both,True,400687.0,Sst-IRES-Cre;Ai14-400687,F,P51,VISp5,718634614.0,SM-GE94H_S192_E1-50,RSC-167,CS180626100044,Sst Crhr2 Efemp1,both,True,True,True,Sst,Sst,True,Sst
718636190,1315,P9S4_180710_408_A01,Sst Rxfp1 Prdm8,48,#802600,Core,1.0,1315,1.0,both,True,400687.0,Sst-IRES-Cre;Ai14-400687,F,P51,VISp6a,718636148.0,SM-GE8YZ_S115_E1-50,RSC-170,CS180626100049,Sst Rxfp1 Prdm8,both,True,True,True,Sst,Sst,True,Sst
718640845,1316,P8S4_180710_352_A01,Sst Tac2 Tacstd2,46,#BF8219,Core,1.0,1316,1.0,both,True,400687.0,Sst-IRES-Cre;Ai14-400687,F,P51,VISp5,718640747.0,SM-GE94H_S179_E1-50,RSC-167,CS180626100047,Sst Tac2 Tacstd2,both,True,True,True,Sst,Sst,True,Sst
718643242,1317,P2S4_180710_055_A01,Sst Rxfp1 Eya1,47,#994C00,Core,1.0,1317,1.0,both,True,400687.0,Sst-IRES-Cre;Ai14-400687,F,P51,VISp6a,718643184.0,SM-GE94H_S173_E1-50,RSC-167,CS180626100048,Sst Rxfp1 Eya1,both,True,True,True,Sst,Sst,True,Sst
718643723,1318,P8S4_180710_353_A01,Sst Crh 4930553C11Rik ,44,#C77767,I2,1.0,1318,1.0,both,True,400687.0,Sst-IRES-Cre;Ai14-400687,F,P51,VISp6a,718643659.0,SM-GE94H_S180_E1-50,RSC-167,CS180626100045,Sst Crh 4930553C11Rik ,both,True,True,True,Sst,Sst,True,Sst
718644056,1319,P9S4_180710_409_A01,Sst Rxfp1 Eya1,47,#994C00,I1,1.0,1319,1.0,both,True,400687.0,Sst-IRES-Cre;Ai14-400687,F,P51,VISp6a,718644014.0,SM-GE8YZ_S116_E1-50,RSC-170,CS180626100048,Sst Rxfp1 Eya1,both,True,True,True,Sst,Sst,True,Sst
718645369,1320,P9S4_180710_410_A01,Pvalb Akr1c18 Ntf3,53,#FF4343,I1,1.0,1320,1.0,both,True,400687.0,Sst-IRES-Cre;Ai14-400687,F,P51,VISp6a,718645306.0,SM-GE8YZ_S117_E1-50,RSC-170,CS180626100053,Pvalb Akr1c18 Ntf3,both,True,True,True,Pvalb,Pvalb,True,Pvalb
718645405,1321,P8S4_180710_354_A01,Sst Hpse Cbln4,42,#806B19,Core,1.0,1321,1.0,both,True,400687.0,Sst-IRES-Cre;Ai14-400687,F,P51,VISp5,718645389.0,SM-GE94H_S181_E1-50,RSC-167,CS180626100043,Sst Hpse Cbln4,both,True,True,True,Sst,Sst,True,Sst
718647510,1322,P8S4_180710_355_A01,Sst Crhr2 Efemp1,43,#B95541,Core,1.0,1322,1.0,both,True,400687.0,Sst-IRES-Cre;Ai14-400687,F,P51,VISp6a,718647468.0,SM-GE94H_S182_E1-50,RSC-167,CS180626100044,Sst Crhr2 Efemp1,both,True,True,True,Sst,Sst,True,Sst
718649829,1323,P8S4_180710_356_A01,Sst Hpse Cbln4,42,#806B19,I3,1.0,1323,1.0,both,True,400687.0,Sst-IRES-Cre;Ai14-400687,F,P51,VISp5,718649767.0,SM-GE94H_S183_E1-50,RSC-167,CS180626100043,Sst Hpse Cbln4,both,True,True,True,Sst,Sst,True,Sst
718654456,1324,P2S4_180710_058_A01,Pvalb Reln Tac1,57,#D6221D,I2,1.0,1324,1.0,both,True,400569.0,Pvalb-IRES-Cre;Ai14-400569,F,P52,VISp5,718654441.0,SM-GE94H_S176_E1-50,RSC-167,CS180626100057,Pvalb Reln Tac1,both,True,True,True,Pvalb,Pvalb,True,Pvalb
718654972,1325,P9S4_180710_414_A01,Pvalb Sema3e Kank4,54,#C94545,I2,1.0,1325,1.0,both,True,400569.0,Pvalb-IRES-Cre;Ai14-400569,F,P52,VISp6a,718654924.0,SM-GE8YZ_S121_E1-50,RSC-170,CS180626100055,Pvalb Sema3e Kank4,both,True,True,True,Pvalb,Pvalb,True,Pvalb
718656998,1326,P8S4_180710_358_A01,Pvalb Calb1 Sst,52,#BC2B11,Core,1.0,1326,1.0,both,True,400569.0,Pvalb-IRES-Cre;Ai14-400569,F,P52,VISp5,718656950.0,SM-GE94H_S185_E1-50,RSC-167,CS180626100054,Pvalb Calb1 Sst,both,True,True,True,Pvalb,Pvalb,True,Pvalb
718657362,1327,P2S4_180710_059_A01,Sst Tac1 Htr1d,31,#804811,I1,1.0,1327,1.0,both,True,400569.0,Pvalb-IRES-Cre;Ai14-400569,F,P52,VISp2/3,718657325.0,SM-GE94H_S177_E1-50,RSC-167,CS180626100032,Sst Tac1 Htr1d,both,True,True,True,Sst,Sst,True,Sst
718759804,1328,P1S4_180710_004_A01,Sst Hpse Sema3c,41,#BF9F00,I1,1.0,1328,1.0,both,True,400687.0,Sst-IRES-Cre;Ai14-400687,F,P51,VISp5,718759529.0,SM-GE94H_S168_E1-50,RSC-167,CS180626100042,Sst Hpse Sema3c,both,True,True,True,Sst,Sst,True,Sst
718798931,1329,P2S4_180711_051_A01,Sst Tac2 Tacstd2,46,#BF8219,Core,1.0,1329,1.0,both,True,400688.0,Sst-IRES-Cre;Ai14-400688,F,P51,VISp5,718798874.0,SM-GE5TM_S102_E1-50,RSC-169,CS180626100047,Sst Tac2 Tacstd2,both,True,True,True,Sst,Sst,True,Sst
718831022,1330,P2S4_180711_052_A01,Sst Calb2 Pdlim5,34,#CC6D3D,Core,1.0,1330,1.0,both,True,400688.0,Sst-IRES-Cre;Ai14-400688,F,P51,VISp4,718830854.0,SM-GE5TM_S103_E1-50,RSC-169,CS180626100035,Sst Calb2 Pdlim5,both,True,True,True,Sst,Sst,True,Sst
718849411,1331,PAS4_180711_451_A01,Lamp5 Ntn1 Npy2r,3,#DD6091,Core,1.0,1331,1.0,both,True,399825.0,Ndnf-IRES2-dgCre;Slc32a1-IRES2-FlpO;Ai65-399825,M,P55,VISp1,718849288.0,SM-GE5TM_S116_E1-50,RSC-169,CS180626100004,Lamp5 Ntn1 Npy2r,both,True,True,True,Lamp5,Lamp5,True,Lamp5
718852883,1332,P2S4_180711_053_A01,Sst Hpse Cbln4,42,#806B19,Core,1.0,1332,1.0,both,True,400688.0,Sst-IRES-Cre;Ai14-400688,F,P51,VISp5,718852830.0,SM-GE5TM_S104_E1-50,RSC-169,CS180626100043,Sst Hpse Cbln4,both,True,True,True,Sst,Sst,True,Sst
718869962,1333,P8S4_180711_354_A01,Pvalb Reln Itm2a,56,#E67A77,Core,1.0,1333,1.0,both,True,400570.0,Pvalb-IRES-Cre;Ai14-400570,F,P52,VISp5,718869899.0,SM-GE5TM_S110_E1-50,RSC-169,CS180626100058,Pvalb Reln Itm2a,both,True,True,True,Pvalb,Pvalb,True,Pvalb
718872930,1334,PAS4_180711_452_A01,Pvalb Reln Itm2a,56,#E67A77,Core,1.0,1334,1.0,both,True,400570.0,Pvalb-IRES-Cre;Ai14-400570,F,P52,VISp5,718872904.0,SM-GE5TM_S117_E1-50,RSC-169,CS180626100058,Pvalb Reln Itm2a,both,True,True,True,Pvalb,Pvalb,True,Pvalb
718873091,1335,P8S4_180711_355_A01,Pvalb Gpr149 Islr,55,#E62A5D,Core,1.0,1335,1.0,both,True,400570.0,Pvalb-IRES-Cre;Ai14-400570,F,P52,VISpm5,718873073.0,SM-GE5TM_S111_E1-50,RSC-169,CS180626100056,Pvalb Gpr149 Islr,both,True,True,True,Pvalb,Pvalb,True,Pvalb
718874355,1336,P8S4_180711_356_A01,Pvalb Sema3e Kank4,54,#C94545,Core,1.0,1336,1.0,both,True,400570.0,Pvalb-IRES-Cre;Ai14-400570,F,P52,VISpm6a,718874152.0,SM-GE5TM_S112_E1-50,RSC-169,CS180626100055,Pvalb Sema3e Kank4,both,True,True,True,Pvalb,Pvalb,True,Pvalb
718875577,1337,P2S4_180711_054_A01,Pvalb Reln Itm2a,56,#E67A77,Core,1.0,1337,1.0,both,True,400570.0,Pvalb-IRES-Cre;Ai14-400570,F,P52,VISp4,718875515.0,SM-GE5TM_S105_E1-50,RSC-169,CS180626100058,Pvalb Reln Itm2a,both,True,True,True,Pvalb,Pvalb,True,Pvalb
718877932,1338,PAS4_180711_453_A01,Pvalb Sema3e Kank4,54,#C94545,I1,1.0,1338,1.0,both,True,400570.0,Pvalb-IRES-Cre;Ai14-400570,F,P52,VISp6a,718877822.0,SM-GE5TM_S118_E1-50,RSC-169,CS180626100055,Pvalb Sema3e Kank4,both,True,True,True,Pvalb,Pvalb,True,Pvalb
718882166,1339,P2S4_180711_055_A01,Pvalb Reln Itm2a,56,#E67A77,Core,1.0,1339,1.0,both,True,400570.0,Pvalb-IRES-Cre;Ai14-400570,F,P52,VISp4,718882151.0,SM-GE5TM_S106_E1-50,RSC-169,,,both,True,False,,Pvalb,,,Pvalb
718882265,1340,P8S4_180711_357_A01,Pvalb Reln Itm2a,56,#E67A77,I1,1.0,1340,1.0,both,True,400570.0,Pvalb-IRES-Cre;Ai14-400570,F,P52,VISp4,718882250.0,SM-GE5TM_S113_E1-50,RSC-169,CS180626100058,Pvalb Reln Itm2a,both,True,True,True,Pvalb,Pvalb,True,Pvalb
718883357,1341,P8S4_180711_358_A01,Pvalb Tpbg,58,#AF3F64,Core,1.0,1341,1.0,both,True,400570.0,Pvalb-IRES-Cre;Ai14-400570,F,P52,VISp2/3,718883342.0,SM-GE5TM_S114_E1-50,RSC-169,CS180626100059,Pvalb Tpbg,both,True,True,True,Pvalb,Pvalb,True,Pvalb
718886619,1342,P8S4_180711_359_A01,Pvalb Reln Itm2a,56,#E67A77,Core,1.0,1342,1.0,both,True,400570.0,Pvalb-IRES-Cre;Ai14-400570,F,P52,VISp4,718886604.0,SM-GE5TM_S115_E1-50,RSC-169,CS180626100058,Pvalb Reln Itm2a,both,True,True,True,Pvalb,Pvalb,True,Pvalb
719108203,1343,P1S4_180711_004_A01,Sst Hpse Cbln4,42,#806B19,Core,1.0,1343,1.0,both,True,400688.0,Sst-IRES-Cre;Ai14-400688,F,P51,VISp5,719107942.0,SM-GE5TM_S100_E1-50,RSC-169,CS180626100043,Sst Hpse Cbln4,both,True,True,True,Sst,Sst,True,Sst
719519226,1344,P9S4_180713_401_A01,Sst Nts,49,#A81111,Core,1.0,1344,1.0,both,True,402271.0,Sst-IRES-Cre;Ai14-402271,F,P55,VISp6a,719519020.0,SM-GE5TM_S125_E1-50,RSC-169,CS180626100050,Sst Nts,both,True,True,True,Sst,Sst,True,Sst
719604384,1345,P9S4_180713_403_A01,Sst Rxfp1 Eya1,47,#994C00,Core,1.0,1345,1.0,both,True,402271.0,Sst-IRES-Cre;Ai14-402271,F,P55,VISp6a,719604099.0,SM-GE5TM_S127_E1-50,RSC-169,CS180626100048,Sst Rxfp1 Eya1,both,True,True,True,Sst,Sst,True,Sst
719637133,1346,PBS4_180713_501_A01,Sst Myh8 Etv1 ,36,#D6C300,Core,1.0,1346,1.0,both,True,402271.0,Sst-IRES-Cre;Ai14-402271,F,P55,VISl6a,719636918.0,SM-GE5TM_S128_E1-50,RSC-169,CS180626100037,Sst Myh8 Etv1 ,both,True,True,True,Sst,Sst,True,Sst
719683370,1347,PBS4_180713_502_A01,Sst Tac2 Tacstd2,46,#BF8219,I1,1.0,1347,1.0,both,True,402271.0,Sst-IRES-Cre;Ai14-402271,F,P55,VISp6a,719683147.0,SM-GE5TM_S129_E1-50,RSC-169,CS180626100047,Sst Tac2 Tacstd2,both,True,True,True,Sst,Sst,True,Sst
719918282,1348,PBS4_180713_506_A01,Pvalb Reln Itm2a,56,#E67A77,Core,1.0,1348,1.0,both,True,400429.0,Vipr2-IRES2-Cre;Pvalb-T2A-FlpO;Ai65-400429,M,P57,VISp5,719917991.0,SM-GE5TM_S133_E1-50,RSC-169,CS180626100058,Pvalb Reln Itm2a,both,True,True,True,Pvalb,Pvalb,True,Pvalb
719945075,1349,PBS4_180713_507_A01,Sst Calb2 Pdlim5,34,#CC6D3D,Core,1.0,1349,1.0,both,True,402271.0,Sst-IRES-Cre;Ai14-402271,F,P55,VISpm6a,719944982.0,SM-GE5TM_S134_E1-50,RSC-169,CS180626100035,Sst Calb2 Pdlim5,both,True,True,True,Sst,Sst,True,Sst
720163722,1350,P1S4_180713_002_A01,Pvalb Vipr2,59,#FF197F,Core,1.0,1350,1.0,both,True,400429.0,Vipr2-IRES2-Cre;Pvalb-T2A-FlpO;Ai65-400429,M,P57,VISl2/3,720163636.0,SM-GE5TM_S121_E1-50,RSC-169,CS180626100060,Pvalb Vipr2,both,True,True,True,Pvalb,Pvalb,True,Pvalb
720165746,1351,P1S4_180713_003_A01,Sst Hpse Cbln4,42,#806B19,Core,1.0,1351,1.0,both,True,402271.0,Sst-IRES-Cre;Ai14-402271,F,P55,VISpm4,720165599.0,SM-GE5TM_S122_E1-50,RSC-169,CS180626100043,Sst Hpse Cbln4,both,True,True,True,Sst,Sst,True,Sst
720170155,1352,P1S4_180713_005_A01,Sst Rxfp1 Prdm8,48,#802600,Core,1.0,1352,1.0,both,True,402271.0,Sst-IRES-Cre;Ai14-402271,F,P55,VISp6a,720170031.0,SM-GE5TM_S124_E1-50,RSC-169,CS180626100049,Sst Rxfp1 Prdm8,both,True,True,True,Sst,Sst,True,Sst
720173255,1353,P8S4_180716_351_A01,Sst Rxfp1 Prdm8,48,#802600,Core,1.0,1353,1.0,both,True,401243.0,Npr3-IRES2-Cre;Sst-IRES-FlpO;Ai65-401243,M,P57,VISp6a,720173078.0,SM-GE5TM_S145_E1-50,RSC-169,CS180626100049,Sst Rxfp1 Prdm8,both,True,True,True,Sst,Sst,True,Sst
720186469,1354,P8S4_180716_352_A01,Sst Esm1,45,#C11331,Core,1.0,1354,1.0,both,True,401243.0,Npr3-IRES2-Cre;Sst-IRES-FlpO;Ai65-401243,M,P57,VISp5,720186187.0,SM-GE5TM_S146_E1-50,RSC-169,CS180626100046,Sst Esm1,both,True,True,True,Sst,Sst,True,Sst
720207494,1355,P8S4_180716_353_A01,Sst Crh 4930553C11Rik ,44,#C77767,I1,1.0,1355,1.0,both,True,401243.0,Npr3-IRES2-Cre;Sst-IRES-FlpO;Ai65-401243,M,P57,VISp6a,720207264.0,SM-GE5TM_S147_E1-50,RSC-169,CS180626100045,Sst Crh 4930553C11Rik ,both,True,True,True,Sst,Sst,True,Sst
720223511,1356,PBS4_180716_501_A01,Sst Tac2 Tacstd2,46,#BF8219,Core,1.0,1356,1.0,both,True,401243.0,Npr3-IRES2-Cre;Sst-IRES-FlpO;Ai65-401243,M,P57,VISp6a,720223453.0,SM-GE5TM_S158_E1-50,RSC-169,CS180626100047,Sst Tac2 Tacstd2,both,True,True,True,Sst,Sst,True,Sst
720232438,1357,PBS4_180716_502_A01,Sst Rxfp1 Prdm8,48,#802600,Core,1.0,1357,1.0,both,True,401243.0,Npr3-IRES2-Cre;Sst-IRES-FlpO;Ai65-401243,M,P57,VISp6a,720232218.0,SM-GE5TM_S159_E1-50,RSC-169,CS180626100049,Sst Rxfp1 Prdm8,both,True,True,True,Sst,Sst,True,Sst
720269533,1358,P2S4_180716_052_A01,Sst Calb2 Pdlim5,34,#CC6D3D,I1,1.0,1358,1.0,both,True,401243.0,Npr3-IRES2-Cre;Sst-IRES-FlpO;Ai65-401243,M,P57,VISrl2/3,720269370.0,SM-GE5TM_S141_E1-50,RSC-169,CS180626100035,Sst Calb2 Pdlim5,both,True,True,True,Sst,Sst,True,Sst
720288904,1359,PBS4_180716_503_A01,Sst Hpse Sema3c,41,#BF9F00,Core,1.0,1359,1.0,both,True,401243.0,Npr3-IRES2-Cre;Sst-IRES-FlpO;Ai65-401243,M,P57,VISp5,720288746.0,SM-GE5TM_S160_E1-50,RSC-169,CS180626100042,Sst Hpse Sema3c,both,True,True,True,Sst,Sst,True,Sst
720308298,1360,P8S4_180716_354_A01,Sst Nts,49,#A81111,Core,1.0,1360,1.0,both,True,401243.0,Npr3-IRES2-Cre;Sst-IRES-FlpO;Ai65-401243,M,P57,VISp6a,720308189.0,SM-GE5TM_S148_E1-50,RSC-169,CS180626100050,Sst Nts,both,True,True,True,Sst,Sst,True,Sst
720310588,1361,P9S4_180716_401_A01,Pvalb Gpr149 Islr,55,#E62A5D,Core,1.0,1361,1.0,both,True,401609.0,Chrna2-Cre_OE25;Pvalb-T2A-FlpO;Ai65-401609,M,P54,VISpm5,720310509.0,SM-GE5TM_S154_E1-50,RSC-169,CS180626100056,Pvalb Gpr149 Islr,both,True,True,True,Pvalb,Pvalb,True,Pvalb
720313430,1362,P2S4_180716_053_A01,Pvalb Reln Itm2a,56,#E67A77,Core,1.0,1362,1.0,both,True,401559.0,Pvalb-IRES-Cre;Ai14-401559,M,P55,VISp4,720313387.0,SM-GE5TM_S142_E1-50,RSC-169,CS180626100058,Pvalb Reln Itm2a,both,True,True,True,Pvalb,Pvalb,True,Pvalb
720323976,1363,P2S4_180716_054_A01,Pvalb Reln Itm2a,56,#E67A77,Core,1.0,1363,1.0,both,True,401559.0,Pvalb-IRES-Cre;Ai14-401559,M,P55,VISp5,720323961.0,SM-GE5TM_S143_E1-50,RSC-169,CS180626100058,Pvalb Reln Itm2a,both,True,True,True,Pvalb,Pvalb,True,Pvalb
720352732,1364,P8S4_180716_358_A01,Sst Tac2 Myh4,40,#D9C566,I3,1.0,1364,1.0,both,True,401243.0,Npr3-IRES2-Cre;Sst-IRES-FlpO;Ai65-401243,M,P57,VISpm5,720352715.0,SM-GE5TM_S152_E1-50,RSC-169,CS180626100041,Sst Tac2 Myh4,both,True,True,True,Sst,Sst,True,Sst
720375475,1365,PAS4_180716_453_A01,Pvalb Tpbg,58,#AF3F64,Core,1.0,1365,1.0,both,True,402241.0,Pvalb-IRES-Cre;Ai14-402241,M,P52,VISp5,720375460.0,SM-GE5TM_S157_E1-50,RSC-169,CS180626100059,Pvalb Tpbg,both,True,True,True,Pvalb,Pvalb,True,Pvalb
720526714,1366,P9S4_180717_401_A01,Sst Myh8 Etv1 ,36,#D6C300,Core,1.0,1366,1.0,both,True,402666.0,Sst-IRES-Cre;Ai14-402666,M,P50,VISp4,720526503.0,SM-GE5TM_S176_E1-50,RSC-169,CS180626100037,Sst Myh8 Etv1 ,both,True,True,True,Sst,Sst,True,Sst
720529759,1367,P8S4_180717_351_A01,Sst Chodl,29,#FFFF00,Core,1.0,1367,1.0,both,True,402666.0,Sst-IRES-Cre;Ai14-402666,M,P50,VISp5,720529359.0,SM-GE5TM_S170_E1-50,RSC-169,CS180626100030,Sst Chodl,both,True,True,True,Sst,Sst,True,Sst
720545325,1368,P2S4_180717_051_A01,Sst Crhr2 Efemp1,43,#B95541,Core,1.0,1368,1.0,both,True,402666.0,Sst-IRES-Cre;Ai14-402666,M,P50,VISpm5,720545115.0,SM-GE5TM_S163_E1-50,RSC-169,CS180626100044,Sst Crhr2 Efemp1,both,True,True,True,Sst,Sst,True,Sst
720548007,1369,P8S4_180717_352_A01,Sst Tac2 Tacstd2,46,#BF8219,I2,1.0,1369,1.0,both,True,402666.0,Sst-IRES-Cre;Ai14-402666,M,P50,VISp6a,720547614.0,SM-GE5TM_S171_E1-50,RSC-169,CS180626100047,Sst Tac2 Tacstd2,both,True,True,True,Sst,Sst,True,Sst
720579946,1370,P8S4_180717_353_A01,Sst Calb2 Necab1,33,#BF480D,I3,1.0,1370,1.0,both,True,402666.0,Sst-IRES-Cre;Ai14-402666,M,P50,VISp6a,720579592.0,SM-GE5TM_S172_E1-50,RSC-169,CS180626100033,Sst Tac1 Tacr3,both,True,True,False,Sst,Sst,True,Sst
720580383,1371,P2S4_180717_052_A01,Sst Hpse Cbln4,42,#806B19,Core,1.0,1371,1.0,both,True,402666.0,Sst-IRES-Cre;Ai14-402666,M,P50,VISp5,720580116.0,SM-GE5TM_S164_E1-50,RSC-169,CS180626100043,Sst Hpse Cbln4,both,True,True,True,Sst,Sst,True,Sst
720598581,1372,PAS4_180717_451_A01,Sst Rxfp1 Prdm8,48,#802600,Core,1.0,1372,1.0,both,True,402666.0,Sst-IRES-Cre;Ai14-402666,M,P50,VISp6a,720598458.0,SM-GE5TO_S139_E1-50,RSC-169,CS180626100049,Sst Rxfp1 Prdm8,both,True,True,True,Sst,Sst,True,Sst
720622139,1373,P2S4_180717_053_A01,Sst Tac2 Tacstd2,46,#BF8219,Core,1.0,1373,1.0,both,True,402666.0,Sst-IRES-Cre;Ai14-402666,M,P50,VISp6a,720621876.0,SM-GE5TM_S165_E1-50,RSC-169,CS180626100047,Sst Tac2 Tacstd2,both,True,True,True,Sst,Sst,True,Sst
720658177,1374,P2S4_180717_054_A01,Sst Nr2f2 Necab1,35,#FFDF11,I2,1.0,1374,1.0,both,True,402666.0,Sst-IRES-Cre;Ai14-402666,M,P50,VISp5,720658016.0,SM-GE5TM_S166_E1-50,RSC-169,CS180626100036,Sst Nr2f2 Necab1,both,True,True,True,Sst,Sst,True,Sst
720678722,1375,P8S4_180717_354_A01,Sst Crhr2 Efemp1,43,#B95541,Core,1.0,1375,1.0,both,True,402666.0,Sst-IRES-Cre;Ai14-402666,M,P50,VISp6a,720678631.0,SM-GE5TM_S173_E1-50,RSC-169,CS180626100044,Sst Crhr2 Efemp1,both,True,True,True,Sst,Sst,True,Sst
720681717,1376,PBS4_180717_501_A01,Pvalb Sema3e Kank4,54,#C94545,Core,1.0,1376,1.0,both,True,402666.0,Sst-IRES-Cre;Ai14-402666,M,P50,VISp5,720681598.0,SM-GE5TO_S141_E1-50,RSC-169,CS180626100055,Pvalb Sema3e Kank4,both,True,True,True,Pvalb,Pvalb,True,Pvalb
720682831,1377,P9S4_180717_405_A01,Pvalb Tpbg,58,#AF3F64,I2,1.0,1377,1.0,both,True,400485.0,Pvalb-T2A-CreERT2;Ai14-400485,M,P60,VISp4,720682791.0,SM-GE5TM_S187_E1-50,RSC-169,CS180626100059,Pvalb Tpbg,both,True,True,True,Pvalb,Pvalb,True,Pvalb
720684671,1378,P8S4_180717_355_A01,Sst Esm1,45,#C11331,Core,1.0,1378,1.0,both,True,402666.0,Sst-IRES-Cre;Ai14-402666,M,P50,VISp6a,720684415.0,SM-GE5TM_S174_E1-50,RSC-169,CS180626100046,Sst Esm1,both,True,True,True,Sst,Sst,True,Sst
720692608,1379,P9S4_180717_406_A01,Pvalb Reln Itm2a,56,#E67A77,I1,1.0,1379,1.0,both,True,400485.0,Pvalb-T2A-CreERT2;Ai14-400485,M,P60,VISp4,720692499.0,SM-GE5TM_S188_E1-50,RSC-169,CS180626100058,Pvalb Reln Itm2a,both,True,True,True,Pvalb,Pvalb,True,Pvalb
720692646,1380,P8S4_180717_356_A01,Sst Hpse Cbln4,42,#806B19,Core,1.0,1380,1.0,both,True,402666.0,Sst-IRES-Cre;Ai14-402666,M,P50,VISpm5,720692631.0,SM-GE5TM_S175_E1-50,RSC-169,CS180626100043,Sst Hpse Cbln4,both,True,True,True,Sst,Sst,True,Sst
720695149,1381,PBS4_180717_503_A01,Sst Hpse Cbln4,42,#806B19,I2,1.0,1381,1.0,both,True,402666.0,Sst-IRES-Cre;Ai14-402666,M,P50,VISp5,720694978.0,SM-GE5TO_S143_E1-50,RSC-169,CS180626100043,Sst Hpse Cbln4,both,True,True,True,Sst,Sst,True,Sst
720722317,1382,P9S4_180717_407_A01,Pvalb Tpbg,58,#AF3F64,Core,1.0,1382,1.0,both,True,400485.0,Pvalb-T2A-CreERT2;Ai14-400485,M,P60,VISpm2/3,720722179.0,SM-GE5TM_S189_E1-50,RSC-169,CS180626100059,Pvalb Tpbg,both,True,True,True,Pvalb,Pvalb,True,Pvalb
720725635,1383,PBS4_180717_504_A01,Pvalb Reln Itm2a,56,#E67A77,Core,1.0,1383,1.0,both,True,402666.0,Sst-IRES-Cre;Ai14-402666,M,P50,VISp4,720725485.0,SM-GE5TO_S144_E1-50,RSC-169,CS180626100058,Pvalb Reln Itm2a,both,True,True,True,Pvalb,Pvalb,True,Pvalb
720734428,1384,P2S4_180717_056_A01,Pvalb Tpbg,58,#AF3F64,Core,1.0,1384,1.0,both,True,400485.0,Pvalb-T2A-CreERT2;Ai14-400485,M,P60,VISp2/3,720734277.0,SM-GE5TM_S168_E1-50,RSC-169,CS180626100059,Pvalb Tpbg,both,True,True,True,Pvalb,Pvalb,True,Pvalb
720745045,1385,PAS4_180717_452_A01,Pvalb Reln Itm2a,56,#E67A77,Core,1.0,1385,1.0,both,True,401561.0,Pvalb-IRES-Cre;Ai14-401561,F,P56,VISp5,720744929.0,SM-GE5TM_S190_E1-50,RSC-169,CS180626100058,Pvalb Reln Itm2a,both,True,True,True,Pvalb,Pvalb,True,Pvalb
720754651,1386,PBS4_180717_506_A01,Sst Hpse Sema3c,41,#BF9F00,I1,1.0,1386,1.0,both,True,402666.0,Sst-IRES-Cre;Ai14-402666,M,P50,VISp5,720754543.0,SM-GE5TO_S146_E1-50,RSC-169,CS180626100042,Sst Hpse Sema3c,both,True,True,True,Sst,Sst,True,Sst
721693943,1387,PBS4_180718_503_A01,Pvalb Reln Itm2a,56,#E67A77,Core,1.0,1387,1.0,both,True,402245.0,Pvalb-IRES-Cre;Ai14-402245,F,P54,VISpm4,721693921.0,SM-GE5TO_S168_E1-50,RSC-169,CS180626100058,Pvalb Reln Itm2a,both,True,True,True,Pvalb,Pvalb,True,Pvalb
722771889,1388,P8S4_180720_351_A01,Sst Calb2 Pdlim5,34,#CC6D3D,I1,1.0,1388,1.0,both,True,402667.0,Sst-IRES-Cre;Ai14-402667,F,P53,VISp5,722771659.0,SM-GE5TO_S181_E1-50,RSC-169,CS180626100035,Sst Calb2 Pdlim5,both,True,True,True,Sst,Sst,True,Sst
722795299,1389,P8S4_180720_352_A01,Sst Crhr2 Efemp1,43,#B95541,Core,1.0,1389,1.0,both,True,402667.0,Sst-IRES-Cre;Ai14-402667,F,P53,VISp6a,722795106.0,SM-GE5TO_S182_E1-50,RSC-169,CS180626100044,Sst Crhr2 Efemp1,both,True,True,True,Sst,Sst,True,Sst
722821387,1390,P8S4_180720_353_A01,Sst Calb2 Pdlim5,34,#CC6D3D,Core,1.0,1390,1.0,both,True,402667.0,Sst-IRES-Cre;Ai14-402667,F,P53,VISpm2/3,722821070.0,SM-GE5TS_S097_E1-50,RSC-169,CS180626100035,Sst Calb2 Pdlim5,both,True,True,True,Sst,Sst,True,Sst
722821551,1391,P9S4_180720_403_A01,Sst Tac2 Tacstd2,46,#BF8219,Core,1.0,1391,1.0,both,True,402667.0,Sst-IRES-Cre;Ai14-402667,F,P53,VISp6a,722821441.0,SM-GE5TS_S100_E1-50,RSC-169,CS180626100047,Sst Tac2 Tacstd2,both,True,True,True,Sst,Sst,True,Sst
722831890,1392,PBS4_180720_504_A01,Sst Mme Fam114a1,30,#FFBB33,I1,1.0,1392,1.0,both,True,402667.0,Sst-IRES-Cre;Ai14-402667,F,P53,VISp5,722831727.0,SM-GE5TS_S104_E1-50,RSC-169,CS180626100031,Sst Mme Fam114a1,both,True,True,True,Sst,Sst,True,Sst
722883706,1393,P2S4_180720_051_A01,Sst Hpse Cbln4,42,#806B19,Core,1.0,1393,1.0,both,True,402667.0,Sst-IRES-Cre;Ai14-402667,F,P53,VISp5,722883691.0,SM-GE5TO_S178_E1-50,RSC-169,CS180626100043,Sst Hpse Cbln4,both,True,True,True,Sst,Sst,True,Sst
722891560,1394,P2S4_180720_053_A01,Pvalb Reln Tac1,57,#D6221D,I2,1.0,1394,1.0,both,True,402247.0,Pvalb-IRES-Cre;Ai14-402247,F,P56,VISp5,722891543.0,SM-GE5TO_S180_E1-50,RSC-169,CS180626100057,Pvalb Reln Tac1,both,True,True,True,Pvalb,Pvalb,True,Pvalb
722895311,1395,P8S4_180720_355_A01,Pvalb Sema3e Kank4,54,#C94545,I1,1.0,1395,1.0,both,True,402247.0,Pvalb-IRES-Cre;Ai14-402247,F,P56,VISp6a,722895264.0,SM-GE5TO_S184_E1-50,RSC-169,CS180626100055,Pvalb Sema3e Kank4,both,True,True,True,Pvalb,Pvalb,True,Pvalb
722931053,1396,PAS4_180720_455_A01,Pvalb Reln Itm2a,56,#E67A77,I2,1.0,1396,1.0,both,True,402247.0,Pvalb-IRES-Cre;Ai14-402247,F,P56,VISl2/3,722930841.0,SM-GE5TO_S187_E1-50,RSC-169,CS180626100059,Pvalb Tpbg,both,True,True,False,Pvalb,Pvalb,True,Pvalb
723478039,1397,P9S4_180723_402_A01,Vip Pygm C1ql1,25,#BD3D9A,Core,1.0,1397,1.0,both,True,403529.0,Vip-IRES-Cre;Npy-IRES2-FlpO;Ai65-403529,M,P52,VISp4,723477759.0,SM-GE5TS_S127_E1-50,RSC-169,CS180626100026,Vip Pygm C1ql1,both,True,True,True,Vip,Vip,True,Vip
723597336,1398,PAS4_180723_453_A01,Pvalb Sema3e Kank4,54,#C94545,Core,1.0,1398,1.0,both,True,402243.0,Pvalb-IRES-Cre;Ai14-402243,F,P59,VISp6a,723597208.0,SM-GE5TS_S138_E1-50,RSC-169,CS180626100055,Pvalb Sema3e Kank4,both,True,True,True,Pvalb,Pvalb,True,Pvalb
723600587,1399,P1S4_180723_001_A01,Vip Pygm C1ql1,25,#BD3D9A,Core,1.0,1399,1.0,both,True,403529.0,Vip-IRES-Cre;Npy-IRES2-FlpO;Ai65-403529,M,P52,VISp2/3,723600437.0,SM-GE5TS_S109_E1-50,RSC-169,CS180626100026,Vip Pygm C1ql1,both,True,True,True,Vip,Vip,True,Vip
723612109,1400,P9S4_180723_403_A01,Sst Tac2 Tacstd2,46,#BF8219,I2,1.0,1400,1.0,both,True,402909.0,Npr3-IRES2-Cre;Sst-IRES-FlpO;Ai65-402909,F,P55,VISp6a,723611854.0,SM-GE5TS_S128_E1-50,RSC-169,CS180626100047,Sst Tac2 Tacstd2,both,True,True,True,Sst,Sst,True,Sst
723632259,1401,P9S4_180723_404_A01,Sst Tac2 Tacstd2,46,#BF8219,Core,1.0,1401,1.0,both,True,402909.0,Npr3-IRES2-Cre;Sst-IRES-FlpO;Ai65-402909,F,P55,VISp5,723632114.0,SM-GE5TS_S129_E1-50,RSC-169,CS180626100047,Sst Tac2 Tacstd2,both,True,True,True,Sst,Sst,True,Sst
723719530,1402,P9S4_180723_407_A01,Sst Rxfp1 Prdm8,48,#802600,I2,1.0,1402,1.0,both,True,402909.0,Npr3-IRES2-Cre;Sst-IRES-FlpO;Ai65-402909,F,P55,VISpm6a,723719381.0,SM-GE5TS_S132_E1-50,RSC-169,CS180626100049,Sst Rxfp1 Prdm8,both,True,True,True,Sst,Sst,True,Sst
723731306,1403,P2S4_180723_054_A01,Sst Rxfp1 Prdm8,48,#802600,I1,1.0,1403,1.0,both,True,402909.0,Npr3-IRES2-Cre;Sst-IRES-FlpO;Ai65-402909,F,P55,VISp5,723731213.0,SM-GE5TS_S122_E1-50,RSC-169,CS180626100049,Sst Rxfp1 Prdm8,both,True,True,True,Sst,Sst,True,Sst
723750537,1404,P2S4_180723_056_A01,Sst Crhr2 Efemp1,43,#B95541,I2,1.0,1404,1.0,both,True,402909.0,Npr3-IRES2-Cre;Sst-IRES-FlpO;Ai65-402909,F,P55,VISp5,723750456.0,SM-GE5TS_S124_E1-50,RSC-169,CS180626100041,Sst Tac2 Myh4,both,True,True,False,Sst,Sst,True,Sst
723754537,1405,P2S4_180723_057_A01,Sst Crhr2 Efemp1,43,#B95541,Core,1.0,1405,1.0,both,True,402909.0,Npr3-IRES2-Cre;Sst-IRES-FlpO;Ai65-402909,F,P55,VISp5,723754519.0,SM-GE5TS_S125_E1-50,RSC-169,CS180626100044,Sst Crhr2 Efemp1,both,True,True,True,Sst,Sst,True,Sst
723947788,1406,P9S4_180723_405_A01,Sst Hpse Cbln4,42,#806B19,I1,1.0,1406,1.0,both,True,402909.0,Npr3-IRES2-Cre;Sst-IRES-FlpO;Ai65-402909,F,P55,VISp5,723947617.0,SM-GE5TS_S130_E1-50,RSC-169,CS180626100043,Sst Hpse Cbln4,both,True,True,True,Sst,Sst,True,Sst
723964904,1407,P9S4_180723_409_A01,Sst Crhr2 Efemp1,43,#B95541,Core,1.0,1407,1.0,both,True,402909.0,Npr3-IRES2-Cre;Sst-IRES-FlpO;Ai65-402909,F,P55,VISp6a,723964763.0,SM-GE5TS_S134_E1-50,RSC-169,CS180626100044,Sst Crhr2 Efemp1,both,True,True,True,Sst,Sst,True,Sst
723967761,1408,P9S4_180724_401_A01,Vip Lmo1 Fam159b,15,#756FB3,I1,1.0,1408,1.0,both,True,403931.0,Vip-IRES-Cre;Ai14-403931,F,P51,VISpm4,723967536.0,SM-GE5TS_S146_E1-50,RSC-169,CS180626100019,Vip Lmo1 Fam159b,both,True,True,True,Vip,Vip,True,Vip
723968079,1409,P9S4_180723_410_A01,Sst Hpse Sema3c,41,#BF9F00,Core,1.0,1409,1.0,both,True,402909.0,Npr3-IRES2-Cre;Sst-IRES-FlpO;Ai65-402909,F,P55,VISpm5,723967860.0,SM-GE5TS_S135_E1-50,RSC-169,CS180626100042,Sst Hpse Sema3c,both,True,True,True,Sst,Sst,True,Sst
724023692,1410,P9S4_180724_403_A01,Vip Gpc3 Slc18a3,19,#B09FFF,Core,1.0,1410,1.0,both,True,403931.0,Vip-IRES-Cre;Ai14-403931,F,P51,VISp5,724023456.0,SM-GE5TS_S148_E1-50,RSC-169,CS180626100018,Vip Gpc3 Slc18a3,both,True,True,True,Vip,Vip,True,Vip
724161376,1411,P9S4_180724_405_A01,Sst Tac2 Tacstd2,46,#BF8219,Core,1.0,1411,1.0,both,True,402758.0,Chrna2-Cre_OE25;Sst-IRES-FlpO;Ai65-402758,F,P56,VISp6a,724161360.0,SM-GE5TS_S150_E1-50,RSC-169,CS180626100047,Sst Tac2 Tacstd2,both,True,True,True,Sst,Sst,True,Sst
724162025,1412,P9S4_180724_406_A01,Sst Myh8 Etv1 ,36,#D6C300,I2,1.0,1412,1.0,both,True,402758.0,Chrna2-Cre_OE25;Sst-IRES-FlpO;Ai65-402758,F,P56,VISp5,724162007.0,SM-GE5TS_S151_E1-50,RSC-169,CS180626100039,Sst Chrna2 Glra3,both,True,True,False,Sst,Sst,True,Sst
724173929,1413,P9S4_180724_407_A01,Sst Esm1,45,#C11331,Core,1.0,1413,1.0,both,True,402758.0,Chrna2-Cre_OE25;Sst-IRES-FlpO;Ai65-402758,F,P56,VISp6a,724173849.0,SM-GE5TS_S152_E1-50,RSC-169,CS180626100046,Sst Esm1,both,True,True,True,Sst,Sst,True,Sst
724191966,1414,P9S4_180724_411_A01,Lamp5 Plch2 Dock5,4,#FF7290,Core,1.0,1414,1.0,both,True,403559.0,Gad2-IRES-Cre;Ai14-403559,M,P53,VISp1,724191951.0,SM-GE5TS_S156_E1-50,RSC-169,CS180626100005,Lamp5 Plch2 Dock5,both,True,True,True,Lamp5,Lamp5,True,Lamp5
724193531,1415,P2S4_180724_052_A01,Sst Esm1,45,#C11331,I2,1.0,1415,1.0,both,True,402758.0,Chrna2-Cre_OE25;Sst-IRES-FlpO;Ai65-402758,F,P56,VISp5,724193515.0,SM-GE5TS_S144_E1-50,RSC-169,CS180626100046,Sst Esm1,both,True,True,True,Sst,Sst,True,Sst
724583974,1416,P2S4_180725_051_A01,Sst Mme Fam114a1,30,#FFBB33,Core,1.0,1416,1.0,both,True,403169.0,Calb2-IRES-Cre;Sst-IRES-FlpO;Ai65-403169,M,P55,VISp5,724583668.0,SM-GE5TS_S174_E1-50,RSC-169,CS180626100031,Sst Mme Fam114a1,both,True,True,True,Sst,Sst,True,Sst
724603706,1417,PAS4_180725_452_A01,Sst Tac1 Htr1d,31,#804811,I3,1.0,1417,1.0,both,True,403169.0,Calb2-IRES-Cre;Sst-IRES-FlpO;Ai65-403169,M,P55,VISp5,724603547.0,SM-GE5TS_S187_E1-50,RSC-169,CS180626100032,Sst Tac1 Htr1d,both,True,True,True,Sst,Sst,True,Sst
724633921,1418,P2S4_180725_052_A01,Sst Calb2 Pdlim5,34,#CC6D3D,Core,1.0,1418,1.0,both,True,403169.0,Calb2-IRES-Cre;Sst-IRES-FlpO;Ai65-403169,M,P55,VISp5,724633658.0,SM-GE5TS_S175_E1-50,RSC-169,CS180626100035,Sst Calb2 Pdlim5,both,True,True,True,Sst,Sst,True,Sst
724634038,1419,PAS4_180725_453_A01,Sst Calb2 Necab1,33,#BF480D,I2,1.0,1419,1.0,both,True,403169.0,Calb2-IRES-Cre;Sst-IRES-FlpO;Ai65-403169,M,P55,VISp5,724633963.0,SM-GE5TS_S188_E1-50,RSC-169,CS180626100035,Sst Calb2 Pdlim5,both,True,True,False,Sst,Sst,True,Sst
724655827,1420,PBS4_180725_502_A01,Sst Calb2 Pdlim5,34,#CC6D3D,I1,1.0,1420,1.0,both,True,403169.0,Calb2-IRES-Cre;Sst-IRES-FlpO;Ai65-403169,M,P55,VISp4,724655750.0,SM-GE5TS_S192_E1-50,RSC-169,CS180626100035,Sst Calb2 Pdlim5,both,True,True,True,Sst,Sst,True,Sst
724670298,1421,P2S4_180725_053_A01,Sst Rxfp1 Eya1,47,#994C00,Core,1.0,1421,1.0,both,True,403169.0,Calb2-IRES-Cre;Sst-IRES-FlpO;Ai65-403169,M,P55,VISp6a,724670068.0,SM-GE5TS_S176_E1-50,RSC-169,CS180626100048,Sst Rxfp1 Eya1,both,True,True,True,Sst,Sst,True,Sst
724701355,1422,PAS4_180725_454_A01,Sst Crh 4930553C11Rik ,44,#C77767,I2,1.0,1422,1.0,both,True,403169.0,Calb2-IRES-Cre;Sst-IRES-FlpO;Ai65-403169,M,P55,VISp6a,724701307.0,SM-GE5TS_S189_E1-50,RSC-169,CS180626100045,Sst Crh 4930553C11Rik ,both,True,True,True,Sst,Sst,True,Sst
724744790,1423,P9S4_180725_402_A01,Lamp5 Plch2 Dock5,4,#FF7290,Core,1.0,1423,1.0,both,True,403560.0,Gad2-IRES-Cre;Ai14-403560,F,P54,VISp1,724744629.0,SM-GE5TS_S179_E1-50,RSC-169,CS180626100005,Lamp5 Plch2 Dock5,both,True,True,True,Lamp5,Lamp5,True,Lamp5
724756081,1424,P9S4_180725_403_A01,Lamp5 Plch2 Dock5,4,#FF7290,Core,1.0,1424,1.0,both,True,403560.0,Gad2-IRES-Cre;Ai14-403560,F,P54,VISp2/3,724756064.0,SM-GE5TS_S180_E1-50,RSC-169,CS180626100005,Lamp5 Plch2 Dock5,both,True,True,True,Lamp5,Lamp5,True,Lamp5
724770442,1425,P9S4_180725_404_A01,Lamp5 Fam19a1 Tmem182,2,#FFB8CE,I1,1.0,1425,1.0,both,True,403560.0,Gad2-IRES-Cre;Ai14-403560,F,P54,VISp2/3,724770167.0,SM-GE5TS_S181_E1-50,RSC-169,CS180626100003,Lamp5 Fam19a1 Tmem182,both,True,True,True,Lamp5,Lamp5,True,Lamp5
724775364,1426,PBS4_180725_503_A01,Sst Hpse Sema3c,41,#BF9F00,Core,1.0,1426,1.0,both,True,404366.0,Sst-IRES-Cre;Ai14-404366,M,P50,VISp5,724775299.0,SM-GE8YZ_S145_E1-50,RSC-170,CS180626100042,Sst Hpse Sema3c,both,True,True,True,Sst,Sst,True,Sst
724775685,1427,P1S4_180725_004_A01,Sst Hpse Sema3c,41,#BF9F00,Core,1.0,1427,1.0,both,True,403276.0,Pdyn-T2A-CreERT2;Ai14-403276,F,P55,VISp5,724775413.0,SM-GE5TS_S173_E1-50,RSC-169,CS180626100042,Sst Hpse Sema3c,both,True,True,True,Sst,Sst,True,Sst
724790044,1428,PBS4_180725_504_A01,Sst Tac2 Tacstd2,46,#BF8219,Core,1.0,1428,1.0,both,True,404366.0,Sst-IRES-Cre;Ai14-404366,M,P50,VISp5,724789946.0,SM-GE8YZ_S146_E1-50,RSC-170,CS180626100047,Sst Tac2 Tacstd2,both,True,True,True,Sst,Sst,True,Sst
724790111,1429,P9S4_180725_405_A01,Pvalb Calb1 Sst,52,#BC2B11,I1,1.0,1429,1.0,both,True,403560.0,Gad2-IRES-Cre;Ai14-403560,F,P54,VISp6b,724790070.0,SM-GE5TS_S182_E1-50,RSC-169,CS180626100054,Pvalb Calb1 Sst,both,True,True,True,Pvalb,Pvalb,True,Pvalb
724799969,1430,P9S4_180725_406_A01,Lamp5 Lhx6,6,#C77963,Core,1.0,1430,1.0,both,True,403560.0,Gad2-IRES-Cre;Ai14-403560,F,P54,VISp5,724799951.0,SM-GE5TS_S183_E1-50,RSC-169,CS180626100007,Lamp5 Lhx6,both,True,True,True,Lamp5,Lamp5,True,Lamp5
724802323,1431,P9S4_180725_407_A01,Lamp5 Plch2 Dock5,4,#FF7290,Core,1.0,1431,1.0,both,True,403560.0,Gad2-IRES-Cre;Ai14-403560,F,P54,VISp1,724802308.0,SM-GE5TS_S184_E1-50,RSC-169,CS180626100005,Lamp5 Plch2 Dock5,both,True,True,True,Lamp5,Lamp5,True,Lamp5
724802621,1432,PAS4_180725_455_A01,Sst Rxfp1 Eya1,47,#994C00,Core,1.0,1432,1.0,both,True,403169.0,Calb2-IRES-Cre;Sst-IRES-FlpO;Ai65-403169,M,P55,VISp4,724802605.0,SM-GE5TS_S190_E1-50,RSC-169,CS180626100048,Sst Rxfp1 Eya1,both,True,True,True,Sst,Sst,True,Sst
724805528,1433,P9S4_180725_408_A01,Sst Crhr2 Efemp1,43,#B95541,Core,1.0,1433,1.0,both,True,403560.0,Gad2-IRES-Cre;Ai14-403560,F,P54,VISp5,724805503.0,SM-GE5TS_S185_E1-50,RSC-169,CS180626100044,Sst Crhr2 Efemp1,both,True,True,True,Sst,Sst,True,Sst
724810448,1434,PBS4_180725_506_A01,Sst Calb2 Pdlim5,34,#CC6D3D,I1,1.0,1434,1.0,both,True,403169.0,Calb2-IRES-Cre;Sst-IRES-FlpO;Ai65-403169,M,P55,VISp2/3,724810432.0,SM-GE8YZ_S148_E1-50,RSC-170,CS180626100035,Sst Calb2 Pdlim5,both,True,True,True,Sst,Sst,True,Sst
724811326,1435,PBS4_180725_508_A01,Sst Crhr2 Efemp1,43,#B95541,I2,1.0,1435,1.0,both,True,403560.0,Gad2-IRES-Cre;Ai14-403560,F,P54,VISp6a,724811311.0,SM-GE8YZ_S150_E1-50,RSC-170,CS180626100031,Sst Mme Fam114a1,both,True,True,False,Sst,Sst,True,Sst
724811831,1436,PBS4_180725_509_A01,Pvalb Sema3e Kank4,54,#C94545,Core,1.0,1436,1.0,both,True,403560.0,Gad2-IRES-Cre;Ai14-403560,F,P54,VISp6a,724811816.0,SM-GE8YZ_S151_E1-50,RSC-170,CS180626100055,Pvalb Sema3e Kank4,both,True,True,True,Pvalb,Pvalb,True,Pvalb
724812900,1437,PBS4_180725_510_A01,Lamp5 Lsp1,5,#FFA388,I2,1.0,1437,1.0,both,True,403560.0,Gad2-IRES-Cre;Ai14-403560,F,P54,VISp2/3,724812884.0,SM-GE8YZ_S152_E1-50,RSC-170,CS180626100006,Lamp5 Lsp1,both,True,True,True,Lamp5,Lamp5,True,Lamp5
724814013,1438,PBS4_180725_511_A01,Pvalb Sema3e Kank4,54,#C94545,I2,1.0,1438,1.0,both,True,403560.0,Gad2-IRES-Cre;Ai14-403560,F,P54,VISp6a,724813998.0,SM-GE8YZ_S153_E1-50,RSC-170,CS180626100057,Pvalb Reln Tac1,both,True,True,False,Pvalb,Pvalb,True,Pvalb
726081520,1439,P9S4_180727_401_A01,Vip Crispld2 Kcne4,27,#AD589A,Core,1.0,1439,1.0,both,True,403443.0,Cck-IRES-Cre;Vip-IRES-FlpO;Ai65-403443,F,P56,VISp2/3,726081306.0,SM-GE8YZ_S154_E1-50,RSC-170,CS180626100028,Vip Crispld2 Kcne4,both,True,True,True,Vip,Vip,True,Vip
726138342,1440,PAS4_180727_452_A01,Vip Chat Htr1f,24,#FF4DC1,I2,1.0,1440,1.0,both,True,403443.0,Cck-IRES-Cre;Vip-IRES-FlpO;Ai65-403443,F,P56,VISp2/3,726138179.0,SM-GE8YZ_S162_E1-50,RSC-170,CS180626100025,Vip Chat Htr1f,both,True,True,True,Vip,Vip,True,Vip
726156251,1441,P9S4_180727_402_A01,Lamp5 Lsp1,5,#FFA388,I1,1.0,1441,1.0,both,True,404479.0,Ndnf-IRES2-dgCre;Slc32a1-IRES2-FlpO;Ai65-404479,M,P54,VISpm1,726155912.0,SM-GE8YZ_S155_E1-50,RSC-170,CS180626100006,Lamp5 Lsp1,both,True,True,True,Lamp5,Lamp5,True,Lamp5
726192665,1442,P9S4_180727_403_A01,Lamp5 Ntn1 Npy2r,3,#DD6091,Core,1.0,1442,1.0,both,True,404479.0,Ndnf-IRES2-dgCre;Slc32a1-IRES2-FlpO;Ai65-404479,M,P54,VISp1,726192384.0,SM-GE8YZ_S156_E1-50,RSC-170,CS180626100004,Lamp5 Ntn1 Npy2r,both,True,True,True,Lamp5,Lamp5,True,Lamp5
726231894,1443,PBS4_180727_505_A01,Sst Myh8 Etv1 ,36,#D6C300,Core,1.0,1443,1.0,both,True,404370.0,Sst-IRES-Cre;Ai14-404370,M,P52,VISp6a,726231735.0,SM-GE8YZ_S167_E1-50,RSC-170,CS180626100037,Sst Myh8 Etv1 ,both,True,True,True,Sst,Sst,True,Sst
726300728,1444,PBS4_180727_507_A01,Sst Rxfp1 Prdm8,48,#802600,Core,1.0,1444,1.0,both,True,404370.0,Sst-IRES-Cre;Ai14-404370,M,P52,VISp6a,726300400.0,SM-GE8YZ_S169_E1-50,RSC-170,CS180626100049,Sst Rxfp1 Prdm8,both,True,True,True,Sst,Sst,True,Sst
726339406,1445,PBS4_180727_509_A01,Sst Calb2 Pdlim5,34,#CC6D3D,Core,1.0,1445,1.0,both,True,404370.0,Sst-IRES-Cre;Ai14-404370,M,P52,VISp5,726339354.0,SM-GE8YZ_S171_E1-50,RSC-170,CS180626100035,Sst Calb2 Pdlim5,both,True,True,True,Sst,Sst,True,Sst
726357324,1446,P9S4_180727_407_A01,Sst Myh8 Fibin,38,#FF8011,I1,1.0,1446,1.0,both,True,404370.0,Sst-IRES-Cre;Ai14-404370,M,P52,VISp5,726357241.0,SM-GE8YZ_S160_E1-50,RSC-170,CS180626100038,Sst Myh8 Fibin,both,True,True,True,Sst,Sst,True,Sst
726357452,1447,PBS4_180727_510_A01,Pvalb Calb1 Sst,52,#BC2B11,I1,1.0,1447,1.0,both,True,404370.0,Sst-IRES-Cre;Ai14-404370,M,P52,VISl5,726357341.0,SM-GE8YZ_S172_E1-50,RSC-170,CS180626100054,Pvalb Calb1 Sst,both,True,True,True,Pvalb,Pvalb,True,Pvalb
726375516,1448,PBS4_180727_511_A01,Sst Crhr2 Efemp1,43,#B95541,Core,1.0,1448,1.0,both,True,404370.0,Sst-IRES-Cre;Ai14-404370,M,P52,VISl6a,726375440.0,SM-GE8YZ_S173_E1-50,RSC-170,CS180626100044,Sst Crhr2 Efemp1,both,True,True,True,Sst,Sst,True,Sst
726950294,1449,P9S4_180730_402_A01,Sst Esm1,45,#C11331,Core,1.0,1449,1.0,both,True,404371.0,Sst-IRES-Cre;Ai14-404371,M,P55,VISp6a,726950007.0,SM-GE8YZ_S188_E1-50,RSC-170,CS180626100046,Sst Esm1,both,True,True,True,Sst,Sst,True,Sst
726974014,1450,P9S4_180730_403_A01,Pvalb Calb1 Sst,52,#BC2B11,Core,1.0,1450,1.0,both,True,404371.0,Sst-IRES-Cre;Ai14-404371,M,P55,VISp5,726973773.0,SM-GE8YZ_S189_E1-50,RSC-170,CS180626100054,Pvalb Calb1 Sst,both,True,True,True,Pvalb,Pvalb,True,Pvalb
726981718,1451,PBS4_180730_501_A01,Pvalb Sema3e Kank4,54,#C94545,I2,1.0,1451,1.0,both,True,404371.0,Sst-IRES-Cre;Ai14-404371,M,P55,VISp6a,726981295.0,SM-GE8YR_S162_E1-50,RSC-171,CS180626100055,Pvalb Sema3e Kank4,both,True,True,True,Pvalb,Pvalb,True,Pvalb
726982093,1452,P1S4_180730_002_A01,Sst Rxfp1 Eya1,47,#994C00,Core,1.0,1452,1.0,both,True,404371.0,Sst-IRES-Cre;Ai14-404371,M,P55,VISp6a,726981862.0,SM-GE8YZ_S175_E1-50,RSC-170,CS180626100048,Sst Rxfp1 Eya1,both,True,True,True,Sst,Sst,True,Sst
726996635,1453,PAS4_180730_451_A01,Pvalb Th Sst,51,#FF2F7E,Core,1.0,1453,1.0,both,True,404371.0,Sst-IRES-Cre;Ai14-404371,M,P55,VISp6a,726996446.0,SM-GE8YR_S157_E1-50,RSC-171,CS180626100052,Pvalb Th Sst,both,True,True,True,Pvalb,Pvalb,True,Pvalb
726997146,1454,P2S4_180730_051_A01,Pvalb Sema3e Kank4,54,#C94545,I1,1.0,1454,1.0,both,True,404371.0,Sst-IRES-Cre;Ai14-404371,M,P55,VISp6a,726996788.0,SM-GE8YZ_S179_E1-50,RSC-170,CS180626100055,Pvalb Sema3e Kank4,both,True,True,True,Pvalb,Pvalb,True,Pvalb
727068669,1455,P2S4_180730_053_A01,Sst Nts,49,#A81111,I1,1.0,1455,1.0,both,True,404371.0,Sst-IRES-Cre;Ai14-404371,M,P55,VISpm5,727068391.0,SM-GE8YZ_S181_E1-50,RSC-170,CS180626100050,Sst Nts,both,True,True,True,Sst,Sst,True,Sst
727114502,1456,PAS4_180730_452_A01,Sst Nr2f2 Necab1,35,#FFDF11,Core,1.0,1456,1.0,both,True,404371.0,Sst-IRES-Cre;Ai14-404371,M,P55,VISp5,727114396.0,SM-GE8YR_S158_E1-50,RSC-171,CS180626100036,Sst Nr2f2 Necab1,both,True,True,True,Sst,Sst,True,Sst
727146579,1457,P9S4_180730_406_A01,Lamp5 Lsp1,5,#FFA388,I1,1.0,1457,1.0,both,True,402685.0,Htr3a-Cre_NO152;Ai14-402685,M,P63,VISp1,727146510.0,SM-GE8YZ_S192_E1-50,RSC-170,CS180626100006,Lamp5 Lsp1,both,True,True,True,Lamp5,Lamp5,True,Lamp5
727155057,1458,P1S4_180730_004_A01,Sst Hpse Cbln4,42,#806B19,I1,1.0,1458,1.0,both,True,404779.0,Pdyn-T2A-CreERT2;Ai14-404779,F,P53,VISp5,727154984.0,SM-GE8YZ_S177_E1-50,RSC-170,CS180626100043,Sst Hpse Cbln4,both,True,True,True,Sst,Sst,True,Sst
727163311,1459,P9S4_180730_407_A01,Pvalb Gabrg1,50,#ED4C50,I1,1.0,1459,1.0,both,True,404849.0,Sst-IRES-Cre;Ai14-404849,M,P53,VISp6a,727163281.0,SM-GE8YR_S145_E1-50,RSC-171,CS180626100051,Pvalb Gabrg1,both,True,True,True,Pvalb,Pvalb,True,Pvalb
727166151,1460,P1S4_180730_005_A01,Sst Hpse Sema3c,41,#BF9F00,Core,1.0,1460,1.0,both,True,404779.0,Pdyn-T2A-CreERT2;Ai14-404779,F,P53,VISp5,727166098.0,SM-GE8YZ_S178_E1-50,RSC-170,CS180626100042,Sst Hpse Sema3c,both,True,True,True,Sst,Sst,True,Sst
727172315,1461,PBS4_180730_505_A01,Sst Crhr2 Efemp1,43,#B95541,Core,1.0,1461,1.0,both,True,404849.0,Sst-IRES-Cre;Ai14-404849,M,P53,VISp5,727172261.0,SM-GE8YR_S166_E1-50,RSC-171,CS180626100044,Sst Crhr2 Efemp1,both,True,True,True,Sst,Sst,True,Sst
727204412,1462,P9S4_180730_409_A01,Sst Mme Fam114a1,30,#FFBB33,I1,1.0,1462,1.0,both,True,404849.0,Sst-IRES-Cre;Ai14-404849,M,P53,VISp6a,727204383.0,SM-GE8YR_S147_E1-50,RSC-171,CS180626100031,Sst Mme Fam114a1,both,True,True,True,Sst,Sst,True,Sst
727204460,1463,PAS4_180730_453_A01,Sst Tac2 Tacstd2,46,#BF8219,Core,1.0,1463,1.0,both,True,404849.0,Sst-IRES-Cre;Ai14-404849,M,P53,VISp6a,727204432.0,SM-GE8YR_S159_E1-50,RSC-171,CS180626100047,Sst Tac2 Tacstd2,both,True,True,True,Sst,Sst,True,Sst
727238274,1464,P9S4_180730_411_A01,Sst Crhr2 Efemp1,43,#B95541,Core,1.0,1464,1.0,both,True,404849.0,Sst-IRES-Cre;Ai14-404849,M,P53,VISl5,727238168.0,SM-GE8YR_S149_E1-50,RSC-171,CS180626100044,Sst Crhr2 Efemp1,both,True,True,True,Sst,Sst,True,Sst
727279381,1465,P2S4_180730_057_A01,Sst Myh8 Fibin,38,#FF8011,I1,1.0,1465,1.0,both,True,404849.0,Sst-IRES-Cre;Ai14-404849,M,P53,VISp5,727279087.0,SM-GE8YZ_S185_E1-50,RSC-170,CS180626100038,Sst Myh8 Fibin,both,True,True,True,Sst,Sst,True,Sst
727292932,1466,P9S4_180730_412_A01,Sst Calb2 Pdlim5,34,#CC6D3D,I3,1.0,1466,1.0,both,True,404849.0,Sst-IRES-Cre;Ai14-404849,M,P53,VISp4,727292631.0,SM-GE8YR_S150_E1-50,RSC-171,CS180626100035,Sst Calb2 Pdlim5,both,True,True,True,Sst,Sst,True,Sst
727327912,1467,P2S4_180730_058_A01,Sst Crhr2 Efemp1,43,#B95541,Core,1.0,1467,1.0,both,True,404849.0,Sst-IRES-Cre;Ai14-404849,M,P53,VISl6a,727327762.0,SM-GE8YZ_S186_E1-50,RSC-170,CS180626100044,Sst Crhr2 Efemp1,both,True,True,True,Sst,Sst,True,Sst
727336328,1468,P9S4_180730_413_A01,Sst Crhr2 Efemp1,43,#B95541,Core,1.0,1468,1.0,both,True,404849.0,Sst-IRES-Cre;Ai14-404849,M,P53,VISp6a,727336159.0,SM-GE8YR_S151_E1-50,RSC-171,CS180626100044,Sst Crhr2 Efemp1,both,True,True,True,Sst,Sst,True,Sst
727351241,1469,P9S4_180730_414_A01,Sst Crhr2 Efemp1,43,#B95541,I1,1.0,1469,1.0,both,True,404849.0,Sst-IRES-Cre;Ai14-404849,M,P53,VISp5,727351071.0,SM-GE8YR_S152_E1-50,RSC-171,CS180626100044,Sst Crhr2 Efemp1,both,True,True,True,Sst,Sst,True,Sst
727352912,1470,PBS4_180730_506_A01,Sst Hpse Cbln4,42,#806B19,Core,1.0,1470,1.0,both,True,404779.0,Pdyn-T2A-CreERT2;Ai14-404779,F,P53,VISp5,727352755.0,SM-GE8YR_S167_E1-50,RSC-171,CS180626100043,Sst Hpse Cbln4,both,True,True,True,Sst,Sst,True,Sst
727363278,1471,P9S4_180730_415_A01,Sst Hpse Cbln4,42,#806B19,I2,1.0,1471,1.0,both,True,404849.0,Sst-IRES-Cre;Ai14-404849,M,P53,VISp5,727363089.0,SM-GE8YR_S153_E1-50,RSC-171,CS180626100031,Sst Mme Fam114a1,both,True,True,False,Sst,Sst,True,Sst
727370663,1472,PBS4_180730_507_A01,Sst Hpse Cbln4,42,#806B19,Core,1.0,1472,1.0,both,True,404779.0,Pdyn-T2A-CreERT2;Ai14-404779,F,P53,VISp5,727370519.0,SM-GE8YR_S168_E1-50,RSC-171,CS180626100043,Sst Hpse Cbln4,both,True,True,True,Sst,Sst,True,Sst
727388125,1473,PBS4_180730_508_A01,Sst Hpse Cbln4,42,#806B19,Core,1.0,1473,1.0,both,True,404779.0,Pdyn-T2A-CreERT2;Ai14-404779,F,P53,VISp5,727388110.0,SM-GE8YR_S169_E1-50,RSC-171,CS180626100043,Sst Hpse Cbln4,both,True,True,True,Sst,Sst,True,Sst
727727828,1474,P9S4_180731_401_A01,Pvalb Calb1 Sst,52,#BC2B11,I1,1.0,1474,1.0,both,True,405111.0,Sst-IRES-Cre;Ai14-405111,M,P53,VISp6a,727727619.0,SM-GE8YR_S186_E1-50,RSC-171,CS180626100054,Pvalb Calb1 Sst,both,True,True,True,Pvalb,Pvalb,True,Pvalb
727766640,1475,P9S4_180731_402_A01,Sst Rxfp1 Eya1,47,#994C00,Core,1.0,1475,1.0,both,True,405111.0,Sst-IRES-Cre;Ai14-405111,M,P53,VISp6a,727766424.0,SM-GE8YR_S187_E1-50,RSC-171,CS180626100048,Sst Rxfp1 Eya1,both,True,True,True,Sst,Sst,True,Sst
727791672,1476,P9S4_180731_403_A01,Sst Nts,49,#A81111,Core,1.0,1476,1.0,both,True,405111.0,Sst-IRES-Cre;Ai14-405111,M,P53,VISp6b,727791420.0,SM-GE8YR_S188_E1-50,RSC-171,CS180626100050,Sst Nts,both,True,True,True,Sst,Sst,True,Sst
727823900,1477,P9S4_180731_404_A01,Sst Tac2 Tacstd2,46,#BF8219,I1,1.0,1477,1.0,both,True,405111.0,Sst-IRES-Cre;Ai14-405111,M,P53,VISp5,727823808.0,SM-GE8YR_S189_E1-50,RSC-171,CS180626100048,Sst Rxfp1 Eya1,both,True,True,False,Sst,Sst,True,Sst
727824228,1478,PBS4_180731_503_A01,Pvalb Th Sst,51,#FF2F7E,Core,1.0,1478,1.0,both,True,405111.0,Sst-IRES-Cre;Ai14-405111,M,P53,VISp6a,727823953.0,SM-GE8YI_S006_E1-50,RSC-172,CS180626100052,Pvalb Th Sst,both,True,True,True,Pvalb,Pvalb,True,Pvalb
727851191,1479,P9S4_180731_405_A01,Sst Chodl,29,#FFFF00,Core,1.0,1479,1.0,both,True,405111.0,Sst-IRES-Cre;Ai14-405111,M,P53,VISp6a,727851000.0,SM-GE8YR_S190_E1-50,RSC-171,CS180626100030,Sst Chodl,both,True,True,True,Sst,Sst,True,Sst
727897981,1480,PBS4_180731_505_A01,Sst Rxfp1 Prdm8,48,#802600,I2,1.0,1480,1.0,both,True,405111.0,Sst-IRES-Cre;Ai14-405111,M,P53,VISp6a,727897857.0,SM-GE8YI_S008_E1-50,RSC-172,CS180626100048,Sst Rxfp1 Eya1,both,True,True,False,Sst,Sst,True,Sst
728150511,1481,PBS4_180731_508_A01,Sst Nr2f2 Necab1,35,#FFDF11,Core,1.0,1481,1.0,both,True,405115.0,Sst-IRES-Cre;Ai14-405115,M,P53,VISp5,728150496.0,SM-GE8YI_S019_E1-50,RSC-172,CS180626100036,Sst Nr2f2 Necab1,both,True,True,True,Sst,Sst,True,Sst
728477746,1482,PBS4_180801_502_A01,Sst Tac2 Tacstd2,46,#BF8219,I2,1.0,1482,1.0,both,True,405113.0,Sst-IRES-Cre;Ai14-405113,M,P54,VISp5,728477507.0,SM-GE8YI_S038_E1-50,RSC-172,CS180626100041,Sst Tac2 Myh4,both,True,True,False,Sst,Sst,True,Sst
728533046,1483,P9S4_180801_402_A01,Sst Calb2 Pdlim5,34,#CC6D3D,I1,1.0,1483,1.0,both,True,405113.0,Sst-IRES-Cre;Ai14-405113,M,P54,VISp5,728532596.0,SM-GE8YI_S027_E1-50,RSC-172,CS180626100035,Sst Calb2 Pdlim5,both,True,True,True,Sst,Sst,True,Sst
728733066,1484,P1S4_180801_004_A01,Sst Hpse Sema3c,41,#BF9F00,Core,1.0,1484,1.0,both,True,404781.0,Pdyn-T2A-CreERT2;Ai14-404781,F,P55,VISp5,728733049.0,SM-GE8YI_S023_E1-50,RSC-172,CS180626100042,Sst Hpse Sema3c,both,True,True,True,Sst,Sst,True,Sst
728756256,1485,P9S4_180801_403_A01,Sst Rxfp1 Eya1,47,#994C00,I2,1.0,1485,1.0,both,True,405114.0,Sst-IRES-Cre;Ai14-405114,M,P54,VISp6a,728756241.0,SM-GE8YI_S028_E1-50,RSC-172,CS180626100048,Sst Rxfp1 Eya1,both,True,True,True,Sst,Sst,True,Sst
728756295,1486,P1S4_180801_005_A01,Sst Calb2 Necab1,33,#BF480D,I1,1.0,1486,1.0,both,True,405114.0,Sst-IRES-Cre;Ai14-405114,M,P54,VISp5,728756271.0,SM-GE8YI_S024_E1-50,RSC-172,CS180626100034,Sst Calb2 Necab1,both,True,True,True,Sst,Sst,True,Sst
728772052,1487,P9S4_180801_404_A01,Sst Tac2 Tacstd2,46,#BF8219,I2,1.0,1487,1.0,both,True,405114.0,Sst-IRES-Cre;Ai14-405114,M,P54,VISp6a,728771962.0,SM-GE8YI_S029_E1-50,RSC-172,CS180626100047,Sst Tac2 Tacstd2,both,True,True,True,Sst,Sst,True,Sst
728775704,1488,PBS4_180801_506_A01,Sst Hpse Sema3c,41,#BF9F00,Core,1.0,1488,1.0,both,True,404781.0,Pdyn-T2A-CreERT2;Ai14-404781,F,P55,VISp5,728775638.0,SM-GE8YI_S042_E1-50,RSC-172,CS180626100042,Sst Hpse Sema3c,both,True,True,True,Sst,Sst,True,Sst
728786009,1489,P9S4_180801_405_A01,Sst Myh8 Etv1 ,36,#D6C300,Core,1.0,1489,1.0,both,True,405114.0,Sst-IRES-Cre;Ai14-405114,M,P54,VISp5,728785817.0,SM-GE8YI_S030_E1-50,RSC-172,CS180626100037,Sst Myh8 Etv1 ,both,True,True,True,Sst,Sst,True,Sst
728792260,1490,PAS4_180801_453_A01,Sst Hpse Cbln4,42,#806B19,Core,1.0,1490,1.0,both,True,405114.0,Sst-IRES-Cre;Ai14-405114,M,P54,VISp5,728792074.0,SM-GE8YI_S036_E1-50,RSC-172,CS180626100043,Sst Hpse Cbln4,both,True,True,True,Sst,Sst,True,Sst
728800860,1491,PBS4_180801_507_A01,Sst Hpse Cbln4,42,#806B19,Core,1.0,1491,1.0,both,True,404781.0,Pdyn-T2A-CreERT2;Ai14-404781,F,P55,VISp5,728800353.0,SM-GE8YI_S043_E1-50,RSC-172,CS180626100043,Sst Hpse Cbln4,both,True,True,True,Sst,Sst,True,Sst
728815682,1492,P9S4_180801_407_A01,Sst Hpse Cbln4,42,#806B19,Core,1.0,1492,1.0,both,True,405114.0,Sst-IRES-Cre;Ai14-405114,M,P54,VISp4,728815545.0,SM-GE8YI_S032_E1-50,RSC-172,CS180626100043,Sst Hpse Cbln4,both,True,True,True,Sst,Sst,True,Sst
729135271,1493,P1S4_180802_001_A01,Sst Esm1,45,#C11331,I1,1.0,1493,1.0,both,True,405118.0,Sst-IRES-Cre;Ai14-405118,F,P55,VISpm5,729134460.0,SM-GE8YI_S044_E1-50,RSC-172,CS180626100046,Sst Esm1,both,True,True,True,Sst,Sst,True,Sst
729190038,1494,P9S4_180802_403_A01,Sst Rxfp1 Eya1,47,#994C00,Core,1.0,1494,1.0,both,True,405118.0,Sst-IRES-Cre;Ai14-405118,F,P55,VISp5,729189788.0,SM-GE8YI_S050_E1-50,RSC-172,CS180626100048,Sst Rxfp1 Eya1,both,True,True,True,Sst,Sst,True,Sst
729233190,1495,P9S4_180802_405_A01,Sst Crhr2 Efemp1,43,#B95541,Core,1.0,1495,1.0,both,True,405118.0,Sst-IRES-Cre;Ai14-405118,F,P55,VISp5,729232956.0,SM-GE8YI_S052_E1-50,RSC-172,CS180626100044,Sst Crhr2 Efemp1,both,True,True,True,Sst,Sst,True,Sst
729269557,1496,P9S4_180802_406_A01,Pvalb Tpbg,58,#AF3F64,I1,1.0,1496,1.0,both,True,405118.0,Sst-IRES-Cre;Ai14-405118,F,P55,VISpm2/3,729269311.0,SM-GE8YI_S053_E1-50,RSC-172,CS180626100059,Pvalb Tpbg,both,True,True,True,Pvalb,Pvalb,True,Pvalb
729270635,1497,P2S4_180802_051_A01,Sst Crh 4930553C11Rik ,44,#C77767,I2,1.0,1497,1.0,both,True,405118.0,Sst-IRES-Cre;Ai14-405118,F,P55,VISl5,729270414.0,SM-GE8YI_S045_E1-50,RSC-172,CS180626100045,Sst Crh 4930553C11Rik ,both,True,True,True,Sst,Sst,True,Sst
729316795,1498,P2S4_180802_052_A01,Sst Mme Fam114a1,30,#FFBB33,Core,1.0,1498,1.0,both,True,405118.0,Sst-IRES-Cre;Ai14-405118,F,P55,VISp5,729316316.0,SM-GE8YI_S046_E1-50,RSC-172,CS180626100031,Sst Mme Fam114a1,both,True,True,True,Sst,Sst,True,Sst
729368968,1499,P2S4_180802_053_A01,Sst Myh8 Etv1 ,36,#D6C300,I2,1.0,1499,1.0,both,True,405118.0,Sst-IRES-Cre;Ai14-405118,F,P55,VISp5,729368801.0,SM-GE8YI_S047_E1-50,RSC-172,CS180626100036,Sst Nr2f2 Necab1,both,True,True,False,Sst,Sst,True,Sst
729415408,1500,PBS4_180802_501_A01,Sst Hpse Cbln4,42,#806B19,Core,1.0,1500,1.0,both,True,404782.0,Pdyn-T2A-CreERT2;Ai14-404782,F,P56,VISl5,729415384.0,SM-GE8YI_S054_E1-50,RSC-172,CS180626100043,Sst Hpse Cbln4,both,True,True,True,Sst,Sst,True,Sst
729429892,1501,PBS4_180802_506_A01,Sst Chrna2 Ptgdr,39,#FFB307,Core,1.0,1501,1.0,both,True,404782.0,Pdyn-T2A-CreERT2;Ai14-404782,F,P56,VISpm5,729429840.0,SM-GE8YI_S059_E1-50,RSC-172,CS180626100040,Sst Chrna2 Ptgdr,both,True,True,True,Sst,Sst,True,Sst
730734599,1502,P8S4_180806_351_A01,Pvalb Sema3e Kank4,54,#C94545,I1,1.0,1502,1.0,both,True,406663.0,Pvalb-IRES-Cre;Ai14-406663,M,P52,VISp6a,730734369.0,SM-GE8YI_S061_E1-50,RSC-172,CS180626100055,Pvalb Sema3e Kank4,both,True,True,True,Pvalb,Pvalb,True,Pvalb
730744363,1503,P8S4_180806_352_A01,Pvalb Tpbg,58,#AF3F64,I2,1.0,1503,1.0,both,True,406663.0,Pvalb-IRES-Cre;Ai14-406663,M,P52,VISp6a,730744346.0,SM-GE8YI_S062_E1-50,RSC-172,CS180626100058,Pvalb Reln Itm2a,both,True,True,False,Pvalb,Pvalb,True,Pvalb
730789905,1504,P8S4_180806_353_A01,Vip Lmo1 Myl1,16,#9FAAFF,I2,1.0,1504,1.0,both,True,406460.0,Vip-IRES-Cre;Ai14-406460,F,P53,VISp4,730789701.0,SM-GE8YI_S063_E1-50,RSC-172,CS180626100020,Vip Lmo1 Myl1,both,True,True,True,Vip,Vip,True,Vip
730794744,1505,P9S4_180806_401_A01,Serpinf1 Aqp5 Vip,12,#CA66FF,I1,1.0,1505,1.0,both,True,406460.0,Vip-IRES-Cre;Ai14-406460,F,P53,VISp2/3,730794520.0,SM-GE8YI_S072_E1-50,RSC-172,CS180626100013,Serpinf1 Aqp5 Vip,both,True,True,True,Serpinf1,Serpinf1,True,Serpinf1
730796336,1506,P8S4_180806_354_A01,Vip Ptprt Pkp2,20,#FF00FF,Core,1.0,1506,1.0,both,True,406460.0,Vip-IRES-Cre;Ai14-406460,F,P53,VISp2/3,730796214.0,SM-GE8YI_S064_E1-50,RSC-172,CS180626100021,Vip Ptprt Pkp2,both,True,True,True,Vip,Vip,True,Vip
730803523,1507,P8S4_180806_355_A01,Vip Ptprt Pkp2,20,#FF00FF,I1,1.0,1507,1.0,both,True,406460.0,Vip-IRES-Cre;Ai14-406460,F,P53,VISp4,730803357.0,SM-GE8YI_S065_E1-50,RSC-172,CS180626100021,Vip Ptprt Pkp2,both,True,True,True,Vip,Vip,True,Vip
730814458,1508,P8S4_180806_356_A01,Vip Ptprt Pkp2,20,#FF00FF,Core,1.0,1508,1.0,both,True,407127.0,Htr3a-Cre_NO152;Ai14-407127,M,P49,VISp2/3,730814303.0,SM-GE8YI_S066_E1-50,RSC-172,CS180626100021,Vip Ptprt Pkp2,both,True,True,True,Vip,Vip,True,Vip
730831464,1509,P8S4_180806_357_A01,Pvalb Sema3e Kank4,54,#C94545,I2,1.0,1509,1.0,both,True,407127.0,Htr3a-Cre_NO152;Ai14-407127,M,P49,VISp6a,730831321.0,SM-GE8YI_S067_E1-50,RSC-172,CS180626100055,Pvalb Sema3e Kank4,both,True,True,True,Pvalb,Pvalb,True,Pvalb
730849363,1510,P8S4_180806_358_A01,Lamp5 Lsp1,5,#FFA388,I2,1.0,1510,1.0,both,True,407127.0,Htr3a-Cre_NO152;Ai14-407127,M,P49,VISp2/3,730849276.0,SM-GE8YI_S068_E1-50,RSC-172,CS180626100006,Lamp5 Lsp1,both,True,True,True,Lamp5,Lamp5,True,Lamp5
730859444,1511,P8S4_180806_359_A01,Lamp5 Plch2 Dock5,4,#FF7290,I2,1.0,1511,1.0,both,True,407127.0,Htr3a-Cre_NO152;Ai14-407127,M,P49,VISp2/3,730859418.0,SM-GE8YI_S069_E1-50,RSC-172,CS180626100004,Lamp5 Ntn1 Npy2r,both,True,True,False,Lamp5,Lamp5,True,Lamp5
730867067,1512,P8S4_180806_360_A01,Lamp5 Lsp1,5,#FFA388,Core,1.0,1512,1.0,both,True,407127.0,Htr3a-Cre_NO152;Ai14-407127,M,P49,VISp2/3,730867032.0,SM-GE8YI_S070_E1-50,RSC-172,CS180626100006,Lamp5 Lsp1,both,True,True,True,Lamp5,Lamp5,True,Lamp5
730878829,1513,P8S4_180806_361_A01,Lamp5 Lsp1,5,#FFA388,Core,1.0,1513,1.0,both,True,407127.0,Htr3a-Cre_NO152;Ai14-407127,M,P49,VISp5,730878813.0,SM-GE8YI_S071_E1-50,RSC-172,CS180626100006,Lamp5 Lsp1,both,True,True,True,Lamp5,Lamp5,True,Lamp5
731300491,1514,P9S4_180807_401_A01,Pvalb Tpbg,58,#AF3F64,Core,1.0,1514,1.0,both,True,406664.0,Pvalb-IRES-Cre;Ai14-406664,M,P53,VISpm5,731300178.0,SM-GE8YK_S013_E1-50,RSC-172,CS180626100059,Pvalb Tpbg,both,True,True,True,Pvalb,Pvalb,True,Pvalb
731373072,1515,P9S4_180807_403_A01,Pvalb Tpbg,58,#AF3F64,Core,1.0,1515,1.0,both,True,406664.0,Pvalb-IRES-Cre;Ai14-406664,M,P53,VISpm4,731372845.0,SM-GE8YK_S015_E1-50,RSC-172,CS180626100059,Pvalb Tpbg,both,True,True,True,Pvalb,Pvalb,True,Pvalb
731397860,1516,P9S4_180807_404_A01,Pvalb Sema3e Kank4,54,#C94545,I2,1.0,1516,1.0,both,True,406664.0,Pvalb-IRES-Cre;Ai14-406664,M,P53,VISp6a,731397653.0,SM-GE8YK_S016_E1-50,RSC-172,CS180626100055,Pvalb Sema3e Kank4,both,True,True,True,Pvalb,Pvalb,True,Pvalb
731431918,1517,P9S4_180807_405_A01,Pvalb Reln Itm2a,56,#E67A77,Core,1.0,1517,1.0,both,True,406664.0,Pvalb-IRES-Cre;Ai14-406664,M,P53,VISp4,731431669.0,SM-GE8YK_S017_E1-50,RSC-172,CS180626100058,Pvalb Reln Itm2a,both,True,True,True,Pvalb,Pvalb,True,Pvalb
731651186,1518,P8S4_180807_351_A01,Sst Esm1,45,#C11331,Core,1.0,1518,1.0,both,True,406294.0,Chrna2-Cre_OE25;Sst-IRES-FlpO;Ai65-406294,F,P54,VISp5,731650752.0,SM-GE8YI_S089_E1-50,RSC-172,CS180626100046,Sst Esm1,both,True,True,True,Sst,Sst,True,Sst
731675250,1519,PBS4_180807_501_A01,Pvalb Reln Itm2a,56,#E67A77,I2,1.0,1519,1.0,both,True,406664.0,Pvalb-IRES-Cre;Ai14-406664,M,P53,VISp5,731675000.0,SM-GE8YK_S039_E1-50,RSC-172,CS180626100058,Pvalb Reln Itm2a,both,True,True,True,Pvalb,Pvalb,True,Pvalb
731683221,1520,P8S4_180807_352_A01,Sst Myh8 Etv1 ,36,#D6C300,I2,1.0,1520,1.0,both,True,406294.0,Chrna2-Cre_OE25;Sst-IRES-FlpO;Ai65-406294,F,P54,VISp5,731683045.0,SM-GE8YI_S090_E1-50,RSC-172,CS180626100037,Sst Myh8 Etv1 ,both,True,True,True,Sst,Sst,True,Sst
731705048,1521,P9S4_180807_406_A01,Sst Chrna2 Glra3,37,#FF9F2C,I2,1.0,1521,1.0,both,True,406294.0,Chrna2-Cre_OE25;Sst-IRES-FlpO;Ai65-406294,F,P54,VISpm5,731704555.0,SM-GE8YK_S018_E1-50,RSC-172,CS180626100040,Sst Chrna2 Ptgdr,both,True,True,False,Sst,Sst,True,Sst
731709424,1522,P8S4_180807_353_A01,Sst Tac2 Tacstd2,46,#BF8219,Core,1.0,1522,1.0,both,True,406294.0,Chrna2-Cre_OE25;Sst-IRES-FlpO;Ai65-406294,F,P54,VISp6a,731709033.0,SM-GE8YI_S091_E1-50,RSC-172,CS180626100047,Sst Tac2 Tacstd2,both,True,True,True,Sst,Sst,True,Sst
731733715,1523,P8S4_180807_354_A01,Sst Myh8 Etv1 ,36,#D6C300,Core,1.0,1523,1.0,both,True,406294.0,Chrna2-Cre_OE25;Sst-IRES-FlpO;Ai65-406294,F,P54,VISpm5,731733408.0,SM-GE8YI_S092_E1-50,RSC-172,CS180626100037,Sst Myh8 Etv1 ,both,True,True,True,Sst,Sst,True,Sst
731743339,1524,PBS4_180807_502_A01,Sst Rxfp1 Prdm8,48,#802600,Core,1.0,1524,1.0,both,True,406294.0,Chrna2-Cre_OE25;Sst-IRES-FlpO;Ai65-406294,F,P54,VISp6a,731742958.0,SM-GE8YK_S040_E1-50,RSC-172,CS180626100049,Sst Rxfp1 Prdm8,both,True,True,True,Sst,Sst,True,Sst
731765828,1525,P9S4_180807_408_A01,Sst Tac2 Tacstd2,46,#BF8219,Core,1.0,1525,1.0,both,True,406294.0,Chrna2-Cre_OE25;Sst-IRES-FlpO;Ai65-406294,F,P54,VISp5,731765049.0,SM-GE8YK_S020_E1-50,RSC-172,CS180626100047,Sst Tac2 Tacstd2,both,True,True,True,Sst,Sst,True,Sst
731817645,1526,PBS4_180807_504_A01,Sst Nr2f2 Necab1,35,#FFDF11,I1,1.0,1526,1.0,both,True,406294.0,Chrna2-Cre_OE25;Sst-IRES-FlpO;Ai65-406294,F,P54,VISp5,731817105.0,SM-GE8YK_S042_E1-50,RSC-172,CS180626100036,Sst Nr2f2 Necab1,both,True,True,True,Sst,Sst,True,Sst
731830471,1527,P8S4_180807_356_A01,Sst Esm1,45,#C11331,I1,1.0,1527,1.0,both,True,406294.0,Chrna2-Cre_OE25;Sst-IRES-FlpO;Ai65-406294,F,P54,VISp5,731830456.0,SM-GE8YI_S094_E1-50,RSC-172,CS180626100046,Sst Esm1,both,True,True,True,Sst,Sst,True,Sst
731877396,1528,P2S4_180807_052_A01,Sst Esm1,45,#C11331,Core,1.0,1528,1.0,both,True,406294.0,Chrna2-Cre_OE25;Sst-IRES-FlpO;Ai65-406294,F,P54,VISp6a,731877369.0,SM-GE8YI_S077_E1-50,RSC-172,CS180626100046,Sst Esm1,both,True,True,True,Sst,Sst,True,Sst
731882356,1529,P9S4_180807_411_A01,Lamp5 Ntn1 Npy2r,3,#DD6091,Core,1.0,1529,1.0,both,True,406655.0,Ndnf-IRES2-dgCre;Ai14-406655,F,P53,VISpm1,731882280.0,SM-GE8YK_S023_E1-50,RSC-172,CS180626100004,Lamp5 Ntn1 Npy2r,both,True,True,True,Lamp5,Lamp5,True,Lamp5
731917470,1530,P9S4_180807_412_A01,Lamp5 Plch2 Dock5,4,#FF7290,Core,1.0,1530,1.0,both,True,406655.0,Ndnf-IRES2-dgCre;Ai14-406655,F,P53,VISpm2/3,731917449.0,SM-GE8YK_S024_E1-50,RSC-172,CS180626100005,Lamp5 Plch2 Dock5,both,True,True,True,Lamp5,Lamp5,True,Lamp5
731974838,1531,P8S4_180807_359_A01,Lamp5 Lsp1,5,#FFA388,Core,1.0,1531,1.0,both,True,407131.0,Htr3a-Cre_NO152;Ai14-407131,M,P50,VISpm1,731974823.0,SM-GE8YK_S001_E1-50,RSC-172,CS180626100006,Lamp5 Lsp1,both,True,True,True,Lamp5,Lamp5,True,Lamp5
731980846,1532,P2S4_180807_053_A01,Lamp5 Plch2 Dock5,4,#FF7290,I1,1.0,1532,1.0,both,True,406655.0,Ndnf-IRES2-dgCre;Ai14-406655,F,P53,VISpm1,731980831.0,SM-GE8YI_S078_E1-50,RSC-172,CS180626100005,Lamp5 Plch2 Dock5,both,True,True,True,Lamp5,Lamp5,True,Lamp5
732017877,1533,PBS4_180807_507_A01,Vip Igfbp6 Car10,13,#7779BF,Core,1.0,1533,1.0,both,True,407131.0,Htr3a-Cre_NO152;Ai14-407131,M,P50,VISp2/3,732017861.0,SM-GE8YK_S045_E1-50,RSC-172,CS180626100014,Vip Igfbp6 Car10,both,True,True,True,Vip,Vip,True,Vip
732486682,1534,PBS4_180808_501_A01,Pvalb Reln Itm2a,56,#E67A77,Core,1.0,1534,1.0,both,True,406666.0,Pvalb-IRES-Cre;Ai14-406666,F,P54,VISpm4,732486376.0,SM-GE8YK_S083_E1-50,RSC-172,CS180626100058,Pvalb Reln Itm2a,both,True,True,True,Pvalb,Pvalb,True,Pvalb
732518824,1535,P1S4_180808_002_A01,Pvalb Reln Itm2a,56,#E67A77,Core,1.0,1535,1.0,both,True,406666.0,Pvalb-IRES-Cre;Ai14-406666,F,P54,VISp2/3,732518586.0,SM-GE8YK_S065_E1-50,RSC-172,CS180626100058,Pvalb Reln Itm2a,both,True,True,True,Pvalb,Pvalb,True,Pvalb
732708277,1536,P1S4_180808_003_A01,Lamp5 Lsp1,5,#FFA388,Core,1.0,1536,1.0,both,True,406388.0,Gad2-IRES-Cre;Ai14-406388,F,P55,VISp2/3,732707991.0,SM-GE8YK_S066_E1-50,RSC-172,CS180626100006,Lamp5 Lsp1,both,True,True,True,Lamp5,Lamp5,True,Lamp5
732718094,1537,P1S4_180808_004_A01,Pvalb Tpbg,58,#AF3F64,Core,1.0,1537,1.0,both,True,406388.0,Gad2-IRES-Cre;Ai14-406388,F,P55,VISp2/3,732717959.0,SM-GE8YK_S067_E1-50,RSC-172,CS180626100059,Pvalb Tpbg,both,True,True,True,Pvalb,Pvalb,True,Pvalb
732755070,1538,P1S4_180808_005_A01,Vip Chat Htr1f,24,#FF4DC1,Core,1.0,1538,1.0,both,True,406388.0,Gad2-IRES-Cre;Ai14-406388,F,P55,VISp2/3,732755001.0,SM-GE8YK_S068_E1-50,RSC-172,CS180626100025,Vip Chat Htr1f,both,True,True,True,Vip,Vip,True,Vip
732765167,1539,P8S4_180808_351_A01,Pvalb Sema3e Kank4,54,#C94545,I1,1.0,1539,1.0,both,True,406388.0,Gad2-IRES-Cre;Ai14-406388,F,P55,VISp5,732764684.0,SM-GE8YK_S075_E1-50,RSC-172,CS180626100055,Pvalb Sema3e Kank4,both,True,True,True,Pvalb,Pvalb,True,Pvalb
732773383,1540,P8S4_180808_352_A01,Lamp5 Lhx6,6,#C77963,Core,1.0,1540,1.0,both,True,406388.0,Gad2-IRES-Cre;Ai14-406388,F,P55,VISp5,732773325.0,SM-GE8YK_S076_E1-50,RSC-172,CS180626100007,Lamp5 Lhx6,both,True,True,True,Lamp5,Lamp5,True,Lamp5
732783696,1541,P8S4_180808_353_A01,Pvalb Sema3e Kank4,54,#C94545,Core,1.0,1541,1.0,both,True,406388.0,Gad2-IRES-Cre;Ai14-406388,F,P55,VISp5,732783661.0,SM-GE8YK_S077_E1-50,RSC-172,CS180626100055,Pvalb Sema3e Kank4,both,True,True,True,Pvalb,Pvalb,True,Pvalb
733333331,1542,P8S4_180809_351_A01,Pvalb Reln Tac1,57,#D6221D,I1,1.0,1542,1.0,both,True,406667.0,Pvalb-IRES-Cre;Ai14-406667,F,P55,VISp5,733333165.0,SM-GE8YK_S088_E1-50,RSC-172,CS180626100057,Pvalb Reln Tac1,both,True,True,True,Pvalb,Pvalb,True,Pvalb
733375462,1543,P8S4_180809_352_A01,Sst Tac2 Tacstd2,46,#BF8219,I2,1.0,1543,1.0,both,True,406293.0,Chrna2-Cre_OE25;Sst-IRES-FlpO;Ai65-406293,F,P56,VISp5,733375352.0,SM-GE8YK_S089_E1-50,RSC-172,CS180626100047,Sst Tac2 Tacstd2,both,True,True,True,Sst,Sst,True,Sst
733377050,1544,P9S4_180809_401_A01,Pvalb Tpbg,58,#AF3F64,Core,1.0,1544,1.0,both,True,406667.0,Pvalb-IRES-Cre;Ai14-406667,F,P55,VISp2/3,733375605.0,SM-GE8YK_S095_E1-50,RSC-172,CS180626100059,Pvalb Tpbg,both,True,True,True,Pvalb,Pvalb,True,Pvalb
733483384,1545,P8S4_180809_355_A01,Sst Esm1,45,#C11331,Core,1.0,1545,1.0,both,True,406293.0,Chrna2-Cre_OE25;Sst-IRES-FlpO;Ai65-406293,F,P56,VISp5,733483234.0,SM-GE8YK_S092_E1-50,RSC-172,CS180626100046,Sst Esm1,both,True,True,True,Sst,Sst,True,Sst
733537608,1546,P9S4_180809_403_A01,Lamp5 Lsp1,5,#FFA388,Core,1.0,1546,1.0,both,True,406389.0,Gad2-IRES-Cre;Ai14-406389,F,P56,VISp2/3,733537560.0,SM-GE8YB_S001_E1-50,RSC-173,CS180626100006,Lamp5 Lsp1,both,True,True,True,Lamp5,Lamp5,True,Lamp5
733619834,1547,P9S4_180809_404_A01,Pvalb Sema3e Kank4,54,#C94545,Core,1.0,1547,1.0,both,True,406389.0,Gad2-IRES-Cre;Ai14-406389,F,P56,VISp5,733619781.0,SM-GE8YB_S002_E1-50,RSC-173,CS180626100055,Pvalb Sema3e Kank4,both,True,True,True,Pvalb,Pvalb,True,Pvalb
734644382,1548,P8S4_180809_353_A01,Sst Crhr2 Efemp1,43,#B95541,Core,1.0,1548,1.0,both,True,406293.0,Chrna2-Cre_OE25;Sst-IRES-FlpO;Ai65-406293,F,P56,VISp6a,734644271.0,SM-GE8YK_S090_E1-50,RSC-172,CS180626100044,Sst Crhr2 Efemp1,both,True,True,True,Sst,Sst,True,Sst
734651498,1549,P8S4_180809_354_A01,Lamp5 Lhx6,6,#C77963,Core,1.0,1549,1.0,both,True,406293.0,Chrna2-Cre_OE25;Sst-IRES-FlpO;Ai65-406293,F,P56,VISp6a,734651366.0,SM-GE8YK_S091_E1-50,RSC-172,CS180626100007,Lamp5 Lhx6,both,True,True,True,Lamp5,Lamp5,True,Lamp5
734691771,1550,P8S4_180810_351_A01,Sst Rxfp1 Eya1,47,#994C00,I2,1.0,1550,1.0,both,True,406386.0,Gad2-IRES-Cre;Ai14-406386,M,P57,VISp5,734691553.0,SM-GE8YB_S018_E1-50,RSC-173,CS180626100045,Sst Crh 4930553C11Rik ,both,True,True,False,Sst,Sst,True,Sst
734717687,1551,P8S4_180809_357_A01,Sst Esm1,45,#C11331,Core,1.0,1551,1.0,both,True,406293.0,Chrna2-Cre_OE25;Sst-IRES-FlpO;Ai65-406293,F,P56,VISpm4,734717587.0,SM-GE8YK_S094_E1-50,RSC-172,CS180626100046,Sst Esm1,both,True,True,True,Sst,Sst,True,Sst
734747421,1552,P8S4_180810_352_A01,Sst Crhr2 Efemp1,43,#B95541,Core,1.0,1552,1.0,both,True,406386.0,Gad2-IRES-Cre;Ai14-406386,M,P57,VISp5,734747147.0,SM-GE8YB_S019_E1-50,RSC-173,CS180626100044,Sst Crhr2 Efemp1,both,True,True,True,Sst,Sst,True,Sst
734802524,1553,P8S4_180810_353_A01,Lamp5 Lsp1,5,#FFA388,Core,1.0,1553,1.0,both,True,406386.0,Gad2-IRES-Cre;Ai14-406386,M,P57,VISpm5,734802353.0,SM-GE8YB_S020_E1-50,RSC-173,CS180626100006,Lamp5 Lsp1,both,True,True,True,Lamp5,Lamp5,True,Lamp5
735167623,1554,P8S4_180810_356_A01,Sst Hpse Cbln4,42,#806B19,I2,1.0,1554,1.0,both,True,406386.0,Gad2-IRES-Cre;Ai14-406386,M,P57,VISpm5,735167358.0,SM-GE8YB_S023_E1-50,RSC-173,CS180626100043,Sst Hpse Cbln4,both,True,True,True,Sst,Sst,True,Sst
736247974,1555,P8S4_180813_351_A01,Sst Chrna2 Glra3,37,#FF9F2C,Core,1.0,1555,1.0,both,True,407698.0,Chrna2-Cre_OE25;Sst-IRES-FlpO;Ai65-407698,F,P52,VISp5,736247770.0,SM-GE8YB_S039_E1-50,RSC-173,CS180626100039,Sst Chrna2 Glra3,both,True,True,True,Sst,Sst,True,Sst
736282349,1556,P8S4_180813_352_A01,Sst Tac2 Tacstd2,46,#BF8219,Core,1.0,1556,1.0,both,True,407698.0,Chrna2-Cre_OE25;Sst-IRES-FlpO;Ai65-407698,F,P52,VISp5,736282114.0,SM-GE8YB_S040_E1-50,RSC-173,CS180626100047,Sst Tac2 Tacstd2,both,True,True,True,Sst,Sst,True,Sst
736330755,1557,P8S4_180813_353_A01,Vip Igfbp4 Mab21l1,17,#533691,I2,1.0,1557,1.0,both,True,407228.0,Vip-IRES-Cre;Ai14-407228,M,P55,VISp2/3,736330649.0,SM-GE8YB_S041_E1-50,RSC-173,CS180626100026,Vip Pygm C1ql1,both,True,True,False,Vip,Vip,True,Vip
736466540,1558,P8S4_180813_354_A01,Vip Gpc3 Slc18a3,19,#B09FFF,I1,1.0,1558,1.0,both,True,407477.0,Chrna2-Cre_OE25;Vip-IRES-FlpO;Ai65-407477,M,P53,VISp6a,736466518.0,SM-GE8YB_S042_E1-50,RSC-173,CS180626100018,Vip Gpc3 Slc18a3,both,True,True,True,Vip,Vip,True,Vip
736490544,1559,P1S4_180813_003_A01,Serpinf1 Aqp5 Vip,12,#CA66FF,Core,1.0,1559,1.0,both,True,407562.0,Htr3a-Cre_NO152;Ai14-407562,F,P53,VISp2/3,736490420.0,SM-GE8YB_S036_E1-50,RSC-173,CS180626100013,Serpinf1 Aqp5 Vip,both,True,True,True,Serpinf1,Serpinf1,True,Serpinf1
736490818,1560,P8S4_180813_357_A01,Vip Ptprt Pkp2,20,#FF00FF,Core,1.0,1560,1.0,both,True,407562.0,Htr3a-Cre_NO152;Ai14-407562,F,P53,VISp2/3,736490668.0,SM-GE8YB_S045_E1-50,RSC-173,CS180626100021,Vip Ptprt Pkp2,both,True,True,True,Vip,Vip,True,Vip
736493069,1561,P2S4_180813_052_A01,Lamp5 Fam19a1 Tmem182,2,#FFB8CE,Core,1.0,1561,1.0,both,True,407562.0,Htr3a-Cre_NO152;Ai14-407562,F,P53,VISp2/3,736493039.0,SM-GE8YB_S038_E1-50,RSC-173,CS180626100003,Lamp5 Fam19a1 Tmem182,both,True,True,True,Lamp5,Lamp5,True,Lamp5
736493111,1562,P8S4_180813_360_A01,Vip Lmo1 Myl1,16,#9FAAFF,Core,1.0,1562,1.0,both,True,407562.0,Htr3a-Cre_NO152;Ai14-407562,F,P53,VISp2/3,736493085.0,SM-GE8YB_S048_E1-50,RSC-173,CS180626100020,Vip Lmo1 Myl1,both,True,True,True,Vip,Vip,True,Vip
736499204,1563,P8S4_180813_361_A01,Sst Rxfp1 Prdm8,48,#802600,I2,1.0,1563,1.0,both,True,407562.0,Htr3a-Cre_NO152;Ai14-407562,F,P53,VISpm5,736499125.0,SM-GE8YB_S049_E1-50,RSC-173,CS180626100049,Sst Rxfp1 Prdm8,both,True,True,True,Sst,Sst,True,Sst
736501576,1564,P8S4_180813_359_A01,Sst Tac1 Htr1d,31,#804811,I3,1.0,1564,1.0,both,True,407562.0,Htr3a-Cre_NO152;Ai14-407562,F,P53,VISpm4,736501540.0,SM-GE8YB_S047_E1-50,RSC-173,CS180626100032,Sst Tac1 Htr1d,both,True,True,True,Sst,Sst,True,Sst
736800603,1565,P8S4_180814_351_A01,Vip Arhgap36 Hmcn1,18,#9189FF,I2,1.0,1565,1.0,both,True,407231.0,Vip-IRES-Cre;Ai14-407231,F,P56,VISp2/3,736800472.0,SM-GE8YB_S053_E1-50,RSC-173,CS180626100017,Vip Arhgap36 Hmcn1,both,True,True,True,Vip,Vip,True,Vip
736800747,1566,P1S4_180814_002_A01,Vip Ptprt Pkp2,20,#FF00FF,Core,1.0,1566,1.0,both,True,407231.0,Vip-IRES-Cre;Ai14-407231,F,P56,VISp2/3,736800691.0,SM-GE8YB_S052_E1-50,RSC-173,CS180626100021,Vip Ptprt Pkp2,both,True,True,True,Vip,Vip,True,Vip
736805833,1567,PBS4_180814_501_A01,Vip Arhgap36 Hmcn1,18,#9189FF,Core,1.0,1567,1.0,both,True,407231.0,Vip-IRES-Cre;Ai14-407231,F,P56,VISp6a,736805619.0,SM-GE8YB_S057_E1-50,RSC-173,CS180626100017,Vip Arhgap36 Hmcn1,both,True,True,True,Vip,Vip,True,Vip
736811637,1568,P8S4_180814_352_A01,Vip Pygm C1ql1,25,#BD3D9A,I2,1.0,1568,1.0,both,True,407231.0,Vip-IRES-Cre;Ai14-407231,F,P56,VISpm4,736811297.0,SM-GE8YB_S054_E1-50,RSC-173,CS180626100026,Vip Pygm C1ql1,both,True,True,True,Vip,Vip,True,Vip
736834462,1569,PBS4_180814_502_A01,Vip Crispld2 Kcne4,27,#AD589A,Core,1.0,1569,1.0,both,True,407231.0,Vip-IRES-Cre;Ai14-407231,F,P56,VISp2/3,736834378.0,SM-GE8YB_S058_E1-50,RSC-173,CS180626100028,Vip Crispld2 Kcne4,both,True,True,True,Vip,Vip,True,Vip
736884821,1570,P8S4_180814_353_A01,Vip Crispld2 Kcne4,27,#AD589A,Core,1.0,1570,1.0,both,True,407649.0,Vip-IRES-Cre;Ai14-407649,M,P54,VISp2/3,736884805.0,SM-GE8YB_S055_E1-50,RSC-173,CS180626100028,Vip Crispld2 Kcne4,both,True,True,True,Vip,Vip,True,Vip
736887426,1571,P8S4_180814_354_A01,Vip Crispld2 Kcne4,27,#AD589A,I1,1.0,1571,1.0,both,True,407649.0,Vip-IRES-Cre;Ai14-407649,M,P54,VISp2/3,736887395.0,SM-GE8YB_S056_E1-50,RSC-173,CS180626100028,Vip Crispld2 Kcne4,both,True,True,True,Vip,Vip,True,Vip
737181466,1572,P1S4_180815_003_A01,Vip Ptprt Pkp2,20,#FF00FF,Core,1.0,1572,1.0,both,True,407232.0,Vip-IRES-Cre;Ai14-407232,F,P57,VISp2/3,737181285.0,SM-GE8YB_S064_E1-50,RSC-173,CS180626100021,Vip Ptprt Pkp2,both,True,True,True,Vip,Vip,True,Vip
737232125,1573,PAS4_180815_451_A01,Vip Lmo1 Myl1,16,#9FAAFF,Core,1.0,1573,1.0,both,True,407481.0,Chrna2-Cre_OE25;Vip-IRES-FlpO;Ai65-407481,F,P55,VISp4,737232019.0,SM-GE8YB_S085_E1-50,RSC-173,CS180626100020,Vip Lmo1 Myl1,both,True,True,True,Vip,Vip,True,Vip
737412666,1574,P8S4_180815_358_A01,Vip Lect1 Oxtr,22,#FF00B3,I2,1.0,1574,1.0,both,True,407653.0,Vip-IRES-Cre;Ai14-407653,F,P55,VISp2/3,737412336.0,SM-GE8YB_S073_E1-50,RSC-173,CS180626100023,Vip Lect1 Oxtr,both,True,True,True,Vip,Vip,True,Vip
737459574,1575,P8S4_180815_360_A01,Vip Ptprt Pkp2,20,#FF00FF,I1,1.0,1575,1.0,both,True,407653.0,Vip-IRES-Cre;Ai14-407653,F,P55,VISp2/3,737459239.0,SM-GE8YB_S075_E1-50,RSC-173,CS180626100021,Vip Ptprt Pkp2,both,True,True,True,Vip,Vip,True,Vip
737488739,1576,P8S4_180815_362_A01,Vip Ptprt Pkp2,20,#FF00FF,I1,1.0,1576,1.0,both,True,407653.0,Vip-IRES-Cre;Ai14-407653,F,P55,VISp2/3,737488273.0,SM-GE8YB_S077_E1-50,RSC-173,CS180626100021,Vip Ptprt Pkp2,both,True,True,True,Vip,Vip,True,Vip
738039565,1577,P8S4_180816_358_A01,Vip Ptprt Pkp2,20,#FF00FF,I1,1.0,1577,1.0,both,True,407654.0,Vip-IRES-Cre;Ai14-407654,F,P56,VISp2/3,738039550.0,SM-GE8YF_S013_E1-50,RSC-173,CS180626100021,Vip Ptprt Pkp2,both,True,True,True,Vip,Vip,True,Vip
738040602,1578,P8S4_180816_359_A01,Vip Pygm C1ql1,25,#BD3D9A,I2,1.0,1578,1.0,both,True,407654.0,Vip-IRES-Cre;Ai14-407654,F,P56,VISp2/3,738040587.0,SM-GE8YF_S014_E1-50,RSC-173,CS180626100017,Vip Arhgap36 Hmcn1,both,True,True,False,Vip,Vip,True,Vip
738041308,1579,P2S4_180816_054_A01,Vip Lmo1 Myl1,16,#9FAAFF,Core,1.0,1579,1.0,both,True,409272.0,Vip-IRES-Cre;Ai14-409272,F,P56,VISp2/3,738041293.0,SM-GE8YF_S004_E1-50,RSC-173,CS180626100020,Vip Lmo1 Myl1,both,True,True,True,Vip,Vip,True,Vip
738041476,1580,PFS4_180816_701_A01,Vip Rspo1 Itga4,23,#B3128A,I1,1.0,1580,1.0,both,True,409272.0,Vip-IRES-Cre;Ai14-409272,F,P56,VISp2/3,738041461.0,SM-GE8YF_S020_E1-50,RSC-173,CS180626100024,Vip Rspo1 Itga4,both,True,True,True,Vip,Vip,True,Vip
738041530,1581,P8S4_180816_360_A01,Vip Ptprt Pkp2,20,#FF00FF,I1,1.0,1581,1.0,both,True,407654.0,Vip-IRES-Cre;Ai14-407654,F,P56,VISp2/3,738041497.0,SM-GE8YF_S015_E1-50,RSC-173,CS180626100021,Vip Ptprt Pkp2,both,True,True,True,Vip,Vip,True,Vip
738042857,1582,P2S4_180816_055_A01,Vip Chat Htr1f,24,#FF4DC1,I1,1.0,1582,1.0,both,True,409272.0,Vip-IRES-Cre;Ai14-409272,F,P56,VISp2/3,738042840.0,SM-GE8YF_S005_E1-50,RSC-173,CS180626100025,Vip Chat Htr1f,both,True,True,True,Vip,Vip,True,Vip
738043931,1583,PFS4_180816_702_A01,Vip Lmo1 Myl1,16,#9FAAFF,I1,1.0,1583,1.0,both,True,409272.0,Vip-IRES-Cre;Ai14-409272,F,P56,VISp4,738043916.0,SM-GE8YF_S021_E1-50,RSC-173,CS180626100020,Vip Lmo1 Myl1,both,True,True,True,Vip,Vip,True,Vip
738367245,1584,P8S4_180817_351_A01,Vip Lmo1 Myl1,16,#9FAAFF,I1,1.0,1584,1.0,both,True,407646.0,Vip-IRES-Cre;Ai14-407646,M,P57,VISp2/3,738366765.0,SM-GE8YF_S037_E1-50,RSC-173,CS180626100020,Vip Lmo1 Myl1,both,True,True,True,Vip,Vip,True,Vip
738401019,1585,P8S4_180817_352_A01,Vip Crispld2 Kcne4,27,#AD589A,Core,1.0,1585,1.0,both,True,407646.0,Vip-IRES-Cre;Ai14-407646,M,P57,VISp2/3,738400425.0,SM-GE8YF_S038_E1-50,RSC-173,CS180626100028,Vip Crispld2 Kcne4,both,True,True,True,Vip,Vip,True,Vip
738429639,1586,P8S4_180817_353_A01,Vip Ptprt Pkp2,20,#FF00FF,Core,1.0,1586,1.0,both,True,407646.0,Vip-IRES-Cre;Ai14-407646,M,P57,VISpm2/3,738428675.0,SM-GE8YF_S039_E1-50,RSC-173,CS180626100021,Vip Ptprt Pkp2,both,True,True,True,Vip,Vip,True,Vip
738453781,1587,PBS4_180817_501_A01,Vip Gpc3 Slc18a3,19,#B09FFF,Core,1.0,1587,1.0,both,True,407646.0,Vip-IRES-Cre;Ai14-407646,M,P57,VISpm5,738453603.0,SM-GE8YF_S053_E1-50,RSC-173,CS180626100018,Vip Gpc3 Slc18a3,both,True,True,True,Vip,Vip,True,Vip
738468369,1588,P8S4_180817_354_A01,Vip Pygm C1ql1,25,#BD3D9A,Core,1.0,1588,1.0,both,True,407646.0,Vip-IRES-Cre;Ai14-407646,M,P57,VISpm2/3,738468149.0,SM-GE8YF_S040_E1-50,RSC-173,CS180626100026,Vip Pygm C1ql1,both,True,True,True,Vip,Vip,True,Vip
738551522,1589,PBS4_180817_502_A01,Vip Pygm C1ql1,25,#BD3D9A,Core,1.0,1589,1.0,both,True,407646.0,Vip-IRES-Cre;Ai14-407646,M,P57,VISp2/3,738551382.0,SM-GE8YF_S054_E1-50,RSC-173,CS180626100026,Vip Pygm C1ql1,both,True,True,True,Vip,Vip,True,Vip
738651575,1590,PES4_180817_653_A01,Sst Esm1,45,#C11331,Core,1.0,1590,1.0,both,True,407629.0,Crh-IRES-Cre_ZJH;Sst-IRES-FlpO;Ai65-407629,F,P57,VISp6a,738651325.0,SM-GE8YF_S061_E1-50,RSC-173,CS180626100046,Sst Esm1,both,True,True,True,Sst,Sst,True,Sst
738709906,1591,P8S4_180817_356_A01,Vip Lmo1 Myl1,16,#9FAAFF,Core,1.0,1591,1.0,both,True,409269.0,Vip-IRES-Cre;Ai14-409269,F,P57,VISp2/3,738709891.0,SM-GE8YF_S042_E1-50,RSC-173,CS180626100020,Vip Lmo1 Myl1,both,True,True,True,Vip,Vip,True,Vip
738745195,1592,PBS4_180817_503_A01,Vip Lect1 Oxtr,22,#FF00B3,I1,1.0,1592,1.0,both,True,409269.0,Vip-IRES-Cre;Ai14-409269,F,P57,VISp2/3,738744971.0,SM-GE8YF_S055_E1-50,RSC-173,CS180626100023,Vip Lect1 Oxtr,both,True,True,True,Vip,Vip,True,Vip
738753600,1593,P2S4_180817_054_A01,Sst Tac2 Tacstd2,46,#BF8219,Core,1.0,1593,1.0,both,True,407629.0,Crh-IRES-Cre_ZJH;Sst-IRES-FlpO;Ai65-407629,F,P57,VISl5,738753481.0,SM-GE8YF_S033_E1-50,RSC-173,CS180626100047,Sst Tac2 Tacstd2,both,True,True,True,Sst,Sst,True,Sst
738768160,1594,P8S4_180817_357_A01,Vip Crispld2 Kcne4,27,#AD589A,I1,1.0,1594,1.0,both,True,409269.0,Vip-IRES-Cre;Ai14-409269,F,P57,VISpm2/3,738768041.0,SM-GE8YF_S043_E1-50,RSC-173,CS180626100028,Vip Crispld2 Kcne4,both,True,True,True,Vip,Vip,True,Vip
738778332,1595,PAS4_180817_452_A01,Vip Gpc3 Slc18a3,19,#B09FFF,I1,1.0,1595,1.0,both,True,409269.0,Vip-IRES-Cre;Ai14-409269,F,P57,VISpm5,738778084.0,SM-GE8YF_S049_E1-50,RSC-173,CS180626100018,Vip Gpc3 Slc18a3,both,True,True,True,Vip,Vip,True,Vip
738783662,1596,PBS4_180817_504_A01,Vip Col15a1 Pde1a,28,#AC3491,I2,1.0,1596,1.0,both,True,409269.0,Vip-IRES-Cre;Ai14-409269,F,P57,VISp5,738783640.0,SM-GE8YF_S056_E1-50,RSC-173,CS180626100029,Vip Col15a1 Pde1a,both,True,True,True,Vip,Vip,True,Vip
738827343,1597,PAS4_180817_453_A01,Vip Pygm C1ql1,25,#BD3D9A,I1,1.0,1597,1.0,both,True,409269.0,Vip-IRES-Cre;Ai14-409269,F,P57,VISpm2/3,738827236.0,SM-GE8YF_S050_E1-50,RSC-173,CS180626100026,Vip Pygm C1ql1,both,True,True,True,Vip,Vip,True,Vip
738859085,1598,P2S4_180817_055_A01,Vip Crispld2 Kcne4,27,#AD589A,Core,1.0,1598,1.0,both,True,409269.0,Vip-IRES-Cre;Ai14-409269,F,P57,VISp2/3,738859055.0,SM-GE8YF_S034_E1-50,RSC-173,CS180626100028,Vip Crispld2 Kcne4,both,True,True,True,Vip,Vip,True,Vip
738872748,1599,PFS4_180817_702_A01,Vip Chat Htr1f,24,#FF4DC1,Core,1.0,1599,1.0,both,True,408345.0,Chat-IRES-Cre-neo;Ai14-408345,F,P53,VISp2/3,738872532.0,SM-GE8YF_S065_E1-50,RSC-173,CS180626100025,Vip Chat Htr1f,both,True,True,True,Vip,Vip,True,Vip
738873268,1600,PAS4_180817_454_A01,Vip Lmo1 Myl1,16,#9FAAFF,I1,1.0,1600,1.0,both,True,409269.0,Vip-IRES-Cre;Ai14-409269,F,P57,VISp2/3,738873047.0,SM-GE8YF_S051_E1-50,RSC-173,CS180626100020,Vip Lmo1 Myl1,both,True,True,True,Vip,Vip,True,Vip
738900477,1601,P2S4_180817_056_A01,Vip Igfbp4 Mab21l1,17,#533691,I2,1.0,1601,1.0,both,True,409269.0,Vip-IRES-Cre;Ai14-409269,F,P57,VISp2/3,738900302.0,SM-GE8YF_S035_E1-50,RSC-173,CS180626100026,Vip Pygm C1ql1,both,True,True,False,Vip,Vip,True,Vip
738910302,1602,P8S4_180817_359_A01,Vip Ptprt Pkp2,20,#FF00FF,Core,1.0,1602,1.0,both,True,408345.0,Chat-IRES-Cre-neo;Ai14-408345,F,P53,VISpm2/3,738910114.0,SM-GE8YF_S045_E1-50,RSC-173,CS180626100021,Vip Ptprt Pkp2,both,True,True,True,Vip,Vip,True,Vip
738925092,1603,PAS4_180817_455_A01,Vip Lect1 Oxtr,22,#FF00B3,I2,1.0,1603,1.0,both,True,409269.0,Vip-IRES-Cre;Ai14-409269,F,P57,VISp2/3,738924911.0,SM-GE8YF_S052_E1-50,RSC-173,CS180626100023,Vip Lect1 Oxtr,both,True,True,True,Vip,Vip,True,Vip
738980527,1604,PES4_180817_654_A01,Vip Ptprt Pkp2,20,#FF00FF,Core,1.0,1604,1.0,both,True,408345.0,Chat-IRES-Cre-neo;Ai14-408345,F,P53,VISp2/3,738980496.0,SM-GE8YF_S062_E1-50,RSC-173,CS180626100021,Vip Ptprt Pkp2,both,True,True,True,Vip,Vip,True,Vip
739547189,1605,PBS4_180820_501_A01,Vip Pygm C1ql1,25,#BD3D9A,Core,1.0,1605,1.0,both,True,407235.0,Vip-IRES-Cre;Ai14-407235,F,P62,VISp2/3,739547058.0,SM-GE8YF_S088_E1-50,RSC-173,CS180626100026,Vip Pygm C1ql1,both,True,True,True,Vip,Vip,True,Vip
739558458,1606,PAS4_180820_451_A01,Vip Pygm C1ql1,25,#BD3D9A,Core,1.0,1606,1.0,both,True,407235.0,Vip-IRES-Cre;Ai14-407235,F,P62,VISp2/3,739558293.0,SM-GE8YF_S082_E1-50,RSC-173,CS180626100026,Vip Pygm C1ql1,both,True,True,True,Vip,Vip,True,Vip
739558698,1607,P8S4_180820_352_A01,Sst Calb2 Pdlim5,34,#CC6D3D,I1,1.0,1607,1.0,both,True,408755.0,Oxtr-T2A-Cre;Ai14-408755,M,P55,VISp5,739558548.0,SM-GE8YF_S071_E1-50,RSC-173,CS180626100035,Sst Calb2 Pdlim5,both,True,True,True,Sst,Sst,True,Sst
739570508,1608,PBS4_180820_502_A01,Vip Crispld2 Kcne4,27,#AD589A,I1,1.0,1608,1.0,both,True,407235.0,Vip-IRES-Cre;Ai14-407235,F,P62,VISp2/3,739570449.0,SM-GE8YF_S089_E1-50,RSC-173,CS180626100028,Vip Crispld2 Kcne4,both,True,True,True,Vip,Vip,True,Vip
739578795,1609,P8S4_180820_353_A01,Sst Hpse Cbln4,42,#806B19,I1,1.0,1609,1.0,both,True,408755.0,Oxtr-T2A-Cre;Ai14-408755,M,P55,VISpm5,739578447.0,SM-GE8YF_S072_E1-50,RSC-173,CS180626100043,Sst Hpse Cbln4,both,True,True,True,Sst,Sst,True,Sst
739594128,1610,P8S4_180820_354_A01,Lamp5 Ntn1 Npy2r,3,#DD6091,I2,1.0,1610,1.0,both,True,408755.0,Oxtr-T2A-Cre;Ai14-408755,M,P55,VISp2/3,739593970.0,SM-GE8YF_S073_E1-50,RSC-173,CS180626100004,Lamp5 Ntn1 Npy2r,both,True,True,True,Lamp5,Lamp5,True,Lamp5
739680146,1611,PFS4_180820_701_A01,Sncg Vip Itih5,10,#6C00BF,I2,1.0,1611,1.0,both,True,407235.0,Vip-IRES-Cre;Ai14-407235,F,P62,VISp2/3,739679922.0,SM-GE8YF_S095_E1-50,RSC-173,CS180626100011,Sncg Vip Itih5,both,True,True,True,Sncg,Sncg,True,Sncg
739704046,1612,P8S4_180820_355_A01,Sst Crhr2 Efemp1,43,#B95541,Core,1.0,1612,1.0,both,True,408755.0,Oxtr-T2A-Cre;Ai14-408755,M,P55,VISp6a,739703895.0,SM-GE8YF_S074_E1-50,RSC-173,CS180626100044,Sst Crhr2 Efemp1,both,True,True,True,Sst,Sst,True,Sst
739710318,1613,P8S4_180820_356_A01,Lamp5 Lsp1,5,#FFA388,I2,1.0,1613,1.0,both,True,408755.0,Oxtr-T2A-Cre;Ai14-408755,M,P55,VISp2/3,739710190.0,SM-GE8YF_S075_E1-50,RSC-173,CS180626100006,Lamp5 Lsp1,both,True,True,True,Lamp5,Lamp5,True,Lamp5
739710455,1614,PBS4_180820_504_A01,Vip Lmo1 Fam159b,15,#756FB3,Core,1.0,1614,1.0,both,True,407479.0,Chrna2-Cre_OE25;Vip-IRES-FlpO;Ai65-407479,M,P60,VISp4,739710339.0,SM-GE8YF_S091_E1-50,RSC-173,CS180626100019,Vip Lmo1 Fam159b,both,True,True,True,Vip,Vip,True,Vip
739718533,1615,P1S4_180820_003_A01,Vip Lmo1 Myl1,16,#9FAAFF,I1,1.0,1615,1.0,both,True,407479.0,Chrna2-Cre_OE25;Vip-IRES-FlpO;Ai65-407479,M,P60,VISp5,739718518.0,SM-GE8YF_S069_E1-50,RSC-173,CS180626100020,Vip Lmo1 Myl1,both,True,True,True,Vip,Vip,True,Vip
739757521,1616,P8S4_180820_358_A01,Sst Hpse Cbln4,42,#806B19,I1,1.0,1616,1.0,both,True,408755.0,Oxtr-T2A-Cre;Ai14-408755,M,P55,VISpm5,739757415.0,SM-GE8YF_S077_E1-50,RSC-173,CS180626100043,Sst Hpse Cbln4,both,True,True,True,Sst,Sst,True,Sst
739761814,1617,PAS4_180820_454_A01,Vip Arhgap36 Hmcn1,18,#9189FF,Core,1.0,1617,1.0,both,True,407479.0,Chrna2-Cre_OE25;Vip-IRES-FlpO;Ai65-407479,M,P60,VISp4,739761705.0,SM-GE8YF_S085_E1-50,RSC-173,CS180626100017,Vip Arhgap36 Hmcn1,both,True,True,True,Vip,Vip,True,Vip
739810705,1618,P8S4_180820_360_A01,Lamp5 Plch2 Dock5,4,#FF7290,Core,1.0,1618,1.0,both,True,408887.0,Oxtr-T2A-Cre;Ai14-408887,M,P54,VISp5,739810401.0,SM-GE8YF_S079_E1-50,RSC-173,CS180626100005,Lamp5 Plch2 Dock5,both,True,True,True,Lamp5,Lamp5,True,Lamp5
739826599,1619,PAS4_180820_455_A01,Vip Gpc3 Slc18a3,19,#B09FFF,I2,1.0,1619,1.0,both,True,407479.0,Chrna2-Cre_OE25;Vip-IRES-FlpO;Ai65-407479,M,P60,VISp4,739826412.0,SM-GE8YF_S086_E1-50,RSC-173,CS180626100018,Vip Gpc3 Slc18a3,both,True,True,True,Vip,Vip,True,Vip
739829029,1620,PES4_180820_652_A01,Sncg Vip Nptx2,8,#9900B3,Core,1.0,1620,1.0,both,True,407479.0,Chrna2-Cre_OE25;Vip-IRES-FlpO;Ai65-407479,M,P60,VISp5,739828813.0,SM-GE8YF_S093_E1-50,RSC-173,CS180626100009,Sncg Vip Nptx2,both,True,True,True,Sncg,Sncg,True,Sncg
739843300,1621,PES4_180820_653_A01,Vip Arhgap36 Hmcn1,18,#9189FF,Core,1.0,1621,1.0,both,True,407479.0,Chrna2-Cre_OE25;Vip-IRES-FlpO;Ai65-407479,M,P60,VISp5,739843123.0,SM-GE8YF_S094_E1-50,RSC-173,CS180626100017,Vip Arhgap36 Hmcn1,both,True,True,True,Vip,Vip,True,Vip
739851455,1622,PAS4_180820_456_A01,Vip Lmo1 Fam159b,15,#756FB3,Core,1.0,1622,1.0,both,True,407479.0,Chrna2-Cre_OE25;Vip-IRES-FlpO;Ai65-407479,M,P60,VISl4,739851389.0,SM-GE8YF_S087_E1-50,RSC-173,CS180626100019,Vip Lmo1 Fam159b,both,True,True,True,Vip,Vip,True,Vip
740094065,1623,PAS4_180821_451_A01,Sst Crh 4930553C11Rik ,44,#C77767,Core,1.0,1623,1.0,both,True,408415.0,Sst-IRES-Cre;Ai14-408415,M,P57,VISp6a,740093877.0,SM-GE95M_S016_E1-50,RSC-174,CS180626100045,Sst Crh 4930553C11Rik ,both,True,True,True,Sst,Sst,True,Sst
740099887,1624,PES4_180821_651_A01,Sst Rxfp1 Eya1,47,#994C00,I2,1.0,1624,1.0,both,True,408415.0,Sst-IRES-Cre;Ai14-408415,M,P57,VISp6a,740099713.0,SM-GE95M_S031_E1-50,RSC-174,CS180626100048,Sst Rxfp1 Eya1,both,True,True,True,Sst,Sst,True,Sst
740110275,1625,P1S4_180821_002_A01,Sst Nts,49,#A81111,Core,1.0,1625,1.0,both,True,408415.0,Sst-IRES-Cre;Ai14-408415,M,P57,VISp6a,740110152.0,SM-GE95M_S002_E1-50,RSC-174,CS180626100050,Sst Nts,both,True,True,True,Sst,Sst,True,Sst
740134630,1626,P1S4_180821_003_A01,Sst Myh8 Etv1 ,36,#D6C300,Core,1.0,1626,1.0,both,True,408415.0,Sst-IRES-Cre;Ai14-408415,M,P57,VISp5,740134499.0,SM-GE95M_S003_E1-50,RSC-174,CS180626100037,Sst Myh8 Etv1 ,both,True,True,True,Sst,Sst,True,Sst
740134859,1627,PES4_180821_652_A01,Sst Rxfp1 Prdm8,48,#802600,Core,1.0,1627,1.0,both,True,408415.0,Sst-IRES-Cre;Ai14-408415,M,P57,VISp5,740134719.0,SM-GE95M_S032_E1-50,RSC-174,CS180626100049,Sst Rxfp1 Prdm8,both,True,True,True,Sst,Sst,True,Sst
740135032,1628,PAS4_180821_452_A01,Sst Calb2 Pdlim5,34,#CC6D3D,Core,1.0,1628,1.0,both,True,408415.0,Sst-IRES-Cre;Ai14-408415,M,P57,VISpm5,740134946.0,SM-GE95M_S017_E1-50,RSC-174,CS180626100035,Sst Calb2 Pdlim5,both,True,True,True,Sst,Sst,True,Sst
740154931,1629,P8S4_180821_352_A01,Sst Calb2 Pdlim5,34,#CC6D3D,Core,1.0,1629,1.0,both,True,408415.0,Sst-IRES-Cre;Ai14-408415,M,P57,VISpm2/3,740154699.0,SM-GE95M_S012_E1-50,RSC-174,CS180626100035,Sst Calb2 Pdlim5,both,True,True,True,Sst,Sst,True,Sst
740155221,1630,P1S4_180821_004_A01,Sst Calb2 Pdlim5,34,#CC6D3D,Core,1.0,1630,1.0,both,True,408415.0,Sst-IRES-Cre;Ai14-408415,M,P57,VISp4,740155046.0,SM-GE95M_S004_E1-50,RSC-174,CS180626100035,Sst Calb2 Pdlim5,both,True,True,True,Sst,Sst,True,Sst
740157322,1631,PES4_180821_653_A01,Sst Hpse Cbln4,42,#806B19,Core,1.0,1631,1.0,both,True,408415.0,Sst-IRES-Cre;Ai14-408415,M,P57,VISp2/3,740157149.0,SM-GE95M_S033_E1-50,RSC-174,CS180626100043,Sst Hpse Cbln4,both,True,True,True,Sst,Sst,True,Sst
740164794,1632,PBS4_180821_501_A01,Pvalb Reln Itm2a,56,#E67A77,Core,1.0,1632,1.0,both,True,408759.0,Oxtr-T2A-Cre;Ai14-408759,F,P56,VISp4,740164462.0,SM-GE95M_S024_E1-50,RSC-174,CS180626100058,Pvalb Reln Itm2a,both,True,True,True,Pvalb,Pvalb,True,Pvalb
740165079,1633,P1S4_180821_005_A01,Sst Tac2 Tacstd2,46,#BF8219,I1,1.0,1633,1.0,both,True,408415.0,Sst-IRES-Cre;Ai14-408415,M,P57,VISp5,740164921.0,SM-GE95M_S005_E1-50,RSC-174,CS180626100047,Sst Tac2 Tacstd2,both,True,True,True,Sst,Sst,True,Sst
740171595,1634,PAS4_180820_452_A01,Vip Crispld2 Htr2c,26,#882E81,Core,1.0,1634,1.0,both,True,407235.0,Vip-IRES-Cre;Ai14-407235,F,P62,VISp2/3,740171271.0,SM-GE8YF_S083_E1-50,RSC-173,CS180626100027,Vip Crispld2 Htr2c,both,True,True,True,Vip,Vip,True,Vip
740177517,1635,PAS4_180821_453_A01,Sst Hpse Sema3c,41,#BF9F00,Core,1.0,1635,1.0,both,True,408415.0,Sst-IRES-Cre;Ai14-408415,M,P57,VISp4,740177323.0,SM-GE95M_S018_E1-50,RSC-174,CS180626100042,Sst Hpse Sema3c,both,True,True,True,Sst,Sst,True,Sst
740177619,1636,PAS4_180820_453_A01,Vip Arhgap36 Hmcn1,18,#9189FF,Core,1.0,1636,1.0,both,True,407235.0,Vip-IRES-Cre;Ai14-407235,F,P62,VISp6a,740177558.0,SM-GE8YF_S084_E1-50,RSC-173,CS180626100017,Vip Arhgap36 Hmcn1,both,True,True,True,Vip,Vip,True,Vip
740187454,1637,P8S4_180821_353_A01,Sst Tac2 Tacstd2,46,#BF8219,I2,1.0,1637,1.0,both,True,408415.0,Sst-IRES-Cre;Ai14-408415,M,P57,VISpm5,740187389.0,SM-GE95M_S013_E1-50,RSC-174,CS180626100046,Sst Esm1,both,True,True,False,Sst,Sst,True,Sst
740329222,1638,PBS4_180821_505_A01,Lamp5 Lsp1,5,#FFA388,Core,1.0,1638,1.0,both,True,408759.0,Oxtr-T2A-Cre;Ai14-408759,F,P56,VISp5,740329135.0,SM-GE95M_S028_E1-50,RSC-174,CS180626100006,Lamp5 Lsp1,both,True,True,True,Lamp5,Lamp5,True,Lamp5
740346299,1639,P2S4_180821_051_A01,Vip Crispld2 Kcne4,27,#AD589A,I2,1.0,1639,1.0,both,True,408759.0,Oxtr-T2A-Cre;Ai14-408759,F,P56,VISp2/3,740346240.0,SM-GE95M_S007_E1-50,RSC-174,CS180626100028,Vip Crispld2 Kcne4,both,True,True,True,Vip,Vip,True,Vip
740352406,1640,PFS4_180821_704_A01,Sst Crhr2 Efemp1,43,#B95541,Core,1.0,1640,1.0,both,True,407830.0,Npr3-IRES2-Cre;Sst-IRES-FlpO;Ai65-407830,M,P60,VISp6a,740352391.0,SM-GE95M_S039_E1-50,RSC-174,CS180626100044,Sst Crhr2 Efemp1,both,True,True,True,Sst,Sst,True,Sst
740359521,1641,PAS4_180821_455_A01,Sst Tac2 Tacstd2,46,#BF8219,I3,1.0,1641,1.0,both,True,407830.0,Npr3-IRES2-Cre;Sst-IRES-FlpO;Ai65-407830,M,P60,VISp6a,740359500.0,SM-GE95M_S020_E1-50,RSC-174,CS180626100041,Sst Tac2 Myh4,both,True,True,False,Sst,Sst,True,Sst
740375958,1642,PFS4_180821_705_A01,Sst Tac2 Tacstd2,46,#BF8219,Core,1.0,1642,1.0,both,True,407830.0,Npr3-IRES2-Cre;Sst-IRES-FlpO;Ai65-407830,M,P60,VISp6a,740375936.0,SM-GE95M_S040_E1-50,RSC-174,CS180626100047,Sst Tac2 Tacstd2,both,True,True,True,Sst,Sst,True,Sst
740377439,1643,PFS4_180821_706_A01,Sst Tac1 Htr1d,31,#804811,I3,1.0,1643,1.0,both,True,407830.0,Npr3-IRES2-Cre;Sst-IRES-FlpO;Ai65-407830,M,P60,VISp2/3,740377422.0,SM-GE95M_S041_E1-50,RSC-174,CS180626100033,Sst Tac1 Tacr3,both,True,True,False,Sst,Sst,True,Sst
740377985,1644,PBS4_180821_506_A01,Lamp5 Lsp1,5,#FFA388,Core,1.0,1644,1.0,both,True,408893.0,Oxtr-T2A-Cre;Ai14-408893,F,P55,VISp5,740377841.0,SM-GE95M_S029_E1-50,RSC-174,CS180626100006,Lamp5 Lsp1,both,True,True,True,Lamp5,Lamp5,True,Lamp5
740380531,1645,P2S4_180821_053_A01,Sst Calb2 Pdlim5,34,#CC6D3D,I1,1.0,1645,1.0,both,True,408893.0,Oxtr-T2A-Cre;Ai14-408893,F,P55,VISp2/3,740380460.0,SM-GE95M_S009_E1-50,RSC-174,CS180626100035,Sst Calb2 Pdlim5,both,True,True,True,Sst,Sst,True,Sst
740384583,1646,PBS4_180821_507_A01,Pvalb Sema3e Kank4,54,#C94545,Core,1.0,1646,1.0,both,True,408893.0,Oxtr-T2A-Cre;Ai14-408893,F,P55,VISp6a,740384556.0,SM-GE95M_S030_E1-50,RSC-174,CS180626100055,Pvalb Sema3e Kank4,both,True,True,True,Pvalb,Pvalb,True,Pvalb
740387306,1647,PAS4_180821_456_A01,Sst Hpse Sema3c,41,#BF9F00,Core,1.0,1647,1.0,both,True,408893.0,Oxtr-T2A-Cre;Ai14-408893,F,P55,VISp2/3,740387276.0,SM-GE95M_S021_E1-50,RSC-174,CS180626100042,Sst Hpse Sema3c,both,True,True,True,Sst,Sst,True,Sst
740393842,1648,PES4_180821_654_A01,Sst Calb2 Pdlim5,34,#CC6D3D,I1,1.0,1648,1.0,both,True,408893.0,Oxtr-T2A-Cre;Ai14-408893,F,P55,VISp2/3,740393823.0,SM-GE95M_S034_E1-50,RSC-174,CS180626100035,Sst Calb2 Pdlim5,both,True,True,True,Sst,Sst,True,Sst
740402647,1649,PFS4_180821_707_A01,Sst Nts,49,#A81111,Core,1.0,1649,1.0,both,True,407830.0,Npr3-IRES2-Cre;Sst-IRES-FlpO;Ai65-407830,M,P60,VISp6a,740402519.0,SM-GE95M_S042_E1-50,RSC-174,CS180626100050,Sst Nts,both,True,True,True,Sst,Sst,True,Sst
740404536,1650,PAS4_180821_457_A01,Pvalb Tpbg,58,#AF3F64,Core,1.0,1650,1.0,both,True,408893.0,Oxtr-T2A-Cre;Ai14-408893,F,P55,VISp5,740404486.0,SM-GE95M_S022_E1-50,RSC-174,CS180626100059,Pvalb Tpbg,both,True,True,True,Pvalb,Pvalb,True,Pvalb
740441211,1651,PAS4_180821_458_A01,Sst Calb2 Pdlim5,34,#CC6D3D,I2,1.0,1651,1.0,both,True,407830.0,Npr3-IRES2-Cre;Sst-IRES-FlpO;Ai65-407830,M,P60,VISp2/3,740441185.0,SM-GE95M_S023_E1-50,RSC-174,CS180626100034,Sst Calb2 Necab1,both,True,True,False,Sst,Sst,True,Sst
740649731,1652,P1S4_180822_001_A01,Sst Crhr2 Efemp1,43,#B95541,Core,1.0,1652,1.0,both,True,408417.0,Sst-IRES-Cre;Ai14-408417,M,P58,VISp5,740649447.0,SM-GE95M_S043_E1-50,RSC-174,CS180626100044,Sst Crhr2 Efemp1,both,True,True,True,Sst,Sst,True,Sst
740660643,1653,P1S4_180822_002_A01,Sst Tac2 Tacstd2,46,#BF8219,I2,1.0,1653,1.0,both,True,408417.0,Sst-IRES-Cre;Ai14-408417,M,P58,VISp5,740660499.0,SM-GE95M_S044_E1-50,RSC-174,CS180626100041,Sst Tac2 Myh4,both,True,True,False,Sst,Sst,True,Sst
740673680,1654,PAS4_180822_451_A01,Sst Myh8 Etv1 ,36,#D6C300,I2,1.0,1654,1.0,both,True,408417.0,Sst-IRES-Cre;Ai14-408417,M,P58,VISp5,740673472.0,SM-GE95M_S068_E1-50,RSC-174,CS180626100037,Sst Myh8 Etv1 ,both,True,True,True,Sst,Sst,True,Sst
740675145,1655,P1S4_180822_003_A01,Sst Esm1,45,#C11331,I1,1.0,1655,1.0,both,True,408417.0,Sst-IRES-Cre;Ai14-408417,M,P58,VISp5,740674930.0,SM-GE95M_S045_E1-50,RSC-174,CS180626100046,Sst Esm1,both,True,True,True,Sst,Sst,True,Sst
740695122,1656,P1S4_180822_004_A01,Sst Myh8 Etv1 ,36,#D6C300,I2,1.0,1656,1.0,both,True,408417.0,Sst-IRES-Cre;Ai14-408417,M,P58,VISp5,740694907.0,SM-GE95M_S046_E1-50,RSC-174,CS180626100037,Sst Myh8 Etv1 ,both,True,True,True,Sst,Sst,True,Sst
740731933,1657,P1S4_180822_005_A01,Sst Myh8 Fibin,38,#FF8011,Core,1.0,1657,1.0,both,True,408417.0,Sst-IRES-Cre;Ai14-408417,M,P58,VISp5,740731687.0,SM-GE95M_S047_E1-50,RSC-174,CS180626100038,Sst Myh8 Fibin,both,True,True,True,Sst,Sst,True,Sst
740732467,1658,P2S4_180822_051_A01,Sst Tac2 Tacstd2,46,#BF8219,Core,1.0,1658,1.0,both,True,408417.0,Sst-IRES-Cre;Ai14-408417,M,P58,VISp5,740732100.0,SM-GE95M_S052_E1-50,RSC-174,CS180626100047,Sst Tac2 Tacstd2,both,True,True,True,Sst,Sst,True,Sst
740780456,1659,P2S4_180822_052_A01,Sst Hpse Cbln4,42,#806B19,I1,1.0,1659,1.0,both,True,408417.0,Sst-IRES-Cre;Ai14-408417,M,P58,VISp5,740780322.0,SM-GE95M_S053_E1-50,RSC-174,CS180626100043,Sst Hpse Cbln4,both,True,True,True,Sst,Sst,True,Sst
740819727,1660,PAS4_180822_452_A01,Sst Rxfp1 Eya1,47,#994C00,Core,1.0,1660,1.0,both,True,408417.0,Sst-IRES-Cre;Ai14-408417,M,P58,VISl6a,740819575.0,SM-GE95M_S069_E1-50,RSC-174,CS180626100048,Sst Rxfp1 Eya1,both,True,True,True,Sst,Sst,True,Sst
740844208,1661,PES4_180822_653_A01,Vip Crispld2 Kcne4,27,#AD589A,Core,1.0,1661,1.0,both,True,409345.0,Cck-IRES-Cre;Vip-IRES-FlpO;Ai65-409345,M,P53,VISp2/3,740844120.0,SM-GE95M_S076_E1-50,RSC-174,CS180626100028,Vip Crispld2 Kcne4,both,True,True,True,Vip,Vip,True,Vip
740853942,1662,PAS4_180822_453_A01,Sst Calb2 Pdlim5,34,#CC6D3D,Core,1.0,1662,1.0,both,True,408417.0,Sst-IRES-Cre;Ai14-408417,M,P58,VISli5,740853884.0,SM-GE95M_S070_E1-50,RSC-174,CS180626100035,Sst Calb2 Pdlim5,both,True,True,True,Sst,Sst,True,Sst
740865726,1663,P1S4_180822_007_A01,Sst Hpse Sema3c,41,#BF9F00,Core,1.0,1663,1.0,both,True,408889.0,Oxtr-T2A-Cre;Ai14-408889,M,P56,VISp5,740865639.0,SM-GE95M_S049_E1-50,RSC-174,CS180626100042,Sst Hpse Sema3c,both,True,True,True,Sst,Sst,True,Sst
740868192,1664,P8S4_180822_356_A01,Pvalb Sema3e Kank4,54,#C94545,Core,1.0,1664,1.0,both,True,408760.0,Oxtr-T2A-Cre;Ai14-408760,F,P57,VISp5,740868095.0,SM-GE95M_S062_E1-50,RSC-174,CS180626100055,Pvalb Sema3e Kank4,both,True,True,True,Pvalb,Pvalb,True,Pvalb
740872937,1665,P1S4_180822_008_A01,Sst Hpse Cbln4,42,#806B19,Core,1.0,1665,1.0,both,True,408889.0,Oxtr-T2A-Cre;Ai14-408889,M,P56,VISp4,740872922.0,SM-GE95M_S050_E1-50,RSC-174,CS180626100043,Sst Hpse Cbln4,both,True,True,True,Sst,Sst,True,Sst
740872967,1666,P8S4_180822_357_A01,Sst Tac1 Htr1d,31,#804811,I2,1.0,1666,1.0,both,True,408760.0,Oxtr-T2A-Cre;Ai14-408760,F,P57,VISp4,740872952.0,SM-GE95M_S063_E1-50,RSC-174,CS180626100032,Sst Tac1 Htr1d,both,True,True,True,Sst,Sst,True,Sst
740873391,1667,P1S4_180822_009_A01,Pvalb Tpbg,58,#AF3F64,I1,1.0,1667,1.0,both,True,408889.0,Oxtr-T2A-Cre;Ai14-408889,M,P56,VISp2/3,740873376.0,SM-GE95M_S051_E1-50,RSC-174,CS180626100059,Pvalb Tpbg,both,True,True,True,Pvalb,Pvalb,True,Pvalb
740874479,1668,PES4_180822_654_A01,Vip Crispld2 Kcne4,27,#AD589A,Core,1.0,1668,1.0,both,True,409345.0,Cck-IRES-Cre;Vip-IRES-FlpO;Ai65-409345,M,P53,VISl4,740874454.0,SM-GE95M_S077_E1-50,RSC-174,CS180626100028,Vip Crispld2 Kcne4,both,True,True,True,Vip,Vip,True,Vip
740875222,1669,P8S4_180822_358_A01,Sst Chodl,29,#FFFF00,Core,1.0,1669,1.0,both,True,408760.0,Oxtr-T2A-Cre;Ai14-408760,F,P57,VISp5,740875194.0,SM-GE95M_S064_E1-50,RSC-174,CS180626100030,Sst Chodl,both,True,True,True,Sst,Sst,True,Sst
740877043,1670,P8S4_180822_359_A01,Vip Crispld2 Kcne4,27,#AD589A,Core,1.0,1670,1.0,both,True,409345.0,Cck-IRES-Cre;Vip-IRES-FlpO;Ai65-409345,M,P53,VISp2/3,740877028.0,SM-GE95M_S065_E1-50,RSC-174,CS180626100028,Vip Crispld2 Kcne4,both,True,True,True,Vip,Vip,True,Vip
740877184,1671,PAS4_180822_454_A01,Vip Crispld2 Kcne4,27,#AD589A,Core,1.0,1671,1.0,both,True,409345.0,Cck-IRES-Cre;Vip-IRES-FlpO;Ai65-409345,M,P53,VISp2/3,740877169.0,SM-GE95M_S071_E1-50,RSC-174,CS180626100028,Vip Crispld2 Kcne4,both,True,True,True,Vip,Vip,True,Vip
740880740,1672,P8S4_180822_360_A01,Vip Crispld2 Kcne4,27,#AD589A,Core,1.0,1672,1.0,both,True,409345.0,Cck-IRES-Cre;Vip-IRES-FlpO;Ai65-409345,M,P53,VISp2/3,740880579.0,SM-GE95M_S066_E1-50,RSC-174,CS180626100028,Vip Crispld2 Kcne4,both,True,True,True,Vip,Vip,True,Vip
740890495,1673,P2S4_180822_055_A01,Sst Calb2 Pdlim5,34,#CC6D3D,I1,1.0,1673,1.0,both,True,408889.0,Oxtr-T2A-Cre;Ai14-408889,M,P56,VISp2/3,740890425.0,SM-GE95M_S056_E1-50,RSC-174,CS180626100035,Sst Calb2 Pdlim5,both,True,True,True,Sst,Sst,True,Sst
740892132,1674,PES4_180822_655_A01,Vip Pygm C1ql1,25,#BD3D9A,Core,1.0,1674,1.0,both,True,409345.0,Cck-IRES-Cre;Vip-IRES-FlpO;Ai65-409345,M,P53,VISp1,740892117.0,SM-GE95M_S078_E1-50,RSC-174,CS180626100026,Vip Pygm C1ql1,both,True,True,True,Vip,Vip,True,Vip
740895056,1675,PFS4_180822_704_A01,Sncg Vip Itih5,10,#6C00BF,I1,1.0,1675,1.0,both,True,409345.0,Cck-IRES-Cre;Vip-IRES-FlpO;Ai65-409345,M,P53,VISp2/3,740895041.0,SM-GE95M_S082_E1-50,RSC-174,CS180626100011,Sncg Vip Itih5,both,True,True,True,Sncg,Sncg,True,Sncg
741090878,1676,PAS4_180823_451_A01,Sst Mme Fam114a1,30,#FFBB33,Core,1.0,1676,1.0,both,True,408419.0,Sst-IRES-Cre;Ai14-408419,M,P59,VISp5,741090568.0,SM-GE95N_S127_E1-50,RSC-174,CS180626100031,Sst Mme Fam114a1,both,True,True,True,Sst,Sst,True,Sst
741098201,1677,P8S4_180823_351_A01,Sst Mme Fam114a1,30,#FFBB33,Core,1.0,1677,1.0,both,True,408419.0,Sst-IRES-Cre;Ai14-408419,M,P59,VISp5,741097956.0,SM-GE95N_S109_E1-50,RSC-174,CS180626100031,Sst Mme Fam114a1,both,True,True,True,Sst,Sst,True,Sst
741110186,1678,P1S4_180823_001_A01,Sst Rxfp1 Prdm8,48,#802600,Core,1.0,1678,1.0,both,True,408419.0,Sst-IRES-Cre;Ai14-408419,M,P59,VISpm5,741109863.0,SM-GE95M_S083_E1-50,RSC-174,CS180626100049,Sst Rxfp1 Prdm8,both,True,True,True,Sst,Sst,True,Sst
741137203,1679,P8S4_180823_352_A01,Sst Esm1,45,#C11331,Core,1.0,1679,1.0,both,True,408419.0,Sst-IRES-Cre;Ai14-408419,M,P59,VISp5,741136821.0,SM-GE95N_S110_E1-50,RSC-174,CS180626100046,Sst Esm1,both,True,True,True,Sst,Sst,True,Sst
741137658,1680,P2S4_180823_051_A01,Sst Hpse Cbln4,42,#806B19,I1,1.0,1680,1.0,both,True,408419.0,Sst-IRES-Cre;Ai14-408419,M,P59,VISp2/3,741137498.0,SM-GE95M_S088_E1-50,RSC-174,CS180626100043,Sst Hpse Cbln4,both,True,True,True,Sst,Sst,True,Sst
741138005,1681,PAS4_180823_452_A01,Sst Hpse Cbln4,42,#806B19,Core,1.0,1681,1.0,both,True,408419.0,Sst-IRES-Cre;Ai14-408419,M,P59,VISp4,741137857.0,SM-GE95N_S128_E1-50,RSC-174,CS180626100043,Sst Hpse Cbln4,both,True,True,True,Sst,Sst,True,Sst
741140268,1682,PES4_180823_651_A01,Sst Hpse Cbln4,42,#806B19,I2,1.0,1682,1.0,both,True,408419.0,Sst-IRES-Cre;Ai14-408419,M,P59,VISp5,741140065.0,SM-GE95N_S138_E1-50,RSC-174,CS180626100043,Sst Hpse Cbln4,both,True,True,True,Sst,Sst,True,Sst
741151617,1683,P1S4_180823_003_A01,Sst Crh 4930553C11Rik ,44,#C77767,I2,1.0,1683,1.0,both,True,408419.0,Sst-IRES-Cre;Ai14-408419,M,P59,VISp5,741151331.0,SM-GE95M_S085_E1-50,RSC-174,CS180626100044,Sst Crhr2 Efemp1,both,True,True,False,Sst,Sst,True,Sst
741170129,1684,PES4_180823_652_A01,Sst Calb2 Pdlim5,34,#CC6D3D,Core,1.0,1684,1.0,both,True,408419.0,Sst-IRES-Cre;Ai14-408419,M,P59,VISpm2/3,741169825.0,SM-GE95N_S139_E1-50,RSC-174,CS180626100035,Sst Calb2 Pdlim5,both,True,True,True,Sst,Sst,True,Sst
741170308,1685,P1S4_180823_004_A01,Sst Rxfp1 Eya1,47,#994C00,Core,1.0,1685,1.0,both,True,408419.0,Sst-IRES-Cre;Ai14-408419,M,P59,VISp6a,741170234.0,SM-GE95M_S086_E1-50,RSC-174,CS180626100048,Sst Rxfp1 Eya1,both,True,True,True,Sst,Sst,True,Sst
741170454,1686,PAS4_180823_453_A01,Sst Rxfp1 Prdm8,48,#802600,Core,1.0,1686,1.0,both,True,408419.0,Sst-IRES-Cre;Ai14-408419,M,P59,VISp5,741170382.0,SM-GE95N_S129_E1-50,RSC-174,CS180626100049,Sst Rxfp1 Prdm8,both,True,True,True,Sst,Sst,True,Sst
741175551,1687,P2S4_180823_052_A01,Sst Myh8 Fibin,38,#FF8011,Core,1.0,1687,1.0,both,True,408419.0,Sst-IRES-Cre;Ai14-408419,M,P59,VISp5,741175383.0,SM-GE95N_S103_E1-50,RSC-174,CS180626100038,Sst Myh8 Fibin,both,True,True,True,Sst,Sst,True,Sst
741175739,1688,P8S4_180823_353_A01,Sst Crhr2 Efemp1,43,#B95541,Core,1.0,1688,1.0,both,True,408419.0,Sst-IRES-Cre;Ai14-408419,M,P59,VISpm5,741175577.0,SM-GE95N_S111_E1-50,RSC-174,CS180626100044,Sst Crhr2 Efemp1,both,True,True,True,Sst,Sst,True,Sst
741183749,1689,PES4_180823_653_A01,Sst Calb2 Pdlim5,34,#CC6D3D,Core,1.0,1689,1.0,both,True,408419.0,Sst-IRES-Cre;Ai14-408419,M,P59,VISpm2/3,741183693.0,SM-GE95N_S140_E1-50,RSC-174,CS180626100035,Sst Calb2 Pdlim5,both,True,True,True,Sst,Sst,True,Sst
741187985,1690,P8S4_180823_354_A01,Sst Mme Fam114a1,30,#FFBB33,I1,1.0,1690,1.0,both,True,408419.0,Sst-IRES-Cre;Ai14-408419,M,P59,VISpm5,741187899.0,SM-GE95N_S112_E1-50,RSC-174,CS180626100031,Sst Mme Fam114a1,both,True,True,True,Sst,Sst,True,Sst
741188037,1691,PAS4_180823_454_A01,Sst Rxfp1 Prdm8,48,#802600,Core,1.0,1691,1.0,both,True,408419.0,Sst-IRES-Cre;Ai14-408419,M,P59,VISp2/3,741188010.0,SM-GE95N_S130_E1-50,RSC-174,CS180626100049,Sst Rxfp1 Prdm8,both,True,True,True,Sst,Sst,True,Sst
741191450,1692,P2S4_180823_053_A01,Sst Crhr2 Efemp1,43,#B95541,I2,1.0,1692,1.0,both,True,408761.0,Oxtr-T2A-Cre;Ai14-408761,F,P58,VISp5,741191435.0,SM-GE95N_S104_E1-50,RSC-174,CS180626100043,Sst Hpse Cbln4,both,True,True,False,Sst,Sst,True,Sst
741192687,1693,PAS4_180823_455_A01,Sst Calb2 Pdlim5,34,#CC6D3D,I1,1.0,1693,1.0,both,True,408419.0,Sst-IRES-Cre;Ai14-408419,M,P59,VISp2/3,741192672.0,SM-GE95N_S131_E1-50,RSC-174,CS180626100035,Sst Calb2 Pdlim5,both,True,True,True,Sst,Sst,True,Sst
741193645,1694,P2S4_180823_054_A01,Sst Calb2 Pdlim5,34,#CC6D3D,Core,1.0,1694,1.0,both,True,408761.0,Oxtr-T2A-Cre;Ai14-408761,F,P58,VISp4,741193630.0,SM-GE95N_S105_E1-50,RSC-174,CS180626100035,Sst Calb2 Pdlim5,both,True,True,True,Sst,Sst,True,Sst
741194756,1695,PAS4_180823_456_A01,Sst Rxfp1 Prdm8,48,#802600,Core,1.0,1695,1.0,both,True,408419.0,Sst-IRES-Cre;Ai14-408419,M,P59,VISp6a,741194741.0,SM-GE95N_S132_E1-50,RSC-174,CS180626100049,Sst Rxfp1 Prdm8,both,True,True,True,Sst,Sst,True,Sst
741195002,1696,P2S4_180823_055_A01,Vip Chat Htr1f,24,#FF4DC1,I1,1.0,1696,1.0,both,True,408761.0,Oxtr-T2A-Cre;Ai14-408761,F,P58,VISp2/3,741194984.0,SM-GE95N_S106_E1-50,RSC-174,CS180626100025,Vip Chat Htr1f,both,True,True,True,Vip,Vip,True,Vip
741195052,1697,PES4_180823_655_A01,Sst Calb2 Pdlim5,34,#CC6D3D,I1,1.0,1697,1.0,both,True,408419.0,Sst-IRES-Cre;Ai14-408419,M,P59,VISpm4,741195017.0,SM-GE95N_S142_E1-50,RSC-174,CS180626100035,Sst Calb2 Pdlim5,both,True,True,True,Sst,Sst,True,Sst
741198581,1698,PAS4_180823_457_A01,Sst Rxfp1 Prdm8,48,#802600,Core,1.0,1698,1.0,both,True,408419.0,Sst-IRES-Cre;Ai14-408419,M,P59,VISp5,741198566.0,SM-GE95N_S133_E1-50,RSC-174,CS180626100049,Sst Rxfp1 Prdm8,both,True,True,True,Sst,Sst,True,Sst
741202597,1699,P8S4_180823_355_A01,Lamp5 Lsp1,5,#FFA388,I1,1.0,1699,1.0,both,True,408761.0,Oxtr-T2A-Cre;Ai14-408761,F,P58,VISp2/3,741202567.0,SM-GE95N_S121_E1-50,RSC-174,CS180626100006,Lamp5 Lsp1,both,True,True,True,Lamp5,Lamp5,True,Lamp5
741204588,1700,PAS4_180823_458_A01,Pvalb Tpbg,58,#AF3F64,Core,1.0,1700,1.0,both,True,408419.0,Sst-IRES-Cre;Ai14-408419,M,P59,VISp2/3,741204572.0,SM-GE95N_S134_E1-50,RSC-174,CS180626100059,Pvalb Tpbg,both,True,True,True,Pvalb,Pvalb,True,Pvalb
741225385,1701,P2S4_180823_056_A01,Lamp5 Ntn1 Npy2r,3,#DD6091,I1,1.0,1701,1.0,both,True,408761.0,Oxtr-T2A-Cre;Ai14-408761,F,P58,VISpm2/3,741225355.0,SM-GE95N_S107_E1-50,RSC-174,CS180626100004,Lamp5 Ntn1 Npy2r,both,True,True,True,Lamp5,Lamp5,True,Lamp5
741230081,1702,P8S4_180823_358_A01,Sst Hpse Cbln4,42,#806B19,Core,1.0,1702,1.0,both,True,408890.0,Oxtr-T2A-Cre;Ai14-408890,M,P57,VISp5,741230065.0,SM-GE95N_S124_E1-50,RSC-174,CS180626100043,Sst Hpse Cbln4,both,True,True,True,Sst,Sst,True,Sst
741255530,1703,PAS4_180823_459_A01,Vip Col15a1 Pde1a,28,#AC3491,Core,1.0,1703,1.0,both,True,409347.0,Cck-IRES-Cre;Vip-IRES-FlpO;Ai65-409347,M,P54,VISp2/3,741255367.0,SM-GE95N_S135_E1-50,RSC-174,CS180626100029,Vip Col15a1 Pde1a,both,True,True,True,Vip,Vip,True,Vip
741269223,1704,P8S4_180823_359_A01,Sst Hpse Cbln4,42,#806B19,Core,1.0,1704,1.0,both,True,408890.0,Oxtr-T2A-Cre;Ai14-408890,M,P57,VISp5,741269194.0,SM-GE95N_S125_E1-50,RSC-174,CS180626100043,Sst Hpse Cbln4,both,True,True,True,Sst,Sst,True,Sst
741270123,1705,P2S4_180823_057_A01,Vip Col15a1 Pde1a,28,#AC3491,I1,1.0,1705,1.0,both,True,409347.0,Cck-IRES-Cre;Vip-IRES-FlpO;Ai65-409347,M,P54,VISp1,741270086.0,SM-GE95N_S108_E1-50,RSC-174,CS180626100029,Vip Col15a1 Pde1a,both,True,True,True,Vip,Vip,True,Vip
741277279,1706,P8S4_180823_360_A01,Sst Calb2 Necab1,33,#BF480D,I1,1.0,1706,1.0,both,True,408890.0,Oxtr-T2A-Cre;Ai14-408890,M,P57,VISp4,741277063.0,SM-GE95N_S126_E1-50,RSC-174,CS180626100034,Sst Calb2 Necab1,both,True,True,True,Sst,Sst,True,Sst
741313892,1707,PAS4_180823_460_A01,Sst Tac1 Htr1d,31,#804811,I2,1.0,1707,1.0,both,True,408890.0,Oxtr-T2A-Cre;Ai14-408890,M,P57,VISal5,741313756.0,SM-GE95N_S136_E1-50,RSC-174,CS180626100035,Sst Calb2 Pdlim5,both,True,True,False,Sst,Sst,True,Sst
741318409,1708,PAS4_180823_461_A01,Sst Hpse Cbln4,42,#806B19,Core,1.0,1708,1.0,both,True,408890.0,Oxtr-T2A-Cre;Ai14-408890,M,P57,VISp5,741318341.0,SM-GE95N_S137_E1-50,RSC-174,CS180626100043,Sst Hpse Cbln4,both,True,True,True,Sst,Sst,True,Sst
741742636,1709,PBS4_180824_502_A01,Sst Rxfp1 Eya1,47,#994C00,I1,1.0,1709,1.0,both,True,408421.0,Sst-IRES-Cre;Ai14-408421,F,P60,VISp5,741742483.0,SM-GE95N_S167_E1-50,RSC-174,CS180626100048,Sst Rxfp1 Eya1,both,True,True,True,Sst,Sst,True,Sst
741766731,1710,P2S4_180824_051_A01,Sst Mme Fam114a1,30,#FFBB33,I2,1.0,1710,1.0,both,True,408421.0,Sst-IRES-Cre;Ai14-408421,F,P60,VISp5,741766481.0,SM-GE95N_S151_E1-50,RSC-174,CS180626100031,Sst Mme Fam114a1,both,True,True,True,Sst,Sst,True,Sst
741785767,1711,P1S4_180824_001_A01,Sst Hpse Cbln4,42,#806B19,I1,1.0,1711,1.0,both,True,408421.0,Sst-IRES-Cre;Ai14-408421,F,P60,VISp5,741785566.0,SM-GE95N_S147_E1-50,RSC-174,CS180626100043,Sst Hpse Cbln4,both,True,True,True,Sst,Sst,True,Sst
741788179,1712,PBS4_180824_503_A01,Sst Tac1 Htr1d,31,#804811,I2,1.0,1712,1.0,both,True,408421.0,Sst-IRES-Cre;Ai14-408421,F,P60,VISpm2/3,741787984.0,SM-GE95N_S168_E1-50,RSC-174,CS180626100032,Sst Tac1 Htr1d,both,True,True,True,Sst,Sst,True,Sst
741796557,1713,P1S4_180824_002_A01,Sst Myh8 Etv1 ,36,#D6C300,I1,1.0,1713,1.0,both,True,408421.0,Sst-IRES-Cre;Ai14-408421,F,P60,VISp5,741796288.0,SM-GE95N_S148_E1-50,RSC-174,CS180626100037,Sst Myh8 Etv1 ,both,True,True,True,Sst,Sst,True,Sst
741803504,1714,P2S4_180824_052_A01,Sst Tac2 Tacstd2,46,#BF8219,I2,1.0,1714,1.0,both,True,408421.0,Sst-IRES-Cre;Ai14-408421,F,P60,VISp6a,741803211.0,SM-GE95N_S152_E1-50,RSC-174,CS180626100046,Sst Esm1,both,True,True,False,Sst,Sst,True,Sst
741816227,1715,P1S4_180824_003_A01,Sst Rxfp1 Eya1,47,#994C00,I2,1.0,1715,1.0,both,True,408421.0,Sst-IRES-Cre;Ai14-408421,F,P60,VISp5,741816024.0,SM-GE95N_S149_E1-50,RSC-174,CS180626100048,Sst Rxfp1 Eya1,both,True,True,True,Sst,Sst,True,Sst
741835082,1716,P2S4_180824_053_A01,Sst Calb2 Pdlim5,34,#CC6D3D,I3,1.0,1716,1.0,both,True,408421.0,Sst-IRES-Cre;Ai14-408421,F,P60,VISpm5,741834824.0,SM-GE95N_S153_E1-50,RSC-174,CS180626100043,Sst Hpse Cbln4,both,True,True,False,Sst,Sst,True,Sst
741835406,1717,PBS4_180824_504_A01,Sst Calb2 Pdlim5,34,#CC6D3D,Core,1.0,1717,1.0,both,True,408892.0,Oxtr-T2A-Cre;Ai14-408892,F,P58,VISp5,741835216.0,SM-GE95N_S169_E1-50,RSC-174,CS180626100035,Sst Calb2 Pdlim5,both,True,True,True,Sst,Sst,True,Sst
741835561,1718,P1S4_180824_004_A01,Sst Myh8 Fibin,38,#FF8011,Core,1.0,1718,1.0,both,True,408421.0,Sst-IRES-Cre;Ai14-408421,F,P60,VISp5,741835481.0,SM-GE95N_S150_E1-50,RSC-174,CS180626100038,Sst Myh8 Fibin,both,True,True,True,Sst,Sst,True,Sst
741894708,1719,PBS4_180824_506_A01,Lamp5 Plch2 Dock5,4,#FF7290,I2,1.0,1719,1.0,both,True,408892.0,Oxtr-T2A-Cre;Ai14-408892,F,P58,VISp4,741894613.0,SM-GE95N_S171_E1-50,RSC-174,CS180626100005,Lamp5 Plch2 Dock5,both,True,True,True,Lamp5,Lamp5,True,Lamp5
741908619,1720,P2S4_180824_055_A01,Sst Esm1,45,#C11331,Core,1.0,1720,1.0,both,True,408421.0,Sst-IRES-Cre;Ai14-408421,F,P60,VISp5,741908390.0,SM-GE95N_S155_E1-50,RSC-174,CS180626100046,Sst Esm1,both,True,True,True,Sst,Sst,True,Sst
741940660,1721,P2S4_180824_056_A01,Sst Mme Fam114a1,30,#FFBB33,I1,1.0,1721,1.0,both,True,408421.0,Sst-IRES-Cre;Ai14-408421,F,P60,VISp5,741940611.0,SM-GE95N_S156_E1-50,RSC-174,CS180626100031,Sst Mme Fam114a1,both,True,True,True,Sst,Sst,True,Sst
741960645,1722,P2S4_180824_057_A01,Sst Calb2 Necab1,33,#BF480D,I1,1.0,1722,1.0,both,True,408421.0,Sst-IRES-Cre;Ai14-408421,F,P60,VISp5,741960616.0,SM-GE95N_S157_E1-50,RSC-174,CS180626100034,Sst Calb2 Necab1,both,True,True,True,Sst,Sst,True,Sst
741977538,1723,PBS4_180824_507_A01,Lamp5 Plch2 Dock5,4,#FF7290,Core,1.0,1723,1.0,both,True,409200.0,Ndnf-IRES2-dgCre;Ai14-409200,F,P57,VISp1,741977399.0,SM-GE95N_S172_E1-50,RSC-174,CS180626100005,Lamp5 Plch2 Dock5,both,True,True,True,Lamp5,Lamp5,True,Lamp5
741988310,1724,P2S4_180824_058_A01,Sst Calb2 Necab1,33,#BF480D,I2,1.0,1724,1.0,both,True,408421.0,Sst-IRES-Cre;Ai14-408421,F,P60,VISp5,741988253.0,SM-GE95N_S158_E1-50,RSC-174,CS180626100034,Sst Calb2 Necab1,both,True,True,True,Sst,Sst,True,Sst
742008238,1725,P2S4_180824_059_A01,Pvalb Calb1 Sst,52,#BC2B11,Core,1.0,1725,1.0,both,True,408421.0,Sst-IRES-Cre;Ai14-408421,F,P60,VISp5,742008199.0,SM-GE95N_S159_E1-50,RSC-174,CS180626100054,Pvalb Calb1 Sst,both,True,True,True,Pvalb,Pvalb,True,Pvalb
742009621,1726,PBS4_180824_508_A01,Sst Mme Fam114a1,30,#FFBB33,I1,1.0,1726,1.0,both,True,408888.0,Oxtr-T2A-Cre;Ai14-408888,M,P58,VISp6a,742009593.0,SM-GE95N_S173_E1-50,RSC-174,CS180626100031,Sst Mme Fam114a1,both,True,True,True,Sst,Sst,True,Sst
742016193,1727,PES4_180824_651_A01,Lamp5 Lsp1,5,#FFA388,Core,1.0,1727,1.0,both,True,409200.0,Ndnf-IRES2-dgCre;Ai14-409200,F,P57,VISp1,742016097.0,SM-GE95N_S181_E1-50,RSC-174,CS180626100006,Lamp5 Lsp1,both,True,True,True,Lamp5,Lamp5,True,Lamp5
742022294,1728,PES4_180824_652_A01,Lamp5 Plch2 Dock5,4,#FF7290,Core,1.0,1728,1.0,both,True,409200.0,Ndnf-IRES2-dgCre;Ai14-409200,F,P57,VISp1,742022251.0,SM-GE95N_S182_E1-50,RSC-174,CS180626100005,Lamp5 Plch2 Dock5,both,True,True,True,Lamp5,Lamp5,True,Lamp5
742030579,1729,PES4_180824_653_A01,Lamp5 Ntn1 Npy2r,3,#DD6091,I2,1.0,1729,1.0,both,True,409200.0,Ndnf-IRES2-dgCre;Ai14-409200,F,P57,VISpm2/3,742030433.0,SM-GE95N_S183_E1-50,RSC-174,CS180626100004,Lamp5 Ntn1 Npy2r,both,True,True,True,Lamp5,Lamp5,True,Lamp5
742033571,1730,PBS4_180824_512_A01,Vip Crispld2 Htr2c,26,#882E81,Core,1.0,1730,1.0,both,True,408888.0,Oxtr-T2A-Cre;Ai14-408888,M,P58,VISp2/3,742033453.0,SM-GE95N_S177_E1-50,RSC-174,CS180626100027,Vip Crispld2 Htr2c,both,True,True,True,Vip,Vip,True,Vip
742059312,1731,PES4_180824_654_A01,Lamp5 Ntn1 Npy2r,3,#DD6091,I1,1.0,1731,1.0,both,True,409200.0,Ndnf-IRES2-dgCre;Ai14-409200,F,P57,VISp1,742059254.0,SM-GE95N_S184_E1-50,RSC-174,CS180626100004,Lamp5 Ntn1 Npy2r,both,True,True,True,Lamp5,Lamp5,True,Lamp5
742716700,1732,P2S4_180827_051_A01,Lamp5 Lhx6,6,#C77963,Core,1.0,1732,1.0,both,True,410065.0,Nkx2-1-CreERT2;Ai14-410065,M,P54,VISp6b,742716551.0,SM-GE95N_S191_E1-50,RSC-174,CS180626100007,Lamp5 Lhx6,both,True,True,True,Lamp5,Lamp5,True,Lamp5
742753494,1733,P1S4_180827_003_A01,Vip Ptprt Pkp2,20,#FF00FF,Core,1.0,1733,1.0,both,True,408346.0,Chat-IRES-Cre-neo;Ai14-408346,F,P63,VISpm2/3,742753374.0,SM-GE95N_S188_E1-50,RSC-174,CS180626100021,Vip Ptprt Pkp2,both,True,True,True,Vip,Vip,True,Vip
742768656,1734,P1S4_180827_004_A01,Vip Chat Htr1f,24,#FF4DC1,Core,1.0,1734,1.0,both,True,408346.0,Chat-IRES-Cre-neo;Ai14-408346,F,P63,VISp2/3,742768604.0,SM-GE95N_S189_E1-50,RSC-174,CS180626100025,Vip Chat Htr1f,both,True,True,True,Vip,Vip,True,Vip
742776680,1735,P1S4_180827_005_A01,Vip Ptprt Pkp2,20,#FF00FF,I2,1.0,1735,1.0,both,True,408346.0,Chat-IRES-Cre-neo;Ai14-408346,F,P63,VISp2/3,742776656.0,SM-GE95N_S190_E1-50,RSC-174,CS180626100021,Vip Ptprt Pkp2,both,True,True,True,Vip,Vip,True,Vip
742784488,1736,P8S4_180827_356_A01,Vip Ptprt Pkp2,20,#FF00FF,I1,1.0,1736,1.0,both,True,408346.0,Chat-IRES-Cre-neo;Ai14-408346,F,P63,VISp2/3,742784473.0,SM-GE8Y4_S113_E1-50,RSC-175,CS180626100021,Vip Ptprt Pkp2,both,True,True,True,Vip,Vip,True,Vip
742793622,1737,P8S4_180827_357_A01,Vip Ptprt Pkp2,20,#FF00FF,I1,1.0,1737,1.0,both,True,408346.0,Chat-IRES-Cre-neo;Ai14-408346,F,P63,VISpm2/3,742793607.0,SM-GE8Y4_S114_E1-50,RSC-175,CS180626100021,Vip Ptprt Pkp2,both,True,True,True,Vip,Vip,True,Vip
742796843,1738,PAS4_180827_452_A01,Vip Ptprt Pkp2,20,#FF00FF,Core,1.0,1738,1.0,both,True,408346.0,Chat-IRES-Cre-neo;Ai14-408346,F,P63,VISp2/3,742796828.0,SM-GE8Y4_S119_E1-50,RSC-175,CS180626100021,Vip Ptprt Pkp2,both,True,True,True,Vip,Vip,True,Vip
742798832,1739,PAS4_180827_453_A01,Vip Rspo4 Rxfp1 Chat,21,#AF00E6,Core,1.0,1739,1.0,both,True,408346.0,Chat-IRES-Cre-neo;Ai14-408346,F,P63,VISp1,742798817.0,SM-GE8Y4_S120_E1-50,RSC-175,CS180626100022,Vip Rspo4 Rxfp1 Chat,both,True,True,True,Vip,Vip,True,Vip
742800964,1740,P2S4_180827_054_A01,Vip Chat Htr1f,24,#FF4DC1,Core,1.0,1740,1.0,both,True,408346.0,Chat-IRES-Cre-neo;Ai14-408346,F,P63,VISp2/3,742800949.0,SM-GE8Y4_S106_E1-50,RSC-175,CS180626100025,Vip Chat Htr1f,both,True,True,True,Vip,Vip,True,Vip
742802894,1741,P8S4_180827_360_A01,Vip Ptprt Pkp2,20,#FF00FF,I3,1.0,1741,1.0,both,True,408346.0,Chat-IRES-Cre-neo;Ai14-408346,F,P63,VISpm2/3,742802877.0,SM-GE8Y4_S117_E1-50,RSC-175,CS180626100022,Vip Rspo4 Rxfp1 Chat,both,True,True,False,Vip,Vip,True,Vip
742802926,1742,P2S4_180827_055_A01,Vip Rspo1 Itga4,23,#B3128A,I2,1.0,1742,1.0,both,True,408346.0,Chat-IRES-Cre-neo;Ai14-408346,F,P63,VISp2/3,742802909.0,SM-GE8Y4_S107_E1-50,RSC-175,CS180626100022,Vip Rspo4 Rxfp1 Chat,both,True,True,False,Vip,Vip,True,Vip
742900335,1743,PES4_180827_651_A01,Vip Rspo4 Rxfp1 Chat,21,#AF00E6,I1,1.0,1743,1.0,both,True,408346.0,Chat-IRES-Cre-neo;Ai14-408346,F,P63,VISam2/3,742900163.0,SM-GE8Y4_S127_E1-50,RSC-175,CS180626100022,Vip Rspo4 Rxfp1 Chat,both,True,True,True,Vip,Vip,True,Vip
742934793,1744,P8S4_180828_351_A01,Vip Crispld2 Kcne4,27,#AD589A,Core,1.0,1744,1.0,both,True,409679.0,Cck-IRES-Cre;Vip-IRES-FlpO;Ai65-409679,M,P57,VISpm2/3,742934651.0,SM-GE8Y4_S145_E1-50,RSC-175,CS180626100028,Vip Crispld2 Kcne4,both,True,True,True,Vip,Vip,True,Vip
742947199,1745,P8S4_180828_352_A01,Vip Crispld2 Kcne4,27,#AD589A,I1,1.0,1745,1.0,both,True,409679.0,Cck-IRES-Cre;Vip-IRES-FlpO;Ai65-409679,M,P57,VISpm2/3,742947070.0,SM-GE8Y4_S146_E1-50,RSC-175,CS180626100028,Vip Crispld2 Kcne4,both,True,True,True,Vip,Vip,True,Vip
742954319,1746,P2S4_180828_051_A01,Vip Crispld2 Htr2c,26,#882E81,Core,1.0,1746,1.0,both,True,409679.0,Cck-IRES-Cre;Vip-IRES-FlpO;Ai65-409679,M,P57,VISpm2/3,742954277.0,SM-GE8Y4_S132_E1-50,RSC-175,CS180626100027,Vip Crispld2 Htr2c,both,True,True,True,Vip,Vip,True,Vip
742954364,1747,P1S4_180828_001_A01,Vip Col15a1 Pde1a,28,#AC3491,I1,1.0,1747,1.0,both,True,409679.0,Cck-IRES-Cre;Vip-IRES-FlpO;Ai65-409679,M,P57,VISpm2/3,742954346.0,SM-GE8Y4_S129_E1-50,RSC-175,CS180626100029,Vip Col15a1 Pde1a,both,True,True,True,Vip,Vip,True,Vip
742955763,1748,PAS4_180828_451_A01,Sst Hpse Cbln4,42,#806B19,I1,1.0,1748,1.0,both,True,408894.0,Oxtr-T2A-Cre;Ai14-408894,F,P62,VISp5,742955723.0,SM-GE8Y4_S156_E1-50,RSC-175,CS180626100043,Sst Hpse Cbln4,both,True,True,True,Sst,Sst,True,Sst
742956744,1749,P1S4_180828_002_A01,Vip Crispld2 Kcne4,27,#AD589A,Core,1.0,1749,1.0,both,True,409679.0,Cck-IRES-Cre;Vip-IRES-FlpO;Ai65-409679,M,P57,VISp2/3,742956709.0,SM-GE8Y4_S130_E1-50,RSC-175,CS180626100028,Vip Crispld2 Kcne4,both,True,True,True,Vip,Vip,True,Vip
742958342,1750,P8S4_180828_353_A01,Vip Rspo1 Itga4,23,#B3128A,I2,1.0,1750,1.0,both,True,409679.0,Cck-IRES-Cre;Vip-IRES-FlpO;Ai65-409679,M,P57,VISpm2/3,742958326.0,SM-GE8Y4_S147_E1-50,RSC-175,CS180626100024,Vip Rspo1 Itga4,both,True,True,True,Vip,Vip,True,Vip
742960975,1751,P2S4_180828_052_A01,Vip Col15a1 Pde1a,28,#AC3491,Core,1.0,1751,1.0,both,True,409679.0,Cck-IRES-Cre;Vip-IRES-FlpO;Ai65-409679,M,P57,VISp2/3,742960935.0,SM-GE8Y4_S133_E1-50,RSC-175,CS180626100029,Vip Col15a1 Pde1a,both,True,True,True,Vip,Vip,True,Vip
742963505,1752,P1S4_180828_003_A01,Vip Lmo1 Myl1,16,#9FAAFF,I2,1.0,1752,1.0,both,True,409679.0,Cck-IRES-Cre;Vip-IRES-FlpO;Ai65-409679,M,P57,VISp2/3,742963452.0,SM-GE8Y4_S131_E1-50,RSC-175,CS180626100020,Vip Lmo1 Myl1,both,True,True,True,Vip,Vip,True,Vip
742969731,1753,P8S4_180828_354_A01,Serpinf1 Aqp5 Vip,12,#CA66FF,I2,1.0,1753,1.0,both,True,409679.0,Cck-IRES-Cre;Vip-IRES-FlpO;Ai65-409679,M,P57,VISpm5,742969687.0,SM-GE8Y4_S148_E1-50,RSC-175,CS180626100013,Serpinf1 Aqp5 Vip,both,True,True,True,Serpinf1,Serpinf1,True,Serpinf1
742981509,1754,P2S4_180828_053_A01,Vip Chat Htr1f,24,#FF4DC1,I1,1.0,1754,1.0,both,True,409679.0,Cck-IRES-Cre;Vip-IRES-FlpO;Ai65-409679,M,P57,VISp4,742981467.0,SM-GE8Y4_S134_E1-50,RSC-175,CS180626100025,Vip Chat Htr1f,both,True,True,True,Vip,Vip,True,Vip
742984285,1755,PAS4_180828_453_A01,Pvalb Tpbg,58,#AF3F64,Core,1.0,1755,1.0,both,True,408894.0,Oxtr-T2A-Cre;Ai14-408894,F,P62,VISp2/3,742984255.0,SM-GE8Y4_S158_E1-50,RSC-175,CS180626100059,Pvalb Tpbg,both,True,True,True,Pvalb,Pvalb,True,Pvalb
743001170,1756,PFS4_180828_702_A01,Sncg Vip Itih5,10,#6C00BF,I1,1.0,1756,1.0,both,True,409679.0,Cck-IRES-Cre;Vip-IRES-FlpO;Ai65-409679,M,P57,VISp5,743001155.0,SM-GE8Y4_S173_E1-50,RSC-175,CS180626100011,Sncg Vip Itih5,both,True,True,True,Sncg,Sncg,True,Sncg
743012953,1757,P8S4_180828_355_A01,Sst Rxfp1 Prdm8,48,#802600,I2,1.0,1757,1.0,both,True,410669.0,Sst-IRES-Cre;Th-P2A-FlpO;Ai65-410669,F,P52,VISp6a,743012933.0,SM-GE8Y4_S149_E1-50,RSC-175,CS180626100049,Sst Rxfp1 Prdm8,both,True,True,True,Sst,Sst,True,Sst
743013006,1758,PAS4_180828_455_A01,Lamp5 Plch2 Dock5,4,#FF7290,I1,1.0,1758,1.0,both,True,408894.0,Oxtr-T2A-Cre;Ai14-408894,F,P62,VISp2/3,743012986.0,SM-GE8Y4_S160_E1-50,RSC-175,CS180626100005,Lamp5 Plch2 Dock5,both,True,True,True,Lamp5,Lamp5,True,Lamp5
743022239,1759,P8S4_180828_356_A01,Sst Rxfp1 Prdm8,48,#802600,Core,1.0,1759,1.0,both,True,410669.0,Sst-IRES-Cre;Th-P2A-FlpO;Ai65-410669,F,P52,VISp6a,743022147.0,SM-GE8Y4_S150_E1-50,RSC-175,CS180626100049,Sst Rxfp1 Prdm8,both,True,True,True,Sst,Sst,True,Sst
743027204,1760,PAS4_180828_456_A01,Pvalb Tpbg,58,#AF3F64,I1,1.0,1760,1.0,both,True,408894.0,Oxtr-T2A-Cre;Ai14-408894,F,P62,VISp2/3,743027143.0,SM-GE8Y4_S161_E1-50,RSC-175,CS180626100059,Pvalb Tpbg,both,True,True,True,Pvalb,Pvalb,True,Pvalb
743032543,1761,P8S4_180828_357_A01,Sst Nts,49,#A81111,Core,1.0,1761,1.0,both,True,410669.0,Sst-IRES-Cre;Th-P2A-FlpO;Ai65-410669,F,P52,VISp6a,743032434.0,SM-GE8Y4_S151_E1-50,RSC-175,CS180626100050,Sst Nts,both,True,True,True,Sst,Sst,True,Sst
743035478,1762,PFS4_180828_703_A01,Sst Esm1,45,#C11331,Core,1.0,1762,1.0,both,True,410669.0,Sst-IRES-Cre;Th-P2A-FlpO;Ai65-410669,F,P52,VISpor6a,743035460.0,SM-GE8Y4_S174_E1-50,RSC-175,CS180626100046,Sst Esm1,both,True,True,True,Sst,Sst,True,Sst
743041228,1763,P8S4_180828_358_A01,Sst Nts,49,#A81111,I1,1.0,1763,1.0,both,True,410669.0,Sst-IRES-Cre;Th-P2A-FlpO;Ai65-410669,F,P52,VISl6a,743041147.0,SM-GE8Y4_S152_E1-50,RSC-175,CS180626100050,Sst Nts,both,True,True,True,Sst,Sst,True,Sst
743049545,1764,PFS4_180828_704_A01,Sst Crh 4930553C11Rik ,44,#C77767,I1,1.0,1764,1.0,both,True,410669.0,Sst-IRES-Cre;Th-P2A-FlpO;Ai65-410669,F,P52,VISpor5,743049470.0,SM-GE8Y4_S175_E1-50,RSC-175,CS180626100045,Sst Crh 4930553C11Rik ,both,True,True,True,Sst,Sst,True,Sst
743049614,1765,P8S4_180828_359_A01,Sst Nts,49,#A81111,Core,1.0,1765,1.0,both,True,410669.0,Sst-IRES-Cre;Th-P2A-FlpO;Ai65-410669,F,P52,VISp6b,743049576.0,SM-GE8Y4_S153_E1-50,RSC-175,CS180626100050,Sst Nts,both,True,True,True,Sst,Sst,True,Sst
743062074,1766,P2S4_180828_056_A01,Sst Calb2 Pdlim5,34,#CC6D3D,I2,1.0,1766,1.0,both,True,408894.0,Oxtr-T2A-Cre;Ai14-408894,F,P62,VISp4,743062017.0,SM-GE8Y4_S137_E1-50,RSC-175,CS180626100034,Sst Calb2 Necab1,both,True,True,False,Sst,Sst,True,Sst
743068573,1767,PES4_180828_655_A01,Sst Rxfp1 Prdm8,48,#802600,Core,1.0,1767,1.0,both,True,410669.0,Sst-IRES-Cre;Th-P2A-FlpO;Ai65-410669,F,P52,VISp6a,743068525.0,SM-GE8Y4_S169_E1-50,RSC-175,CS180626100049,Sst Rxfp1 Prdm8,both,True,True,True,Sst,Sst,True,Sst
743077940,1768,PES4_180828_656_A01,Sst Rxfp1 Eya1,47,#994C00,I1,1.0,1768,1.0,both,True,410669.0,Sst-IRES-Cre;Th-P2A-FlpO;Ai65-410669,F,P52,VISp6a,743077650.0,SM-GE8Y4_S170_E1-50,RSC-175,CS180626100048,Sst Rxfp1 Eya1,both,True,True,True,Sst,Sst,True,Sst
743105094,1769,P2S4_180828_058_A01,Sst Nts,49,#A81111,Core,1.0,1769,1.0,both,True,410669.0,Sst-IRES-Cre;Th-P2A-FlpO;Ai65-410669,F,P52,VISp6a,743104914.0,SM-GE8Y4_S139_E1-50,RSC-175,CS180626100050,Sst Nts,both,True,True,True,Sst,Sst,True,Sst
743114276,1770,PFS4_180828_706_A01,Sst Rxfp1 Prdm8,48,#802600,Core,1.0,1770,1.0,both,True,410669.0,Sst-IRES-Cre;Th-P2A-FlpO;Ai65-410669,F,P52,VISp6a,743114217.0,SM-GE8Y4_S177_E1-50,RSC-175,CS180626100049,Sst Rxfp1 Prdm8,both,True,True,True,Sst,Sst,True,Sst
743132644,1771,PFS4_180828_707_A01,Sst Rxfp1 Prdm8,48,#802600,I1,1.0,1771,1.0,both,True,410669.0,Sst-IRES-Cre;Th-P2A-FlpO;Ai65-410669,F,P52,VISl6a,743132593.0,SM-GE8Y4_S178_E1-50,RSC-175,CS180626100049,Sst Rxfp1 Prdm8,both,True,True,True,Sst,Sst,True,Sst
743375295,1772,PAS4_180829_451_A01,Vip Lmo1 Fam159b,15,#756FB3,Core,1.0,1772,1.0,both,True,409684.0,Cck-IRES-Cre;Vip-IRES-FlpO;Ai65-409684,F,P58,VISp5,743374829.0,SM-GE8XW_S006_E1-50,RSC-176,CS180626100019,Vip Lmo1 Fam159b,both,True,True,True,Vip,Vip,True,Vip
743402684,1773,P8S4_180829_351_A01,Vip Igfbp4 Mab21l1,17,#533691,I1,1.0,1773,1.0,both,True,409684.0,Cck-IRES-Cre;Vip-IRES-FlpO;Ai65-409684,F,P58,VISpm2/3,743402528.0,SM-GE8Y4_S188_E1-50,RSC-175,CS180626100016,Vip Igfbp4 Mab21l1,both,True,True,True,Vip,Vip,True,Vip
743435693,1774,P8S4_180829_352_A01,Vip Pygm C1ql1,25,#BD3D9A,I1,1.0,1774,1.0,both,True,409684.0,Cck-IRES-Cre;Vip-IRES-FlpO;Ai65-409684,F,P58,VISpm4,743435526.0,SM-GE8Y4_S189_E1-50,RSC-175,CS180626100026,Vip Pygm C1ql1,both,True,True,True,Vip,Vip,True,Vip
743458081,1775,PAS4_180829_452_A01,Vip Col15a1 Pde1a,28,#AC3491,I2,1.0,1775,1.0,both,True,409684.0,Cck-IRES-Cre;Vip-IRES-FlpO;Ai65-409684,F,P58,VISp2/3,743457918.0,SM-GE8XW_S007_E1-50,RSC-176,CS180626100011,Sncg Vip Itih5,both,True,True,False,Vip,Sncg,False,Vip
743458377,1776,PFS4_180829_701_A01,Vip Col15a1 Pde1a,28,#AC3491,Core,1.0,1776,1.0,both,True,409684.0,Cck-IRES-Cre;Vip-IRES-FlpO;Ai65-409684,F,P58,VISp1,743458197.0,SM-GE8XW_S023_E1-50,RSC-176,CS180626100029,Vip Col15a1 Pde1a,both,True,True,True,Vip,Vip,True,Vip
743468218,1777,P1S4_180829_001_A01,Vip Crispld2 Htr2c,26,#882E81,Core,1.0,1777,1.0,both,True,409684.0,Cck-IRES-Cre;Vip-IRES-FlpO;Ai65-409684,F,P58,VISp2/3,743468025.0,SM-GE8Y4_S179_E1-50,RSC-175,CS180626100027,Vip Crispld2 Htr2c,both,True,True,True,Vip,Vip,True,Vip
743495765,1778,P8S4_180829_353_A01,Sst Chodl,29,#FFFF00,Core,1.0,1778,1.0,both,True,408895.0,Oxtr-T2A-Cre;Ai14-408895,F,P63,VISp5,743495618.0,SM-GE8Y4_S190_E1-50,RSC-175,CS180626100030,Sst Chodl,both,True,True,True,Sst,Sst,True,Sst
743497097,1779,P2S4_180829_051_A01,Vip Crispld2 Htr2c,26,#882E81,Core,1.0,1779,1.0,both,True,409684.0,Cck-IRES-Cre;Vip-IRES-FlpO;Ai65-409684,F,P58,VISp2/3,743496854.0,SM-GE8Y4_S183_E1-50,RSC-175,CS180626100027,Vip Crispld2 Htr2c,both,True,True,True,Vip,Vip,True,Vip
743504177,1780,P1S4_180829_003_A01,Vip Crispld2 Htr2c,26,#882E81,Core,1.0,1780,1.0,both,True,409684.0,Cck-IRES-Cre;Vip-IRES-FlpO;Ai65-409684,F,P58,VISp2/3,743503877.0,SM-GE8Y4_S181_E1-50,RSC-175,CS180626100027,Vip Crispld2 Htr2c,both,True,True,True,Vip,Vip,True,Vip
743534474,1781,P8S4_180829_354_A01,Sst Hpse Cbln4,42,#806B19,Core,1.0,1781,1.0,both,True,408895.0,Oxtr-T2A-Cre;Ai14-408895,F,P63,VISp2/3,743534313.0,SM-GE8Y4_S191_E1-50,RSC-175,CS180626100043,Sst Hpse Cbln4,both,True,True,True,Sst,Sst,True,Sst
743547853,1782,P8S4_180829_355_A01,Sst Myh8 Etv1 ,36,#D6C300,Core,1.0,1782,1.0,both,True,408895.0,Oxtr-T2A-Cre;Ai14-408895,F,P63,VISpm5,743547785.0,SM-GE8Y4_S192_E1-50,RSC-175,CS180626100037,Sst Myh8 Etv1 ,both,True,True,True,Sst,Sst,True,Sst
743570053,1783,PAS4_180829_453_A01,Pvalb Tpbg,58,#AF3F64,Core,1.0,1783,1.0,both,True,408895.0,Oxtr-T2A-Cre;Ai14-408895,F,P63,VISp2/3,743569992.0,SM-GE8XW_S008_E1-50,RSC-176,CS180626100059,Pvalb Tpbg,both,True,True,True,Pvalb,Pvalb,True,Pvalb
743655638,1784,P1S4_180829_004_A01,Pvalb Reln Itm2a,56,#E67A77,Core,1.0,1784,1.0,both,True,410815.0,Htr3a-Cre_NO152;Pvalb-T2A-FlpO;Ai65-410815,M,P52,VISp5,743655578.0,SM-GE8Y4_S182_E1-50,RSC-175,CS180626100058,Pvalb Reln Itm2a,both,True,True,True,Pvalb,Pvalb,True,Pvalb
743660435,1785,P8S4_180829_356_A01,Pvalb Calb1 Sst,52,#BC2B11,I2,1.0,1785,1.0,both,True,408895.0,Oxtr-T2A-Cre;Ai14-408895,F,P63,VISp5,743660376.0,SM-GE8XW_S001_E1-50,RSC-176,CS180626100057,Pvalb Reln Tac1,both,True,True,False,Pvalb,Pvalb,True,Pvalb
743660509,1786,P2S4_180829_054_A01,Lamp5 Plch2 Dock5,4,#FF7290,I2,1.0,1786,1.0,both,True,408895.0,Oxtr-T2A-Cre;Ai14-408895,F,P63,VISp2/3,743660466.0,SM-GE8Y4_S186_E1-50,RSC-175,CS180626100005,Lamp5 Plch2 Dock5,both,True,True,True,Lamp5,Lamp5,True,Lamp5
743664739,1787,PBS4_180829_501_A01,Pvalb Sema3e Kank4,54,#C94545,Core,1.0,1787,1.0,both,True,410815.0,Htr3a-Cre_NO152;Pvalb-T2A-FlpO;Ai65-410815,M,P52,VISp5,743664654.0,SM-GE8XW_S013_E1-50,RSC-176,CS180626100055,Pvalb Sema3e Kank4,both,True,True,True,Pvalb,Pvalb,True,Pvalb
743718238,1788,PAS4_180829_456_A01,Sst Tac1 Htr1d,31,#804811,I2,1.0,1788,1.0,both,True,411627.0,Nos1-CreERT2;Ai14-411627,M,P48,VISp4,743718179.0,SM-GE8XW_S011_E1-50,RSC-176,CS180626100032,Sst Tac1 Htr1d,both,True,True,True,Sst,Sst,True,Sst
743731114,1789,PBS4_180829_502_A01,Sst Crhr2 Efemp1,43,#B95541,I1,1.0,1789,1.0,both,True,408895.0,Oxtr-T2A-Cre;Ai14-408895,F,P63,VISp5,743731026.0,SM-GE8XW_S014_E1-50,RSC-176,CS180626100044,Sst Crhr2 Efemp1,both,True,True,True,Sst,Sst,True,Sst
743752095,1790,PAS4_180829_457_A01,Lamp5 Lhx6,6,#C77963,Core,1.0,1790,1.0,both,True,411627.0,Nos1-CreERT2;Ai14-411627,M,P48,VISp6a,743751908.0,SM-GE8XW_S012_E1-50,RSC-176,CS180626100007,Lamp5 Lhx6,both,True,True,True,Lamp5,Lamp5,True,Lamp5
743752378,1791,P8S4_180829_359_A01,Vip Ptprt Pkp2,20,#FF00FF,Core,1.0,1791,1.0,both,True,411627.0,Nos1-CreERT2;Ai14-411627,M,P48,VISp2/3,743752204.0,SM-GE8XW_S004_E1-50,RSC-176,CS180626100021,Vip Ptprt Pkp2,both,True,True,True,Vip,Vip,True,Vip
743754647,1792,P2S4_180829_055_A01,Pvalb Gpr149 Islr,55,#E62A5D,I3,1.0,1792,1.0,both,True,410815.0,Htr3a-Cre_NO152;Pvalb-T2A-FlpO;Ai65-410815,M,P52,VISp5,743754558.0,SM-GE8Y4_S187_E1-50,RSC-175,CS180626100058,Pvalb Reln Itm2a,both,True,True,False,Pvalb,Pvalb,True,Pvalb
743770160,1793,P8S4_180829_360_A01,Lamp5 Lsp1,5,#FFA388,Core,1.0,1793,1.0,both,True,411627.0,Nos1-CreERT2;Ai14-411627,M,P48,VISp4,743770015.0,SM-GE8XW_S005_E1-50,RSC-176,CS180626100006,Lamp5 Lsp1,both,True,True,True,Lamp5,Lamp5,True,Lamp5
743782351,1794,PBS4_180829_504_A01,Vip Pygm C1ql1,25,#BD3D9A,Core,1.0,1794,1.0,both,True,408895.0,Oxtr-T2A-Cre;Ai14-408895,F,P63,VISl5,743781949.0,SM-GE8XW_S016_E1-50,RSC-176,CS180626100026,Vip Pygm C1ql1,both,True,True,True,Vip,Vip,True,Vip
743803413,1795,PES4_180829_652_A01,Pvalb Tpbg,58,#AF3F64,I3,1.0,1795,1.0,both,True,410815.0,Htr3a-Cre_NO152;Pvalb-T2A-FlpO;Ai65-410815,M,P52,VISp4,743803398.0,SM-GE8XW_S022_E1-50,RSC-176,CS180626100059,Pvalb Tpbg,both,True,True,True,Pvalb,Pvalb,True,Pvalb
743803825,1796,PBS4_180829_506_A01,Sst Crhr2 Efemp1,43,#B95541,I1,1.0,1796,1.0,both,True,408895.0,Oxtr-T2A-Cre;Ai14-408895,F,P63,VISl5,743803810.0,SM-GE8XW_S018_E1-50,RSC-176,CS180626100044,Sst Crhr2 Efemp1,both,True,True,True,Sst,Sst,True,Sst
743804939,1797,PBS4_180829_507_A01,Sst Tac1 Htr1d,31,#804811,I3,1.0,1797,1.0,both,True,408895.0,Oxtr-T2A-Cre;Ai14-408895,F,P63,VISl6a,743804924.0,SM-GE8XW_S019_E1-50,RSC-176,CS180626100032,Sst Tac1 Htr1d,both,True,True,True,Sst,Sst,True,Sst
744053590,1798,P8S4_180830_351_A01,Vip Lmo1 Myl1,16,#9FAAFF,Core,1.0,1798,1.0,both,True,410166.0,Cck-IRES-Cre;Vip-IRES-FlpO;Ai65-410166,M,P56,VISp2/3,744053362.0,SM-GE8XW_S035_E1-50,RSC-176,CS180626100020,Vip Lmo1 Myl1,both,True,True,True,Vip,Vip,True,Vip
744096930,1799,P8S4_180830_352_A01,Vip Lmo1 Myl1,16,#9FAAFF,I1,1.0,1799,1.0,both,True,410166.0,Cck-IRES-Cre;Vip-IRES-FlpO;Ai65-410166,M,P56,VISp2/3,744096746.0,SM-GE8XW_S036_E1-50,RSC-176,CS180626100020,Vip Lmo1 Myl1,both,True,True,True,Vip,Vip,True,Vip
744118785,1800,PAS4_180830_451_A01,Vip Col15a1 Pde1a,28,#AC3491,I1,1.0,1800,1.0,both,True,410166.0,Cck-IRES-Cre;Vip-IRES-FlpO;Ai65-410166,M,P56,VISp2/3,744118718.0,SM-GE8XW_S051_E1-50,RSC-176,CS180626100029,Vip Col15a1 Pde1a,both,True,True,True,Vip,Vip,True,Vip
744150787,1801,P2S4_180830_051_A01,Vip Crispld2 Kcne4,27,#AD589A,I1,1.0,1801,1.0,both,True,410166.0,Cck-IRES-Cre;Vip-IRES-FlpO;Ai65-410166,M,P56,VISp2/3,744150445.0,SM-GE8XW_S026_E1-50,RSC-176,CS180626100028,Vip Crispld2 Kcne4,both,True,True,True,Vip,Vip,True,Vip
744173435,1802,P8S4_180830_353_A01,Vip Crispld2 Htr2c,26,#882E81,Core,1.0,1802,1.0,both,True,410166.0,Cck-IRES-Cre;Vip-IRES-FlpO;Ai65-410166,M,P56,VISp2/3,744173193.0,SM-GE8XW_S037_E1-50,RSC-176,CS180626100027,Vip Crispld2 Htr2c,both,True,True,True,Vip,Vip,True,Vip
744184223,1803,PAS4_180830_452_A01,Vip Crispld2 Kcne4,27,#AD589A,Core,1.0,1803,1.0,both,True,410166.0,Cck-IRES-Cre;Vip-IRES-FlpO;Ai65-410166,M,P56,VISp2/3,744184207.0,SM-GE8XW_S052_E1-50,RSC-176,CS180626100028,Vip Crispld2 Kcne4,both,True,True,True,Vip,Vip,True,Vip
744211669,1804,PAS4_180830_453_A01,Vip Lmo1 Fam159b,15,#756FB3,Core,1.0,1804,1.0,both,True,410166.0,Cck-IRES-Cre;Vip-IRES-FlpO;Ai65-410166,M,P56,VISp2/3,744211436.0,SM-GE8XW_S053_E1-50,RSC-176,CS180626100019,Vip Lmo1 Fam159b,both,True,True,True,Vip,Vip,True,Vip
744222514,1805,PBS4_180830_502_A01,Vip Col15a1 Pde1a,28,#AC3491,Core,1.0,1805,1.0,both,True,410166.0,Cck-IRES-Cre;Vip-IRES-FlpO;Ai65-410166,M,P56,VISp2/3,744222362.0,SM-GE8XW_S059_E1-50,RSC-176,CS180626100029,Vip Col15a1 Pde1a,both,True,True,True,Vip,Vip,True,Vip
744249573,1806,PAS4_180830_454_A01,Vip Pygm C1ql1,25,#BD3D9A,I1,1.0,1806,1.0,both,True,410166.0,Cck-IRES-Cre;Vip-IRES-FlpO;Ai65-410166,M,P56,VISp6a,744249441.0,SM-GE8XW_S054_E1-50,RSC-176,CS180626100026,Vip Pygm C1ql1,both,True,True,True,Vip,Vip,True,Vip
744283290,1807,P2S4_180830_052_A01,Vip Lmo1 Fam159b,15,#756FB3,Core,1.0,1807,1.0,both,True,410166.0,Cck-IRES-Cre;Vip-IRES-FlpO;Ai65-410166,M,P56,VISp5,744282998.0,SM-GE8XW_S027_E1-50,RSC-176,CS180626100019,Vip Lmo1 Fam159b,both,True,True,True,Vip,Vip,True,Vip
744300204,1808,P2S4_180830_053_A01,Sncg Vip Itih5,10,#6C00BF,I1,1.0,1808,1.0,both,True,410166.0,Cck-IRES-Cre;Vip-IRES-FlpO;Ai65-410166,M,P56,VISp2/3,744300037.0,SM-GE8XW_S028_E1-50,RSC-176,CS180626100011,Sncg Vip Itih5,both,True,True,True,Sncg,Sncg,True,Sncg
744405042,1809,P2S4_180830_054_A01,Vip Col15a1 Pde1a,28,#AC3491,I2,1.0,1809,1.0,both,True,410166.0,Cck-IRES-Cre;Vip-IRES-FlpO;Ai65-410166,M,P56,VISp1,744405027.0,SM-GE8XW_S029_E1-50,RSC-176,CS180626100029,Vip Col15a1 Pde1a,both,True,True,True,Vip,Vip,True,Vip
744416867,1810,P8S4_180830_355_A01,Pvalb Sema3e Kank4,54,#C94545,Core,1.0,1810,1.0,both,True,409821.0,Pvalb-IRES-Cre;Ai14-409821,M,P59,VISp5,744416692.0,SM-GE8XW_S039_E1-50,RSC-176,CS180626100055,Pvalb Sema3e Kank4,both,True,True,True,Pvalb,Pvalb,True,Pvalb
744438533,1811,P8S4_180830_356_A01,Pvalb Sema3e Kank4,54,#C94545,Core,1.0,1811,1.0,both,True,409821.0,Pvalb-IRES-Cre;Ai14-409821,M,P59,VISp6a,744438502.0,SM-GE8XW_S040_E1-50,RSC-176,CS180626100055,Pvalb Sema3e Kank4,both,True,True,True,Pvalb,Pvalb,True,Pvalb
744454922,1812,PAS4_180830_456_A01,Pvalb Reln Itm2a,56,#E67A77,Core,1.0,1812,1.0,both,True,409821.0,Pvalb-IRES-Cre;Ai14-409821,M,P59,VISp4,744454899.0,SM-GE8XW_S056_E1-50,RSC-176,CS180626100058,Pvalb Reln Itm2a,both,True,True,True,Pvalb,Pvalb,True,Pvalb
744454952,1813,PBS4_180830_504_A01,Pvalb Tpbg,58,#AF3F64,I1,1.0,1813,1.0,both,True,409821.0,Pvalb-IRES-Cre;Ai14-409821,M,P59,VISp2/3,744454937.0,SM-GE8XW_S061_E1-50,RSC-176,CS180626100059,Pvalb Tpbg,both,True,True,True,Pvalb,Pvalb,True,Pvalb
744458623,1814,PFS4_180830_703_A01,Pvalb Reln Itm2a,56,#E67A77,Core,1.0,1814,1.0,both,True,409821.0,Pvalb-IRES-Cre;Ai14-409821,M,P59,VISp5,744458493.0,SM-GE8XW_S064_E1-50,RSC-176,CS180626100058,Pvalb Reln Itm2a,both,True,True,True,Pvalb,Pvalb,True,Pvalb
744476851,1815,P8S4_180830_358_A01,Sst Mme Fam114a1,30,#FFBB33,Core,1.0,1815,1.0,both,True,409821.0,Pvalb-IRES-Cre;Ai14-409821,M,P59,VISp5,744476816.0,SM-GE8XW_S050_E1-50,RSC-176,CS180626100031,Sst Mme Fam114a1,both,True,True,True,Sst,Sst,True,Sst
744865781,1816,P8S4_180831_351_A01,Vip Lmo1 Fam159b,15,#756FB3,I2,1.0,1816,1.0,both,True,410169.0,Cck-IRES-Cre;Vip-IRES-FlpO;Ai65-410169,M,P57,VISp2/3,744865622.0,SM-GE8XW_S072_E1-50,RSC-176,CS180626100019,Vip Lmo1 Fam159b,both,True,True,True,Vip,Vip,True,Vip
744975652,1817,P2S4_180831_052_A01,Vip Pygm C1ql1,25,#BD3D9A,Core,1.0,1817,1.0,both,True,410169.0,Cck-IRES-Cre;Vip-IRES-FlpO;Ai65-410169,M,P57,VISp2/3,744975428.0,SM-GE8XW_S066_E1-50,RSC-176,CS180626100026,Vip Pygm C1ql1,both,True,True,True,Vip,Vip,True,Vip
744995039,1818,PES4_180831_651_A01,Pvalb Akr1c18 Ntf3,53,#FF4343,I1,1.0,1818,1.0,both,True,409822.0,Pvalb-IRES-Cre;Ai14-409822,M,P60,VISp6a,744994970.0,SM-GE8XW_S082_E1-50,RSC-176,CS180626100053,Pvalb Akr1c18 Ntf3,both,True,True,True,Pvalb,Pvalb,True,Pvalb
745083091,1819,P2S4_180831_055_A01,Pvalb Tpbg,58,#AF3F64,Core,1.0,1819,1.0,both,True,409822.0,Pvalb-IRES-Cre;Ai14-409822,M,P60,VISp2/3,745082948.0,SM-GE8XW_S069_E1-50,RSC-176,CS180626100059,Pvalb Tpbg,both,True,True,True,Pvalb,Pvalb,True,Pvalb
745083231,1820,P8S4_180831_358_A01,Pvalb Sema3e Kank4,54,#C94545,I2,1.0,1820,1.0,both,True,409822.0,Pvalb-IRES-Cre;Ai14-409822,M,P60,VISpm5,745083163.0,SM-GE8XW_S079_E1-50,RSC-176,CS180626100055,Pvalb Sema3e Kank4,both,True,True,True,Pvalb,Pvalb,True,Pvalb
745089035,1821,PES4_180831_653_A01,Pvalb Calb1 Sst,52,#BC2B11,I1,1.0,1821,1.0,both,True,409822.0,Pvalb-IRES-Cre;Ai14-409822,M,P60,VISpor5,745088841.0,SM-GE8XW_S084_E1-50,RSC-176,CS180626100054,Pvalb Calb1 Sst,both,True,True,True,Pvalb,Pvalb,True,Pvalb
745094310,1822,PES4_180831_654_A01,Pvalb Tpbg,58,#AF3F64,Core,1.0,1822,1.0,both,True,409822.0,Pvalb-IRES-Cre;Ai14-409822,M,P60,VISpor5,745094283.0,SM-GE8XW_S085_E1-50,RSC-176,CS180626100059,Pvalb Tpbg,both,True,True,True,Pvalb,Pvalb,True,Pvalb
745097813,1823,PES4_180831_655_A01,Pvalb Reln Itm2a,56,#E67A77,Core,1.0,1823,1.0,both,True,409822.0,Pvalb-IRES-Cre;Ai14-409822,M,P60,VISpor2/3,745097797.0,SM-GE8XW_S086_E1-50,RSC-176,CS180626100058,Pvalb Reln Itm2a,both,True,True,True,Pvalb,Pvalb,True,Pvalb
745565887,1824,P8S4_180905_351_A01,Sst Myh8 Etv1 ,36,#D6C300,I1,1.0,1824,1.0,both,True,411241.0,Chrna2-Cre_OE25;Sst-IRES-FlpO;Ai65-411241,F,P57,VISpm5,745565695.0,SM-GE8XW_S093_E1-50,RSC-176,CS180626100037,Sst Myh8 Etv1 ,both,True,True,True,Sst,Sst,True,Sst
745584401,1825,P8S4_180905_352_A01,Sst Mme Fam114a1,30,#FFBB33,Core,1.0,1825,1.0,both,True,411241.0,Chrna2-Cre_OE25;Sst-IRES-FlpO;Ai65-411241,F,P57,VISp5,745584217.0,SM-GE8XW_S094_E1-50,RSC-176,CS180626100031,Sst Mme Fam114a1,both,True,True,True,Sst,Sst,True,Sst
745584634,1826,P1S4_180905_001_A01,Sst Chrna2 Ptgdr,39,#FFB307,I2,1.0,1826,1.0,both,True,411241.0,Chrna2-Cre_OE25;Sst-IRES-FlpO;Ai65-411241,F,P57,VISpm5,745584461.0,SM-GE8XW_S088_E1-50,RSC-176,CS180626100039,Sst Chrna2 Glra3,both,True,True,False,Sst,Sst,True,Sst
745604062,1827,P1S4_180905_003_A01,Sst Myh8 Fibin,38,#FF8011,I2,1.0,1827,1.0,both,True,411241.0,Chrna2-Cre_OE25;Sst-IRES-FlpO;Ai65-411241,F,P57,VISpm6a,745603956.0,SM-GE8XW_S090_E1-50,RSC-176,CS180626100037,Sst Myh8 Etv1 ,both,True,True,False,Sst,Sst,True,Sst
745607913,1828,P8S4_180905_354_A01,Sst Rxfp1 Eya1,47,#994C00,I1,1.0,1828,1.0,both,True,411241.0,Chrna2-Cre_OE25;Sst-IRES-FlpO;Ai65-411241,F,P57,VISp5,745607835.0,SM-GE8XW_S096_E1-50,RSC-176,CS180626100048,Sst Rxfp1 Eya1,both,True,True,True,Sst,Sst,True,Sst
745632694,1829,P8S4_180905_356_A01,Sst Hpse Cbln4,42,#806B19,Core,1.0,1829,1.0,both,True,411117.0,Npr3-IRES2-Cre;Sst-IRES-FlpO;Ai65-411117,M,P58,VISp4,745632677.0,SM-GE8XZ_S106_E1-50,RSC-176,CS180626100043,Sst Hpse Cbln4,both,True,True,True,Sst,Sst,True,Sst
745632724,1830,PES4_180905_651_A01,Sst Calb2 Pdlim5,34,#CC6D3D,Core,1.0,1830,1.0,both,True,411027.0,Calb2-IRES-Cre;Sst-IRES-FlpO;Ai65-411027,M,P58,VISp5,745632709.0,SM-GE8XZ_S119_E1-50,RSC-176,CS180626100035,Sst Calb2 Pdlim5,both,True,True,True,Sst,Sst,True,Sst
745633800,1831,P8S4_180905_357_A01,Sst Mme Fam114a1,30,#FFBB33,I3,1.0,1831,1.0,both,True,411117.0,Npr3-IRES2-Cre;Sst-IRES-FlpO;Ai65-411117,M,P58,VISp5,745633784.0,SM-GE8XZ_S107_E1-50,RSC-176,CS180626100031,Sst Mme Fam114a1,both,True,True,True,Sst,Sst,True,Sst
745636875,1832,P1S4_180905_004_A01,Sst Hpse Cbln4,42,#806B19,Core,1.0,1832,1.0,both,True,411117.0,Npr3-IRES2-Cre;Sst-IRES-FlpO;Ai65-411117,M,P58,VISpm4,745636858.0,SM-GE8XW_S091_E1-50,RSC-176,CS180626100043,Sst Hpse Cbln4,both,True,True,True,Sst,Sst,True,Sst
745636919,1833,PES4_180905_652_A01,Sst Calb2 Pdlim5,34,#CC6D3D,I1,1.0,1833,1.0,both,True,411027.0,Calb2-IRES-Cre;Sst-IRES-FlpO;Ai65-411027,M,P58,VISp2/3,745636902.0,SM-GE8XZ_S120_E1-50,RSC-176,CS180626100035,Sst Calb2 Pdlim5,both,True,True,True,Sst,Sst,True,Sst
745637564,1834,P8S4_180905_358_A01,Sst Crhr2 Efemp1,43,#B95541,I1,1.0,1834,1.0,both,True,411117.0,Npr3-IRES2-Cre;Sst-IRES-FlpO;Ai65-411117,M,P58,VISp5,745637548.0,SM-GE8XZ_S108_E1-50,RSC-176,CS180626100043,Sst Hpse Cbln4,both,True,True,False,Sst,Sst,True,Sst
745638026,1835,P1S4_180905_005_A01,Sst Esm1,45,#C11331,Core,1.0,1835,1.0,both,True,411117.0,Npr3-IRES2-Cre;Sst-IRES-FlpO;Ai65-411117,M,P58,VISp6a,745638010.0,SM-GE8XW_S092_E1-50,RSC-176,CS180626100046,Sst Esm1,both,True,True,True,Sst,Sst,True,Sst
745638057,1836,PAS4_180905_453_A01,Sst Calb2 Pdlim5,34,#CC6D3D,I2,1.0,1836,1.0,both,True,411027.0,Calb2-IRES-Cre;Sst-IRES-FlpO;Ai65-411027,M,P58,VISp2/3,745638041.0,SM-GE8XZ_S115_E1-50,RSC-176,CS180626100034,Sst Calb2 Necab1,both,True,True,False,Sst,Sst,True,Sst
745638584,1837,PES4_180905_653_A01,Sst Calb2 Pdlim5,34,#CC6D3D,Core,1.0,1837,1.0,both,True,411027.0,Calb2-IRES-Cre;Sst-IRES-FlpO;Ai65-411027,M,P58,VISp2/3,745638568.0,SM-GE8XZ_S121_E1-50,RSC-176,CS180626100035,Sst Calb2 Pdlim5,both,True,True,True,Sst,Sst,True,Sst
745650081,1838,P8S4_180905_359_A01,Sst Calb2 Pdlim5,34,#CC6D3D,Core,1.0,1838,1.0,both,True,411027.0,Calb2-IRES-Cre;Sst-IRES-FlpO;Ai65-411027,M,P58,VISpm2/3,745649936.0,SM-GE8XZ_S109_E1-50,RSC-176,CS180626100035,Sst Calb2 Pdlim5,both,True,True,True,Sst,Sst,True,Sst
745656253,1839,PES4_180905_654_A01,Sst Calb2 Pdlim5,34,#CC6D3D,Core,1.0,1839,1.0,both,True,411027.0,Calb2-IRES-Cre;Sst-IRES-FlpO;Ai65-411027,M,P58,VISp2/3,745656238.0,SM-GE8XZ_S122_E1-50,RSC-176,CS180626100035,Sst Calb2 Pdlim5,both,True,True,True,Sst,Sst,True,Sst
745657580,1840,P8S4_180905_360_A01,Sst Calb2 Pdlim5,34,#CC6D3D,Core,1.0,1840,1.0,both,True,411027.0,Calb2-IRES-Cre;Sst-IRES-FlpO;Ai65-411027,M,P58,VISp5,745657546.0,SM-GE8XZ_S110_E1-50,RSC-176,CS180626100035,Sst Calb2 Pdlim5,both,True,True,True,Sst,Sst,True,Sst
745661062,1841,PAS4_180905_454_A01,Sst Calb2 Pdlim5,34,#CC6D3D,I1,1.0,1841,1.0,both,True,411117.0,Npr3-IRES2-Cre;Sst-IRES-FlpO;Ai65-411117,M,P58,VISp2/3,745660885.0,SM-GE8XZ_S116_E1-50,RSC-176,CS180626100035,Sst Calb2 Pdlim5,both,True,True,True,Sst,Sst,True,Sst
745692039,1842,PFS4_180905_701_A01,Sst Calb2 Pdlim5,34,#CC6D3D,Core,1.0,1842,1.0,both,True,411117.0,Npr3-IRES2-Cre;Sst-IRES-FlpO;Ai65-411117,M,P58,VISl5,745691884.0,SM-GE8XZ_S126_E1-50,RSC-176,CS180626100035,Sst Calb2 Pdlim5,both,True,True,True,Sst,Sst,True,Sst
745721149,1843,PAS4_180905_455_A01,Sst Calb2 Pdlim5,34,#CC6D3D,I1,1.0,1843,1.0,both,True,411117.0,Npr3-IRES2-Cre;Sst-IRES-FlpO;Ai65-411117,M,P58,VISp2/3,745720953.0,SM-GE8XZ_S117_E1-50,RSC-176,CS180626100035,Sst Calb2 Pdlim5,both,True,True,True,Sst,Sst,True,Sst
745730865,1844,PES4_180905_655_A01,Sst Calb2 Pdlim5,34,#CC6D3D,I1,1.0,1844,1.0,both,True,411027.0,Calb2-IRES-Cre;Sst-IRES-FlpO;Ai65-411027,M,P58,VISp2/3,745730596.0,SM-GE8XZ_S123_E1-50,RSC-176,CS180626100035,Sst Calb2 Pdlim5,both,True,True,True,Sst,Sst,True,Sst
745736817,1845,P8S4_180905_361_A01,Sst Tac1 Htr1d,31,#804811,I2,1.0,1845,1.0,both,True,411027.0,Calb2-IRES-Cre;Sst-IRES-FlpO;Ai65-411027,M,P58,VISp4,745736706.0,SM-GE8XZ_S111_E1-50,RSC-176,CS180626100032,Sst Tac1 Htr1d,both,True,True,True,Sst,Sst,True,Sst
745740295,1846,PFS4_180905_702_A01,Sst Esm1,45,#C11331,Core,1.0,1846,1.0,both,True,411117.0,Npr3-IRES2-Cre;Sst-IRES-FlpO;Ai65-411117,M,P58,VISl6a,745740014.0,SM-GE8XZ_S127_E1-50,RSC-176,CS180626100046,Sst Esm1,both,True,True,True,Sst,Sst,True,Sst
745746097,1847,PAS4_180905_456_A01,Sst Calb2 Pdlim5,34,#CC6D3D,Core,1.0,1847,1.0,both,True,411117.0,Npr3-IRES2-Cre;Sst-IRES-FlpO;Ai65-411117,M,P58,VISp4,745745947.0,SM-GE8XZ_S118_E1-50,RSC-176,CS180626100035,Sst Calb2 Pdlim5,both,True,True,True,Sst,Sst,True,Sst
745764948,1848,PES4_180905_656_A01,Sst Tac1 Tacr3,32,#B06411,I3,1.0,1848,1.0,both,True,411027.0,Calb2-IRES-Cre;Sst-IRES-FlpO;Ai65-411027,M,P58,VISp2/3,745764726.0,SM-GE8XZ_S124_E1-50,RSC-176,CS180626100033,Sst Tac1 Tacr3,both,True,True,True,Sst,Sst,True,Sst
745765149,1849,P8S4_180905_362_A01,Sst Hpse Cbln4,42,#806B19,Core,1.0,1849,1.0,both,True,411027.0,Calb2-IRES-Cre;Sst-IRES-FlpO;Ai65-411027,M,P58,VISpm4,745765062.0,SM-GE8XZ_S112_E1-50,RSC-176,CS180626100043,Sst Hpse Cbln4,both,True,True,True,Sst,Sst,True,Sst
745790070,1850,PES4_180905_657_A01,Sst Calb2 Pdlim5,34,#CC6D3D,I3,1.0,1850,1.0,both,True,411027.0,Calb2-IRES-Cre;Sst-IRES-FlpO;Ai65-411027,M,P58,VISpm4,745789908.0,SM-GE8XZ_S125_E1-50,RSC-176,CS180626100035,Sst Calb2 Pdlim5,both,True,True,True,Sst,Sst,True,Sst
746008562,1851,P8S4_180906_351_A01,Vip Pygm C1ql1,25,#BD3D9A,I1,1.0,1851,1.0,both,True,411293.0,Vip-IRES-Cre;Npy-IRES2-FlpO;Ai65-411293,F,P58,VISp2/3,746008322.0,SM-GE8XZ_S131_E1-50,RSC-176,CS180626100026,Vip Pygm C1ql1,both,True,True,True,Vip,Vip,True,Vip
746035693,1852,P8S4_180906_352_A01,Vip Chat Htr1f,24,#FF4DC1,Core,1.0,1852,1.0,both,True,411293.0,Vip-IRES-Cre;Npy-IRES2-FlpO;Ai65-411293,F,P58,VISp2/3,746035362.0,SM-GE8XZ_S132_E1-50,RSC-176,CS180626100025,Vip Chat Htr1f,both,True,True,True,Vip,Vip,True,Vip
746039674,1853,P1S4_180906_001_A01,Vip Pygm C1ql1,25,#BD3D9A,I2,1.0,1853,1.0,both,True,411293.0,Vip-IRES-Cre;Npy-IRES2-FlpO;Ai65-411293,F,P58,VISpm2/3,746039465.0,SM-GE8XZ_S128_E1-50,RSC-176,CS180626100026,Vip Pygm C1ql1,both,True,True,True,Vip,Vip,True,Vip
746075122,1854,PES4_180906_651_A01,Vip Chat Htr1f,24,#FF4DC1,I1,1.0,1854,1.0,both,True,411293.0,Vip-IRES-Cre;Npy-IRES2-FlpO;Ai65-411293,F,P58,VISp2/3,746074928.0,SM-GE8XZ_S153_E1-50,RSC-176,CS180626100025,Vip Chat Htr1f,both,True,True,True,Vip,Vip,True,Vip
746086313,1855,P8S4_180906_353_A01,Lamp5 Plch2 Dock5,4,#FF7290,Core,1.0,1855,1.0,both,True,411498.0,Htr3a-Cre_NO152;Ai14-411498,F,P57,VISp1,746086091.0,SM-GE8XZ_S133_E1-50,RSC-176,CS180626100005,Lamp5 Plch2 Dock5,both,True,True,True,Lamp5,Lamp5,True,Lamp5
746102029,1856,PAS4_180906_452_A01,Lamp5 Lsp1,5,#FFA388,Core,1.0,1856,1.0,both,True,411498.0,Htr3a-Cre_NO152;Ai14-411498,F,P57,VISp2/3,746101867.0,SM-GE8XZ_S142_E1-50,RSC-176,CS180626100006,Lamp5 Lsp1,both,True,True,True,Lamp5,Lamp5,True,Lamp5
746108633,1857,P8S4_180906_354_A01,Lamp5 Lsp1,5,#FFA388,I2,1.0,1857,1.0,both,True,411498.0,Htr3a-Cre_NO152;Ai14-411498,F,P57,VISpm1,746108432.0,SM-GE8XZ_S134_E1-50,RSC-176,CS180626100006,Lamp5 Lsp1,both,True,True,True,Lamp5,Lamp5,True,Lamp5
746127771,1858,PAS4_180906_453_A01,Vip Lect1 Oxtr,22,#FF00B3,I2,1.0,1858,1.0,both,True,411498.0,Htr3a-Cre_NO152;Ai14-411498,F,P57,VISp2/3,746127703.0,SM-GE8XZ_S143_E1-50,RSC-176,CS180626100024,Vip Rspo1 Itga4,both,True,True,False,Vip,Vip,True,Vip
746150922,1859,PFS4_180906_701_A01,Vip Chat Htr1f,24,#FF4DC1,Core,1.0,1859,1.0,both,True,411293.0,Vip-IRES-Cre;Npy-IRES2-FlpO;Ai65-411293,F,P58,VISp4,746150716.0,SM-GE8XZ_S157_E1-50,RSC-176,CS180626100025,Vip Chat Htr1f,both,True,True,True,Vip,Vip,True,Vip
746160014,1860,PBS4_180906_502_A01,Lamp5 Lsp1,5,#FFA388,Core,1.0,1860,1.0,both,True,411498.0,Htr3a-Cre_NO152;Ai14-411498,F,P57,VISp6a,746159889.0,SM-GE8XZ_S149_E1-50,RSC-176,CS180626100006,Lamp5 Lsp1,both,True,True,True,Lamp5,Lamp5,True,Lamp5
746172313,1861,PAS4_180906_454_A01,Lamp5 Lsp1,5,#FFA388,Core,1.0,1861,1.0,both,True,411498.0,Htr3a-Cre_NO152;Ai14-411498,F,P57,VISl2/3,746172206.0,SM-GE8XZ_S144_E1-50,RSC-176,CS180626100006,Lamp5 Lsp1,both,True,True,True,Lamp5,Lamp5,True,Lamp5
746177895,1862,PBS4_180906_503_A01,Pvalb Akr1c18 Ntf3,53,#FF4343,Core,1.0,1862,1.0,both,True,411498.0,Htr3a-Cre_NO152;Ai14-411498,F,P57,VISp5,746177738.0,SM-GE8XZ_S150_E1-50,RSC-176,CS180626100053,Pvalb Akr1c18 Ntf3,both,True,True,True,Pvalb,Pvalb,True,Pvalb
746200101,1863,P8S4_180906_355_A01,Sst Calb2 Necab1,33,#BF480D,I2,1.0,1863,1.0,both,True,411118.0,Npr3-IRES2-Cre;Sst-IRES-FlpO;Ai65-411118,M,P59,VISp2/3,746199933.0,SM-GE8XZ_S135_E1-50,RSC-176,CS180626100032,Sst Tac1 Htr1d,both,True,True,False,Sst,Sst,True,Sst
746219670,1864,PES4_180906_652_A01,Sst Rxfp1 Eya1,47,#994C00,I2,1.0,1864,1.0,both,True,411031.0,Calb2-IRES-Cre;Sst-IRES-FlpO;Ai65-411031,F,P59,VISp6a,746219574.0,SM-GE8XZ_S154_E1-50,RSC-176,CS180626100045,Sst Crh 4930553C11Rik ,both,True,True,False,Sst,Sst,True,Sst
746224396,1865,PBS4_180906_504_A01,Sst Esm1,45,#C11331,Core,1.0,1865,1.0,both,True,411118.0,Npr3-IRES2-Cre;Sst-IRES-FlpO;Ai65-411118,M,P59,VISl5,746224381.0,SM-GE8XZ_S151_E1-50,RSC-176,CS180626100046,Sst Esm1,both,True,True,True,Sst,Sst,True,Sst
746225102,1866,P8S4_180906_358_A01,Sst Nr2f2 Necab1,35,#FFDF11,I2,1.0,1866,1.0,both,True,411118.0,Npr3-IRES2-Cre;Sst-IRES-FlpO;Ai65-411118,M,P59,VISp4,746225086.0,SM-GE8XZ_S138_E1-50,RSC-176,CS180626100036,Sst Nr2f2 Necab1,both,True,True,True,Sst,Sst,True,Sst
746230941,1867,PAS4_180906_456_A01,Sst Tac2 Tacstd2,46,#BF8219,Core,1.0,1867,1.0,both,True,411118.0,Npr3-IRES2-Cre;Sst-IRES-FlpO;Ai65-411118,M,P59,VISp5,746230880.0,SM-GE8XZ_S146_E1-50,RSC-176,CS180626100047,Sst Tac2 Tacstd2,both,True,True,True,Sst,Sst,True,Sst
746256653,1868,PFS4_180906_704_A01,Sst Calb2 Pdlim5,34,#CC6D3D,I2,1.0,1868,1.0,both,True,411118.0,Npr3-IRES2-Cre;Sst-IRES-FlpO;Ai65-411118,M,P59,VISp5,746256255.0,SM-GE8XZ_S160_E1-50,RSC-176,CS180626100035,Sst Calb2 Pdlim5,both,True,True,True,Sst,Sst,True,Sst
746257157,1869,PAS4_180906_457_A01,Sst Hpse Cbln4,42,#806B19,Core,1.0,1869,1.0,both,True,411118.0,Npr3-IRES2-Cre;Sst-IRES-FlpO;Ai65-411118,M,P59,VISp5,746257001.0,SM-GE8XZ_S147_E1-50,RSC-176,CS180626100043,Sst Hpse Cbln4,both,True,True,True,Sst,Sst,True,Sst
746257405,1870,P8S4_180906_360_A01,Sst Tac1 Htr1d,31,#804811,I3,1.0,1870,1.0,both,True,411031.0,Calb2-IRES-Cre;Sst-IRES-FlpO;Ai65-411031,F,P59,VISpm5,746257237.0,SM-GE8XZ_S140_E1-50,RSC-176,CS180626100032,Sst Tac1 Htr1d,both,True,True,True,Sst,Sst,True,Sst
746257833,1871,PES4_180906_654_A01,Sst Hpse Sema3c,41,#BF9F00,Core,1.0,1871,1.0,both,True,411031.0,Calb2-IRES-Cre;Sst-IRES-FlpO;Ai65-411031,F,P59,VISrl5,746257673.0,SM-GE8XZ_S156_E1-50,RSC-176,CS180626100042,Sst Hpse Sema3c,both,True,True,True,Sst,Sst,True,Sst
746262092,1872,PFS4_180906_705_A01,Sst Tac2 Myh4,40,#D9C566,I2,1.0,1872,1.0,both,True,411118.0,Npr3-IRES2-Cre;Sst-IRES-FlpO;Ai65-411118,M,P59,VISp5,746261966.0,SM-GE8XZ_S161_E1-50,RSC-176,CS180626100041,Sst Tac2 Myh4,both,True,True,True,Sst,Sst,True,Sst
746265346,1873,PFS4_180906_706_A01,Sst Calb2 Pdlim5,34,#CC6D3D,I3,1.0,1873,1.0,both,True,411118.0,Npr3-IRES2-Cre;Sst-IRES-FlpO;Ai65-411118,M,P59,VISp5,746265325.0,SM-GE8XZ_S162_E1-50,RSC-176,CS180626100035,Sst Calb2 Pdlim5,both,True,True,True,Sst,Sst,True,Sst
746732672,1874,P8S4_180907_351_A01,Sst Chrna2 Glra3,37,#FF9F2C,I1,1.0,1874,1.0,both,True,411962.0,Chrna2-Cre_OE25;Sst-IRES-FlpO;Ai65-411962,M,P55,VISam5,746732443.0,SM-GE8XZ_S163_E1-50,RSC-176,CS180626100039,Sst Chrna2 Glra3,both,True,True,True,Sst,Sst,True,Sst
746747868,1875,PFS4_180907_701_A01,Sst Tac2 Tacstd2,46,#BF8219,Core,1.0,1875,1.0,both,True,411962.0,Chrna2-Cre_OE25;Sst-IRES-FlpO;Ai65-411962,M,P55,VISp6a,746747792.0,SM-GE8XF_S033_E1-50,RSC-178,CS180626100047,Sst Tac2 Tacstd2,both,True,True,True,Sst,Sst,True,Sst
746748645,1876,PES4_180907_651_A01,Sst Esm1,45,#C11331,Core,1.0,1876,1.0,both,True,411962.0,Chrna2-Cre_OE25;Sst-IRES-FlpO;Ai65-411962,M,P55,VISp5,746748630.0,SM-GE8XZ_S189_E1-50,RSC-176,CS180626100046,Sst Esm1,both,True,True,True,Sst,Sst,True,Sst
746749610,1877,PFS4_180907_702_A01,Sst Esm1,45,#C11331,Core,1.0,1877,1.0,both,True,411962.0,Chrna2-Cre_OE25;Sst-IRES-FlpO;Ai65-411962,M,P55,VISp6a,746749591.0,SM-GE8XF_S034_E1-50,RSC-178,CS180626100046,Sst Esm1,both,True,True,True,Sst,Sst,True,Sst
746755089,1878,PAS4_180907_451_A01,Sst Rxfp1 Eya1,47,#994C00,Core,1.0,1878,1.0,both,True,411033.0,Calb2-IRES-Cre;Sst-IRES-FlpO;Ai65-411033,F,P60,VISp6a,746755068.0,SM-GE8XZ_S173_E1-50,RSC-176,CS180626100048,Sst Rxfp1 Eya1,both,True,True,True,Sst,Sst,True,Sst
746793090,1879,PBS4_180907_502_A01,Sst Myh8 Fibin,38,#FF8011,Core,1.0,1879,1.0,both,True,411962.0,Chrna2-Cre_OE25;Sst-IRES-FlpO;Ai65-411962,M,P55,VISp5,746792979.0,SM-GE8XZ_S181_E1-50,RSC-176,CS180626100038,Sst Myh8 Fibin,both,True,True,True,Sst,Sst,True,Sst
746888848,1880,PAS4_180907_453_A01,Sst Tac1 Htr1d,31,#804811,I2,1.0,1880,1.0,both,True,411033.0,Calb2-IRES-Cre;Sst-IRES-FlpO;Ai65-411033,F,P60,VISp2/3,746888762.0,SM-GE8XZ_S175_E1-50,RSC-176,CS180626100032,Sst Tac1 Htr1d,both,True,True,True,Sst,Sst,True,Sst
746909752,1881,PAS4_180907_454_A01,Sst Calb2 Pdlim5,34,#CC6D3D,Core,1.0,1881,1.0,both,True,411033.0,Calb2-IRES-Cre;Sst-IRES-FlpO;Ai65-411033,F,P60,VISp5,746909709.0,SM-GE8XZ_S176_E1-50,RSC-176,CS180626100035,Sst Calb2 Pdlim5,both,True,True,True,Sst,Sst,True,Sst
746917495,1882,PES4_180907_652_A01,Sst Hpse Cbln4,42,#806B19,Core,1.0,1882,1.0,both,True,411120.0,Npr3-IRES2-Cre;Sst-IRES-FlpO;Ai65-411120,M,P60,VISp2/3,746917479.0,SM-GE8XZ_S190_E1-50,RSC-176,CS180626100043,Sst Hpse Cbln4,both,True,True,True,Sst,Sst,True,Sst
746917764,1883,P8S4_180907_355_A01,Sst Rxfp1 Prdm8,48,#802600,Core,1.0,1883,1.0,both,True,411120.0,Npr3-IRES2-Cre;Sst-IRES-FlpO;Ai65-411120,M,P60,VISp6a,746917747.0,SM-GE8XZ_S167_E1-50,RSC-176,CS180626100049,Sst Rxfp1 Prdm8,both,True,True,True,Sst,Sst,True,Sst
746924803,1884,PBS4_180907_504_A01,Sst Hpse Cbln4,42,#806B19,Core,1.0,1884,1.0,both,True,411120.0,Npr3-IRES2-Cre;Sst-IRES-FlpO;Ai65-411120,M,P60,VISp4,746924786.0,SM-GE8XZ_S183_E1-50,RSC-176,CS180626100043,Sst Hpse Cbln4,both,True,True,True,Sst,Sst,True,Sst
746987571,1885,P8S4_180907_359_A01,Sst Hpse Cbln4,42,#806B19,Core,1.0,1885,1.0,both,True,411120.0,Npr3-IRES2-Cre;Sst-IRES-FlpO;Ai65-411120,M,P60,VISp4,746987526.0,SM-GE8XZ_S171_E1-50,RSC-176,CS180626100043,Sst Hpse Cbln4,both,True,True,True,Sst,Sst,True,Sst
746999234,1886,PBS4_180907_506_A01,Sst Esm1,45,#C11331,Core,1.0,1886,1.0,both,True,412557.0,Sst-IRES-Cre;Ai14-412557,M,P53,VISp5,746999196.0,SM-GE8XZ_S185_E1-50,RSC-176,CS180626100046,Sst Esm1,both,True,True,True,Sst,Sst,True,Sst
747009657,1887,PES4_180907_653_A01,Sst Crhr2 Efemp1,43,#B95541,Core,1.0,1887,1.0,both,True,412557.0,Sst-IRES-Cre;Ai14-412557,M,P53,VISli6a,747009406.0,SM-GE8XZ_S191_E1-50,RSC-176,CS180626100044,Sst Crhr2 Efemp1,both,True,True,True,Sst,Sst,True,Sst
747014167,1888,P8S4_180907_360_A01,Sst Tac2 Tacstd2,46,#BF8219,I1,1.0,1888,1.0,both,True,411120.0,Npr3-IRES2-Cre;Sst-IRES-FlpO;Ai65-411120,M,P60,VISp5,747014079.0,SM-GE8XZ_S172_E1-50,RSC-176,CS180626100047,Sst Tac2 Tacstd2,both,True,True,True,Sst,Sst,True,Sst
747014238,1889,PBS4_180907_507_A01,Sst Tac2 Tacstd2,46,#BF8219,Core,1.0,1889,1.0,both,True,412557.0,Sst-IRES-Cre;Ai14-412557,M,P53,VISp5,747014200.0,SM-GE8XZ_S186_E1-50,RSC-176,CS180626100047,Sst Tac2 Tacstd2,both,True,True,True,Sst,Sst,True,Sst
747025421,1890,PES4_180907_654_A01,Sst Calb2 Pdlim5,34,#CC6D3D,I3,1.0,1890,1.0,both,True,412557.0,Sst-IRES-Cre;Ai14-412557,M,P53,VISp5,747025377.0,SM-GE8XZ_S192_E1-50,RSC-176,CS180626100043,Sst Hpse Cbln4,both,True,True,False,Sst,Sst,True,Sst
747028632,1891,PBS4_180907_508_A01,Sst Chrna2 Ptgdr,39,#FFB307,I2,1.0,1891,1.0,both,True,412557.0,Sst-IRES-Cre;Ai14-412557,M,P53,VISl5,747028569.0,SM-GE8XZ_S187_E1-50,RSC-176,CS180626100039,Sst Chrna2 Glra3,both,True,True,False,Sst,Sst,True,Sst
747047415,1892,PES4_180907_655_A01,Sst Rxfp1 Prdm8,48,#802600,I2,1.0,1892,1.0,both,True,412557.0,Sst-IRES-Cre;Ai14-412557,M,P53,VISp5,747047320.0,SM-GE8XF_S031_E1-50,RSC-178,CS180626100052,Pvalb Th Sst,both,True,True,False,Sst,Pvalb,False,Sst
747050694,1893,PBS4_180907_509_A01,Sst Calb2 Pdlim5,34,#CC6D3D,Core,1.0,1893,1.0,both,True,412557.0,Sst-IRES-Cre;Ai14-412557,M,P53,VISli5,747050679.0,SM-GE8XZ_S188_E1-50,RSC-176,CS180626100035,Sst Calb2 Pdlim5,both,True,True,True,Sst,Sst,True,Sst
747056356,1894,PES4_180907_656_A01,Sst Rxfp1 Prdm8,48,#802600,Core,1.0,1894,1.0,both,True,412557.0,Sst-IRES-Cre;Ai14-412557,M,P53,VISp6a,747056263.0,SM-GE8XF_S032_E1-50,RSC-178,CS180626100049,Sst Rxfp1 Prdm8,both,True,True,True,Sst,Sst,True,Sst
750162069,1895,P8S4_180910_351_A01,Sst Rxfp1 Eya1,47,#994C00,Core,1.0,1895,1.0,both,True,412161.0,Sst-IRES-Cre;Ai14-412161,M,P57,VISp5,750161904.0,SM-GE8XQ_S007_E1-50,RSC-177,CS180626100048,Sst Rxfp1 Eya1,both,True,True,True,Sst,Sst,True,Sst
750189292,1896,P8S4_180910_352_A01,Sst Esm1,45,#C11331,Core,1.0,1896,1.0,both,True,412161.0,Sst-IRES-Cre;Ai14-412161,M,P57,VISp5,750189136.0,SM-GE8XQ_S008_E1-50,RSC-177,CS180626100046,Sst Esm1,both,True,True,True,Sst,Sst,True,Sst
750210640,1897,PFS4_180910_701_A01,Sst Calb2 Pdlim5,34,#CC6D3D,Core,1.0,1897,1.0,both,True,412161.0,Sst-IRES-Cre;Ai14-412161,M,P57,VISp2/3,750210483.0,SM-GE8XQ_S038_E1-50,RSC-177,CS180626100035,Sst Calb2 Pdlim5,both,True,True,True,Sst,Sst,True,Sst
750233621,1898,PAS4_180907_456_A01,Sst Tac2 Tacstd2,46,#BF8219,I1,1.0,1898,1.0,both,True,411120.0,Npr3-IRES2-Cre;Sst-IRES-FlpO;Ai65-411120,M,P60,VISp5,750233439.0,SM-GE8XZ_S178_E1-50,RSC-176,CS180626100047,Sst Tac2 Tacstd2,both,True,True,True,Sst,Sst,True,Sst
750241663,1899,PFS4_180910_702_A01,Sst Tac2 Tacstd2,46,#BF8219,I2,1.0,1899,1.0,both,True,412161.0,Sst-IRES-Cre;Ai14-412161,M,P57,VISp5,750241324.0,SM-GE8XQ_S039_E1-50,RSC-177,CS180626100047,Sst Tac2 Tacstd2,both,True,True,True,Sst,Sst,True,Sst
750242027,1900,P8S4_180910_353_A01,Sst Esm1,45,#C11331,I1,1.0,1900,1.0,both,True,412161.0,Sst-IRES-Cre;Ai14-412161,M,P57,VISpm5,750241840.0,SM-GE8XQ_S009_E1-50,RSC-177,CS180626100046,Sst Esm1,both,True,True,True,Sst,Sst,True,Sst
750242249,1901,PAS4_180907_457_A01,Sst Tac2 Tacstd2,46,#BF8219,Core,1.0,1901,1.0,both,True,411120.0,Npr3-IRES2-Cre;Sst-IRES-FlpO;Ai65-411120,M,P60,VISp5,750242122.0,SM-GE8XZ_S179_E1-50,RSC-176,CS180626100047,Sst Tac2 Tacstd2,both,True,True,True,Sst,Sst,True,Sst
750261373,1902,PES4_180910_651_A01,Sst Chodl,29,#FFFF00,Core,1.0,1902,1.0,both,True,412356.0,Nos1-CreERT2;Sst-IRES-FlpO;Ai65-412356,F,P56,VISam6a,750261143.0,SM-GE8XQ_S031_E1-50,RSC-177,CS180626100030,Sst Chodl,both,True,True,True,Sst,Sst,True,Sst
750293296,1903,PAS4_180910_452_A01,Sst Esm1,45,#C11331,I2,1.0,1903,1.0,both,True,412356.0,Nos1-CreERT2;Sst-IRES-FlpO;Ai65-412356,F,P56,VISal6a,750293014.0,SM-GE8XQ_S019_E1-50,RSC-177,CS180626100046,Sst Esm1,both,True,True,True,Sst,Sst,True,Sst
750331780,1904,PBS4_180910_502_A01,Sst Esm1,45,#C11331,Core,1.0,1904,1.0,both,True,412161.0,Sst-IRES-Cre;Ai14-412161,M,P57,VISp5,750331651.0,SM-GE8XQ_S025_E1-50,RSC-177,CS180626100046,Sst Esm1,both,True,True,True,Sst,Sst,True,Sst
750346902,1905,PBS4_180910_503_A01,Sst Tac1 Htr1d,31,#804811,I2,1.0,1905,1.0,both,True,412161.0,Sst-IRES-Cre;Ai14-412161,M,P57,VISp4,750346780.0,SM-GE8XQ_S026_E1-50,RSC-177,CS180626100032,Sst Tac1 Htr1d,both,True,True,True,Sst,Sst,True,Sst
750378044,1906,P8S4_180910_355_A01,Sst Chodl,29,#FFFF00,Core,1.0,1906,1.0,both,True,412356.0,Nos1-CreERT2;Sst-IRES-FlpO;Ai65-412356,F,P56,VISpm6a,750377976.0,SM-GE8XQ_S011_E1-50,RSC-177,CS180626100030,Sst Chodl,both,True,True,True,Sst,Sst,True,Sst
750378755,1907,P1S4_180910_003_A01,Lamp5 Plch2 Dock5,4,#FF7290,Core,1.0,1907,1.0,both,True,412517.0,Ndnf-IRES2-dgCre;Slc32a1-IRES2-FlpO;Ai65-412517,F,P55,VISp1,750378594.0,SM-GE8XQ_S003_E1-50,RSC-177,CS180626100005,Lamp5 Plch2 Dock5,both,True,True,True,Lamp5,Lamp5,True,Lamp5
750405307,1908,P8S4_180910_356_A01,Sst Chodl,29,#FFFF00,Core,1.0,1908,1.0,both,True,412356.0,Nos1-CreERT2;Sst-IRES-FlpO;Ai65-412356,F,P56,VISp5,750405288.0,SM-GE8XQ_S012_E1-50,RSC-177,CS180626100030,Sst Chodl,both,True,True,True,Sst,Sst,True,Sst
750415413,1909,PAS4_180910_453_A01,Pvalb Th Sst,51,#FF2F7E,I2,1.0,1909,1.0,both,True,412558.0,Sst-IRES-Cre;Ai14-412558,M,P56,VISpm5,750415341.0,SM-GE8XQ_S020_E1-50,RSC-177,CS180626100053,Pvalb Akr1c18 Ntf3,both,True,True,False,Pvalb,Pvalb,True,Pvalb
750421101,1910,P1S4_180910_005_A01,Lamp5 Plch2 Dock5,4,#FF7290,Core,1.0,1910,1.0,both,True,412517.0,Ndnf-IRES2-dgCre;Slc32a1-IRES2-FlpO;Ai65-412517,F,P55,VISp1,750421072.0,SM-GE8XQ_S005_E1-50,RSC-177,CS180626100005,Lamp5 Plch2 Dock5,both,True,True,True,Lamp5,Lamp5,True,Lamp5
750421132,1911,PBS4_180910_504_A01,Lamp5 Ntn1 Npy2r,3,#DD6091,I2,1.0,1911,1.0,both,True,412517.0,Ndnf-IRES2-dgCre;Slc32a1-IRES2-FlpO;Ai65-412517,F,P55,VISl1,750421116.0,SM-GE8XQ_S027_E1-50,RSC-177,CS180626100004,Lamp5 Ntn1 Npy2r,both,True,True,True,Lamp5,Lamp5,True,Lamp5
750424273,1912,P8S4_180910_357_A01,Sst Chodl,29,#FFFF00,Core,1.0,1912,1.0,both,True,412356.0,Nos1-CreERT2;Sst-IRES-FlpO;Ai65-412356,F,P56,VISp6a,750424241.0,SM-GE8XQ_S013_E1-50,RSC-177,CS180626100030,Sst Chodl,both,True,True,True,Sst,Sst,True,Sst
750436969,1913,PES4_180910_655_A01,Sst Chodl,29,#FFFF00,Core,1.0,1913,1.0,both,True,412356.0,Nos1-CreERT2;Sst-IRES-FlpO;Ai65-412356,F,P56,VISa5,750436853.0,SM-GE8XQ_S035_E1-50,RSC-177,CS180626100030,Sst Chodl,both,True,True,True,Sst,Sst,True,Sst
750440911,1914,PAS4_180910_454_A01,Sst Tac2 Tacstd2,46,#BF8219,I2,1.0,1914,1.0,both,True,412558.0,Sst-IRES-Cre;Ai14-412558,M,P56,VISp5,750440866.0,SM-GE8XQ_S021_E1-50,RSC-177,CS180626100046,Sst Esm1,both,True,True,False,Sst,Sst,True,Sst
750440984,1915,PBS4_180910_505_A01,Sst Hpse Sema3c,41,#BF9F00,Core,1.0,1915,1.0,both,True,412558.0,Sst-IRES-Cre;Ai14-412558,M,P56,VISp5,750440944.0,SM-GE8XQ_S028_E1-50,RSC-177,CS180626100042,Sst Hpse Sema3c,both,True,True,True,Sst,Sst,True,Sst
750446086,1916,P8S4_180910_358_A01,Sst Hpse Cbln4,42,#806B19,I2,1.0,1916,1.0,both,True,412558.0,Sst-IRES-Cre;Ai14-412558,M,P56,VISp5,750446008.0,SM-GE8XQ_S014_E1-50,RSC-177,CS180626100035,Sst Calb2 Pdlim5,both,True,True,False,Sst,Sst,True,Sst
750461799,1917,PAS4_180910_455_A01,Sst Calb2 Pdlim5,34,#CC6D3D,I1,1.0,1917,1.0,both,True,412558.0,Sst-IRES-Cre;Ai14-412558,M,P56,VISp5,750461784.0,SM-GE8XQ_S022_E1-50,RSC-177,CS180626100035,Sst Calb2 Pdlim5,both,True,True,True,Sst,Sst,True,Sst
750461846,1918,P1S4_180910_006_A01,Sst Chodl,29,#FFFF00,Core,1.0,1918,1.0,both,True,412558.0,Sst-IRES-Cre;Ai14-412558,M,P56,VISp5,750461815.0,SM-GE8XQ_S006_E1-50,RSC-177,CS180626100030,Sst Chodl,both,True,True,True,Sst,Sst,True,Sst
750462319,1919,P8S4_180910_359_A01,Sst Hpse Cbln4,42,#806B19,I1,1.0,1919,1.0,both,True,412558.0,Sst-IRES-Cre;Ai14-412558,M,P56,VISp5,750462303.0,SM-GE8XQ_S015_E1-50,RSC-177,CS180626100043,Sst Hpse Cbln4,both,True,True,True,Sst,Sst,True,Sst
750464909,1920,P8S4_180910_360_A01,Sst Esm1,45,#C11331,Core,1.0,1920,1.0,both,True,412558.0,Sst-IRES-Cre;Ai14-412558,M,P56,VISp5,750464868.0,SM-GE8XQ_S016_E1-50,RSC-177,CS180626100046,Sst Esm1,both,True,True,True,Sst,Sst,True,Sst
750465208,1921,PAS4_180910_456_A01,Sst Hpse Cbln4,42,#806B19,Core,1.0,1921,1.0,both,True,412558.0,Sst-IRES-Cre;Ai14-412558,M,P56,VISp4,750465193.0,SM-GE8XQ_S023_E1-50,RSC-177,CS180626100043,Sst Hpse Cbln4,both,True,True,True,Sst,Sst,True,Sst
750465238,1922,PBS4_180910_506_A01,Sst Calb2 Necab1,33,#BF480D,I1,1.0,1922,1.0,both,True,412558.0,Sst-IRES-Cre;Ai14-412558,M,P56,VISp5,750465223.0,SM-GE8XQ_S029_E1-50,RSC-177,CS180626100034,Sst Calb2 Necab1,both,True,True,True,Sst,Sst,True,Sst
750465525,1923,PFS4_180910_704_A01,Sst Hpse Cbln4,42,#806B19,Core,1.0,1923,1.0,both,True,412558.0,Sst-IRES-Cre;Ai14-412558,M,P56,VISpm5,750465506.0,SM-GE8XQ_S041_E1-50,RSC-177,CS180626100043,Sst Hpse Cbln4,both,True,True,True,Sst,Sst,True,Sst
750467051,1924,P8S4_180910_361_A01,Sst Crhr2 Efemp1,43,#B95541,Core,1.0,1924,1.0,both,True,412558.0,Sst-IRES-Cre;Ai14-412558,M,P56,VISp5,750467036.0,SM-GE8XQ_S017_E1-50,RSC-177,CS180626100044,Sst Crhr2 Efemp1,both,True,True,True,Sst,Sst,True,Sst
750472545,1925,PBS4_180910_507_A01,Sst Hpse Cbln4,42,#806B19,Core,1.0,1925,1.0,both,True,412558.0,Sst-IRES-Cre;Ai14-412558,M,P56,VISp5,750472510.0,SM-GE8XQ_S030_E1-50,RSC-177,CS180626100043,Sst Hpse Cbln4,both,True,True,True,Sst,Sst,True,Sst
750472575,1926,PFS4_180910_705_A01,Sst Calb2 Pdlim5,34,#CC6D3D,I2,1.0,1926,1.0,both,True,412558.0,Sst-IRES-Cre;Ai14-412558,M,P56,VISpm2/3,750472560.0,SM-GE8XQ_S042_E1-50,RSC-177,CS180626100035,Sst Calb2 Pdlim5,both,True,True,True,Sst,Sst,True,Sst
750472605,1927,PES4_180910_656_A01,Sst Myh8 Etv1 ,36,#D6C300,I1,1.0,1927,1.0,both,True,412558.0,Sst-IRES-Cre;Ai14-412558,M,P56,VISp5,750472590.0,SM-GE8XQ_S036_E1-50,RSC-177,CS180626100037,Sst Myh8 Etv1 ,both,True,True,True,Sst,Sst,True,Sst
750489990,1928,PES4_180910_657_A01,Sst Crhr2 Efemp1,43,#B95541,Core,1.0,1928,1.0,both,True,412558.0,Sst-IRES-Cre;Ai14-412558,M,P56,VISl5,750489975.0,SM-GE8XQ_S037_E1-50,RSC-177,CS180626100044,Sst Crhr2 Efemp1,both,True,True,True,Sst,Sst,True,Sst
750689113,1929,P8S4_180911_351_A01,Sst Calb2 Necab1,33,#BF480D,I2,1.0,1929,1.0,both,True,412162.0,Sst-IRES-Cre;Ai14-412162,M,P58,VISp5,750688923.0,SM-GE8XQ_S052_E1-50,RSC-177,CS180626100035,Sst Calb2 Pdlim5,both,True,True,False,Sst,Sst,True,Sst
750706642,1930,P8S4_180911_352_A01,Sst Esm1,45,#C11331,Core,1.0,1930,1.0,both,True,412162.0,Sst-IRES-Cre;Ai14-412162,M,P58,VISp5,750706585.0,SM-GE8XQ_S053_E1-50,RSC-177,CS180626100046,Sst Esm1,both,True,True,True,Sst,Sst,True,Sst
750721588,1931,P8S4_180911_353_A01,Sst Rxfp1 Prdm8,48,#802600,Core,1.0,1931,1.0,both,True,412162.0,Sst-IRES-Cre;Ai14-412162,M,P58,VISpm6a,750721563.0,SM-GE8XQ_S054_E1-50,RSC-177,CS180626100049,Sst Rxfp1 Prdm8,both,True,True,True,Sst,Sst,True,Sst
750732265,1932,P1S4_180911_002_A01,Sst Tac2 Myh4,40,#D9C566,I1,1.0,1932,1.0,both,True,412555.0,Sst-IRES-Cre;Ai14-412555,M,P57,VISp5,750732198.0,SM-GE8XQ_S044_E1-50,RSC-177,CS180626100041,Sst Tac2 Myh4,both,True,True,True,Sst,Sst,True,Sst
750733881,1933,PAS4_180911_451_A01,Sst Crhr2 Efemp1,43,#B95541,Core,1.0,1933,1.0,both,True,412555.0,Sst-IRES-Cre;Ai14-412555,M,P57,VISpm5,750733857.0,SM-GE8XQ_S062_E1-50,RSC-177,CS180626100044,Sst Crhr2 Efemp1,both,True,True,True,Sst,Sst,True,Sst
750748277,1934,P2S4_180911_052_A01,Sst Hpse Cbln4,42,#806B19,I2,1.0,1934,1.0,both,True,412555.0,Sst-IRES-Cre;Ai14-412555,M,P57,VISpm5,750748254.0,SM-GE8XQ_S046_E1-50,RSC-177,CS180626100043,Sst Hpse Cbln4,both,True,True,True,Sst,Sst,True,Sst
750757147,1935,PAS4_180911_452_A01,Sst Crhr2 Efemp1,43,#B95541,Core,1.0,1935,1.0,both,True,412555.0,Sst-IRES-Cre;Ai14-412555,M,P57,VISp6a,750757129.0,SM-GE8XQ_S063_E1-50,RSC-177,CS180626100044,Sst Crhr2 Efemp1,both,True,True,True,Sst,Sst,True,Sst
750773551,1936,PES4_180911_653_A01,Lamp5 Fam19a1 Tmem182,2,#FFB8CE,Core,1.0,1936,1.0,both,True,412518.0,Ndnf-IRES2-dgCre;Slc32a1-IRES2-FlpO;Ai65-412518,F,P56,VISpor1,750773536.0,SM-GE8XQ_S075_E1-50,RSC-177,CS180626100003,Lamp5 Fam19a1 Tmem182,both,True,True,True,Lamp5,Lamp5,True,Lamp5
750776506,1937,P8S4_180911_354_A01,Sst Crhr2 Efemp1,43,#B95541,I2,1.0,1937,1.0,both,True,412560.0,Sst-IRES-Cre;Ai14-412560,F,P57,VISp5,750776491.0,SM-GE8XQ_S055_E1-50,RSC-177,CS180626100044,Sst Crhr2 Efemp1,both,True,True,True,Sst,Sst,True,Sst
750776546,1938,PFS4_180911_703_A01,Sst Rxfp1 Eya1,47,#994C00,I1,1.0,1938,1.0,both,True,412560.0,Sst-IRES-Cre;Ai14-412560,F,P57,VISp6a,750776531.0,SM-GE8XQ_S105_E1-50,RSC-177,CS180626100048,Sst Rxfp1 Eya1,both,True,True,True,Sst,Sst,True,Sst
750780017,1939,PES4_180911_654_A01,Lamp5 Ntn1 Npy2r,3,#DD6091,Core,1.0,1939,1.0,both,True,412518.0,Ndnf-IRES2-dgCre;Slc32a1-IRES2-FlpO;Ai65-412518,F,P56,VISpor1,750780002.0,SM-GE8XQ_S076_E1-50,RSC-177,CS180626100004,Lamp5 Ntn1 Npy2r,both,True,True,True,Lamp5,Lamp5,True,Lamp5
750783451,1940,PFS4_180911_704_A01,Sst Calb2 Pdlim5,34,#CC6D3D,Core,1.0,1940,1.0,both,True,412560.0,Sst-IRES-Cre;Ai14-412560,F,P57,VISp4,750783419.0,SM-GE8XQ_S106_E1-50,RSC-177,CS180626100035,Sst Calb2 Pdlim5,both,True,True,True,Sst,Sst,True,Sst
750783593,1941,P8S4_180911_355_A01,Sst Rxfp1 Prdm8,48,#802600,Core,1.0,1941,1.0,both,True,412560.0,Sst-IRES-Cre;Ai14-412560,F,P57,VISp5,750783576.0,SM-GE8XQ_S056_E1-50,RSC-177,CS180626100049,Sst Rxfp1 Prdm8,both,True,True,True,Sst,Sst,True,Sst
750783623,1942,PES4_180911_655_A01,Lamp5 Lsp1,5,#FFA388,I2,1.0,1942,1.0,both,True,412518.0,Ndnf-IRES2-dgCre;Slc32a1-IRES2-FlpO;Ai65-412518,F,P56,VISpor1,750783608.0,SM-GE8XQ_S077_E1-50,RSC-177,CS180626100005,Lamp5 Plch2 Dock5,both,True,True,False,Lamp5,Lamp5,True,Lamp5
750786577,1943,PAS4_180911_453_A01,Lamp5 Plch2 Dock5,4,#FF7290,I1,1.0,1943,1.0,both,True,412518.0,Ndnf-IRES2-dgCre;Slc32a1-IRES2-FlpO;Ai65-412518,F,P56,VISp1,750786562.0,SM-GE8XQ_S064_E1-50,RSC-177,CS180626100005,Lamp5 Plch2 Dock5,both,True,True,True,Lamp5,Lamp5,True,Lamp5
750786617,1944,P8S4_180911_356_A01,Sst Crh 4930553C11Rik ,44,#C77767,Core,1.0,1944,1.0,both,True,412560.0,Sst-IRES-Cre;Ai14-412560,F,P57,VISp5,750786602.0,SM-GE8XQ_S057_E1-50,RSC-177,CS180626100045,Sst Crh 4930553C11Rik ,both,True,True,True,Sst,Sst,True,Sst
750786807,1945,PFS4_180911_705_A01,Sst Crhr2 Efemp1,43,#B95541,Core,1.0,1945,1.0,both,True,412560.0,Sst-IRES-Cre;Ai14-412560,F,P57,VISp6a,750786792.0,SM-GE8XQ_S107_E1-50,RSC-177,CS180626100044,Sst Crhr2 Efemp1,both,True,True,True,Sst,Sst,True,Sst
750789473,1946,P8S4_180911_357_A01,Sst Esm1,45,#C11331,I2,1.0,1946,1.0,both,True,412560.0,Sst-IRES-Cre;Ai14-412560,F,P57,VISp5,750789458.0,SM-GE8XQ_S058_E1-50,RSC-177,CS180626100046,Sst Esm1,both,True,True,True,Sst,Sst,True,Sst
750794085,1947,PFS4_180911_706_A01,Sst Calb2 Pdlim5,34,#CC6D3D,I1,1.0,1947,1.0,both,True,412560.0,Sst-IRES-Cre;Ai14-412560,F,P57,VISp2/3,750794070.0,SM-GE8XQ_S108_E1-50,RSC-177,CS180626100035,Sst Calb2 Pdlim5,both,True,True,True,Sst,Sst,True,Sst
750794115,1948,P2S4_180911_055_A01,Sst Calb2 Necab1,33,#BF480D,I1,1.0,1948,1.0,both,True,412560.0,Sst-IRES-Cre;Ai14-412560,F,P57,VISpm5,750794100.0,SM-GE8XQ_S049_E1-50,RSC-177,CS180626100035,Sst Calb2 Pdlim5,both,True,True,False,Sst,Sst,True,Sst
750795221,1949,P8S4_180911_358_A01,Sst Esm1,45,#C11331,Core,1.0,1949,1.0,both,True,412560.0,Sst-IRES-Cre;Ai14-412560,F,P57,VISp5,750795114.0,SM-GE8XQ_S059_E1-50,RSC-177,CS180626100046,Sst Esm1,both,True,True,True,Sst,Sst,True,Sst
750798337,1950,P2S4_180911_056_A01,Sst Calb2 Pdlim5,34,#CC6D3D,Core,1.0,1950,1.0,both,True,412560.0,Sst-IRES-Cre;Ai14-412560,F,P57,VISp2/3,750798322.0,SM-GE8XQ_S050_E1-50,RSC-177,CS180626100035,Sst Calb2 Pdlim5,both,True,True,True,Sst,Sst,True,Sst
750798367,1951,P8S4_180911_359_A01,Sst Esm1,45,#C11331,Core,1.0,1951,1.0,both,True,412560.0,Sst-IRES-Cre;Ai14-412560,F,P57,VISp5,750798352.0,SM-GE8XQ_S060_E1-50,RSC-177,CS180626100046,Sst Esm1,both,True,True,True,Sst,Sst,True,Sst
750801763,1952,P8S4_180911_360_A01,Sst Chodl,29,#FFFF00,Core,1.0,1952,1.0,both,True,412560.0,Sst-IRES-Cre;Ai14-412560,F,P57,VISpm6a,750801676.0,SM-GE8XQ_S061_E1-50,RSC-177,CS180626100030,Sst Chodl,both,True,True,True,Sst,Sst,True,Sst
750801904,1953,PFS4_180911_707_A01,Sst Tac2 Tacstd2,46,#BF8219,Core,1.0,1953,1.0,both,True,412560.0,Sst-IRES-Cre;Ai14-412560,F,P57,VISp5,750801887.0,SM-GE8XQ_S109_E1-50,RSC-177,CS180626100047,Sst Tac2 Tacstd2,both,True,True,True,Sst,Sst,True,Sst
750803570,1954,P2S4_180911_057_A01,Sst Calb2 Pdlim5,34,#CC6D3D,I1,1.0,1954,1.0,both,True,412560.0,Sst-IRES-Cre;Ai14-412560,F,P57,VISp4,750803550.0,SM-GE8XQ_S051_E1-50,RSC-177,CS180626100035,Sst Calb2 Pdlim5,both,True,True,True,Sst,Sst,True,Sst
750805111,1955,PAS4_180911_456_A01,Sst Myh8 Etv1 ,36,#D6C300,I2,1.0,1955,1.0,both,True,412560.0,Sst-IRES-Cre;Ai14-412560,F,P57,VISp5,750805072.0,SM-GE8XQ_S067_E1-50,RSC-177,CS180626100037,Sst Myh8 Etv1 ,both,True,True,True,Sst,Sst,True,Sst
750805922,1956,PFS4_180911_708_A01,Sst Calb2 Pdlim5,34,#CC6D3D,Core,1.0,1956,1.0,both,True,412560.0,Sst-IRES-Cre;Ai14-412560,F,P57,VISp4,750805898.0,SM-GE8XQ_S110_E1-50,RSC-177,CS180626100035,Sst Calb2 Pdlim5,both,True,True,True,Sst,Sst,True,Sst
750811272,1957,PES4_180911_659_A01,Sst Hpse Cbln4,42,#806B19,I2,1.0,1957,1.0,both,True,412858.0,Sst-IRES-Cre;Ai14-412858,M,P55,VISpm5,750811038.0,SM-GE8XQ_S081_E1-50,RSC-177,CS180626100043,Sst Hpse Cbln4,both,True,True,True,Sst,Sst,True,Sst
750821449,1958,PAS4_180911_457_A01,Sst Esm1,45,#C11331,I2,1.0,1958,1.0,both,True,412858.0,Sst-IRES-Cre;Ai14-412858,M,P55,VISpm5,750821368.0,SM-GE8XQ_S068_E1-50,RSC-177,CS180626100046,Sst Esm1,both,True,True,True,Sst,Sst,True,Sst
750824726,1959,PES4_180911_660_A01,Sst Nts,49,#A81111,Core,1.0,1959,1.0,both,True,412858.0,Sst-IRES-Cre;Ai14-412858,M,P55,VISpm6a,750824573.0,SM-GE8XQ_S082_E1-50,RSC-177,CS180626100050,Sst Nts,both,True,True,True,Sst,Sst,True,Sst
750824926,1960,PFS4_180911_709_A01,Sst Crhr2 Efemp1,43,#B95541,Core,1.0,1960,1.0,both,True,412560.0,Sst-IRES-Cre;Ai14-412560,F,P57,VISl5,750824807.0,SM-GE8XQ_S111_E1-50,RSC-177,CS180626100044,Sst Crhr2 Efemp1,both,True,True,True,Sst,Sst,True,Sst
750833190,1961,PES4_180911_661_A01,Sst Rxfp1 Eya1,47,#994C00,Core,1.0,1961,1.0,both,True,412858.0,Sst-IRES-Cre;Ai14-412858,M,P55,VISpm6a,750833172.0,SM-GE8XQ_S083_E1-50,RSC-177,CS180626100048,Sst Rxfp1 Eya1,both,True,True,True,Sst,Sst,True,Sst
751183031,1962,PAS4_180912_451_A01,Sst Mme Fam114a1,30,#FFBB33,Core,1.0,1962,1.0,both,True,412165.0,Sst-IRES-Cre;Ai14-412165,F,P59,VISp5,751182751.0,SM-GE8XQ_S137_E1-50,RSC-177,CS180626100031,Sst Mme Fam114a1,both,True,True,True,Sst,Sst,True,Sst
751199266,1963,P1S4_180912_001_A01,Sst Myh8 Etv1 ,36,#D6C300,Core,1.0,1963,1.0,both,True,412165.0,Sst-IRES-Cre;Ai14-412165,F,P59,VISp5,751199116.0,SM-GE8XQ_S112_E1-50,RSC-177,CS180626100037,Sst Myh8 Etv1 ,both,True,True,True,Sst,Sst,True,Sst
751226394,1964,P1S4_180912_002_A01,Sst Chodl,29,#FFFF00,Core,1.0,1964,1.0,both,True,412165.0,Sst-IRES-Cre;Ai14-412165,F,P59,VISp5,751226379.0,SM-GE8XQ_S113_E1-50,RSC-177,CS180626100030,Sst Chodl,both,True,True,True,Sst,Sst,True,Sst
751229887,1965,PAS4_180912_452_A01,Sst Rxfp1 Eya1,47,#994C00,Core,1.0,1965,1.0,both,True,412165.0,Sst-IRES-Cre;Ai14-412165,F,P59,VISp6a,751229633.0,SM-GE8XQ_S138_E1-50,RSC-177,CS180626100048,Sst Rxfp1 Eya1,both,True,True,True,Sst,Sst,True,Sst
751250310,1966,P1S4_180912_003_A01,Sst Tac2 Tacstd2,46,#BF8219,Core,1.0,1966,1.0,both,True,412165.0,Sst-IRES-Cre;Ai14-412165,F,P59,VISp6a,751250139.0,SM-GE8XQ_S114_E1-50,RSC-177,CS180626100047,Sst Tac2 Tacstd2,both,True,True,True,Sst,Sst,True,Sst
751269017,1967,PAS4_180912_453_A01,Sst Tac2 Tacstd2,46,#BF8219,I2,1.0,1967,1.0,both,True,412165.0,Sst-IRES-Cre;Ai14-412165,F,P59,VISp5,751268829.0,SM-GE8XQ_S139_E1-50,RSC-177,CS180626100047,Sst Tac2 Tacstd2,both,True,True,True,Sst,Sst,True,Sst
751288601,1968,P2S4_180912_052_A01,Pvalb Reln Itm2a,56,#E67A77,Core,1.0,1968,1.0,both,True,412165.0,Sst-IRES-Cre;Ai14-412165,F,P59,VISp5,751288410.0,SM-GE8XQ_S123_E1-50,RSC-177,CS180626100058,Pvalb Reln Itm2a,both,True,True,True,Pvalb,Pvalb,True,Pvalb
751288807,1969,P1S4_180912_004_A01,Sst Hpse Cbln4,42,#806B19,Core,1.0,1969,1.0,both,True,412165.0,Sst-IRES-Cre;Ai14-412165,F,P59,VISp4,751288673.0,SM-GE8XQ_S115_E1-50,RSC-177,CS180626100043,Sst Hpse Cbln4,both,True,True,True,Sst,Sst,True,Sst
751325916,1970,P2S4_180912_053_A01,Sst Tac2 Myh4,40,#D9C566,I1,1.0,1970,1.0,both,True,412165.0,Sst-IRES-Cre;Ai14-412165,F,P59,VISp5,751325613.0,SM-GE8XQ_S124_E1-50,RSC-177,CS180626100041,Sst Tac2 Myh4,both,True,True,True,Sst,Sst,True,Sst
751349800,1971,PFS4_180912_701_A01,Sst Rxfp1 Prdm8,48,#802600,Core,1.0,1971,1.0,both,True,412165.0,Sst-IRES-Cre;Ai14-412165,F,P59,VISp5,751349651.0,SM-GE8XQ_S153_E1-50,RSC-177,CS180626100049,Sst Rxfp1 Prdm8,both,True,True,True,Sst,Sst,True,Sst
751947558,1972,P1S4_180912_007_A01,Sst Mme Fam114a1,30,#FFBB33,I1,1.0,1972,1.0,both,True,412562.0,Sst-IRES-Cre;Ai14-412562,F,P58,VISp6a,751947435.0,SM-GE8XQ_S118_E1-50,RSC-177,CS180626100031,Sst Mme Fam114a1,both,True,True,True,Sst,Sst,True,Sst
751974246,1973,P1S4_180912_008_A01,Sst Crhr2 Efemp1,43,#B95541,I2,1.0,1973,1.0,both,True,412562.0,Sst-IRES-Cre;Ai14-412562,F,P58,VISp5,751974187.0,SM-GE8XQ_S119_E1-50,RSC-177,CS180626100043,Sst Hpse Cbln4,both,True,True,False,Sst,Sst,True,Sst
751974368,1974,PFS4_180912_702_A01,Pvalb Th Sst,51,#FF2F7E,I3,1.0,1974,1.0,both,True,412165.0,Sst-IRES-Cre;Ai14-412165,F,P59,VISl6a,751974285.0,SM-GE8XQ_S154_E1-50,RSC-177,CS180626100052,Pvalb Th Sst,both,True,True,True,Pvalb,Pvalb,True,Pvalb
751991697,1975,PES4_180912_651_A01,Pvalb Th Sst,51,#FF2F7E,Core,1.0,1975,1.0,both,True,412562.0,Sst-IRES-Cre;Ai14-412562,F,P58,VISp6b,751991626.0,SM-GE8XQ_S150_E1-50,RSC-177,CS180626100052,Pvalb Th Sst,both,True,True,True,Pvalb,Pvalb,True,Pvalb
751991773,1976,P1S4_180912_009_A01,Sst Rxfp1 Prdm8,48,#802600,I2,1.0,1976,1.0,both,True,412562.0,Sst-IRES-Cre;Ai14-412562,F,P58,VISp6a,751991755.0,SM-GE8XQ_S120_E1-50,RSC-177,CS180626100049,Sst Rxfp1 Prdm8,both,True,True,True,Sst,Sst,True,Sst
751992481,1977,PES4_180912_652_A01,Sst Crh 4930553C11Rik ,44,#C77767,I2,1.0,1977,1.0,both,True,412562.0,Sst-IRES-Cre;Ai14-412562,F,P58,VISpm6a,751992395.0,SM-GE8XQ_S151_E1-50,RSC-177,CS180626100045,Sst Crh 4930553C11Rik ,both,True,True,True,Sst,Sst,True,Sst
752000685,1978,PAS4_180912_454_A01,Sst Crhr2 Efemp1,43,#B95541,Core,1.0,1978,1.0,both,True,412562.0,Sst-IRES-Cre;Ai14-412562,F,P58,VISp6a,752000548.0,SM-GE8XQ_S140_E1-50,RSC-177,CS180626100044,Sst Crhr2 Efemp1,both,True,True,True,Sst,Sst,True,Sst
752020215,1979,PBS4_180912_504_A01,Sst Calb2 Pdlim5,34,#CC6D3D,Core,1.0,1979,1.0,both,True,412562.0,Sst-IRES-Cre;Ai14-412562,F,P58,VISp4,752020129.0,SM-GE8XQ_S146_E1-50,RSC-177,CS180626100035,Sst Calb2 Pdlim5,both,True,True,True,Sst,Sst,True,Sst
752027250,1980,PAS4_180912_455_A01,Sst Hpse Cbln4,42,#806B19,Core,1.0,1980,1.0,both,True,412562.0,Sst-IRES-Cre;Ai14-412562,F,P58,VISp5,752027089.0,SM-GE8XQ_S141_E1-50,RSC-177,CS180626100043,Sst Hpse Cbln4,both,True,True,True,Sst,Sst,True,Sst
752038120,1981,PBS4_180912_505_A01,Sst Crhr2 Efemp1,43,#B95541,I1,1.0,1981,1.0,both,True,412562.0,Sst-IRES-Cre;Ai14-412562,F,P58,VISp6a,752038049.0,SM-GE8XQ_S147_E1-50,RSC-177,CS180626100044,Sst Crhr2 Efemp1,both,True,True,True,Sst,Sst,True,Sst
752038334,1982,P8S4_180912_356_A01,Sst Esm1,45,#C11331,Core,1.0,1982,1.0,both,True,412562.0,Sst-IRES-Cre;Ai14-412562,F,P58,VISp6a,752038155.0,SM-GE8XQ_S133_E1-50,RSC-177,CS180626100046,Sst Esm1,both,True,True,True,Sst,Sst,True,Sst
752042986,1983,P2S4_180912_055_A01,Sst Hpse Sema3c,41,#BF9F00,Core,1.0,1983,1.0,both,True,412556.0,Sst-IRES-Cre;Ai14-412556,M,P58,VISp5,752042883.0,SM-GE8XQ_S126_E1-50,RSC-177,CS180626100042,Sst Hpse Sema3c,both,True,True,True,Sst,Sst,True,Sst
752063316,1984,PAS4_180912_456_A01,Sst Calb2 Pdlim5,34,#CC6D3D,I1,1.0,1984,1.0,both,True,412562.0,Sst-IRES-Cre;Ai14-412562,F,P58,VISp2/3,752063196.0,SM-GE8XQ_S142_E1-50,RSC-177,CS180626100035,Sst Calb2 Pdlim5,both,True,True,True,Sst,Sst,True,Sst
752067803,1985,P8S4_180912_357_A01,Pvalb Th Sst,51,#FF2F7E,I2,1.0,1985,1.0,both,True,412562.0,Sst-IRES-Cre;Ai14-412562,F,P58,VISpm5,752067761.0,SM-GE8XQ_S134_E1-50,RSC-177,CS180626100052,Pvalb Th Sst,both,True,True,True,Pvalb,Pvalb,True,Pvalb
752076561,1986,PBS4_180912_506_A01,Sst Calb2 Pdlim5,34,#CC6D3D,I1,1.0,1986,1.0,both,True,412562.0,Sst-IRES-Cre;Ai14-412562,F,P58,VISp2/3,752076528.0,SM-GE8XQ_S148_E1-50,RSC-177,CS180626100035,Sst Calb2 Pdlim5,both,True,True,True,Sst,Sst,True,Sst
752076719,1987,PES4_180912_653_A01,Lamp5 Ntn1 Npy2r,3,#DD6091,I1,1.0,1987,1.0,both,True,412526.0,Ndnf-IRES2-dgCre;Slc32a1-IRES2-FlpO;Ai65-412526,M,P57,VISp1,752076598.0,SM-GE8XQ_S152_E1-50,RSC-177,CS180626100004,Lamp5 Ntn1 Npy2r,both,True,True,True,Lamp5,Lamp5,True,Lamp5
752081592,1988,PFS4_180912_703_A01,Sst Calb2 Necab1,33,#BF480D,I3,1.0,1988,1.0,both,True,412562.0,Sst-IRES-Cre;Ai14-412562,F,P58,VISp2/3,752081546.0,SM-GE8XQ_S155_E1-50,RSC-177,CS180626100034,Sst Calb2 Necab1,both,True,True,True,Sst,Sst,True,Sst
752086133,1989,PBS4_180912_507_A01,Sst Rxfp1 Eya1,47,#994C00,Core,1.0,1989,1.0,both,True,412562.0,Sst-IRES-Cre;Ai14-412562,F,P58,VISp6a,752086111.0,SM-GE8XQ_S149_E1-50,RSC-177,CS180626100048,Sst Rxfp1 Eya1,both,True,True,True,Sst,Sst,True,Sst
752276388,1990,PFS4_180912_704_A01,Sst Hpse Cbln4,42,#806B19,Core,1.0,1990,1.0,both,True,412562.0,Sst-IRES-Cre;Ai14-412562,F,P58,VISp5,752273385.0,SM-GE8XQ_S156_E1-50,RSC-177,CS180626100043,Sst Hpse Cbln4,both,True,True,True,Sst,Sst,True,Sst
753654338,1991,P8S4_180914_351_A01,Sst Rxfp1 Prdm8,48,#802600,Core,1.0,1991,1.0,both,True,412554.0,Sst-IRES-Cre;Ai14-412554,M,P60,VISp6a,753654150.0,SM-GE8XQ_S176_E1-50,RSC-177,CS180626100049,Sst Rxfp1 Prdm8,both,True,True,True,Sst,Sst,True,Sst
753671885,1992,PFS4_180914_701_A01,Sst Rxfp1 Prdm8,48,#802600,Core,1.0,1992,1.0,both,True,412554.0,Sst-IRES-Cre;Ai14-412554,M,P60,VISp6a,753671722.0,SM-GE8XF_S042_E1-50,RSC-178,CS180626100049,Sst Rxfp1 Prdm8,both,True,True,True,Sst,Sst,True,Sst
753672187,1993,P1S4_180914_003_A01,Sst Rxfp1 Prdm8,48,#802600,Core,1.0,1993,1.0,both,True,412554.0,Sst-IRES-Cre;Ai14-412554,M,P60,VISp6a,753671994.0,SM-GE8XQ_S165_E1-50,RSC-177,CS180626100049,Sst Rxfp1 Prdm8,both,True,True,True,Sst,Sst,True,Sst
753678257,1994,P8S4_180914_352_A01,Sst Rxfp1 Eya1,47,#994C00,I2,1.0,1994,1.0,both,True,412554.0,Sst-IRES-Cre;Ai14-412554,M,P60,VISpm5,753677836.0,SM-GE8XQ_S177_E1-50,RSC-177,CS180626100049,Sst Rxfp1 Prdm8,both,True,True,False,Sst,Sst,True,Sst
753691665,1995,P1S4_180914_004_A01,Sst Nts,49,#A81111,Core,1.0,1995,1.0,both,True,412554.0,Sst-IRES-Cre;Ai14-412554,M,P60,VISp5,753691527.0,SM-GE8XQ_S166_E1-50,RSC-177,CS180626100050,Sst Nts,both,True,True,True,Sst,Sst,True,Sst
753696070,1996,PAS4_180914_451_A01,Sst Tac1 Htr1d,31,#804811,I2,1.0,1996,1.0,both,True,412554.0,Sst-IRES-Cre;Ai14-412554,M,P60,VISp2/3,753695779.0,SM-GE8XQ_S186_E1-50,RSC-177,CS180626100035,Sst Calb2 Pdlim5,both,True,True,False,Sst,Sst,True,Sst
753702748,1997,PFS4_180914_702_A01,Sst Tac1 Tacr3,32,#B06411,I3,1.0,1997,1.0,both,True,412554.0,Sst-IRES-Cre;Ai14-412554,M,P60,VISp2/3,753702589.0,SM-GE8XF_S043_E1-50,RSC-178,CS180626100032,Sst Tac1 Htr1d,both,True,True,False,Sst,Sst,True,Sst
753707616,1998,P8S4_180914_353_A01,Sst Esm1,45,#C11331,I1,1.0,1998,1.0,both,True,412554.0,Sst-IRES-Cre;Ai14-412554,M,P60,VISpm5,753707294.0,SM-GE8XQ_S178_E1-50,RSC-177,CS180626100046,Sst Esm1,both,True,True,True,Sst,Sst,True,Sst
753707847,1999,P1S4_180914_005_A01,Sst Nr2f2 Necab1,35,#FFDF11,I1,1.0,1999,1.0,both,True,412554.0,Sst-IRES-Cre;Ai14-412554,M,P60,VISp5,753707721.0,SM-GE8XQ_S167_E1-50,RSC-177,CS180626100036,Sst Nr2f2 Necab1,both,True,True,True,Sst,Sst,True,Sst
753716937,2000,P2S4_180914_051_A01,Sst Hpse Cbln4,42,#806B19,Core,1.0,2000,1.0,both,True,412860.0,Sst-IRES-Cre;Ai14-412860,F,P58,VISp5,753716719.0,SM-GE8XQ_S168_E1-50,RSC-177,CS180626100043,Sst Hpse Cbln4,both,True,True,True,Sst,Sst,True,Sst
753733598,2001,P8S4_180914_354_A01,Sst Hpse Cbln4,42,#806B19,I1,1.0,2001,1.0,both,True,412554.0,Sst-IRES-Cre;Ai14-412554,M,P60,VISp5,753733415.0,SM-GE8XQ_S179_E1-50,RSC-177,CS180626100043,Sst Hpse Cbln4,both,True,True,True,Sst,Sst,True,Sst
753733790,2002,PFS4_180914_703_A01,Sst Rxfp1 Eya1,47,#994C00,Core,1.0,2002,1.0,both,True,412554.0,Sst-IRES-Cre;Ai14-412554,M,P60,VISp6a,753733695.0,SM-GE8XF_S044_E1-50,RSC-178,CS180626100048,Sst Rxfp1 Eya1,both,True,True,True,Sst,Sst,True,Sst
753752257,2003,P8S4_180914_355_A01,Sst Nts,49,#A81111,Core,1.0,2003,1.0,both,True,412554.0,Sst-IRES-Cre;Ai14-412554,M,P60,VISp6a,753752172.0,SM-GE8XQ_S180_E1-50,RSC-177,CS180626100050,Sst Nts,both,True,True,True,Sst,Sst,True,Sst
753770297,2004,PFS4_180914_704_A01,Sst Calb2 Pdlim5,34,#CC6D3D,I1,1.0,2004,1.0,both,True,412554.0,Sst-IRES-Cre;Ai14-412554,M,P60,VISp4,753770272.0,SM-GE8XF_S045_E1-50,RSC-178,CS180626100035,Sst Calb2 Pdlim5,both,True,True,True,Sst,Sst,True,Sst
753782979,2005,PAS4_180914_453_A01,Sst Esm1,45,#C11331,Core,1.0,2005,1.0,both,True,412860.0,Sst-IRES-Cre;Ai14-412860,F,P58,VISp5,753782333.0,SM-GE8XQ_S188_E1-50,RSC-177,CS180626100046,Sst Esm1,both,True,True,True,Sst,Sst,True,Sst
753798363,2006,P2S4_180914_053_A01,Pvalb Akr1c18 Ntf3,53,#FF4343,I1,1.0,2006,1.0,both,True,412860.0,Sst-IRES-Cre;Ai14-412860,F,P58,VISp6a,753798154.0,SM-GE8XQ_S170_E1-50,RSC-177,CS180626100053,Pvalb Akr1c18 Ntf3,both,True,True,True,Pvalb,Pvalb,True,Pvalb
753811240,2007,PAS4_180914_454_A01,Sst Hpse Cbln4,42,#806B19,Core,1.0,2007,1.0,both,True,412860.0,Sst-IRES-Cre;Ai14-412860,F,P58,VISp4,753811162.0,SM-GE8XQ_S189_E1-50,RSC-177,CS180626100043,Sst Hpse Cbln4,both,True,True,True,Sst,Sst,True,Sst
753847212,2008,PFS4_180914_705_A01,Sst Hpse Sema3c,41,#BF9F00,Core,1.0,2008,1.0,both,True,412554.0,Sst-IRES-Cre;Ai14-412554,M,P60,VISp6a,753847101.0,SM-GE8XF_S046_E1-50,RSC-178,CS180626100042,Sst Hpse Sema3c,both,True,True,True,Sst,Sst,True,Sst
753861026,2009,PFS4_180914_706_A01,Sst Esm1,45,#C11331,Core,1.0,2009,1.0,both,True,412554.0,Sst-IRES-Cre;Ai14-412554,M,P60,VISrl6a,753860912.0,SM-GE8XF_S047_E1-50,RSC-178,CS180626100046,Sst Esm1,both,True,True,True,Sst,Sst,True,Sst
753866455,2010,P8S4_180914_357_A01,Sst Myh8 Etv1 ,36,#D6C300,Core,1.0,2010,1.0,both,True,412860.0,Sst-IRES-Cre;Ai14-412860,F,P58,VISp5,753866350.0,SM-GE8XQ_S182_E1-50,RSC-177,CS180626100037,Sst Myh8 Etv1 ,both,True,True,True,Sst,Sst,True,Sst
753896151,2011,P8S4_180914_358_A01,Sst Calb2 Pdlim5,34,#CC6D3D,I2,1.0,2011,1.0,both,True,412860.0,Sst-IRES-Cre;Ai14-412860,F,P58,VISpm2/3,753896072.0,SM-GE8XQ_S183_E1-50,RSC-177,CS180626100035,Sst Calb2 Pdlim5,both,True,True,True,Sst,Sst,True,Sst
753907785,2012,PFS4_180914_707_A01,Sst Rxfp1 Eya1,47,#994C00,I1,1.0,2012,1.0,both,True,412856.0,Sst-IRES-Cre;Ai14-412856,M,P58,VISpor6a,753907682.0,SM-GE8XF_S048_E1-50,RSC-178,CS180626100048,Sst Rxfp1 Eya1,both,True,True,True,Sst,Sst,True,Sst
753912409,2013,PAS4_180914_455_A01,Sst Calb2 Pdlim5,34,#CC6D3D,I2,1.0,2013,1.0,both,True,412856.0,Sst-IRES-Cre;Ai14-412856,M,P58,VISp2/3,753912326.0,SM-GE8XQ_S190_E1-50,RSC-177,CS180626100035,Sst Calb2 Pdlim5,both,True,True,True,Sst,Sst,True,Sst
753931140,2014,PAS4_180914_456_A01,Sst Myh8 Etv1 ,36,#D6C300,I2,1.0,2014,1.0,both,True,412856.0,Sst-IRES-Cre;Ai14-412856,M,P58,VISp5,753931078.0,SM-GE8XQ_S191_E1-50,RSC-177,CS180626100037,Sst Myh8 Etv1 ,both,True,True,True,Sst,Sst,True,Sst
753936208,2015,P8S4_180914_359_A01,Sst Esm1,45,#C11331,Core,1.0,2015,1.0,both,True,412856.0,Sst-IRES-Cre;Ai14-412856,M,P58,VISp6a,753936110.0,SM-GE8XQ_S184_E1-50,RSC-177,CS180626100046,Sst Esm1,both,True,True,True,Sst,Sst,True,Sst
753945691,2016,PAS4_180914_457_A01,Sst Hpse Cbln4,42,#806B19,I1,1.0,2016,1.0,both,True,412856.0,Sst-IRES-Cre;Ai14-412856,M,P58,VISp4,753945616.0,SM-GE8XQ_S192_E1-50,RSC-177,CS180626100043,Sst Hpse Cbln4,both,True,True,True,Sst,Sst,True,Sst
753958280,2017,P8S4_180914_360_A01,Sst Chodl,29,#FFFF00,Core,1.0,2017,1.0,both,True,412856.0,Sst-IRES-Cre;Ai14-412856,M,P58,VISp6a,753958004.0,SM-GE8XQ_S185_E1-50,RSC-177,CS180626100030,Sst Chodl,both,True,True,True,Sst,Sst,True,Sst
753963699,2018,PAS4_180914_458_A01,Sst Hpse Cbln4,42,#806B19,Core,1.0,2018,1.0,both,True,412856.0,Sst-IRES-Cre;Ai14-412856,M,P58,VISp5,753963612.0,SM-GE8XF_S036_E1-50,RSC-178,CS180626100043,Sst Hpse Cbln4,both,True,True,True,Sst,Sst,True,Sst
753963792,2019,PFS4_180914_708_A01,Sst Chodl,29,#FFFF00,Core,1.0,2019,1.0,both,True,412856.0,Sst-IRES-Cre;Ai14-412856,M,P58,VISli2/3,753963730.0,SM-GE8XF_S049_E1-50,RSC-178,CS180626100030,Sst Chodl,both,True,True,True,Sst,Sst,True,Sst
753979676,2020,PFS4_180914_709_A01,Sst Hpse Cbln4,42,#806B19,Core,1.0,2020,1.0,both,True,412856.0,Sst-IRES-Cre;Ai14-412856,M,P58,VISl2/3,753979638.0,SM-GE8XF_S050_E1-50,RSC-178,CS180626100043,Sst Hpse Cbln4,both,True,True,True,Sst,Sst,True,Sst
753985861,2021,PFS4_180914_710_A01,Sst Crhr2 Efemp1,43,#B95541,I1,1.0,2021,1.0,both,True,412856.0,Sst-IRES-Cre;Ai14-412856,M,P58,VISp6a,753985846.0,SM-GE8XF_S051_E1-50,RSC-178,CS180626100044,Sst Crhr2 Efemp1,both,True,True,True,Sst,Sst,True,Sst
754477222,2022,P8S4_180917_353_A01,Vip Chat Htr1f,24,#FF4DC1,I1,1.0,2022,1.0,both,True,413064.0,Vip-IRES-Cre;Npy-IRES2-FlpO;Ai65-413064,M,P60,VISp2/3,754477098.0,SM-GE8XF_S055_E1-50,RSC-178,CS180626100025,Vip Chat Htr1f,both,True,True,True,Vip,Vip,True,Vip
754497427,2023,P8S4_180917_354_A01,Pvalb Tpbg,58,#AF3F64,Core,1.0,2023,1.0,both,True,413266.0,Pvalb-IRES-Cre;Ai14-413266,M,P59,VISp2/3,754497386.0,SM-GE8XF_S056_E1-50,RSC-178,CS180626100059,Pvalb Tpbg,both,True,True,True,Pvalb,Pvalb,True,Pvalb
754502546,2024,P1S4_180917_003_A01,Pvalb Tpbg,58,#AF3F64,Core,1.0,2024,1.0,both,True,413266.0,Pvalb-IRES-Cre;Ai14-413266,M,P59,VISp2/3,754502530.0,SM-GE8XF_S053_E1-50,RSC-178,CS180626100059,Pvalb Tpbg,both,True,True,True,Pvalb,Pvalb,True,Pvalb
754508194,2025,P8S4_180917_355_A01,Pvalb Sema3e Kank4,54,#C94545,Core,1.0,2025,1.0,both,True,413266.0,Pvalb-IRES-Cre;Ai14-413266,M,P59,VISp6a,754508179.0,SM-GE8XF_S057_E1-50,RSC-178,CS180626100055,Pvalb Sema3e Kank4,both,True,True,True,Pvalb,Pvalb,True,Pvalb
754514136,2026,P8S4_180917_356_A01,Pvalb Tpbg,58,#AF3F64,I2,1.0,2026,1.0,both,True,413266.0,Pvalb-IRES-Cre;Ai14-413266,M,P59,VISpm5,754514121.0,SM-GE8XF_S058_E1-50,RSC-178,CS180626100059,Pvalb Tpbg,both,True,True,True,Pvalb,Pvalb,True,Pvalb
754514166,2027,P1S4_180917_004_A01,Pvalb Reln Itm2a,56,#E67A77,I1,1.0,2027,1.0,both,True,413266.0,Pvalb-IRES-Cre;Ai14-413266,M,P59,VISp2/3,754514151.0,SM-GE8XF_S054_E1-50,RSC-178,CS180626100058,Pvalb Reln Itm2a,both,True,True,True,Pvalb,Pvalb,True,Pvalb
754527431,2028,PFS4_180917_703_A01,Vip Pygm C1ql1,25,#BD3D9A,I2,1.0,2028,1.0,both,True,413064.0,Vip-IRES-Cre;Npy-IRES2-FlpO;Ai65-413064,M,P60,VISp5,754527416.0,SM-GE8XF_S062_E1-50,RSC-178,CS180626100026,Vip Pygm C1ql1,both,True,True,True,Vip,Vip,True,Vip
754527842,2029,P8S4_180917_357_A01,Pvalb Tpbg,58,#AF3F64,Core,1.0,2029,1.0,both,True,413266.0,Pvalb-IRES-Cre;Ai14-413266,M,P59,VISp5,754527827.0,SM-GE8XF_S059_E1-50,RSC-178,CS180626100059,Pvalb Tpbg,both,True,True,True,Pvalb,Pvalb,True,Pvalb
754528922,2030,P8S4_180917_358_A01,Pvalb Reln Itm2a,56,#E67A77,Core,1.0,2030,1.0,both,True,413266.0,Pvalb-IRES-Cre;Ai14-413266,M,P59,VISp4,754528907.0,SM-GE8XF_S060_E1-50,RSC-178,CS180626100058,Pvalb Reln Itm2a,both,True,True,True,Pvalb,Pvalb,True,Pvalb
754697892,2031,P1S4_180918_001_A01,Sst Rxfp1 Prdm8,48,#802600,Core,1.0,2031,1.0,both,True,414132.0,Sst-IRES-Cre;Ai14-414132,F,P55,VISpm6a,754697708.0,SM-GE8XF_S069_E1-50,RSC-178,CS180626100049,Sst Rxfp1 Prdm8,both,True,True,True,Sst,Sst,True,Sst
754711439,2032,P1S4_180918_002_A01,Sst Tac2 Tacstd2,46,#BF8219,I1,1.0,2032,1.0,both,True,414132.0,Sst-IRES-Cre;Ai14-414132,F,P55,VISp6a,754711305.0,SM-GE8XF_S070_E1-50,RSC-178,CS180626100047,Sst Tac2 Tacstd2,both,True,True,True,Sst,Sst,True,Sst
754729595,2033,P1S4_180918_003_A01,Sst Tac2 Tacstd2,46,#BF8219,I1,1.0,2033,1.0,both,True,414132.0,Sst-IRES-Cre;Ai14-414132,F,P55,VISp6a,754729462.0,SM-GE8XF_S071_E1-50,RSC-178,CS180626100047,Sst Tac2 Tacstd2,both,True,True,True,Sst,Sst,True,Sst
754748254,2034,P1S4_180918_004_A01,Pvalb Gabrg1,50,#ED4C50,Core,1.0,2034,1.0,both,True,414132.0,Sst-IRES-Cre;Ai14-414132,F,P55,VISp6a,754747987.0,SM-GE8XF_S072_E1-50,RSC-178,CS180626100051,Pvalb Gabrg1,both,True,True,True,Pvalb,Pvalb,True,Pvalb
754769413,2035,PBS4_180918_501_A01,Pvalb Th Sst,51,#FF2F7E,I2,1.0,2035,1.0,both,True,414132.0,Sst-IRES-Cre;Ai14-414132,F,P55,VISl6a,754769357.0,SM-GE8XF_S088_E1-50,RSC-178,CS180626100052,Pvalb Th Sst,both,True,True,True,Pvalb,Pvalb,True,Pvalb
754777509,2036,PFS4_180918_701_A01,Sst Calb2 Pdlim5,34,#CC6D3D,I2,1.0,2036,1.0,both,True,414132.0,Sst-IRES-Cre;Ai14-414132,F,P55,VISp2/3,754777403.0,SM-GE5VR_S098_E1-50,RSC-179,CS180626100035,Sst Calb2 Pdlim5,both,True,True,True,Sst,Sst,True,Sst
754795653,2037,PBS4_180918_502_A01,Sst Hpse Cbln4,42,#806B19,Core,1.0,2037,1.0,both,True,414132.0,Sst-IRES-Cre;Ai14-414132,F,P55,VISp4,754795458.0,SM-GE8XF_S089_E1-50,RSC-178,CS180626100043,Sst Hpse Cbln4,both,True,True,True,Sst,Sst,True,Sst
754804972,2038,PBS4_180918_503_A01,Sst Hpse Cbln4,42,#806B19,Core,1.0,2038,1.0,both,True,414132.0,Sst-IRES-Cre;Ai14-414132,F,P55,VISp5,754804910.0,SM-GE8XF_S090_E1-50,RSC-178,CS180626100043,Sst Hpse Cbln4,both,True,True,True,Sst,Sst,True,Sst
754807659,2039,PFS4_180918_702_A01,Sst Crhr2 Efemp1,43,#B95541,Core,1.0,2039,1.0,both,True,414132.0,Sst-IRES-Cre;Ai14-414132,F,P55,VISp6a,754807591.0,SM-GE5VR_S099_E1-50,RSC-179,CS180626100044,Sst Crhr2 Efemp1,both,True,True,True,Sst,Sst,True,Sst
754814460,2040,PES4_180918_651_A01,Sst Nr2f2 Necab1,35,#FFDF11,I2,1.0,2040,1.0,both,True,414132.0,Sst-IRES-Cre;Ai14-414132,F,P55,VISam5,754814165.0,SM-GE8XF_S094_E1-50,RSC-178,CS180626100037,Sst Myh8 Etv1 ,both,True,True,False,Sst,Sst,True,Sst
754816429,2041,PBS4_180918_504_A01,Sst Rxfp1 Prdm8,48,#802600,I2,1.0,2041,1.0,both,True,414132.0,Sst-IRES-Cre;Ai14-414132,F,P55,VISp5,754816295.0,SM-GE8XF_S091_E1-50,RSC-178,CS180626100049,Sst Rxfp1 Prdm8,both,True,True,True,Sst,Sst,True,Sst
754822442,2042,PFS4_180918_703_A01,Sst Calb2 Necab1,33,#BF480D,I1,1.0,2042,1.0,both,True,414132.0,Sst-IRES-Cre;Ai14-414132,F,P55,VISp2/3,754822180.0,SM-GE5VR_S100_E1-50,RSC-179,CS180626100034,Sst Calb2 Necab1,both,True,True,True,Sst,Sst,True,Sst
754825708,2043,PBS4_180918_505_A01,Pvalb Tpbg,58,#AF3F64,Core,1.0,2043,1.0,both,True,414132.0,Sst-IRES-Cre;Ai14-414132,F,P55,VISp2/3,754825661.0,SM-GE8XF_S092_E1-50,RSC-178,CS180626100059,Pvalb Tpbg,both,True,True,True,Pvalb,Pvalb,True,Pvalb
754834825,2044,PES4_180918_653_A01,Sst Calb2 Necab1,33,#BF480D,I2,1.0,2044,1.0,both,True,414132.0,Sst-IRES-Cre;Ai14-414132,F,P55,VISam4,754834673.0,SM-GE8XF_S096_E1-50,RSC-178,CS180626100035,Sst Calb2 Pdlim5,both,True,True,False,Sst,Sst,True,Sst
754840804,2045,PES4_180918_654_A01,Sst Tac2 Tacstd2,46,#BF8219,I2,1.0,2045,1.0,both,True,414132.0,Sst-IRES-Cre;Ai14-414132,F,P55,VISam6a,754840671.0,SM-GE5VR_S097_E1-50,RSC-179,CS180626100048,Sst Rxfp1 Eya1,both,True,True,False,Sst,Sst,True,Sst
754848460,2046,PFS4_180918_704_A01,Sst Nts,49,#A81111,Core,1.0,2046,1.0,both,True,414132.0,Sst-IRES-Cre;Ai14-414132,F,P55,VISp6a,754848355.0,SM-GE5VR_S101_E1-50,RSC-179,CS180626100050,Sst Nts,both,True,True,True,Sst,Sst,True,Sst
754857573,2047,PAS4_180918_451_A01,Sst Calb2 Necab1,33,#BF480D,I1,1.0,2047,1.0,both,True,414132.0,Sst-IRES-Cre;Ai14-414132,F,P55,VISp4,754857427.0,SM-GE8XF_S086_E1-50,RSC-178,CS180626100034,Sst Calb2 Necab1,both,True,True,True,Sst,Sst,True,Sst
754857707,2048,PFS4_180918_705_A01,Sst Hpse Sema3c,41,#BF9F00,I1,1.0,2048,1.0,both,True,414132.0,Sst-IRES-Cre;Ai14-414132,F,P55,VISp5,754857650.0,SM-GE5VR_S102_E1-50,RSC-179,CS180626100042,Sst Hpse Sema3c,both,True,True,True,Sst,Sst,True,Sst
754872367,2049,P8S4_180918_353_A01,Sst Crhr2 Efemp1,43,#B95541,Core,1.0,2049,1.0,both,True,414132.0,Sst-IRES-Cre;Ai14-414132,F,P55,VISp6a,754872352.0,SM-GE8XF_S081_E1-50,RSC-178,CS180626100044,Sst Crhr2 Efemp1,both,True,True,True,Sst,Sst,True,Sst
754873107,2050,P8S4_180918_354_A01,Sst Crhr2 Efemp1,43,#B95541,Core,1.0,2050,1.0,both,True,414132.0,Sst-IRES-Cre;Ai14-414132,F,P55,VISp6a,754873088.0,SM-GE8XF_S082_E1-50,RSC-178,CS180626100044,Sst Crhr2 Efemp1,both,True,True,True,Sst,Sst,True,Sst
754896300,2051,P8S4_180918_356_A01,Vip Pygm C1ql1,25,#BD3D9A,Core,1.0,2051,1.0,both,True,413068.0,Vip-IRES-Cre;Npy-IRES2-FlpO;Ai65-413068,F,P61,VISpm2/3,754896261.0,SM-GE8XF_S084_E1-50,RSC-178,CS180626100026,Vip Pygm C1ql1,both,True,True,True,Vip,Vip,True,Vip
754896455,2052,PBS4_180918_507_A01,Vip Chat Htr1f,24,#FF4DC1,Core,1.0,2052,1.0,both,True,413068.0,Vip-IRES-Cre;Npy-IRES2-FlpO;Ai65-413068,F,P61,VISp2/3,754896429.0,SM-GE8XF_S093_E1-50,RSC-178,CS180626100025,Vip Chat Htr1f,both,True,True,True,Vip,Vip,True,Vip
754897161,2053,PAS4_180918_452_A01,Vip Chat Htr1f,24,#FF4DC1,Core,1.0,2053,1.0,both,True,413068.0,Vip-IRES-Cre;Npy-IRES2-FlpO;Ai65-413068,F,P61,VISp2/3,754897146.0,SM-GE8XF_S087_E1-50,RSC-178,CS180626100025,Vip Chat Htr1f,both,True,True,True,Vip,Vip,True,Vip
755265909,2054,P8S4_180919_351_A01,Vip Gpc3 Slc18a3,19,#B09FFF,I1,1.0,2054,1.0,both,True,413503.0,Chrna2-Cre_OE25;Vip-IRES-FlpO;Ai65-413503,M,P58,VISp6a,755265677.0,SM-GE5VR_S117_E1-50,RSC-179,CS180626100018,Vip Gpc3 Slc18a3,both,True,True,True,Vip,Vip,True,Vip
755326644,2055,P8S4_180919_352_A01,Vip Arhgap36 Hmcn1,18,#9189FF,Core,1.0,2055,1.0,both,True,413503.0,Chrna2-Cre_OE25;Vip-IRES-FlpO;Ai65-413503,M,P58,VISp2/3,755326503.0,SM-GE5VR_S118_E1-50,RSC-179,CS180626100017,Vip Arhgap36 Hmcn1,both,True,True,True,Vip,Vip,True,Vip
755367415,2056,P8S4_180919_353_A01,Sncg Vip Itih5,10,#6C00BF,I1,1.0,2056,1.0,both,True,413503.0,Chrna2-Cre_OE25;Vip-IRES-FlpO;Ai65-413503,M,P58,VISp2/3,755367250.0,SM-GE5VR_S119_E1-50,RSC-179,CS180626100011,Sncg Vip Itih5,both,True,True,True,Sncg,Sncg,True,Sncg
755393467,2057,PBS4_180919_501_A01,Pvalb Reln Itm2a,56,#E67A77,Core,1.0,2057,1.0,both,True,413268.0,Pvalb-IRES-Cre;Ai14-413268,F,P61,VISpm5,755393188.0,SM-GE5VR_S138_E1-50,RSC-179,CS180626100058,Pvalb Reln Itm2a,both,True,True,True,Pvalb,Pvalb,True,Pvalb
755435736,2058,PES4_180919_651_A01,Pvalb Gpr149 Islr,55,#E62A5D,Core,1.0,2058,1.0,both,True,413268.0,Pvalb-IRES-Cre;Ai14-413268,F,P61,VISp5,755435474.0,SM-GE5VR_S140_E1-50,RSC-179,CS180626100056,Pvalb Gpr149 Islr,both,True,True,True,Pvalb,Pvalb,True,Pvalb
755437197,2059,PBS4_180919_502_A01,Vip Lmo1 Myl1,16,#9FAAFF,I2,1.0,2059,1.0,both,True,413503.0,Chrna2-Cre_OE25;Vip-IRES-FlpO;Ai65-413503,M,P58,VISl5,755437014.0,SM-GE5VR_S139_E1-50,RSC-179,CS180626100020,Vip Lmo1 Myl1,both,True,True,True,Vip,Vip,True,Vip
755444656,2060,PAS4_180919_452_A01,Pvalb Tpbg,58,#AF3F64,Core,1.0,2060,1.0,both,True,413268.0,Pvalb-IRES-Cre;Ai14-413268,F,P61,VISp2/3,755444341.0,SM-GE5VR_S134_E1-50,RSC-179,CS180626100059,Pvalb Tpbg,both,True,True,True,Pvalb,Pvalb,True,Pvalb
755478309,2061,PAS4_180919_453_A01,Pvalb Sema3e Kank4,54,#C94545,I1,1.0,2061,1.0,both,True,413268.0,Pvalb-IRES-Cre;Ai14-413268,F,P61,VISp5,755478153.0,SM-GE5VR_S135_E1-50,RSC-179,CS180626100055,Pvalb Sema3e Kank4,both,True,True,True,Pvalb,Pvalb,True,Pvalb
755528415,2062,P8S4_180919_355_A01,Vip Chat Htr1f,24,#FF4DC1,Core,1.0,2062,1.0,both,True,413072.0,Vip-IRES-Cre;Npy-IRES2-FlpO;Ai65-413072,F,P62,VISp2/3,755528307.0,SM-GE5VR_S129_E1-50,RSC-179,CS180626100025,Vip Chat Htr1f,both,True,True,True,Vip,Vip,True,Vip
755541521,2063,PES4_180919_652_A01,Pvalb Sema3e Kank4,54,#C94545,Core,1.0,2063,1.0,both,True,413970.0,Pvalb-IRES-Cre;Ai14-413970,M,P56,VISp6a,755541285.0,SM-GE5VR_S141_E1-50,RSC-179,CS180626100055,Pvalb Sema3e Kank4,both,True,True,True,Pvalb,Pvalb,True,Pvalb
755552030,2064,P8S4_180919_357_A01,Vip Chat Htr1f,24,#FF4DC1,I1,1.0,2064,1.0,both,True,413072.0,Vip-IRES-Cre;Npy-IRES2-FlpO;Ai65-413072,F,P62,VISp2/3,755551872.0,SM-GE5VR_S131_E1-50,RSC-179,CS180626100025,Vip Chat Htr1f,both,True,True,True,Vip,Vip,True,Vip
755579326,2065,PES4_180919_653_A01,Pvalb Reln Itm2a,56,#E67A77,I2,1.0,2065,1.0,both,True,413970.0,Pvalb-IRES-Cre;Ai14-413970,M,P56,VISpm5,755579204.0,SM-GE5VR_S142_E1-50,RSC-179,CS180626100058,Pvalb Reln Itm2a,both,True,True,True,Pvalb,Pvalb,True,Pvalb
755592855,2066,P8S4_180919_358_A01,Vip Pygm C1ql1,25,#BD3D9A,Core,1.0,2066,1.0,both,True,413072.0,Vip-IRES-Cre;Npy-IRES2-FlpO;Ai65-413072,F,P62,VISp2/3,755592769.0,SM-GE5VR_S132_E1-50,RSC-179,CS180626100026,Vip Pygm C1ql1,both,True,True,True,Vip,Vip,True,Vip
755596639,2067,P1S4_180919_002_A01,Vip Pygm C1ql1,25,#BD3D9A,I1,1.0,2067,1.0,both,True,413072.0,Vip-IRES-Cre;Npy-IRES2-FlpO;Ai65-413072,F,P62,VISp2/3,755596418.0,SM-GE5VR_S112_E1-50,RSC-179,CS180626100026,Vip Pygm C1ql1,both,True,True,True,Vip,Vip,True,Vip
755596851,2068,PFS4_180919_702_A01,Vip Pygm C1ql1,25,#BD3D9A,I2,1.0,2068,1.0,both,True,413072.0,Vip-IRES-Cre;Npy-IRES2-FlpO;Ai65-413072,F,P62,VISp2/3,755596735.0,SM-GE5VR_S145_E1-50,RSC-179,CS180626100025,Vip Chat Htr1f,both,True,True,False,Vip,Vip,True,Vip
755615266,2069,PAS4_180919_455_A01,Serpinf1 Aqp5 Vip,12,#CA66FF,Core,1.0,2069,1.0,both,True,413072.0,Vip-IRES-Cre;Npy-IRES2-FlpO;Ai65-413072,F,P62,VISp6a,755615124.0,SM-GE5VR_S137_E1-50,RSC-179,CS180626100013,Serpinf1 Aqp5 Vip,both,True,True,True,Serpinf1,Serpinf1,True,Serpinf1
755620558,2070,PFS4_180919_703_A01,Vip Pygm C1ql1,25,#BD3D9A,I1,1.0,2070,1.0,both,True,413072.0,Vip-IRES-Cre;Npy-IRES2-FlpO;Ai65-413072,F,P62,VISp1,755620509.0,SM-GE5VR_S146_E1-50,RSC-179,CS180626100026,Vip Pygm C1ql1,both,True,True,True,Vip,Vip,True,Vip
755625739,2071,PES4_180919_654_A01,Pvalb Gpr149 Islr,55,#E62A5D,I1,1.0,2071,1.0,both,True,413970.0,Pvalb-IRES-Cre;Ai14-413970,M,P56,VISp5,755625718.0,SM-GE5VR_S143_E1-50,RSC-179,CS180626100056,Pvalb Gpr149 Islr,both,True,True,True,Pvalb,Pvalb,True,Pvalb
755625849,2072,PFS4_180919_704_A01,Vip Chat Htr1f,24,#FF4DC1,I1,1.0,2072,1.0,both,True,413072.0,Vip-IRES-Cre;Npy-IRES2-FlpO;Ai65-413072,F,P62,VISl2/3,755625833.0,SM-GE5VR_S147_E1-50,RSC-179,CS180626100025,Vip Chat Htr1f,both,True,True,True,Vip,Vip,True,Vip
755913304,2073,PFS4_180920_701_A01,Vip Lmo1 Myl1,16,#9FAAFF,Core,1.0,2073,1.0,both,True,413509.0,Chrna2-Cre_OE25;Vip-IRES-FlpO;Ai65-413509,F,P59,VISp2/3,755912861.0,SM-GE5VR_S160_E1-50,RSC-179,CS180626100020,Vip Lmo1 Myl1,both,True,True,True,Vip,Vip,True,Vip
756099070,2074,P8S4_180920_354_A01,Pvalb Sema3e Kank4,54,#C94545,Core,1.0,2074,1.0,both,True,413971.0,Pvalb-IRES-Cre;Ai14-413971,M,P57,VISp6a,756099055.0,SM-GE5VR_S155_E1-50,RSC-179,CS180626100055,Pvalb Sema3e Kank4,both,True,True,True,Pvalb,Pvalb,True,Pvalb
756100795,2075,P8S4_180920_355_A01,Sst Tac1 Htr1d,31,#804811,I2,1.0,2075,1.0,both,True,413971.0,Pvalb-IRES-Cre;Ai14-413971,M,P57,VISp2/3,756100780.0,SM-GE5VR_S156_E1-50,RSC-179,CS180626100032,Sst Tac1 Htr1d,both,True,True,True,Sst,Sst,True,Sst
756102373,2076,PFS4_180920_702_A01,Pvalb Reln Tac1,57,#D6221D,I1,1.0,2076,1.0,both,True,413971.0,Pvalb-IRES-Cre;Ai14-413971,M,P57,VISp6a,756102356.0,SM-GE5VR_S161_E1-50,RSC-179,CS180626100057,Pvalb Reln Tac1,both,True,True,True,Pvalb,Pvalb,True,Pvalb
756109037,2077,PFS4_180920_703_A01,Pvalb Sema3e Kank4,54,#C94545,Core,1.0,2077,1.0,both,True,413971.0,Pvalb-IRES-Cre;Ai14-413971,M,P57,VISp6a,756109022.0,SM-GE5VR_S162_E1-50,RSC-179,CS180626100055,Pvalb Sema3e Kank4,both,True,True,True,Pvalb,Pvalb,True,Pvalb
756109552,2078,P8S4_180920_356_A01,Pvalb Reln Itm2a,56,#E67A77,Core,1.0,2078,1.0,both,True,413971.0,Pvalb-IRES-Cre;Ai14-413971,M,P57,VISp5,756109537.0,SM-GE5VR_S157_E1-50,RSC-179,CS180626100058,Pvalb Reln Itm2a,both,True,True,True,Pvalb,Pvalb,True,Pvalb
756577499,2079,P8S4_180921_353_A01,Pvalb Reln Itm2a,56,#E67A77,Core,1.0,2079,1.0,both,True,415181.0,Vipr2-IRES2-Cre;Pvalb-T2A-FlpO;Ai65-415181,F,P59,VISp5,756577321.0,SM-GE5VR_S175_E1-50,RSC-179,CS180626100058,Pvalb Reln Itm2a,both,True,True,True,Pvalb,Pvalb,True,Pvalb
756604961,2080,P8S4_180921_354_A01,Pvalb Reln Itm2a,56,#E67A77,Core,1.0,2080,1.0,both,True,413974.0,Pvalb-IRES-Cre;Ai14-413974,F,P58,VISp4,756604729.0,SM-GE5VR_S176_E1-50,RSC-179,CS180626100058,Pvalb Reln Itm2a,both,True,True,True,Pvalb,Pvalb,True,Pvalb
756644874,2081,P8S4_180921_355_A01,Pvalb Akr1c18 Ntf3,53,#FF4343,Core,1.0,2081,1.0,both,True,413974.0,Pvalb-IRES-Cre;Ai14-413974,F,P58,VISp6a,756644722.0,SM-GE5VR_S177_E1-50,RSC-179,CS180626100053,Pvalb Akr1c18 Ntf3,both,True,True,True,Pvalb,Pvalb,True,Pvalb
756659247,2082,PAS4_180921_453_A01,Pvalb Tpbg,58,#AF3F64,I1,1.0,2082,1.0,both,True,413974.0,Pvalb-IRES-Cre;Ai14-413974,F,P58,VISp4,756659097.0,SM-GE5VR_S180_E1-50,RSC-179,CS180626100058,Pvalb Reln Itm2a,both,True,True,False,Pvalb,Pvalb,True,Pvalb
756672100,2083,PFS4_180921_704_A01,Pvalb Tpbg,58,#AF3F64,I2,1.0,2083,1.0,both,True,413974.0,Pvalb-IRES-Cre;Ai14-413974,F,P58,VISp2/3,756671895.0,SM-GE5VR_S183_E1-50,RSC-179,CS180626100058,Pvalb Reln Itm2a,both,True,True,False,Pvalb,Pvalb,True,Pvalb
756672253,2084,P8S4_180921_356_A01,Pvalb Sema3e Kank4,54,#C94545,Core,1.0,2084,1.0,both,True,413974.0,Pvalb-IRES-Cre;Ai14-413974,F,P58,VISp6a,756672154.0,SM-GE5VR_S178_E1-50,RSC-179,CS180626100055,Pvalb Sema3e Kank4,both,True,True,True,Pvalb,Pvalb,True,Pvalb
756672453,2085,PBS4_180921_501_A01,Pvalb Reln Itm2a,56,#E67A77,I1,1.0,2085,1.0,both,True,415181.0,Vipr2-IRES2-Cre;Pvalb-T2A-FlpO;Ai65-415181,F,P59,VISp5,756672346.0,SM-GE5VR_S182_E1-50,RSC-179,CS180626100058,Pvalb Reln Itm2a,both,True,True,True,Pvalb,Pvalb,True,Pvalb
756692316,2086,PFS4_180921_705_A01,Pvalb Sema3e Kank4,54,#C94545,Core,1.0,2086,1.0,both,True,413974.0,Pvalb-IRES-Cre;Ai14-413974,F,P58,VISp6a,756692001.0,SM-GE5VR_S184_E1-50,RSC-179,CS180626100055,Pvalb Sema3e Kank4,both,True,True,True,Pvalb,Pvalb,True,Pvalb
756692726,2087,P8S4_180921_357_A01,Pvalb Sema3e Kank4,54,#C94545,I1,1.0,2087,1.0,both,True,413974.0,Pvalb-IRES-Cre;Ai14-413974,F,P58,VISp6a,756692488.0,SM-GE5VR_S179_E1-50,RSC-179,CS180626100055,Pvalb Sema3e Kank4,both,True,True,True,Pvalb,Pvalb,True,Pvalb
756727211,2088,PAS4_180921_454_A01,Pvalb Sema3e Kank4,54,#C94545,I1,1.0,2088,1.0,both,True,413974.0,Pvalb-IRES-Cre;Ai14-413974,F,P58,VISp4,756727054.0,SM-GE5VR_S181_E1-50,RSC-179,CS180626100055,Pvalb Sema3e Kank4,both,True,True,True,Pvalb,Pvalb,True,Pvalb
757193092,2089,P1S4_180924_003_A01,Vip Col15a1 Pde1a,28,#AC3491,I2,1.0,2089,1.0,both,True,415022.0,Cck-IRES-Cre;Vip-IRES-FlpO;Ai65-415022,M,P55,VISpm2/3,757192922.0,SM-GE5VJ_S005_E1-50,RSC-180,CS180626100029,Vip Col15a1 Pde1a,both,True,True,True,Vip,Vip,True,Vip
757210519,2090,PES4_180924_651_A01,Vip Crispld2 Kcne4,27,#AD589A,I1,1.0,2090,1.0,both,True,415022.0,Cck-IRES-Cre;Vip-IRES-FlpO;Ai65-415022,M,P55,VISpm2/3,757210187.0,SM-GE5VJ_S008_E1-50,RSC-180,CS180626100028,Vip Crispld2 Kcne4,both,True,True,True,Vip,Vip,True,Vip
757252810,2091,PES4_180924_652_A01,Vip Col15a1 Pde1a,28,#AC3491,Core,1.0,2091,1.0,both,True,415022.0,Cck-IRES-Cre;Vip-IRES-FlpO;Ai65-415022,M,P55,VISpm1,757252357.0,SM-GE5VJ_S017_E1-50,RSC-180,CS180626100029,Vip Col15a1 Pde1a,both,True,True,True,Vip,Vip,True,Vip
757286344,2092,PFS4_180924_702_A01,Sncg Vip Itih5,10,#6C00BF,Core,1.0,2092,1.0,both,True,415022.0,Cck-IRES-Cre;Vip-IRES-FlpO;Ai65-415022,M,P55,VISl2/3,757286316.0,SM-GE5VJ_S021_E1-50,RSC-180,CS180626100011,Sncg Vip Itih5,both,True,True,True,Sncg,Sncg,True,Sncg
757309042,2093,PES4_180924_653_A01,Vip Lmo1 Fam159b,15,#756FB3,I1,1.0,2093,1.0,both,True,415022.0,Cck-IRES-Cre;Vip-IRES-FlpO;Ai65-415022,M,P55,VISpm6a,757308882.0,SM-GE5VJ_S018_E1-50,RSC-180,CS180626100019,Vip Lmo1 Fam159b,both,True,True,True,Vip,Vip,True,Vip
757322395,2094,PFS4_180924_703_A01,Vip Chat Htr1f,24,#FF4DC1,I1,1.0,2094,1.0,both,True,415022.0,Cck-IRES-Cre;Vip-IRES-FlpO;Ai65-415022,M,P55,VISl2/3,757322224.0,SM-GE5VJ_S022_E1-50,RSC-180,CS180626100025,Vip Chat Htr1f,both,True,True,True,Vip,Vip,True,Vip
757329936,2095,PES4_180924_654_A01,Vip Crispld2 Kcne4,27,#AD589A,I1,1.0,2095,1.0,both,True,415022.0,Cck-IRES-Cre;Vip-IRES-FlpO;Ai65-415022,M,P55,VISp5,757329788.0,SM-GE5VJ_S019_E1-50,RSC-180,CS180626100028,Vip Crispld2 Kcne4,both,True,True,True,Vip,Vip,True,Vip
757531718,2096,PBS4_180924_503_A01,Vip Crispld2 Kcne4,27,#AD589A,Core,1.0,2096,1.0,both,True,415064.0,Vip-IRES-Cre;Ai14-415064,M,P55,VISp2/3,757531692.0,SM-GE5VJ_S006_E1-50,RSC-180,CS180626100028,Vip Crispld2 Kcne4,both,True,True,True,Vip,Vip,True,Vip
757575885,2097,PBS4_180924_504_A01,Vip Pygm C1ql1,25,#BD3D9A,I1,1.0,2097,1.0,both,True,415064.0,Vip-IRES-Cre;Ai14-415064,M,P55,VISp4,757575829.0,SM-GE5VJ_S007_E1-50,RSC-180,CS180626100026,Vip Pygm C1ql1,both,True,True,True,Vip,Vip,True,Vip
758021287,2098,P8S4_180925_353_A01,Vip Crispld2 Htr2c,26,#882E81,I1,1.0,2098,1.0,both,True,415421.0,Cck-IRES-Cre;Vip-IRES-FlpO;Ai65-415421,M,P54,VISpm2/3,758021111.0,SM-GE5VJ_S041_E1-50,RSC-180,CS180626100027,Vip Crispld2 Htr2c,both,True,True,True,Vip,Vip,True,Vip
758058197,2099,PAS4_180925_454_A01,Vip Col15a1 Pde1a,28,#AC3491,Core,1.0,2099,1.0,both,True,415421.0,Cck-IRES-Cre;Vip-IRES-FlpO;Ai65-415421,M,P54,VISp2/3,758058056.0,SM-GE5VJ_S055_E1-50,RSC-180,CS180626100029,Vip Col15a1 Pde1a,both,True,True,True,Vip,Vip,True,Vip
758068612,2100,P8S4_180925_354_A01,Vip Rspo1 Itga4,23,#B3128A,I2,1.0,2100,1.0,both,True,415421.0,Cck-IRES-Cre;Vip-IRES-FlpO;Ai65-415421,M,P54,VISpm1,758068485.0,SM-GE5VJ_S042_E1-50,RSC-180,CS180626100024,Vip Rspo1 Itga4,both,True,True,True,Vip,Vip,True,Vip
758112844,2101,P8S4_180925_355_A01,Vip Crispld2 Kcne4,27,#AD589A,Core,1.0,2101,1.0,both,True,415065.0,Vip-IRES-Cre;Ai14-415065,M,P56,VISp2/3,758112749.0,SM-GE5VJ_S043_E1-50,RSC-180,CS180626100028,Vip Crispld2 Kcne4,both,True,True,True,Vip,Vip,True,Vip
758130953,2102,PAS4_180925_455_A01,Pvalb Tpbg,58,#AF3F64,I2,1.0,2102,1.0,both,True,415796.0,Pvalb-IRES-Cre;Ai14-415796,M,P52,VISp4,758130842.0,SM-GE5VJ_S056_E1-50,RSC-180,CS180626100058,Pvalb Reln Itm2a,both,True,True,False,Pvalb,Pvalb,True,Pvalb
758142335,2103,P8S4_180925_356_A01,Vip Lmo1 Myl1,16,#9FAAFF,Core,1.0,2103,1.0,both,True,415065.0,Vip-IRES-Cre;Ai14-415065,M,P56,VISp4,758142246.0,SM-GE5VJ_S044_E1-50,RSC-180,CS180626100020,Vip Lmo1 Myl1,both,True,True,True,Vip,Vip,True,Vip
758147742,2104,PBS4_180925_501_A01,Pvalb Reln Itm2a,56,#E67A77,Core,1.0,2104,1.0,both,True,415796.0,Pvalb-IRES-Cre;Ai14-415796,M,P52,VISp4,758147531.0,SM-GE5VJ_S062_E1-50,RSC-180,CS180626100058,Pvalb Reln Itm2a,both,True,True,True,Pvalb,Pvalb,True,Pvalb
758157901,2105,PBS4_180925_502_A01,Pvalb Reln Itm2a,56,#E67A77,Core,1.0,2105,1.0,both,True,415796.0,Pvalb-IRES-Cre;Ai14-415796,M,P52,VISp2/3,758157830.0,SM-GE5VJ_S063_E1-50,RSC-180,CS180626100058,Pvalb Reln Itm2a,both,True,True,True,Pvalb,Pvalb,True,Pvalb
758179526,2106,PFS4_180925_704_A01,Vip Lect1 Oxtr,22,#FF00B3,Core,1.0,2106,1.0,both,True,415065.0,Vip-IRES-Cre;Ai14-415065,M,P56,VISp2/3,758179355.0,SM-GE5VJ_S075_E1-50,RSC-180,CS180626100023,Vip Lect1 Oxtr,both,True,True,True,Vip,Vip,True,Vip
758185679,2107,PAS4_180925_456_A01,Pvalb Reln Itm2a,56,#E67A77,I2,1.0,2107,1.0,both,True,415796.0,Pvalb-IRES-Cre;Ai14-415796,M,P52,VISp2/3,758185605.0,SM-GE5VJ_S057_E1-50,RSC-180,CS180626100058,Pvalb Reln Itm2a,both,True,True,True,Pvalb,Pvalb,True,Pvalb
758206804,2108,P8S4_180925_358_A01,Pvalb Sema3e Kank4,54,#C94545,Core,1.0,2108,1.0,both,True,415796.0,Pvalb-IRES-Cre;Ai14-415796,M,P52,VISp6a,758206732.0,SM-GE5VJ_S046_E1-50,RSC-180,CS180626100055,Pvalb Sema3e Kank4,both,True,True,True,Pvalb,Pvalb,True,Pvalb
758262960,2109,PAS4_180925_457_A01,Vip Pygm C1ql1,25,#BD3D9A,I2,1.0,2109,1.0,both,True,415068.0,Vip-IRES-Cre;Ai14-415068,M,P56,VISpm4,758262942.0,SM-GE5VJ_S058_E1-50,RSC-180,CS180626100026,Vip Pygm C1ql1,both,True,True,True,Vip,Vip,True,Vip
758263126,2110,PES4_180925_651_A01,Vip Lmo1 Myl1,16,#9FAAFF,I1,1.0,2110,1.0,both,True,415068.0,Vip-IRES-Cre;Ai14-415068,M,P56,VISp2/3,758263111.0,SM-GE5VJ_S066_E1-50,RSC-180,CS180626100020,Vip Lmo1 Myl1,both,True,True,True,Vip,Vip,True,Vip
758269209,2111,PES4_180925_652_A01,Vip Pygm C1ql1,25,#BD3D9A,I2,1.0,2111,1.0,both,True,415068.0,Vip-IRES-Cre;Ai14-415068,M,P56,VISp5,758269037.0,SM-GE5VJ_S067_E1-50,RSC-180,CS180626100026,Vip Pygm C1ql1,both,True,True,True,Vip,Vip,True,Vip
759440987,2112,P8S4_180928_352_A01,Vip Crispld2 Htr2c,26,#882E81,Core,1.0,2112,1.0,both,True,416864.0,Vip-IRES-Cre;Ai14-416864,M,P59,VISp2/3,759440812.0,SM-GE5V9_S145_E1-50,RSC-181,CS180626100027,Vip Crispld2 Htr2c,both,True,True,True,Vip,Vip,True,Vip
759450448,2113,PES4_180928_651_A01,Vip Crispld2 Htr2c,26,#882E81,Core,1.0,2113,1.0,both,True,416864.0,Vip-IRES-Cre;Ai14-416864,M,P59,VISp2/3,759450301.0,SM-GE5V9_S157_E1-50,RSC-181,CS180626100027,Vip Crispld2 Htr2c,both,True,True,True,Vip,Vip,True,Vip
759458430,2114,P8S4_180928_353_A01,Vip Lmo1 Fam159b,15,#756FB3,I2,1.0,2114,1.0,both,True,416864.0,Vip-IRES-Cre;Ai14-416864,M,P59,VISp6a,759458321.0,SM-GE5V9_S146_E1-50,RSC-181,CS180626100019,Vip Lmo1 Fam159b,both,True,True,True,Vip,Vip,True,Vip
759462479,2115,PES4_180928_652_A01,Vip Lmo1 Myl1,16,#9FAAFF,I2,1.0,2115,1.0,both,True,416864.0,Vip-IRES-Cre;Ai14-416864,M,P59,VISp4,759462420.0,SM-GE5V9_S158_E1-50,RSC-181,CS180626100019,Vip Lmo1 Fam159b,both,True,True,False,Vip,Vip,True,Vip
759502397,2116,PES4_180928_653_A01,Vip Pygm C1ql1,25,#BD3D9A,Core,1.0,2116,1.0,both,True,415350.0,Vip-IRES-Cre;Npy-IRES2-FlpO;Ai65-415350,M,P58,VISp2/3,759502382.0,SM-GE5V9_S159_E1-50,RSC-181,CS180626100026,Vip Pygm C1ql1,both,True,True,True,Vip,Vip,True,Vip
759504695,2117,PFS4_180928_702_A01,Vip Chat Htr1f,24,#FF4DC1,I1,1.0,2117,1.0,both,True,415350.0,Vip-IRES-Cre;Npy-IRES2-FlpO;Ai65-415350,M,P58,VISl2/3,759504673.0,SM-GE5V9_S165_E1-50,RSC-181,CS180626100025,Vip Chat Htr1f,both,True,True,True,Vip,Vip,True,Vip
759513794,2118,PAS4_180928_454_A01,Vip Chat Htr1f,24,#FF4DC1,I1,1.0,2118,1.0,both,True,415350.0,Vip-IRES-Cre;Npy-IRES2-FlpO;Ai65-415350,M,P58,VISp2/3,759513768.0,SM-GE5V9_S147_E1-50,RSC-181,CS180626100025,Vip Chat Htr1f,both,True,True,True,Vip,Vip,True,Vip
759521920,2119,PES4_180928_654_A01,Vip Pygm C1ql1,25,#BD3D9A,I2,1.0,2119,1.0,both,True,415350.0,Vip-IRES-Cre;Npy-IRES2-FlpO;Ai65-415350,M,P58,VISp5,759521903.0,SM-GE5V9_S160_E1-50,RSC-181,CS180626100026,Vip Pygm C1ql1,both,True,True,True,Vip,Vip,True,Vip
759523021,2120,PAS4_180928_455_A01,Vip Pygm C1ql1,25,#BD3D9A,I1,1.0,2120,1.0,both,True,415350.0,Vip-IRES-Cre;Npy-IRES2-FlpO;Ai65-415350,M,P58,VISp2/3,759523006.0,SM-GE5V9_S148_E1-50,RSC-181,CS180626100026,Vip Pygm C1ql1,both,True,True,True,Vip,Vip,True,Vip
759529127,2121,PES4_180928_655_A01,Serpinf1 Aqp5 Vip,12,#CA66FF,I2,1.0,2121,1.0,both,True,415350.0,Vip-IRES-Cre;Npy-IRES2-FlpO;Ai65-415350,M,P58,VISp2/3,759529111.0,SM-GE5V9_S161_E1-50,RSC-181,CS180626100013,Serpinf1 Aqp5 Vip,both,True,True,True,Serpinf1,Serpinf1,True,Serpinf1
759529157,2122,PBS4_180928_503_A01,Vip Chat Htr1f,24,#FF4DC1,I2,1.0,2122,1.0,both,True,415350.0,Vip-IRES-Cre;Npy-IRES2-FlpO;Ai65-415350,M,P58,VISp2/3,759529142.0,SM-GE5V9_S153_E1-50,RSC-181,CS180626100013,Serpinf1 Aqp5 Vip,both,True,True,False,Vip,Serpinf1,False,Vip
759530125,2123,PFS4_180928_704_A01,Serpinf1 Aqp5 Vip,12,#CA66FF,I1,1.0,2123,1.0,both,True,416871.0,Vip-IRES-Cre;Ai14-416871,F,P59,VISp6a,759530105.0,SM-GE5V9_S167_E1-50,RSC-181,CS180626100013,Serpinf1 Aqp5 Vip,both,True,True,True,Serpinf1,Serpinf1,True,Serpinf1
759532491,2124,PFS4_180928_705_A01,Vip Ptprt Pkp2,20,#FF00FF,Core,1.0,2124,1.0,both,True,416871.0,Vip-IRES-Cre;Ai14-416871,F,P59,VISp2/3,759532475.0,SM-GE5V9_S168_E1-50,RSC-181,CS180626100021,Vip Ptprt Pkp2,both,True,True,True,Vip,Vip,True,Vip
759544868,2125,PFS4_180928_706_A01,Vip Ptprt Pkp2,20,#FF00FF,Core,1.0,2125,1.0,both,True,416871.0,Vip-IRES-Cre;Ai14-416871,F,P59,VISp2/3,759544838.0,SM-GE5V9_S169_E1-50,RSC-181,CS180626100021,Vip Ptprt Pkp2,both,True,True,True,Vip,Vip,True,Vip
759544966,2126,PBS4_180928_505_A01,Vip Arhgap36 Hmcn1,18,#9189FF,I1,1.0,2126,1.0,both,True,416871.0,Vip-IRES-Cre;Ai14-416871,F,P59,VISp6a,759544883.0,SM-GE5V9_S155_E1-50,RSC-181,CS180626100017,Vip Arhgap36 Hmcn1,both,True,True,True,Vip,Vip,True,Vip
759555764,2127,PFS4_180928_707_A01,Vip Arhgap36 Hmcn1,18,#9189FF,I2,1.0,2127,1.0,both,True,416871.0,Vip-IRES-Cre;Ai14-416871,F,P59,VISal5,759555692.0,SM-GE5V9_S170_E1-50,RSC-181,CS180626100026,Vip Pygm C1ql1,both,True,True,False,Vip,Vip,True,Vip
759558762,2128,PES4_180928_657_A01,Sncg Vip Itih5,10,#6C00BF,Core,1.0,2128,1.0,both,True,415350.0,Vip-IRES-Cre;Npy-IRES2-FlpO;Ai65-415350,M,P58,VISp5,759558663.0,SM-GE5V9_S163_E1-50,RSC-181,CS180626100011,Sncg Vip Itih5,both,True,True,True,Sncg,Sncg,True,Sncg
759671629,2129,P8S4_181001_351_A01,Sst Calb2 Necab1,33,#BF480D,I2,1.0,2129,1.0,both,True,416120.0,Sst-IRES-Cre;Ai14-416120,M,P57,VISp2/3,759671525.0,SM-GE5V9_S176_E1-50,RSC-181,CS180626100034,Sst Calb2 Necab1,both,True,True,True,Sst,Sst,True,Sst
759675149,2130,P8S4_181001_352_A01,Sst Hpse Cbln4,42,#806B19,I1,1.0,2130,1.0,both,True,416120.0,Sst-IRES-Cre;Ai14-416120,M,P57,VISp4,759675052.0,SM-GE5V9_S177_E1-50,RSC-181,CS180626100043,Sst Hpse Cbln4,both,True,True,True,Sst,Sst,True,Sst
759684939,2131,PAS4_181001_451_A01,Sst Tac2 Tacstd2,46,#BF8219,Core,1.0,2131,1.0,both,True,416722.0,Crh-IRES-Cre_ZJH;Sst-IRES-FlpO;Ai65-416722,M,P54,VISp5,759684568.0,SM-GE5V9_S183_E1-50,RSC-181,CS180626100047,Sst Tac2 Tacstd2,both,True,True,True,Sst,Sst,True,Sst
759697468,2132,PES4_181001_651_A01,Sst Rxfp1 Eya1,47,#994C00,Core,1.0,2132,1.0,both,True,416722.0,Crh-IRES-Cre_ZJH;Sst-IRES-FlpO;Ai65-416722,M,P54,VISa6a,759697397.0,SM-GE5V9_S187_E1-50,RSC-181,CS180626100048,Sst Rxfp1 Eya1,both,True,True,True,Sst,Sst,True,Sst
759726741,2133,PFS4_181001_701_A01,Sst Hpse Cbln4,42,#806B19,Core,1.0,2133,1.0,both,True,416120.0,Sst-IRES-Cre;Ai14-416120,M,P57,VISp5,759726633.0,SM-GE5V9_S192_E1-50,RSC-181,CS180626100043,Sst Hpse Cbln4,both,True,True,True,Sst,Sst,True,Sst
759744765,2134,PFS4_181001_703_A01,Sst Rxfp1 Prdm8,48,#802600,I2,1.0,2134,1.0,both,True,416120.0,Sst-IRES-Cre;Ai14-416120,M,P57,VISl5,759744750.0,SM-GE5VE_S014_E1-50,RSC-181,CS180626100052,Pvalb Th Sst,both,True,True,False,Sst,Pvalb,False,Sst
759751429,2135,PES4_181001_653_A01,Vip Crispld2 Kcne4,27,#AD589A,Core,1.0,2135,1.0,both,True,417227.0,Vip-IRES-Cre;Ai14-417227,M,P52,VISp2/3,759751404.0,SM-GE5V9_S189_E1-50,RSC-181,CS180626100028,Vip Crispld2 Kcne4,both,True,True,True,Vip,Vip,True,Vip
759755329,2136,PES4_181001_654_A01,Vip Lmo1 Myl1,16,#9FAAFF,I2,1.0,2136,1.0,both,True,417227.0,Vip-IRES-Cre;Ai14-417227,M,P52,VISrl4,759755306.0,SM-GE5V9_S190_E1-50,RSC-181,CS180626100020,Vip Lmo1 Myl1,both,True,True,True,Vip,Vip,True,Vip
759758674,2137,P8S4_181001_355_A01,Sst Hpse Sema3c,41,#BF9F00,I2,1.0,2137,1.0,both,True,416134.0,Sst-IRES-Cre;Ai14-416134,F,P57,VISp6a,759758630.0,SM-GE5V9_S180_E1-50,RSC-181,CS180626100042,Sst Hpse Sema3c,both,True,True,True,Sst,Sst,True,Sst
759761472,2138,P8S4_181001_356_A01,Sst Calb2 Pdlim5,34,#CC6D3D,I2,1.0,2138,1.0,both,True,416134.0,Sst-IRES-Cre;Ai14-416134,F,P57,VISp5,759761449.0,SM-GE5V9_S181_E1-50,RSC-181,CS180626100035,Sst Calb2 Pdlim5,both,True,True,True,Sst,Sst,True,Sst
759762537,2139,PES4_181001_655_A01,Vip Arhgap36 Hmcn1,18,#9189FF,Core,1.0,2139,1.0,both,True,417227.0,Vip-IRES-Cre;Ai14-417227,M,P52,VISp6a,759762476.0,SM-GE5V9_S191_E1-50,RSC-181,CS180626100017,Vip Arhgap36 Hmcn1,both,True,True,True,Vip,Vip,True,Vip
759772525,2140,PAS4_181001_453_A01,Vip Crispld2 Htr2c,26,#882E81,Core,1.0,2140,1.0,both,True,417227.0,Vip-IRES-Cre;Ai14-417227,M,P52,VISp2/3,759772441.0,SM-GE5V9_S185_E1-50,RSC-181,CS180626100027,Vip Crispld2 Htr2c,both,True,True,True,Vip,Vip,True,Vip
759784296,2141,PAS4_181001_454_A01,Vip Ptprt Pkp2,20,#FF00FF,I1,1.0,2141,1.0,both,True,417227.0,Vip-IRES-Cre;Ai14-417227,M,P52,VISp5,759784225.0,SM-GE5V9_S186_E1-50,RSC-181,CS180626100021,Vip Ptprt Pkp2,both,True,True,True,Vip,Vip,True,Vip
759891857,2142,P8S4_181002_351_A01,Sst Tac2 Tacstd2,46,#BF8219,Core,1.0,2142,1.0,both,True,416125.0,Sst-IRES-Cre;Ai14-416125,F,P58,VISp5,759891737.0,SM-GE5VE_S017_E1-50,RSC-181,CS180626100047,Sst Tac2 Tacstd2,both,True,True,True,Sst,Sst,True,Sst
759899545,2143,PES4_181002_651_A01,Sst Calb2 Pdlim5,34,#CC6D3D,I2,1.0,2143,1.0,both,True,416125.0,Sst-IRES-Cre;Ai14-416125,F,P58,VISp2/3,759899378.0,SM-GE5VE_S040_E1-50,RSC-181,CS180626100035,Sst Calb2 Pdlim5,both,True,True,True,Sst,Sst,True,Sst
759901440,2144,PAS4_181002_452_A01,Sst Calb2 Pdlim5,34,#CC6D3D,Core,1.0,2144,1.0,both,True,416125.0,Sst-IRES-Cre;Ai14-416125,F,P58,VISp5,759901388.0,SM-GE5VE_S021_E1-50,RSC-181,CS180626100035,Sst Calb2 Pdlim5,both,True,True,True,Sst,Sst,True,Sst
759908509,2145,PES4_181002_652_A01,Sst Calb2 Necab1,33,#BF480D,I2,1.0,2145,1.0,both,True,416125.0,Sst-IRES-Cre;Ai14-416125,F,P58,VISp2/3,759908008.0,SM-GE5VE_S041_E1-50,RSC-181,CS180626100035,Sst Calb2 Pdlim5,both,True,True,False,Sst,Sst,True,Sst
759908886,2146,PBS4_181002_501_A01,Sst Tac1 Htr1d,31,#804811,I2,1.0,2146,1.0,both,True,416125.0,Sst-IRES-Cre;Ai14-416125,F,P58,VISp4,759908667.0,SM-GE5VE_S024_E1-50,RSC-181,CS180626100031,Sst Mme Fam114a1,both,True,True,False,Sst,Sst,True,Sst
759909292,2147,PFS4_181002_701_A01,Sst Hpse Sema3c,41,#BF9F00,Core,1.0,2147,1.0,both,True,416125.0,Sst-IRES-Cre;Ai14-416125,F,P58,VISp5,759909018.0,SM-GE5VE_S047_E1-50,RSC-181,CS180626100042,Sst Hpse Sema3c,both,True,True,True,Sst,Sst,True,Sst
759924594,2148,PBS4_181002_502_A01,Sst Hpse Cbln4,42,#806B19,Core,1.0,2148,1.0,both,True,416125.0,Sst-IRES-Cre;Ai14-416125,F,P58,VISp5,759924578.0,SM-GE5VE_S025_E1-50,RSC-181,CS180626100043,Sst Hpse Cbln4,both,True,True,True,Sst,Sst,True,Sst
759927422,2149,PES4_181002_653_A01,Sst Hpse Cbln4,42,#806B19,Core,1.0,2149,1.0,both,True,416125.0,Sst-IRES-Cre;Ai14-416125,F,P58,VISp4,759927360.0,SM-GE5VE_S042_E1-50,RSC-181,CS180626100043,Sst Hpse Cbln4,both,True,True,True,Sst,Sst,True,Sst
759931358,2150,PBS4_181002_503_A01,Pvalb Th Sst,51,#FF2F7E,I2,1.0,2150,1.0,both,True,416125.0,Sst-IRES-Cre;Ai14-416125,F,P58,VISp6b,759931301.0,SM-GE5VE_S026_E1-50,RSC-181,CS180626100052,Pvalb Th Sst,both,True,True,True,Pvalb,Pvalb,True,Pvalb
759939473,2151,PBS4_181002_504_A01,Sst Tac2 Tacstd2,46,#BF8219,I1,1.0,2151,1.0,both,True,416125.0,Sst-IRES-Cre;Ai14-416125,F,P58,VISp6a,759939427.0,SM-GE5VE_S027_E1-50,RSC-181,CS180626100047,Sst Tac2 Tacstd2,both,True,True,True,Sst,Sst,True,Sst
759945868,2152,PAS4_181002_453_A01,Vip Igfbp4 Mab21l1,17,#533691,Core,1.0,2152,1.0,both,True,416870.0,Vip-IRES-Cre;Ai14-416870,F,9 wks,VISp2/3,759945812.0,SM-GE5VE_S022_E1-50,RSC-181,CS180626100016,Vip Igfbp4 Mab21l1,both,True,True,True,Vip,Vip,True,Vip
759948010,2153,P8S4_181002_352_A01,Sst Rxfp1 Prdm8,48,#802600,Core,1.0,2153,1.0,both,True,416135.0,Sst-IRES-Cre;Ai14-416135,F,P58,VISp6a,759947881.0,SM-GE5VE_S018_E1-50,RSC-181,CS180626100049,Sst Rxfp1 Prdm8,both,True,True,True,Sst,Sst,True,Sst
759948182,2154,PFS4_181002_703_A01,Sst Calb2 Pdlim5,34,#CC6D3D,Core,1.0,2154,1.0,both,True,416125.0,Sst-IRES-Cre;Ai14-416125,F,P58,VISp2/3,759948065.0,SM-GE5VE_S049_E1-50,RSC-181,CS180626100035,Sst Calb2 Pdlim5,both,True,True,True,Sst,Sst,True,Sst
759955697,2155,P1S4_181002_001_A01,Sst Hpse Sema3c,41,#BF9F00,Core,1.0,2155,1.0,both,True,416135.0,Sst-IRES-Cre;Ai14-416135,F,P58,VISp5,759955582.0,SM-GE5VE_S015_E1-50,RSC-181,CS180626100042,Sst Hpse Sema3c,both,True,True,True,Sst,Sst,True,Sst
759959254,2156,P8S4_181002_353_A01,Sst Crhr2 Efemp1,43,#B95541,I2,1.0,2156,1.0,both,True,416135.0,Sst-IRES-Cre;Ai14-416135,F,P58,VISp6a,759959207.0,SM-GE5VE_S019_E1-50,RSC-181,CS180626100046,Sst Esm1,both,True,True,False,Sst,Sst,True,Sst
759959997,2157,PBS4_181002_506_A01,Vip Rspo4 Rxfp1 Chat,21,#AF00E6,I2,1.0,2157,1.0,both,True,416870.0,Vip-IRES-Cre;Ai14-416870,F,9 wks,VISp2/3,759959973.0,SM-GE5VE_S029_E1-50,RSC-181,CS180626100022,Vip Rspo4 Rxfp1 Chat,both,True,True,True,Vip,Vip,True,Vip
759961376,2158,PBS4_181002_507_A01,Vip Pygm C1ql1,25,#BD3D9A,Core,1.0,2158,1.0,both,True,416870.0,Vip-IRES-Cre;Ai14-416870,F,9 wks,VISp4,759961244.0,SM-GE5VE_S030_E1-50,RSC-181,CS180626100026,Vip Pygm C1ql1,both,True,True,True,Vip,Vip,True,Vip
759970262,2159,P1S4_181002_002_A01,Sst Tac1 Htr1d,31,#804811,I1,1.0,2159,1.0,both,True,416135.0,Sst-IRES-Cre;Ai14-416135,F,P58,VISp4,759970247.0,SM-GE5VE_S016_E1-50,RSC-181,CS180626100032,Sst Tac1 Htr1d,both,True,True,True,Sst,Sst,True,Sst
760003041,2160,PAS4_181002_454_A01,Vip Crispld2 Kcne4,27,#AD589A,I2,1.0,2160,1.0,both,True,417228.0,Vip-IRES-Cre;Ai14-417228,M,P53,VISp2/3,760002993.0,SM-GE5VE_S023_E1-50,RSC-181,CS180626100028,Vip Crispld2 Kcne4,both,True,True,True,Vip,Vip,True,Vip
760003897,2161,PFS4_181002_704_A01,Sst Hpse Cbln4,42,#806B19,Core,1.0,2161,1.0,both,True,416135.0,Sst-IRES-Cre;Ai14-416135,F,P58,VISli5,760003862.0,SM-GE5VE_S050_E1-50,RSC-181,CS180626100043,Sst Hpse Cbln4,both,True,True,True,Sst,Sst,True,Sst
760011270,2162,PBS4_181002_508_A01,Sst Myh8 Etv1 ,36,#D6C300,I1,1.0,2162,1.0,both,True,416135.0,Sst-IRES-Cre;Ai14-416135,F,P58,VISl5,760011215.0,SM-GE5VE_S031_E1-50,RSC-181,CS180626100037,Sst Myh8 Etv1 ,both,True,True,True,Sst,Sst,True,Sst
760013002,2163,PBS4_181002_509_A01,Sst Calb2 Pdlim5,34,#CC6D3D,I2,1.0,2163,1.0,both,True,416135.0,Sst-IRES-Cre;Ai14-416135,F,P58,VISp2/3,760012935.0,SM-GE5VE_S032_E1-50,RSC-181,CS180626100035,Sst Calb2 Pdlim5,both,True,True,True,Sst,Sst,True,Sst
760016133,2164,PFS4_181002_705_A01,Sst Rxfp1 Prdm8,48,#802600,I1,1.0,2164,1.0,both,True,416135.0,Sst-IRES-Cre;Ai14-416135,F,P58,VISp6a,760016030.0,SM-GE5VE_S051_E1-50,RSC-181,CS180626100049,Sst Rxfp1 Prdm8,both,True,True,True,Sst,Sst,True,Sst
760018980,2165,PBS4_181002_510_A01,Pvalb Calb1 Sst,52,#BC2B11,Core,1.0,2165,1.0,both,True,416135.0,Sst-IRES-Cre;Ai14-416135,F,P58,VISl5,760018931.0,SM-GE5VE_S033_E1-50,RSC-181,CS180626100054,Pvalb Calb1 Sst,both,True,True,True,Pvalb,Pvalb,True,Pvalb
760027545,2166,PES4_181002_656_A01,Sst Calb2 Pdlim5,34,#CC6D3D,I1,1.0,2166,1.0,both,True,416135.0,Sst-IRES-Cre;Ai14-416135,F,P58,VISpor2/3,760027483.0,SM-GE5VE_S045_E1-50,RSC-181,CS180626100035,Sst Calb2 Pdlim5,both,True,True,True,Sst,Sst,True,Sst
760029391,2167,PFS4_181002_706_A01,Sst Rxfp1 Prdm8,48,#802600,Core,1.0,2167,1.0,both,True,416135.0,Sst-IRES-Cre;Ai14-416135,F,P58,VISp6a,760029324.0,SM-GE5VE_S052_E1-50,RSC-181,CS180626100049,Sst Rxfp1 Prdm8,both,True,True,True,Sst,Sst,True,Sst
760033470,2168,PES4_181002_657_A01,Pvalb Calb1 Sst,52,#BC2B11,I2,1.0,2168,1.0,both,True,416135.0,Sst-IRES-Cre;Ai14-416135,F,P58,VISpor5,760033440.0,SM-GE5VE_S046_E1-50,RSC-181,CS180626100054,Pvalb Calb1 Sst,both,True,True,True,Pvalb,Pvalb,True,Pvalb
760037576,2169,PBS4_181002_511_A01,Vip Arhgap36 Hmcn1,18,#9189FF,Core,1.0,2169,1.0,both,True,417228.0,Vip-IRES-Cre;Ai14-417228,M,P53,VISp6a,760037520.0,SM-GE5VE_S034_E1-50,RSC-181,CS180626100017,Vip Arhgap36 Hmcn1,both,True,True,True,Vip,Vip,True,Vip
760050336,2170,PBS4_181002_513_A01,Vip Lmo1 Myl1,16,#9FAAFF,Core,1.0,2170,1.0,both,True,417228.0,Vip-IRES-Cre;Ai14-417228,M,P53,VISp5,760050290.0,SM-GE5VE_S036_E1-50,RSC-181,CS180626100020,Vip Lmo1 Myl1,both,True,True,True,Vip,Vip,True,Vip
760064682,2171,PBS4_181002_514_A01,Pvalb Calb1 Sst,52,#BC2B11,I1,1.0,2171,1.0,both,True,416135.0,Sst-IRES-Cre;Ai14-416135,F,P58,VISpm6a,760064611.0,SM-GE5VE_S037_E1-50,RSC-181,CS180626100054,Pvalb Calb1 Sst,both,True,True,True,Pvalb,Pvalb,True,Pvalb
760068261,2172,PBS4_181002_515_A01,Sst Tac2 Tacstd2,46,#BF8219,Core,1.0,2172,1.0,both,True,416135.0,Sst-IRES-Cre;Ai14-416135,F,P58,VISp5,760068206.0,SM-GE5VE_S038_E1-50,RSC-181,CS180626100047,Sst Tac2 Tacstd2,both,True,True,True,Sst,Sst,True,Sst
760268259,2173,PAS4_181003_451_A01,Sst Hpse Cbln4,42,#806B19,Core,1.0,2173,1.0,both,True,416131.0,Sst-IRES-Cre;Ai14-416131,M,P59,VISp5,760268056.0,SM-GE5VE_S075_E1-50,RSC-181,CS180626100043,Sst Hpse Cbln4,both,True,True,True,Sst,Sst,True,Sst
760269328,2174,P1S4_181003_001_A01,Sst Crhr2 Efemp1,43,#B95541,I2,1.0,2174,1.0,both,True,416131.0,Sst-IRES-Cre;Ai14-416131,M,P59,VISp6a,760269168.0,SM-GE5VE_S066_E1-50,RSC-181,CS180626100044,Sst Crhr2 Efemp1,both,True,True,True,Sst,Sst,True,Sst
760280508,2175,PFS4_181003_701_A01,Sst Calb2 Pdlim5,34,#CC6D3D,I1,1.0,2175,1.0,both,True,416131.0,Sst-IRES-Cre;Ai14-416131,M,P59,VISp2/3,760280351.0,SM-GE5V2_S001_E1-50,RSC-182,CS180626100035,Sst Calb2 Pdlim5,both,True,True,True,Sst,Sst,True,Sst
760280955,2176,PES4_181003_651_A01,Sst Tac1 Htr1d,31,#804811,I2,1.0,2176,1.0,both,True,416131.0,Sst-IRES-Cre;Ai14-416131,M,P59,VISp2/3,760280710.0,SM-GE5VE_S094_E1-50,RSC-181,CS180626100032,Sst Tac1 Htr1d,both,True,True,True,Sst,Sst,True,Sst
760294832,2177,PBS4_181003_501_A01,Sst Chrna2 Glra3,37,#FF9F2C,Core,1.0,2177,1.0,both,True,416131.0,Sst-IRES-Cre;Ai14-416131,M,P59,VISp5,760294684.0,SM-GE5VE_S085_E1-50,RSC-181,CS180626100039,Sst Chrna2 Glra3,both,True,True,True,Sst,Sst,True,Sst
760297286,2178,PFS4_181003_702_A01,Sst Rxfp1 Prdm8,48,#802600,Core,1.0,2178,1.0,both,True,416131.0,Sst-IRES-Cre;Ai14-416131,M,P59,VISp6a,760297079.0,SM-GE5V2_S002_E1-50,RSC-182,CS180626100049,Sst Rxfp1 Prdm8,both,True,True,True,Sst,Sst,True,Sst
760305136,2179,PES4_181003_652_A01,Sst Calb2 Pdlim5,34,#CC6D3D,I1,1.0,2179,1.0,both,True,416131.0,Sst-IRES-Cre;Ai14-416131,M,P59,VISp4,760305119.0,SM-GE5VE_S095_E1-50,RSC-181,CS180626100035,Sst Calb2 Pdlim5,both,True,True,True,Sst,Sst,True,Sst
760313302,2180,P1S4_181003_002_A01,Sst Esm1,45,#C11331,Core,1.0,2180,1.0,both,True,416131.0,Sst-IRES-Cre;Ai14-416131,M,P59,VISp6a,760313061.0,SM-GE5VE_S067_E1-50,RSC-181,CS180626100046,Sst Esm1,both,True,True,True,Sst,Sst,True,Sst
760315920,2181,PBS4_181003_502_A01,Sst Calb2 Pdlim5,34,#CC6D3D,I1,1.0,2181,1.0,both,True,416131.0,Sst-IRES-Cre;Ai14-416131,M,P59,VISpm2/3,760315812.0,SM-GE5VE_S086_E1-50,RSC-181,CS180626100035,Sst Calb2 Pdlim5,both,True,True,True,Sst,Sst,True,Sst
760316107,2182,P8S4_181003_351_A01,Vip Col15a1 Pde1a,28,#AC3491,Core,1.0,2182,1.0,both,True,417327.0,Cck-IRES-Cre;Vip-IRES-FlpO;Ai65-417327,M,P53,VISp1,760315976.0,SM-GE5VE_S069_E1-50,RSC-181,CS180626100029,Vip Col15a1 Pde1a,both,True,True,True,Vip,Vip,True,Vip
760329020,2183,P1S4_181003_003_A01,Sst Chrna2 Ptgdr,39,#FFB307,I2,1.0,2183,1.0,both,True,416131.0,Sst-IRES-Cre;Ai14-416131,M,P59,VISp5,760328842.0,SM-GE5VE_S068_E1-50,RSC-181,CS180626100042,Sst Hpse Sema3c,both,True,True,False,Sst,Sst,True,Sst
760368080,2184,PFS4_181003_704_A01,Sst Calb2 Pdlim5,34,#CC6D3D,I1,1.0,2184,1.0,both,True,416131.0,Sst-IRES-Cre;Ai14-416131,M,P59,VISp2/3,760368065.0,SM-GE5V2_S004_E1-50,RSC-182,CS180626100035,Sst Calb2 Pdlim5,both,True,True,True,Sst,Sst,True,Sst
760372714,2185,PAS4_181003_455_A01,Vip Crispld2 Kcne4,27,#AD589A,I1,1.0,2185,1.0,both,True,417327.0,Cck-IRES-Cre;Vip-IRES-FlpO;Ai65-417327,M,P53,VISp2/3,760372634.0,SM-GE5VE_S079_E1-50,RSC-181,CS180626100028,Vip Crispld2 Kcne4,both,True,True,True,Vip,Vip,True,Vip
760379237,2186,PBS4_181003_503_A01,Serpinf1 Aqp5 Vip,12,#CA66FF,I1,1.0,2186,1.0,both,True,417327.0,Cck-IRES-Cre;Vip-IRES-FlpO;Ai65-417327,M,P53,VISpm2/3,760379179.0,SM-GE5VE_S087_E1-50,RSC-181,CS180626100013,Serpinf1 Aqp5 Vip,both,True,True,True,Serpinf1,Serpinf1,True,Serpinf1
760386740,2187,PBS4_181003_504_A01,Vip Crispld2 Htr2c,26,#882E81,Core,1.0,2187,1.0,both,True,417327.0,Cck-IRES-Cre;Vip-IRES-FlpO;Ai65-417327,M,P53,VISp2/3,760386631.0,SM-GE5VE_S088_E1-50,RSC-181,CS180626100027,Vip Crispld2 Htr2c,both,True,True,True,Vip,Vip,True,Vip
760387424,2188,PAS4_181003_456_A01,Vip Crispld2 Htr2c,26,#882E81,Core,1.0,2188,1.0,both,True,417327.0,Cck-IRES-Cre;Vip-IRES-FlpO;Ai65-417327,M,P53,VISp2/3,760387313.0,SM-GE5VE_S080_E1-50,RSC-181,CS180626100027,Vip Crispld2 Htr2c,both,True,True,True,Vip,Vip,True,Vip
760416458,2189,PBS4_181003_505_A01,Sst Chrna2 Ptgdr,39,#FFB307,I1,1.0,2189,1.0,both,True,416483.0,Sst-IRES-Cre;Ai14-416483,M,P57,VISp5,760416397.0,SM-GE5VE_S089_E1-50,RSC-181,CS180626100040,Sst Chrna2 Ptgdr,both,True,True,True,Sst,Sst,True,Sst
760421789,2190,PAS4_181003_458_A01,Sst Crhr2 Efemp1,43,#B95541,Core,1.0,2190,1.0,both,True,416483.0,Sst-IRES-Cre;Ai14-416483,M,P57,VISp5,760421711.0,SM-GE5VE_S082_E1-50,RSC-181,CS180626100044,Sst Crhr2 Efemp1,both,True,True,True,Sst,Sst,True,Sst
760437219,2191,PBS4_181003_506_A01,Vip Lect1 Oxtr,22,#FF00B3,I2,1.0,2191,1.0,both,True,417229.0,Vip-IRES-Cre;Ai14-417229,F,P54,VISp2/3,760437117.0,SM-GE5VE_S090_E1-50,RSC-181,CS180626100023,Vip Lect1 Oxtr,both,True,True,True,Vip,Vip,True,Vip
760491928,2192,PAS4_181003_459_A01,Vip Ptprt Pkp2,20,#FF00FF,I2,1.0,2192,1.0,both,True,417229.0,Vip-IRES-Cre;Ai14-417229,F,P54,VISp2/3,760491789.0,SM-GE5VE_S083_E1-50,RSC-181,CS180626100021,Vip Ptprt Pkp2,both,True,True,True,Vip,Vip,True,Vip
760507316,2193,PAS4_181003_460_A01,Vip Pygm C1ql1,25,#BD3D9A,I1,1.0,2193,1.0,both,True,417229.0,Vip-IRES-Cre;Ai14-417229,F,P54,VISp2/3,760507247.0,SM-GE5VE_S084_E1-50,RSC-181,CS180626100026,Vip Pygm C1ql1,both,True,True,True,Vip,Vip,True,Vip
760518937,2194,PBS4_181003_507_A01,Sst Rxfp1 Prdm8,48,#802600,I1,1.0,2194,1.0,both,True,416131.0,Sst-IRES-Cre;Ai14-416131,M,P59,VISp5,760518840.0,SM-GE5VE_S091_E1-50,RSC-181,CS180626100049,Sst Rxfp1 Prdm8,both,True,True,True,Sst,Sst,True,Sst
760533748,2195,PBS4_181003_508_A01,Sst Crhr2 Efemp1,43,#B95541,Core,1.0,2195,1.0,both,True,416131.0,Sst-IRES-Cre;Ai14-416131,M,P59,VISp6a,760533619.0,SM-GE5VE_S092_E1-50,RSC-181,CS180626100044,Sst Crhr2 Efemp1,both,True,True,True,Sst,Sst,True,Sst
760552500,2196,PBS4_181003_509_A01,Sst Hpse Cbln4,42,#806B19,Core,1.0,2196,1.0,both,True,416131.0,Sst-IRES-Cre;Ai14-416131,M,P59,VISp5,760552432.0,SM-GE5VE_S093_E1-50,RSC-181,CS180626100043,Sst Hpse Cbln4,both,True,True,True,Sst,Sst,True,Sst
760809918,2197,P1S4_181005_001_A01,Sst Myh8 Etv1 ,36,#D6C300,I2,1.0,2197,1.0,both,True,416132.0,Sst-IRES-Cre;Ai14-416132,M,P61,VISpm5,760809860.0,SM-GE5V2_S012_E1-50,RSC-182,CS180626100037,Sst Myh8 Etv1 ,both,True,True,True,Sst,Sst,True,Sst
760811392,2198,PAS4_181005_451_A01,Sst Hpse Cbln4,42,#806B19,Core,1.0,2198,1.0,both,True,416132.0,Sst-IRES-Cre;Ai14-416132,M,P61,VISp5,760811340.0,SM-GE5V2_S019_E1-50,RSC-182,CS180626100043,Sst Hpse Cbln4,both,True,True,True,Sst,Sst,True,Sst
760813815,2199,P1S4_181005_002_A01,Sst Hpse Sema3c,41,#BF9F00,Core,1.0,2199,1.0,both,True,416132.0,Sst-IRES-Cre;Ai14-416132,M,P61,VISp5,760813578.0,SM-GE5V2_S013_E1-50,RSC-182,CS180626100042,Sst Hpse Sema3c,both,True,True,True,Sst,Sst,True,Sst
760821319,2200,PAS4_181005_452_A01,Sst Rxfp1 Prdm8,48,#802600,Core,1.0,2200,1.0,both,True,416132.0,Sst-IRES-Cre;Ai14-416132,M,P61,VISp6a,760821117.0,SM-GE5V2_S020_E1-50,RSC-182,CS180626100049,Sst Rxfp1 Prdm8,both,True,True,True,Sst,Sst,True,Sst
760832993,2201,PBS4_181005_501_A01,Sst Crhr2 Efemp1,43,#B95541,Core,1.0,2201,1.0,both,True,416132.0,Sst-IRES-Cre;Ai14-416132,M,P61,VISp6a,760832861.0,SM-GE5V2_S036_E1-50,RSC-182,CS180626100044,Sst Crhr2 Efemp1,both,True,True,True,Sst,Sst,True,Sst
760834631,2202,P1S4_181005_003_A01,Sst Calb2 Necab1,33,#BF480D,I1,1.0,2202,1.0,both,True,416132.0,Sst-IRES-Cre;Ai14-416132,M,P61,VISp4,760834524.0,SM-GE5V2_S014_E1-50,RSC-182,CS180626100034,Sst Calb2 Necab1,both,True,True,True,Sst,Sst,True,Sst
760838675,2203,PAS4_181005_453_A01,Sst Calb2 Necab1,33,#BF480D,I2,1.0,2203,1.0,both,True,416132.0,Sst-IRES-Cre;Ai14-416132,M,P61,VISrl2/3,760838614.0,SM-GE5V2_S021_E1-50,RSC-182,CS180626100034,Sst Calb2 Necab1,both,True,True,True,Sst,Sst,True,Sst
760846847,2204,PAS4_181005_454_A01,Sst Nr2f2 Necab1,35,#FFDF11,I2,1.0,2204,1.0,both,True,416132.0,Sst-IRES-Cre;Ai14-416132,M,P61,VISrl5,760846739.0,SM-GE5V2_S022_E1-50,RSC-182,CS180626100036,Sst Nr2f2 Necab1,both,True,True,True,Sst,Sst,True,Sst
760849029,2205,PBS4_181005_504_A01,Sst Calb2 Pdlim5,34,#CC6D3D,Core,1.0,2205,1.0,both,True,416132.0,Sst-IRES-Cre;Ai14-416132,M,P61,VISp2/3,760848951.0,SM-GE5V2_S039_E1-50,RSC-182,CS180626100035,Sst Calb2 Pdlim5,both,True,True,True,Sst,Sst,True,Sst
760864077,2206,P1S4_181005_004_A01,Vip Pygm C1ql1,25,#BD3D9A,Core,1.0,2206,1.0,both,True,416938.0,Vip-IRES-Cre;Npy-IRES2-FlpO;Ai65-416938,F,P57,VISp2/3,760863528.0,SM-GE5V2_S015_E1-50,RSC-182,CS180626100026,Vip Pygm C1ql1,both,True,True,True,Vip,Vip,True,Vip
760876441,2207,P8S4_181005_351_A01,Sst Crhr2 Efemp1,43,#B95541,Core,1.0,2207,1.0,both,True,416132.0,Sst-IRES-Cre;Ai14-416132,M,P61,VISp6a,760875768.0,SM-GE5V2_S017_E1-50,RSC-182,CS180626100044,Sst Crhr2 Efemp1,both,True,True,True,Sst,Sst,True,Sst
760878397,2208,PES4_181005_651_A01,Serpinf1 Aqp5 Vip,12,#CA66FF,Core,1.0,2208,1.0,both,True,416938.0,Vip-IRES-Cre;Npy-IRES2-FlpO;Ai65-416938,F,P57,VISp6a,760878331.0,SM-GE5V2_S044_E1-50,RSC-182,CS180626100013,Serpinf1 Aqp5 Vip,both,True,True,True,Serpinf1,Serpinf1,True,Serpinf1
760881798,2209,P1S4_181005_005_A01,Vip Chat Htr1f,24,#FF4DC1,I1,1.0,2209,1.0,both,True,416938.0,Vip-IRES-Cre;Npy-IRES2-FlpO;Ai65-416938,F,P57,VISpm2/3,760881644.0,SM-GE5V2_S016_E1-50,RSC-182,CS180626100025,Vip Chat Htr1f,both,True,True,True,Vip,Vip,True,Vip
760890074,2210,PAS4_181005_455_A01,Vip Chat Htr1f,24,#FF4DC1,I1,1.0,2210,1.0,both,True,416938.0,Vip-IRES-Cre;Npy-IRES2-FlpO;Ai65-416938,F,P57,VISp2/3,760890002.0,SM-GE5V2_S023_E1-50,RSC-182,CS180626100025,Vip Chat Htr1f,both,True,True,True,Vip,Vip,True,Vip
760893046,2211,P8S4_181005_352_A01,Sst Rxfp1 Prdm8,48,#802600,Core,1.0,2211,1.0,both,True,416132.0,Sst-IRES-Cre;Ai14-416132,M,P61,VISp5,760892689.0,SM-GE5V2_S018_E1-50,RSC-182,CS180626100049,Sst Rxfp1 Prdm8,both,True,True,True,Sst,Sst,True,Sst
760939897,2212,PAS4_181005_457_A01,Vip Pygm C1ql1,25,#BD3D9A,I2,1.0,2212,1.0,both,True,416938.0,Vip-IRES-Cre;Npy-IRES2-FlpO;Ai65-416938,F,P57,VISp2/3,760939792.0,SM-GE5V2_S033_E1-50,RSC-182,CS180626100026,Vip Pygm C1ql1,both,True,True,True,Vip,Vip,True,Vip
760949922,2213,PFS4_181005_701_A01,Sncg Vip Itih5,10,#6C00BF,I1,1.0,2213,1.0,both,True,416938.0,Vip-IRES-Cre;Npy-IRES2-FlpO;Ai65-416938,F,P57,VISp1,760949825.0,SM-GE5V2_S050_E1-50,RSC-182,CS180626100029,Vip Col15a1 Pde1a,both,True,True,False,Sncg,Vip,False,Sncg
760959964,2214,PFS4_181005_702_A01,Vip Pygm C1ql1,25,#BD3D9A,Core,1.0,2214,1.0,both,True,416938.0,Vip-IRES-Cre;Npy-IRES2-FlpO;Ai65-416938,F,P57,VISp2/3,760959907.0,SM-GE5V2_S051_E1-50,RSC-182,CS180626100026,Vip Pygm C1ql1,both,True,True,True,Vip,Vip,True,Vip
760961855,2215,PES4_181005_652_A01,Sst Calb2 Pdlim5,34,#CC6D3D,Core,1.0,2215,1.0,both,True,416484.0,Sst-IRES-Cre;Ai14-416484,F,P59,VISli4,760961679.0,SM-GE5V2_S045_E1-50,RSC-182,CS180626100035,Sst Calb2 Pdlim5,both,True,True,True,Sst,Sst,True,Sst
760965714,2216,PAS4_181005_458_A01,Vip Col15a1 Pde1a,28,#AC3491,I1,1.0,2216,1.0,both,True,417331.0,Cck-IRES-Cre;Vip-IRES-FlpO;Ai65-417331,M,P55,VISp2/3,760965568.0,SM-GE5V2_S034_E1-50,RSC-182,CS180626100029,Vip Col15a1 Pde1a,both,True,True,True,Vip,Vip,True,Vip
760972305,2217,PES4_181005_653_A01,Sst Calb2 Pdlim5,34,#CC6D3D,Core,1.0,2217,1.0,both,True,416484.0,Sst-IRES-Cre;Ai14-416484,F,P59,VISpor2/3,760972122.0,SM-GE5V2_S046_E1-50,RSC-182,CS180626100035,Sst Calb2 Pdlim5,both,True,True,True,Sst,Sst,True,Sst
760981484,2218,PFS4_181005_703_A01,Sst Hpse Cbln4,42,#806B19,Core,1.0,2218,1.0,both,True,416484.0,Sst-IRES-Cre;Ai14-416484,F,P59,VISl5,760981406.0,SM-GE5V2_S052_E1-50,RSC-182,CS180626100043,Sst Hpse Cbln4,both,True,True,True,Sst,Sst,True,Sst
760986187,2219,PBS4_181005_508_A01,Sst Chrna2 Ptgdr,39,#FFB307,I3,1.0,2219,1.0,both,True,416132.0,Sst-IRES-Cre;Ai14-416132,M,P61,VISl5,760986119.0,SM-GE5V2_S043_E1-50,RSC-182,CS180626100040,Sst Chrna2 Ptgdr,both,True,True,True,Sst,Sst,True,Sst
760988201,2220,PES4_181005_655_A01,Pvalb Gabrg1,50,#ED4C50,I1,1.0,2220,1.0,both,True,416484.0,Sst-IRES-Cre;Ai14-416484,F,P59,VISl6b,760988102.0,SM-GE5V2_S048_E1-50,RSC-182,CS180626100051,Pvalb Gabrg1,both,True,True,True,Pvalb,Pvalb,True,Pvalb
760988294,2221,PAS4_181005_459_A01,Sncg Vip Nptx2,8,#9900B3,I2,1.0,2221,1.0,both,True,417331.0,Cck-IRES-Cre;Vip-IRES-FlpO;Ai65-417331,M,P55,VISp2/3,760988259.0,SM-GE5V2_S035_E1-50,RSC-182,CS180626100009,Sncg Vip Nptx2,both,True,True,True,Sncg,Sncg,True,Sncg
760995273,2222,PES4_181005_656_A01,Sst Calb2 Pdlim5,34,#CC6D3D,Core,1.0,2222,1.0,both,True,416484.0,Sst-IRES-Cre;Ai14-416484,F,P59,VISp2/3,760995235.0,SM-GE5V2_S049_E1-50,RSC-182,CS180626100035,Sst Calb2 Pdlim5,both,True,True,True,Sst,Sst,True,Sst
760995868,2223,PFS4_181005_705_A01,Sst Hpse Cbln4,42,#806B19,I1,1.0,2223,1.0,both,True,416484.0,Sst-IRES-Cre;Ai14-416484,F,P59,VISp5,760995817.0,SM-GE5V2_S054_E1-50,RSC-182,CS180626100043,Sst Hpse Cbln4,both,True,True,True,Sst,Sst,True,Sst
761000395,2224,PFS4_181005_706_A01,Sst Calb2 Pdlim5,34,#CC6D3D,I2,1.0,2224,1.0,both,True,416484.0,Sst-IRES-Cre;Ai14-416484,F,P59,VISp2/3,761000346.0,SM-GE5V2_S055_E1-50,RSC-182,CS180626100034,Sst Calb2 Necab1,both,True,True,False,Sst,Sst,True,Sst
761297232,2225,P1S4_181008_001_A01,Vip Ptprt Pkp2,20,#FF00FF,Core,1.0,2225,1.0,both,True,418222.0,Vip-IRES-Cre;Ai14-418222,M,P53,VISp4,761297068.0,SM-GE5V2_S058_E1-50,RSC-182,CS180626100021,Vip Ptprt Pkp2,both,True,True,True,Vip,Vip,True,Vip
761301546,2226,P8S4_181008_351_A01,Vip Ptprt Pkp2,20,#FF00FF,Core,1.0,2226,1.0,both,True,418222.0,Vip-IRES-Cre;Ai14-418222,M,P53,VISp2/3,761301339.0,SM-GE5V2_S061_E1-50,RSC-182,CS180626100021,Vip Ptprt Pkp2,both,True,True,True,Vip,Vip,True,Vip
761304075,2227,P1S4_181008_002_A01,Vip Pygm C1ql1,25,#BD3D9A,I2,1.0,2227,1.0,both,True,418222.0,Vip-IRES-Cre;Ai14-418222,M,P53,VISp4,761303760.0,SM-GE5V2_S059_E1-50,RSC-182,CS180626100026,Vip Pygm C1ql1,both,True,True,True,Vip,Vip,True,Vip
761325810,2228,P1S4_181008_003_A01,Vip Igfbp4 Mab21l1,17,#533691,I2,1.0,2228,1.0,both,True,418222.0,Vip-IRES-Cre;Ai14-418222,M,P53,VISp2/3,761325645.0,SM-GE5V2_S060_E1-50,RSC-182,CS180626100021,Vip Ptprt Pkp2,both,True,True,False,Vip,Vip,True,Vip
761344520,2229,PAS4_181008_451_A01,Pvalb Reln Itm2a,56,#E67A77,Core,1.0,2229,1.0,both,True,417268.0,Pvalb-IRES-Cre;Ai14-417268,M,P58,VISp4,761344418.0,SM-GE5V2_S067_E1-50,RSC-182,CS180626100058,Pvalb Reln Itm2a,both,True,True,True,Pvalb,Pvalb,True,Pvalb
761344650,2230,PFS4_181008_701_A01,Vip Lmo1 Myl1,16,#9FAAFF,Core,1.0,2230,1.0,both,True,418222.0,Vip-IRES-Cre;Ai14-418222,M,P53,VISpm2/3,761344593.0,SM-GE5V2_S079_E1-50,RSC-182,CS180626100020,Vip Lmo1 Myl1,both,True,True,True,Vip,Vip,True,Vip
761397389,2231,PFS4_181008_702_A01,Vip Igfbp4 Mab21l1,17,#533691,I2,1.0,2231,1.0,both,True,418222.0,Vip-IRES-Cre;Ai14-418222,M,P53,VISp6a,761397290.0,SM-GE5V2_S080_E1-50,RSC-182,CS180626100017,Vip Arhgap36 Hmcn1,both,True,True,False,Vip,Vip,True,Vip
761409397,2232,PAS4_181008_453_A01,Lamp5 Lsp1,5,#FFA388,Core,1.0,2232,1.0,both,True,417268.0,Pvalb-IRES-Cre;Ai14-417268,M,P58,VISl2/3,761409253.0,SM-GE5V2_S069_E1-50,RSC-182,CS180626100006,Lamp5 Lsp1,both,True,True,True,Lamp5,Lamp5,True,Lamp5
761418394,2233,PFS4_181008_703_A01,Vip Pygm C1ql1,25,#BD3D9A,I1,1.0,2233,1.0,both,True,418222.0,Vip-IRES-Cre;Ai14-418222,M,P53,VISp5,761418313.0,SM-GE5V2_S081_E1-50,RSC-182,CS180626100026,Vip Pygm C1ql1,both,True,True,True,Vip,Vip,True,Vip
761429710,2234,PES4_181008_652_A01,Pvalb Reln Itm2a,56,#E67A77,Core,1.0,2234,1.0,both,True,417268.0,Pvalb-IRES-Cre;Ai14-417268,M,P58,VISp2/3,761429623.0,SM-GE5V2_S073_E1-50,RSC-182,CS180626100058,Pvalb Reln Itm2a,both,True,True,True,Pvalb,Pvalb,True,Pvalb
761453524,2235,PES4_181008_653_A01,Pvalb Tpbg,58,#AF3F64,I2,1.0,2235,1.0,both,True,417268.0,Pvalb-IRES-Cre;Ai14-417268,M,P58,VISp4,761453444.0,SM-GE5V2_S074_E1-50,RSC-182,CS180626100059,Pvalb Tpbg,both,True,True,True,Pvalb,Pvalb,True,Pvalb
761473866,2236,P8S4_181008_353_A01,Vip Col15a1 Pde1a,28,#AC3491,I2,1.0,2236,1.0,both,True,417710.0,Cck-IRES-Cre;Vip-IRES-FlpO;Ai65-417710,M,P56,VISp2/3,761473697.0,SM-GE5V2_S063_E1-50,RSC-182,CS180626100011,Sncg Vip Itih5,both,True,True,False,Vip,Sncg,False,Vip
761475429,2237,PES4_181008_654_A01,Pvalb Akr1c18 Ntf3,53,#FF4343,I2,1.0,2237,1.0,both,True,417268.0,Pvalb-IRES-Cre;Ai14-417268,M,P58,VISp6a,761475306.0,SM-GE5V2_S075_E1-50,RSC-182,CS180626100053,Pvalb Akr1c18 Ntf3,both,True,True,True,Pvalb,Pvalb,True,Pvalb
761489652,2238,PFS4_181008_704_A01,Vip Pygm C1ql1,25,#BD3D9A,I2,1.0,2238,1.0,both,True,417710.0,Cck-IRES-Cre;Vip-IRES-FlpO;Ai65-417710,M,P56,VISp2/3,761489583.0,SM-GE5V2_S082_E1-50,RSC-182,CS180626100026,Vip Pygm C1ql1,both,True,True,True,Vip,Vip,True,Vip
761503108,2239,PFS4_181008_705_A01,Vip Crispld2 Kcne4,27,#AD589A,I2,1.0,2239,1.0,both,True,417710.0,Cck-IRES-Cre;Vip-IRES-FlpO;Ai65-417710,M,P56,VISl2/3,761502946.0,SM-GE5V2_S083_E1-50,RSC-182,CS180626100028,Vip Crispld2 Kcne4,both,True,True,True,Vip,Vip,True,Vip
761516369,2240,PAS4_181008_455_A01,Vip Crispld2 Htr2c,26,#882E81,Core,1.0,2240,1.0,both,True,417710.0,Cck-IRES-Cre;Vip-IRES-FlpO;Ai65-417710,M,P56,VISp2/3,761516280.0,SM-GE5V2_S071_E1-50,RSC-182,CS180626100027,Vip Crispld2 Htr2c,both,True,True,True,Vip,Vip,True,Vip
761516658,2241,P8S4_181008_355_A01,Vip Chat Htr1f,24,#FF4DC1,Core,1.0,2241,1.0,both,True,417710.0,Cck-IRES-Cre;Vip-IRES-FlpO;Ai65-417710,M,P56,VISp2/3,761516432.0,SM-GE5V2_S065_E1-50,RSC-182,CS180626100025,Vip Chat Htr1f,both,True,True,True,Vip,Vip,True,Vip
761542297,2242,PFS4_181008_707_A01,Vip Crispld2 Kcne4,27,#AD589A,I2,1.0,2242,1.0,both,True,417710.0,Cck-IRES-Cre;Vip-IRES-FlpO;Ai65-417710,M,P56,VISp4,761542216.0,SM-GE5V2_S085_E1-50,RSC-182,CS180626100020,Vip Lmo1 Myl1,both,True,True,False,Vip,Vip,True,Vip
761743293,2243,P1S4_181009_001_A01,Vip Arhgap36 Hmcn1,18,#9189FF,Core,1.0,2243,1.0,both,True,418225.0,Vip-IRES-Cre;Ai14-418225,F,P54,VISp4,761743043.0,SM-GE5V2_S086_E1-50,RSC-182,CS180626100017,Vip Arhgap36 Hmcn1,both,True,True,True,Vip,Vip,True,Vip
761753472,2244,P1S4_181009_002_A01,Vip Pygm C1ql1,25,#BD3D9A,Core,1.0,2244,1.0,both,True,418225.0,Vip-IRES-Cre;Ai14-418225,F,P54,VISp2/3,761753217.0,SM-GE5V2_S087_E1-50,RSC-182,CS180626100026,Vip Pygm C1ql1,both,True,True,True,Vip,Vip,True,Vip
761758704,2245,P1S4_181009_003_A01,Vip Pygm C1ql1,25,#BD3D9A,Core,1.0,2245,1.0,both,True,418225.0,Vip-IRES-Cre;Ai14-418225,F,P54,VISp4,761758490.0,SM-GE5V2_S088_E1-50,RSC-182,CS180626100026,Vip Pygm C1ql1,both,True,True,True,Vip,Vip,True,Vip
761768675,2246,P1S4_181009_004_A01,Vip Ptprt Pkp2,20,#FF00FF,I1,1.0,2246,1.0,both,True,418225.0,Vip-IRES-Cre;Ai14-418225,F,P54,VISp2/3,761768416.0,SM-GE5V2_S089_E1-50,RSC-182,CS180626100021,Vip Ptprt Pkp2,both,True,True,True,Vip,Vip,True,Vip
761781833,2247,P1S4_181009_005_A01,Sncg Vip Itih5,10,#6C00BF,I2,1.0,2247,1.0,both,True,418225.0,Vip-IRES-Cre;Ai14-418225,F,P54,VISp5,761781705.0,SM-GE5V2_S090_E1-50,RSC-182,CS180626100029,Vip Col15a1 Pde1a,both,True,True,False,Sncg,Vip,False,Sncg
761791119,2248,PFS4_181009_701_A01,Vip Crispld2 Kcne4,27,#AD589A,Core,1.0,2248,1.0,both,True,418225.0,Vip-IRES-Cre;Ai14-418225,F,P54,VISp2/3,761791016.0,SM-GE5UU_S022_E1-50,RSC-183,CS180626100028,Vip Crispld2 Kcne4,both,True,True,True,Vip,Vip,True,Vip
761820827,2249,PFS4_181009_703_A01,Vip Lmo1 Myl1,16,#9FAAFF,I1,1.0,2249,1.0,both,True,418225.0,Vip-IRES-Cre;Ai14-418225,F,P54,VISal4,761820747.0,SM-GE5UU_S024_E1-50,RSC-183,CS180626100020,Vip Lmo1 Myl1,both,True,True,True,Vip,Vip,True,Vip
761820997,2250,P8S4_181009_352_A01,Vip Col15a1 Pde1a,28,#AC3491,I2,1.0,2250,1.0,both,True,417711.0,Cck-IRES-Cre;Vip-IRES-FlpO;Ai65-417711,M,P57,VISp1,761820886.0,SM-GE5V2_S092_E1-50,RSC-182,CS180626100029,Vip Col15a1 Pde1a,both,True,True,True,Vip,Vip,True,Vip
761822060,2251,PES4_181009_651_A01,Vip Crispld2 Htr2c,26,#882E81,Core,1.0,2251,1.0,both,True,417711.0,Cck-IRES-Cre;Vip-IRES-FlpO;Ai65-417711,M,P57,VISp2/3,761821995.0,SM-GE5UU_S018_E1-50,RSC-183,CS180626100027,Vip Crispld2 Htr2c,both,True,True,True,Vip,Vip,True,Vip
761826348,2252,PBS4_181009_503_A01,Vip Col15a1 Pde1a,28,#AC3491,I1,1.0,2252,1.0,both,True,417711.0,Cck-IRES-Cre;Vip-IRES-FlpO;Ai65-417711,M,P57,VISp4,761826327.0,SM-GE5UU_S014_E1-50,RSC-183,CS180626100029,Vip Col15a1 Pde1a,both,True,True,True,Vip,Vip,True,Vip
761832372,2253,P8S4_181009_353_A01,Vip Crispld2 Kcne4,27,#AD589A,Core,1.0,2253,1.0,both,True,417711.0,Cck-IRES-Cre;Vip-IRES-FlpO;Ai65-417711,M,P57,VISp2/3,761832353.0,SM-GE5V2_S093_E1-50,RSC-182,CS180626100028,Vip Crispld2 Kcne4,both,True,True,True,Vip,Vip,True,Vip
761835389,2254,PBS4_181009_506_A01,Pvalb Sema3e Kank4,54,#C94545,I1,1.0,2254,1.0,both,True,418120.0,Pvalb-IRES-Cre;Ai14-418120,M,P55,VISp5,761835360.0,SM-GE5UU_S017_E1-50,RSC-183,CS180626100055,Pvalb Sema3e Kank4,both,True,True,True,Pvalb,Pvalb,True,Pvalb
761839210,2255,PFS4_181009_705_A01,Pvalb Sema3e Kank4,54,#C94545,I1,1.0,2255,1.0,both,True,418120.0,Pvalb-IRES-Cre;Ai14-418120,M,P55,VISp6a,761839191.0,SM-GE5UU_S026_E1-50,RSC-183,CS180626100055,Pvalb Sema3e Kank4,both,True,True,True,Pvalb,Pvalb,True,Pvalb
761839460,2256,PES4_181009_653_A01,Vip Crispld2 Htr2c,26,#882E81,I2,1.0,2256,1.0,both,True,417711.0,Cck-IRES-Cre;Vip-IRES-FlpO;Ai65-417711,M,P57,VISpl2/3,761839437.0,SM-GE5UU_S020_E1-50,RSC-183,CS180626100027,Vip Crispld2 Htr2c,both,True,True,True,Vip,Vip,True,Vip
761841088,2257,PES4_181009_654_A01,Vip Rspo1 Itga4,23,#B3128A,I2,1.0,2257,1.0,both,True,417711.0,Cck-IRES-Cre;Vip-IRES-FlpO;Ai65-417711,M,P57,VISp2/3,761841031.0,SM-GE5UU_S021_E1-50,RSC-183,CS180626100024,Vip Rspo1 Itga4,both,True,True,True,Vip,Vip,True,Vip
762463942,2258,PFS4_181011_701_A01,Vip Lmo1 Myl1,16,#9FAAFF,I2,1.0,2258,1.0,both,True,418227.0,Vip-IRES-Cre;Ai14-418227,F,P56,VISp4,762463728.0,SM-GE5UU_S049_E1-50,RSC-183,CS180626100020,Vip Lmo1 Myl1,both,True,True,True,Vip,Vip,True,Vip
762464168,2259,P8S4_181011_351_A01,Vip Rspo4 Rxfp1 Chat,21,#AF00E6,I2,1.0,2259,1.0,both,True,418227.0,Vip-IRES-Cre;Ai14-418227,F,P56,VISp2/3,762464050.0,SM-GE5UU_S027_E1-50,RSC-183,CS180626100022,Vip Rspo4 Rxfp1 Chat,both,True,True,True,Vip,Vip,True,Vip
762559364,2260,P8S4_181011_352_A01,Vip Chat Htr1f,24,#FF4DC1,I2,1.0,2260,1.0,both,True,418227.0,Vip-IRES-Cre;Ai14-418227,F,P56,VISpm2/3,762559080.0,SM-GE5UU_S028_E1-50,RSC-183,CS180626100025,Vip Chat Htr1f,both,True,True,True,Vip,Vip,True,Vip
762584189,2261,PAS4_181011_452_A01,Pvalb Reln Itm2a,56,#E67A77,Core,1.0,2261,1.0,both,True,418125.0,Pvalb-IRES-Cre;Ai14-418125,F,P57,VISp2/3,762583739.0,SM-GE5UU_S030_E1-50,RSC-183,CS180626100058,Pvalb Reln Itm2a,both,True,True,True,Pvalb,Pvalb,True,Pvalb
762590075,2262,PES4_181011_651_A01,Pvalb Tpbg,58,#AF3F64,Core,1.0,2262,1.0,both,True,418125.0,Pvalb-IRES-Cre;Ai14-418125,F,P57,VISp2/3,762589915.0,SM-GE5UU_S042_E1-50,RSC-183,CS180626100059,Pvalb Tpbg,both,True,True,True,Pvalb,Pvalb,True,Pvalb
762615287,2263,PFS4_181011_703_A01,Vip Crispld2 Kcne4,27,#AD589A,Core,1.0,2263,1.0,both,True,418227.0,Vip-IRES-Cre;Ai14-418227,F,P56,VISp2/3,762615006.0,SM-GE5UU_S051_E1-50,RSC-183,CS180626100028,Vip Crispld2 Kcne4,both,True,True,True,Vip,Vip,True,Vip
762615543,2264,PAS4_181011_453_A01,Pvalb Reln Tac1,57,#D6221D,I2,1.0,2264,1.0,both,True,418125.0,Pvalb-IRES-Cre;Ai14-418125,F,P57,VISp5,762615388.0,SM-GE5UU_S031_E1-50,RSC-183,CS180626100058,Pvalb Reln Itm2a,both,True,True,False,Pvalb,Pvalb,True,Pvalb
762617809,2265,PES4_181011_652_A01,Pvalb Reln Itm2a,56,#E67A77,I2,1.0,2265,1.0,both,True,418125.0,Pvalb-IRES-Cre;Ai14-418125,F,P57,VISl2/3,762617636.0,SM-GE5UU_S043_E1-50,RSC-183,CS180626100059,Pvalb Tpbg,both,True,True,False,Pvalb,Pvalb,True,Pvalb
762652214,2266,PAS4_181011_454_A01,Pvalb Reln Itm2a,56,#E67A77,Core,1.0,2266,1.0,both,True,418125.0,Pvalb-IRES-Cre;Ai14-418125,F,P57,VISp2/3,762652075.0,SM-GE5UU_S032_E1-50,RSC-183,CS180626100058,Pvalb Reln Itm2a,both,True,True,True,Pvalb,Pvalb,True,Pvalb
762670171,2267,PES4_181011_654_A01,Pvalb Sema3e Kank4,54,#C94545,Core,1.0,2267,1.0,both,True,418125.0,Pvalb-IRES-Cre;Ai14-418125,F,P57,VISp6a,762670018.0,SM-GE5UU_S045_E1-50,RSC-183,CS180626100055,Pvalb Sema3e Kank4,both,True,True,True,Pvalb,Pvalb,True,Pvalb
762675897,2268,PBS4_181011_502_A01,Vip Chat Htr1f,24,#FF4DC1,I1,1.0,2268,1.0,both,True,417712.0,Cck-IRES-Cre;Vip-IRES-FlpO;Ai65-417712,M,P59,VISp2/3,762675715.0,SM-GE5UU_S036_E1-50,RSC-183,CS180626100025,Vip Chat Htr1f,both,True,True,True,Vip,Vip,True,Vip
762696382,2269,PBS4_181011_503_A01,Vip Crispld2 Kcne4,27,#AD589A,I2,1.0,2269,1.0,both,True,417712.0,Cck-IRES-Cre;Vip-IRES-FlpO;Ai65-417712,M,P59,VISp2/3,762696204.0,SM-GE5UU_S037_E1-50,RSC-183,CS180626100028,Vip Crispld2 Kcne4,both,True,True,True,Vip,Vip,True,Vip
762712937,2270,PBS4_181011_505_A01,Vip Crispld2 Htr2c,26,#882E81,Core,1.0,2270,1.0,both,True,417712.0,Cck-IRES-Cre;Vip-IRES-FlpO;Ai65-417712,M,P59,VISp2/3,762712851.0,SM-GE5UU_S039_E1-50,RSC-183,CS180626100027,Vip Crispld2 Htr2c,both,True,True,True,Vip,Vip,True,Vip
762725682,2271,PAS4_181011_455_A01,Vip Crispld2 Htr2c,26,#882E81,I1,1.0,2271,1.0,both,True,417712.0,Cck-IRES-Cre;Vip-IRES-FlpO;Ai65-417712,M,P59,VISp2/3,762725595.0,SM-GE5UU_S033_E1-50,RSC-183,CS180626100027,Vip Crispld2 Htr2c,both,True,True,True,Vip,Vip,True,Vip
762731524,2272,PES4_181011_655_A01,Pvalb Reln Itm2a,56,#E67A77,I1,1.0,2272,1.0,both,True,418126.0,Pvalb-IRES-Cre;Ai14-418126,F,P57,VISp4,762731472.0,SM-GE5UU_S046_E1-50,RSC-183,,,both,True,False,,Pvalb,,,Pvalb
762742145,2273,PAS4_181011_456_A01,Pvalb Reln Itm2a,56,#E67A77,Core,1.0,2273,1.0,both,True,418126.0,Pvalb-IRES-Cre;Ai14-418126,F,P57,VISp5,762741984.0,SM-GE5UU_S034_E1-50,RSC-183,CS180626100058,Pvalb Reln Itm2a,both,True,True,True,Pvalb,Pvalb,True,Pvalb
762757594,2274,PES4_181011_656_A01,Pvalb Reln Itm2a,56,#E67A77,I1,1.0,2274,1.0,both,True,418126.0,Pvalb-IRES-Cre;Ai14-418126,F,P57,VISp2/3,762757544.0,SM-GE5UU_S047_E1-50,RSC-183,CS180626100058,Pvalb Reln Itm2a,both,True,True,True,Pvalb,Pvalb,True,Pvalb
762763201,2275,PBS4_181011_506_A01,Pvalb Reln Itm2a,56,#E67A77,I2,1.0,2275,1.0,both,True,418126.0,Pvalb-IRES-Cre;Ai14-418126,F,P57,VISp5,762763076.0,SM-GE5UU_S040_E1-50,RSC-183,CS180626100058,Pvalb Reln Itm2a,both,True,True,True,Pvalb,Pvalb,True,Pvalb
762765191,2276,PES4_181011_657_A01,Sst Tac1 Htr1d,31,#804811,I2,1.0,2276,1.0,both,True,418126.0,Pvalb-IRES-Cre;Ai14-418126,F,P57,VISl2/3,762765058.0,SM-GE5UU_S048_E1-50,RSC-183,CS180626100033,Sst Tac1 Tacr3,both,True,True,False,Sst,Sst,True,Sst
762766803,2277,PBS4_181011_507_A01,Pvalb Sema3e Kank4,54,#C94545,Core,1.0,2277,1.0,both,True,418126.0,Pvalb-IRES-Cre;Ai14-418126,F,P57,VISp6a,762766693.0,SM-GE5UU_S041_E1-50,RSC-183,CS180626100055,Pvalb Sema3e Kank4,both,True,True,True,Pvalb,Pvalb,True,Pvalb
763014609,2278,PAS4_181012_451_A01,Pvalb Reln Itm2a,56,#E67A77,Core,1.0,2278,1.0,both,True,418127.0,Pvalb-IRES-Cre;Ai14-418127,F,P58,VISp4,763014455.0,SM-GE5UU_S070_E1-50,RSC-183,CS180626100058,Pvalb Reln Itm2a,both,True,True,True,Pvalb,Pvalb,True,Pvalb
763025133,2279,PFS4_181012_701_A01,Pvalb Akr1c18 Ntf3,53,#FF4343,Core,1.0,2279,1.0,both,True,418127.0,Pvalb-IRES-Cre;Ai14-418127,F,P58,VISp6a,763025024.0,SM-GE5UU_S077_E1-50,RSC-183,CS180626100053,Pvalb Akr1c18 Ntf3,both,True,True,True,Pvalb,Pvalb,True,Pvalb
763025510,2280,P8S4_181012_351_A01,Pvalb Tpbg,58,#AF3F64,Core,1.0,2280,1.0,both,True,418127.0,Pvalb-IRES-Cre;Ai14-418127,F,P58,VISp2/3,763025226.0,SM-GE5UU_S055_E1-50,RSC-183,CS180626100059,Pvalb Tpbg,both,True,True,True,Pvalb,Pvalb,True,Pvalb
763096792,2281,PFS4_181012_702_A01,Pvalb Tpbg,58,#AF3F64,Core,1.0,2281,1.0,both,True,418127.0,Pvalb-IRES-Cre;Ai14-418127,F,P58,VISp5,763096457.0,SM-GE5UU_S078_E1-50,RSC-183,CS180626100059,Pvalb Tpbg,both,True,True,True,Pvalb,Pvalb,True,Pvalb
763125551,2282,PFS4_181012_703_A01,Pvalb Reln Itm2a,56,#E67A77,Core,1.0,2282,1.0,both,True,418127.0,Pvalb-IRES-Cre;Ai14-418127,F,P58,VISp5,763125364.0,SM-GE5UU_S079_E1-50,RSC-183,CS180626100058,Pvalb Reln Itm2a,both,True,True,True,Pvalb,Pvalb,True,Pvalb
763137261,2283,P8S4_181012_353_A01,Pvalb Sema3e Kank4,54,#C94545,Core,1.0,2283,1.0,both,True,417321.0,Pvalb-T2A-CreERT2;Ai14-417321,M,P62,VISp6a,763137101.0,SM-GE5UU_S065_E1-50,RSC-183,CS180626100055,Pvalb Sema3e Kank4,both,True,True,True,Pvalb,Pvalb,True,Pvalb
763148777,2284,PAS4_181012_453_A01,Pvalb Reln Itm2a,56,#E67A77,I1,1.0,2284,1.0,both,True,417321.0,Pvalb-T2A-CreERT2;Ai14-417321,M,P62,VISp5,763148636.0,SM-GE5UU_S072_E1-50,RSC-183,CS180626100058,Pvalb Reln Itm2a,both,True,True,True,Pvalb,Pvalb,True,Pvalb
763356948,2285,P8S4_181012_354_A01,Pvalb Reln Tac1,57,#D6221D,I2,1.0,2285,1.0,both,True,417322.0,Pvalb-T2A-CreERT2;Ai14-417322,F,P62,VISp2/3,763356667.0,SM-GE5UU_S066_E1-50,RSC-183,CS180626100057,Pvalb Reln Tac1,both,True,True,True,Pvalb,Pvalb,True,Pvalb
763371551,2286,P8S4_181012_355_A01,Pvalb Sema3e Kank4,54,#C94545,I2,1.0,2286,1.0,both,True,417322.0,Pvalb-T2A-CreERT2;Ai14-417322,F,P62,VISp5,763371393.0,SM-GE5UU_S067_E1-50,RSC-183,CS180626100053,Pvalb Akr1c18 Ntf3,both,True,True,False,Pvalb,Pvalb,True,Pvalb
763375688,2287,PFS4_181012_705_A01,Pvalb Akr1c18 Ntf3,53,#FF4343,Core,1.0,2287,1.0,both,True,417322.0,Pvalb-T2A-CreERT2;Ai14-417322,F,P62,VISp6a,763375552.0,SM-GE5UU_S081_E1-50,RSC-183,CS180626100053,Pvalb Akr1c18 Ntf3,both,True,True,True,Pvalb,Pvalb,True,Pvalb
763378303,2288,P8S4_181012_356_A01,Pvalb Gpr149 Islr,55,#E62A5D,Core,1.0,2288,1.0,both,True,417322.0,Pvalb-T2A-CreERT2;Ai14-417322,F,P62,VISpm5,763378275.0,SM-GE5UU_S068_E1-50,RSC-183,CS180626100056,Pvalb Gpr149 Islr,both,True,True,True,Pvalb,Pvalb,True,Pvalb
763383591,2289,PFS4_181012_706_A01,Pvalb Sema3e Kank4,54,#C94545,I1,1.0,2289,1.0,both,True,417322.0,Pvalb-T2A-CreERT2;Ai14-417322,F,P62,VISam5,763383530.0,SM-GE5UU_S082_E1-50,RSC-183,CS180626100055,Pvalb Sema3e Kank4,both,True,True,True,Pvalb,Pvalb,True,Pvalb
763384222,2290,P8S4_181012_357_A01,Pvalb Tpbg,58,#AF3F64,Core,1.0,2290,1.0,both,True,417322.0,Pvalb-T2A-CreERT2;Ai14-417322,F,P62,VISp2/3,763384143.0,SM-GE5UU_S069_E1-50,RSC-183,CS180626100059,Pvalb Tpbg,both,True,True,True,Pvalb,Pvalb,True,Pvalb
763385978,2291,PFS4_181012_707_A01,Pvalb Reln Itm2a,56,#E67A77,I2,1.0,2291,1.0,both,True,417322.0,Pvalb-T2A-CreERT2;Ai14-417322,F,P62,VISpm5,763385920.0,SM-GE5UU_S083_E1-50,RSC-183,CS180626100058,Pvalb Reln Itm2a,both,True,True,True,Pvalb,Pvalb,True,Pvalb
763855721,2292,PFS4_181015_701_A01,Pvalb Sema3e Kank4,54,#C94545,Core,1.0,2292,1.0,both,True,418813.0,Slc32a1-IRES-Cre;Ai14-418813,M,P56,VISp6a,763855058.0,SM-GE5UX_S097_E1-50,RSC-183,CS180626100055,Pvalb Sema3e Kank4,both,True,True,True,Pvalb,Pvalb,True,Pvalb
763883561,2293,PFS4_181015_702_A01,Pvalb Sema3e Kank4,54,#C94545,I2,1.0,2293,1.0,both,True,418813.0,Slc32a1-IRES-Cre;Ai14-418813,M,P56,VISp6a,763883347.0,SM-GE5UX_S098_E1-50,RSC-183,CS180626100058,Pvalb Reln Itm2a,both,True,True,False,Pvalb,Pvalb,True,Pvalb
763901001,2294,PFS4_181015_703_A01,Sst Crhr2 Efemp1,43,#B95541,I1,1.0,2294,1.0,both,True,418813.0,Slc32a1-IRES-Cre;Ai14-418813,M,P56,VISrl5,763900608.0,SM-GE5UX_S099_E1-50,RSC-183,CS180626100044,Sst Crhr2 Efemp1,both,True,True,True,Sst,Sst,True,Sst
763912380,2295,P8S4_181015_351_A01,Sncg Gpr50,9,#C266D1,Core,1.0,2295,1.0,both,True,418813.0,Slc32a1-IRES-Cre;Ai14-418813,M,P56,VISp5,763912051.0,SM-GE5UU_S085_E1-50,RSC-183,CS180626100010,Sncg Gpr50,both,True,True,True,Sncg,Sncg,True,Sncg
763952780,2296,PES4_181015_651_A01,Vip Lect1 Oxtr,22,#FF00B3,I2,1.0,2296,1.0,both,True,419284.0,Gad2-IRES-Cre;Ai14-419284,M,P54,VISp2/3,763952675.0,SM-GE5UU_S095_E1-50,RSC-183,CS180626100023,Vip Lect1 Oxtr,both,True,True,True,Vip,Vip,True,Vip
763970935,2297,PAS4_181015_453_A01,Sst Calb2 Pdlim5,34,#CC6D3D,Core,1.0,2297,1.0,both,True,419284.0,Gad2-IRES-Cre;Ai14-419284,M,P54,VISp5,763970819.0,SM-GE5UU_S092_E1-50,RSC-183,CS180626100035,Sst Calb2 Pdlim5,both,True,True,True,Sst,Sst,True,Sst
763983645,2298,PAS4_181015_454_A01,Vip Ptprt Pkp2,20,#FF00FF,Core,1.0,2298,1.0,both,True,419284.0,Gad2-IRES-Cre;Ai14-419284,M,P54,VISp2/3,763983534.0,SM-GE5UU_S093_E1-50,RSC-183,CS180626100021,Vip Ptprt Pkp2,both,True,True,True,Vip,Vip,True,Vip
764013030,2299,PAS4_181015_455_A01,Sst Hpse Cbln4,42,#806B19,Core,1.0,2299,1.0,both,True,419284.0,Gad2-IRES-Cre;Ai14-419284,M,P54,VISp4,764012947.0,SM-GE5UU_S094_E1-50,RSC-183,CS180626100043,Sst Hpse Cbln4,both,True,True,True,Sst,Sst,True,Sst
764040865,2300,PES4_181015_652_A01,Sst Rxfp1 Prdm8,48,#802600,I1,1.0,2300,1.0,both,True,419284.0,Gad2-IRES-Cre;Ai14-419284,M,P54,VISp5,764040850.0,SM-GE5UU_S096_E1-50,RSC-183,CS180626100049,Sst Rxfp1 Prdm8,both,True,True,True,Sst,Sst,True,Sst
764341238,2301,P8S4_181016_351_A01,Lamp5 Fam19a1 Pax6,1,#FF88AD,Core,1.0,2301,1.0,both,True,418814.0,Slc32a1-IRES-Cre;Ai14-418814,M,P57,VISp1,764340852.0,SM-GE5UX_S105_E1-50,RSC-183,CS180626100002,Lamp5 Fam19a1 Pax6,both,True,True,True,Lamp5,Lamp5,True,Lamp5
764365826,2302,PES4_181016_651_A01,Lamp5 Ntn1 Npy2r,3,#DD6091,I2,1.0,2302,1.0,both,True,418814.0,Slc32a1-IRES-Cre;Ai14-418814,M,P57,VISp1,764365603.0,SM-GE5UX_S120_E1-50,RSC-183,CS180626100003,Lamp5 Fam19a1 Tmem182,both,True,True,False,Lamp5,Lamp5,True,Lamp5
764376780,2303,P8S4_181016_352_A01,Vip Pygm C1ql1,25,#BD3D9A,Core,1.0,2303,1.0,both,True,418814.0,Slc32a1-IRES-Cre;Ai14-418814,M,P57,VISp2/3,764376492.0,SM-GE5UX_S106_E1-50,RSC-183,CS180626100026,Vip Pygm C1ql1,both,True,True,True,Vip,Vip,True,Vip
764391439,2304,PES4_181016_652_A01,Lamp5 Plch2 Dock5,4,#FF7290,I1,1.0,2304,1.0,both,True,418814.0,Slc32a1-IRES-Cre;Ai14-418814,M,P57,VISli1,764391303.0,SM-GE5UX_S121_E1-50,RSC-183,CS180626100005,Lamp5 Plch2 Dock5,both,True,True,True,Lamp5,Lamp5,True,Lamp5
764464218,2305,PBS4_181016_502_A01,Lamp5 Ntn1 Npy2r,3,#DD6091,Core,1.0,2305,1.0,both,True,418814.0,Slc32a1-IRES-Cre;Ai14-418814,M,P57,VISpm1,764464102.0,SM-GE5UX_S115_E1-50,RSC-183,CS180626100004,Lamp5 Ntn1 Npy2r,both,True,True,True,Lamp5,Lamp5,True,Lamp5
764479836,2306,PBS4_181016_503_A01,Lamp5 Plch2 Dock5,4,#FF7290,I2,1.0,2306,1.0,both,True,418814.0,Slc32a1-IRES-Cre;Ai14-418814,M,P57,VISpm1,764479668.0,SM-GE5UX_S116_E1-50,RSC-183,CS180626100006,Lamp5 Lsp1,both,True,True,False,Lamp5,Lamp5,True,Lamp5
764484965,2307,PBS4_181016_504_A01,Lamp5 Lsp1,5,#FFA388,Core,1.0,2307,1.0,both,True,418814.0,Slc32a1-IRES-Cre;Ai14-418814,M,P57,VISp1,764484914.0,SM-GE5UX_S117_E1-50,RSC-183,CS180626100006,Lamp5 Lsp1,both,True,True,True,Lamp5,Lamp5,True,Lamp5
764500049,2308,PBS4_181016_505_A01,Lamp5 Lsp1,5,#FFA388,I1,1.0,2308,1.0,both,True,419287.0,Gad2-IRES-Cre;Ai14-419287,F,P55,VISp2/3,764499910.0,SM-GE5UX_S118_E1-50,RSC-183,CS180626100006,Lamp5 Lsp1,both,True,True,True,Lamp5,Lamp5,True,Lamp5
764506604,2309,PFS4_181016_705_A01,Sst Esm1,45,#C11331,Core,1.0,2309,1.0,both,True,419287.0,Gad2-IRES-Cre;Ai14-419287,F,P55,VISpl6a,764506586.0,SM-GE5UX_S129_E1-50,RSC-183,CS180626100046,Sst Esm1,both,True,True,True,Sst,Sst,True,Sst
764726542,2310,P8S4_181017_351_A01,Pvalb Reln Itm2a,56,#E67A77,Core,1.0,2310,1.0,both,True,419907.0,Pvalb-IRES-Cre;Ai14-419907,M,P52,VISp5,764726181.0,SM-GE5UX_S133_E1-50,RSC-183,CS180626100058,Pvalb Reln Itm2a,both,True,True,True,Pvalb,Pvalb,True,Pvalb
764734091,2311,PBS4_181017_502_A01,Pvalb Gpr149 Islr,55,#E62A5D,Core,1.0,2311,1.0,both,True,419907.0,Pvalb-IRES-Cre;Ai14-419907,M,P52,VISl5,764733914.0,SM-GE5UX_S153_E1-50,RSC-183,CS180626100056,Pvalb Gpr149 Islr,both,True,True,True,Pvalb,Pvalb,True,Pvalb
764744086,2312,PES4_181017_651_A01,Pvalb Sema3e Kank4,54,#C94545,I1,1.0,2312,1.0,both,True,419907.0,Pvalb-IRES-Cre;Ai14-419907,M,P52,VISp6a,764743666.0,SM-GE5UX_S160_E1-50,RSC-183,CS180626100055,Pvalb Sema3e Kank4,both,True,True,True,Pvalb,Pvalb,True,Pvalb
764748151,2313,P8S4_181017_352_A01,Pvalb Reln Itm2a,56,#E67A77,Core,1.0,2313,1.0,both,True,419907.0,Pvalb-IRES-Cre;Ai14-419907,M,P52,VISp5,764747966.0,SM-GE5UX_S134_E1-50,RSC-183,CS180626100058,Pvalb Reln Itm2a,both,True,True,True,Pvalb,Pvalb,True,Pvalb
764753738,2314,P2S4_181017_051_A01,Pvalb Reln Itm2a,56,#E67A77,Core,1.0,2314,1.0,both,True,419907.0,Pvalb-IRES-Cre;Ai14-419907,M,P52,VISp2/3,764753583.0,SM-GE5UX_S130_E1-50,RSC-183,CS180626100058,Pvalb Reln Itm2a,both,True,True,True,Pvalb,Pvalb,True,Pvalb
764782286,2315,PES4_181017_652_A01,Sst Tac2 Tacstd2,46,#BF8219,Core,1.0,2315,1.0,both,True,418815.0,Slc32a1-IRES-Cre;Ai14-418815,M,P58,VISp5,764782123.0,SM-GE5UX_S161_E1-50,RSC-183,CS180626100047,Sst Tac2 Tacstd2,both,True,True,True,Sst,Sst,True,Sst
764796693,2316,PES4_181017_653_A01,Pvalb Reln Itm2a,56,#E67A77,Core,1.0,2316,1.0,both,True,418815.0,Slc32a1-IRES-Cre;Ai14-418815,M,P58,VISp4,764796619.0,SM-GE5UX_S162_E1-50,RSC-183,CS180626100058,Pvalb Reln Itm2a,both,True,True,True,Pvalb,Pvalb,True,Pvalb
764870999,2317,PBS4_181017_503_A01,Lamp5 Plch2 Dock5,4,#FF7290,I1,1.0,2317,1.0,both,True,419797.0,Ndnf-IRES2-dgCre;Slc32a1-IRES2-FlpO;Ai65-419797,M,P53,VISp1,764870876.0,SM-GE5UX_S154_E1-50,RSC-183,CS180626100005,Lamp5 Plch2 Dock5,both,True,True,True,Lamp5,Lamp5,True,Lamp5
764872932,2318,P8S4_181017_353_A01,Pvalb Tpbg,58,#AF3F64,Core,1.0,2318,1.0,both,True,419907.0,Pvalb-IRES-Cre;Ai14-419907,M,P52,VISp2/3,764872767.0,SM-GE5UX_S135_E1-50,RSC-183,CS180626100059,Pvalb Tpbg,both,True,True,True,Pvalb,Pvalb,True,Pvalb
764879591,2319,PES4_181017_654_A01,Vip Chat Htr1f,24,#FF4DC1,I2,1.0,2319,1.0,both,True,419291.0,Gad2-IRES-Cre;Ai14-419291,F,P56,VISp2/3,764879576.0,SM-GE5UX_S163_E1-50,RSC-183,CS180626100025,Vip Chat Htr1f,both,True,True,True,Vip,Vip,True,Vip
764890762,2320,P8S4_181017_354_A01,Pvalb Sema3e Kank4,54,#C94545,Core,1.0,2320,1.0,both,True,419907.0,Pvalb-IRES-Cre;Ai14-419907,M,P52,VISp6a,764890694.0,SM-GE5UX_S136_E1-50,RSC-183,CS180626100055,Pvalb Sema3e Kank4,both,True,True,True,Pvalb,Pvalb,True,Pvalb
764896381,2321,PBS4_181017_504_A01,Lamp5 Ntn1 Npy2r,3,#DD6091,Core,1.0,2321,1.0,both,True,419797.0,Ndnf-IRES2-dgCre;Slc32a1-IRES2-FlpO;Ai65-419797,M,P53,VISp1,764896365.0,SM-GE5UX_S155_E1-50,RSC-183,CS180626100004,Lamp5 Ntn1 Npy2r,both,True,True,True,Lamp5,Lamp5,True,Lamp5
764896757,2322,PFS4_181017_701_A01,Sst Nr2f2 Necab1,35,#FFDF11,I2,1.0,2322,1.0,both,True,419797.0,Ndnf-IRES2-dgCre;Slc32a1-IRES2-FlpO;Ai65-419797,M,P53,VISl5,764896736.0,SM-GE5UX_S169_E1-50,RSC-183,CS180626100036,Sst Nr2f2 Necab1,both,True,True,True,Sst,Sst,True,Sst
764897253,2323,P8S4_181017_355_A01,Lamp5 Plch2 Dock5,4,#FF7290,I1,1.0,2323,1.0,both,True,419797.0,Ndnf-IRES2-dgCre;Slc32a1-IRES2-FlpO;Ai65-419797,M,P53,VISp2/3,764897228.0,SM-GE5UX_S137_E1-50,RSC-183,CS180626100005,Lamp5 Plch2 Dock5,both,True,True,True,Lamp5,Lamp5,True,Lamp5
764898234,2324,PAS4_181017_454_A01,Lamp5 Plch2 Dock5,4,#FF7290,I1,1.0,2324,1.0,both,True,419797.0,Ndnf-IRES2-dgCre;Slc32a1-IRES2-FlpO;Ai65-419797,M,P53,VISp2/3,764898191.0,SM-GE5UX_S143_E1-50,RSC-183,CS180626100005,Lamp5 Plch2 Dock5,both,True,True,True,Lamp5,Lamp5,True,Lamp5
764899841,2325,P2S4_181017_053_A01,Lamp5 Plch2 Dock5,4,#FF7290,Core,1.0,2325,1.0,both,True,419797.0,Ndnf-IRES2-dgCre;Slc32a1-IRES2-FlpO;Ai65-419797,M,P53,VISp1,764899826.0,SM-GE5UX_S132_E1-50,RSC-183,CS180626100005,Lamp5 Plch2 Dock5,both,True,True,True,Lamp5,Lamp5,True,Lamp5
764899933,2326,PES4_181017_656_A01,Lamp5 Lsp1,5,#FFA388,Core,1.0,2326,1.0,both,True,419291.0,Gad2-IRES-Cre;Ai14-419291,F,P56,VISp2/3,764899918.0,SM-GE5UX_S165_E1-50,RSC-183,CS180626100006,Lamp5 Lsp1,both,True,True,True,Lamp5,Lamp5,True,Lamp5
764901187,2327,P8S4_181017_356_A01,Lamp5 Plch2 Dock5,4,#FF7290,Core,1.0,2327,1.0,both,True,419797.0,Ndnf-IRES2-dgCre;Slc32a1-IRES2-FlpO;Ai65-419797,M,P53,VISpm4,764901168.0,SM-GE5UX_S138_E1-50,RSC-183,CS180626100005,Lamp5 Plch2 Dock5,both,True,True,True,Lamp5,Lamp5,True,Lamp5
764901694,2328,PBS4_181017_505_A01,Lamp5 Lsp1,5,#FFA388,Core,1.0,2328,1.0,both,True,419291.0,Gad2-IRES-Cre;Ai14-419291,F,P56,VISp2/3,764901679.0,SM-GE5UX_S156_E1-50,RSC-183,CS180626100006,Lamp5 Lsp1,both,True,True,True,Lamp5,Lamp5,True,Lamp5
764902677,2329,PES4_181017_657_A01,Lamp5 Ntn1 Npy2r,3,#DD6091,I1,1.0,2329,1.0,both,True,419291.0,Gad2-IRES-Cre;Ai14-419291,F,P56,VISp1,764902659.0,SM-GE5UX_S166_E1-50,RSC-183,CS180626100004,Lamp5 Ntn1 Npy2r,both,True,True,True,Lamp5,Lamp5,True,Lamp5
764902707,2330,PBS4_181017_506_A01,Lamp5 Lsp1,5,#FFA388,Core,1.0,2330,1.0,both,True,419291.0,Gad2-IRES-Cre;Ai14-419291,F,P56,VISp2/3,764902692.0,SM-GE5UX_S157_E1-50,RSC-183,CS180626100006,Lamp5 Lsp1,both,True,True,True,Lamp5,Lamp5,True,Lamp5
764915850,2331,PBS4_181017_507_A01,Lamp5 Plch2 Dock5,4,#FF7290,I2,1.0,2331,1.0,both,True,419291.0,Gad2-IRES-Cre;Ai14-419291,F,P56,VISp2/3,764915596.0,SM-GE5UX_S158_E1-50,RSC-183,CS180626100005,Lamp5 Plch2 Dock5,both,True,True,True,Lamp5,Lamp5,True,Lamp5
764916581,2332,P8S4_181017_357_A01,Lamp5 Plch2 Dock5,4,#FF7290,I1,1.0,2332,1.0,both,True,419797.0,Ndnf-IRES2-dgCre;Slc32a1-IRES2-FlpO;Ai65-419797,M,P53,VISpm2/3,764916054.0,SM-GE5UX_S139_E1-50,RSC-183,CS180626100005,Lamp5 Plch2 Dock5,both,True,True,True,Lamp5,Lamp5,True,Lamp5
764922670,2333,PES4_181017_658_A01,Sst Myh8 Fibin,38,#FF8011,Core,1.0,2333,1.0,both,True,419291.0,Gad2-IRES-Cre;Ai14-419291,F,P56,VISp6a,764922632.0,SM-GE5UX_S167_E1-50,RSC-183,CS180626100038,Sst Myh8 Fibin,both,True,True,True,Sst,Sst,True,Sst
764922700,2334,PBS4_181017_508_A01,Sncg Vip Nptx2,8,#9900B3,Core,1.0,2334,1.0,both,True,419291.0,Gad2-IRES-Cre;Ai14-419291,F,P56,VISp2/3,764922685.0,SM-GE5UX_S159_E1-50,RSC-183,CS180626100009,Sncg Vip Nptx2,both,True,True,True,Sncg,Sncg,True,Sncg
764929763,2335,PFS4_181017_703_A01,Lamp5 Plch2 Dock5,4,#FF7290,I2,1.0,2335,1.0,both,True,419797.0,Ndnf-IRES2-dgCre;Slc32a1-IRES2-FlpO;Ai65-419797,M,P53,VISp5,764929741.0,SM-GE5UX_S171_E1-50,RSC-183,CS180626100005,Lamp5 Plch2 Dock5,both,True,True,True,Lamp5,Lamp5,True,Lamp5
765143388,2336,PFS4_181017_702_A01,Lamp5 Plch2 Dock5,4,#FF7290,I2,1.0,2336,1.0,both,True,419797.0,Ndnf-IRES2-dgCre;Slc32a1-IRES2-FlpO;Ai65-419797,M,P53,VISli4,765143212.0,SM-GE5UX_S170_E1-50,RSC-183,CS180626100005,Lamp5 Plch2 Dock5,both,True,True,True,Lamp5,Lamp5,True,Lamp5
765793664,2337,PFS4_181019_701_A01,Pvalb Sema3e Kank4,54,#C94545,I2,1.0,2337,1.0,both,True,419911.0,Pvalb-IRES-Cre;Ai14-419911,F,P54,VISp5,765793402.0,SM-GE5UX_S188_E1-50,RSC-183,CS180626100055,Pvalb Sema3e Kank4,both,True,True,True,Pvalb,Pvalb,True,Pvalb
765808292,2338,PES4_181019_651_A01,Pvalb Tpbg,58,#AF3F64,I2,1.0,2338,1.0,both,True,419911.0,Pvalb-IRES-Cre;Ai14-419911,F,P54,VISp2/3,765808098.0,SM-GE5UX_S184_E1-50,RSC-183,CS180626100059,Pvalb Tpbg,both,True,True,True,Pvalb,Pvalb,True,Pvalb
765853817,2339,PES4_181019_652_A01,Pvalb Tpbg,58,#AF3F64,I2,1.0,2339,1.0,both,True,419911.0,Pvalb-IRES-Cre;Ai14-419911,F,P54,VISl2/3,765853597.0,SM-GE5UX_S185_E1-50,RSC-183,CS180626100058,Pvalb Reln Itm2a,both,True,True,False,Pvalb,Pvalb,True,Pvalb
765859691,2340,PFS4_181019_702_A01,Pvalb Reln Itm2a,56,#E67A77,I2,1.0,2340,1.0,both,True,419911.0,Pvalb-IRES-Cre;Ai14-419911,F,P54,VISp2/3,765859403.0,SM-GE5UX_S189_E1-50,RSC-183,CS180626100058,Pvalb Reln Itm2a,both,True,True,True,Pvalb,Pvalb,True,Pvalb
765881829,2341,P8S4_181019_351_A01,Pvalb Th Sst,51,#FF2F7E,I2,1.0,2341,1.0,both,True,419911.0,Pvalb-IRES-Cre;Ai14-419911,F,P54,VISp6a,765881680.0,SM-GE5UX_S175_E1-50,RSC-183,CS180626100052,Pvalb Th Sst,both,True,True,True,Pvalb,Pvalb,True,Pvalb
765888079,2342,PFS4_181019_703_A01,Pvalb Reln Itm2a,56,#E67A77,Core,1.0,2342,1.0,both,True,419911.0,Pvalb-IRES-Cre;Ai14-419911,F,P54,VISp4,765887815.0,SM-GE5UX_S190_E1-50,RSC-183,CS180626100058,Pvalb Reln Itm2a,both,True,True,True,Pvalb,Pvalb,True,Pvalb
765891067,2343,PBS4_181019_501_A01,Pvalb Reln Itm2a,56,#E67A77,Core,1.0,2343,1.0,both,True,419911.0,Pvalb-IRES-Cre;Ai14-419911,F,P54,VISp5,765890903.0,SM-GE5UX_S180_E1-50,RSC-183,CS180626100058,Pvalb Reln Itm2a,both,True,True,True,Pvalb,Pvalb,True,Pvalb
765921766,2344,P8S4_181019_352_A01,Pvalb Sema3e Kank4,54,#C94545,Core,1.0,2344,1.0,both,True,419911.0,Pvalb-IRES-Cre;Ai14-419911,F,P54,VISp5,765921149.0,SM-GE5UX_S176_E1-50,RSC-183,CS180626100055,Pvalb Sema3e Kank4,both,True,True,True,Pvalb,Pvalb,True,Pvalb
766026327,2345,P2S4_181019_051_A01,Pvalb Tpbg,58,#AF3F64,I1,1.0,2345,1.0,both,True,419911.0,Pvalb-IRES-Cre;Ai14-419911,F,P54,VISp5,766026222.0,SM-GE5UX_S172_E1-50,RSC-183,CS180626100059,Pvalb Tpbg,both,True,True,True,Pvalb,Pvalb,True,Pvalb
766049138,2346,PBS4_181019_503_A01,Lamp5 Fam19a1 Tmem182,2,#FFB8CE,Core,1.0,2346,1.0,both,True,418816.0,Slc32a1-IRES-Cre;Ai14-418816,M,P60,VISp1,766049004.0,SM-GE5UX_S182_E1-50,RSC-183,CS180626100003,Lamp5 Fam19a1 Tmem182,both,True,True,True,Lamp5,Lamp5,True,Lamp5
766068893,2347,PBS4_181019_504_A01,Lamp5 Lsp1,5,#FFA388,Core,1.0,2347,1.0,both,True,418816.0,Slc32a1-IRES-Cre;Ai14-418816,M,P60,VISp1,766068760.0,SM-GE5UX_S183_E1-50,RSC-183,CS180626100006,Lamp5 Lsp1,both,True,True,True,Lamp5,Lamp5,True,Lamp5
766097293,2348,PES4_181019_654_A01,Pvalb Reln Tac1,57,#D6221D,Core,1.0,2348,1.0,both,True,419991.0,Htr3a-Cre_NO152;Pvalb-T2A-FlpO;Ai65-419991,F,P54,VISp5,766097194.0,SM-GE5UX_S187_E1-50,RSC-183,CS180626100057,Pvalb Reln Tac1,both,True,True,True,Pvalb,Pvalb,True,Pvalb
766121807,2349,P8S4_181019_354_A01,Pvalb Reln Itm2a,56,#E67A77,Core,1.0,2349,1.0,both,True,419991.0,Htr3a-Cre_NO152;Pvalb-T2A-FlpO;Ai65-419991,F,P54,VISp5,766121204.0,SM-GE5UX_S178_E1-50,RSC-183,CS180626100058,Pvalb Reln Itm2a,both,True,True,True,Pvalb,Pvalb,True,Pvalb
766131866,2350,PBS4_181019_505_A01,Lamp5 Ntn1 Npy2r,3,#DD6091,I2,1.0,2350,1.0,both,True,422598.0,Slc32a1-IRES-Cre;Ai14-422598,F,P60,VISp1,766131542.0,SM-GE5UQ_S097_E1-50,RSC-184,CS180626100004,Lamp5 Ntn1 Npy2r,both,True,True,True,Lamp5,Lamp5,True,Lamp5
766186881,2351,PFS4_181019_705_A01,Sncg Vip Itih5,10,#6C00BF,Core,1.0,2351,1.0,both,True,422598.0,Slc32a1-IRES-Cre;Ai14-422598,F,P60,VISp5,766186751.0,SM-GE5UX_S192_E1-50,RSC-183,CS180626100011,Sncg Vip Itih5,both,True,True,True,Sncg,Sncg,True,Sncg
766186948,2352,PBS4_181019_507_A01,Pvalb Tpbg,58,#AF3F64,Core,1.0,2352,1.0,both,True,422598.0,Slc32a1-IRES-Cre;Ai14-422598,F,P60,VISp2/3,766186921.0,SM-GE5UQ_S099_E1-50,RSC-184,CS180626100059,Pvalb Tpbg,both,True,True,True,Pvalb,Pvalb,True,Pvalb
766204354,2353,P8S4_181019_355_A01,Lamp5 Lsp1,5,#FFA388,I2,1.0,2353,1.0,both,True,422598.0,Slc32a1-IRES-Cre;Ai14-422598,F,P60,VISp4,766204258.0,SM-GE5UX_S179_E1-50,RSC-183,CS180626100006,Lamp5 Lsp1,both,True,True,True,Lamp5,Lamp5,True,Lamp5
766209012,2354,PBS4_181019_508_A01,Sst Calb2 Pdlim5,34,#CC6D3D,I2,1.0,2354,1.0,both,True,422598.0,Slc32a1-IRES-Cre;Ai14-422598,F,P60,VISp2/3,766208975.0,SM-GE5UQ_S100_E1-50,RSC-184,CS180626100035,Sst Calb2 Pdlim5,both,True,True,True,Sst,Sst,True,Sst
766224440,2355,PBS4_181019_509_A01,Lamp5 Plch2 Dock5,4,#FF7290,I2,1.0,2355,1.0,both,True,422598.0,Slc32a1-IRES-Cre;Ai14-422598,F,P60,VISpm2/3,766224425.0,SM-GE5UQ_S101_E1-50,RSC-184,CS180626100006,Lamp5 Lsp1,both,True,True,False,Lamp5,Lamp5,True,Lamp5
766557154,2356,PES4_181022_651_A01,Sst Mme Fam114a1,30,#FFBB33,Core,1.0,2356,1.0,both,True,421489.0,Sst-IRES-Cre;Ai14-421489,F,P50,VISp6a,766556995.0,SM-GE5UQ_S120_E1-50,RSC-184,CS180626100031,Sst Mme Fam114a1,both,True,True,True,Sst,Sst,True,Sst
766591503,2357,PAS4_181022_451_A01,Pvalb Akr1c18 Ntf3,53,#FF4343,I3,1.0,2357,1.0,both,True,421489.0,Sst-IRES-Cre;Ai14-421489,F,P50,VISp6a,766591345.0,SM-GE5UQ_S111_E1-50,RSC-184,CS180626100053,Pvalb Akr1c18 Ntf3,both,True,True,True,Pvalb,Pvalb,True,Pvalb
766625082,2358,P8S4_181022_351_A01,Sst Rxfp1 Prdm8,48,#802600,Core,1.0,2358,1.0,both,True,421489.0,Sst-IRES-Cre;Ai14-421489,F,P50,VISp6a,766624834.0,SM-GE5UQ_S106_E1-50,RSC-184,CS180626100049,Sst Rxfp1 Prdm8,both,True,True,True,Sst,Sst,True,Sst
766628006,2359,PFS4_181022_702_A01,Sst Tac2 Tacstd2,46,#BF8219,Core,1.0,2359,1.0,both,True,421489.0,Sst-IRES-Cre;Ai14-421489,F,P50,VISal5,766627799.0,SM-GE5UQ_S129_E1-50,RSC-184,CS180626100047,Sst Tac2 Tacstd2,both,True,True,True,Sst,Sst,True,Sst
766628128,2360,PAS4_181022_452_A01,Sst Calb2 Pdlim5,34,#CC6D3D,I1,1.0,2360,1.0,both,True,421489.0,Sst-IRES-Cre;Ai14-421489,F,P50,VISp5,766628058.0,SM-GE5UQ_S112_E1-50,RSC-184,CS180626100032,Sst Tac1 Htr1d,both,True,True,False,Sst,Sst,True,Sst
766650329,2361,P8S4_181022_352_A01,Sst Esm1,45,#C11331,Core,1.0,2361,1.0,both,True,421489.0,Sst-IRES-Cre;Ai14-421489,F,P50,VISp6a,766650136.0,SM-GE5UQ_S107_E1-50,RSC-184,CS180626100046,Sst Esm1,both,True,True,True,Sst,Sst,True,Sst
766674646,2362,P2S4_181022_051_A01,Sst Tac1 Htr1d,31,#804811,I2,1.0,2362,1.0,both,True,421489.0,Sst-IRES-Cre;Ai14-421489,F,P50,VISp2/3,766674231.0,SM-GE5UQ_S102_E1-50,RSC-184,CS180626100032,Sst Tac1 Htr1d,both,True,True,True,Sst,Sst,True,Sst
766680349,2363,P8S4_181022_353_A01,Sst Chodl,29,#FFFF00,Core,1.0,2363,1.0,both,True,421489.0,Sst-IRES-Cre;Ai14-421489,F,P50,VISpm5,766680174.0,SM-GE5UQ_S108_E1-50,RSC-184,CS180626100030,Sst Chodl,both,True,True,True,Sst,Sst,True,Sst
766689751,2364,PFS4_181022_703_A01,Vip Lmo1 Myl1,16,#9FAAFF,Core,1.0,2364,1.0,both,True,420772.0,Chrna2-Cre_OE25;Vip-IRES-FlpO;Ai65-420772,M,P53,VISp4,766689544.0,SM-GE5UQ_S130_E1-50,RSC-184,CS180626100020,Vip Lmo1 Myl1,both,True,True,True,Vip,Vip,True,Vip
766751371,2365,PFS4_181022_704_A01,Vip Lmo1 Fam159b,15,#756FB3,Core,1.0,2365,1.0,both,True,420776.0,Chrna2-Cre_OE25;Vip-IRES-FlpO;Ai65-420776,F,P53,VISp6a,766751303.0,SM-GE5UQ_S131_E1-50,RSC-184,CS180626100019,Vip Lmo1 Fam159b,both,True,True,True,Vip,Vip,True,Vip
766752186,2366,PAS4_181022_453_A01,Vip Arhgap36 Hmcn1,18,#9189FF,Core,1.0,2366,1.0,both,True,420776.0,Chrna2-Cre_OE25;Vip-IRES-FlpO;Ai65-420776,F,P53,VISp4,766752110.0,SM-GE5UQ_S113_E1-50,RSC-184,CS180626100017,Vip Arhgap36 Hmcn1,both,True,True,True,Vip,Vip,True,Vip
766752788,2367,P8S4_181022_354_A01,Sst Chodl,29,#FFFF00,Core,1.0,2367,1.0,both,True,421030.0,Nos1-CreERT2;Ai14-421030,M,P52,VISp6a,766752717.0,SM-GE5UQ_S109_E1-50,RSC-184,CS180626100030,Sst Chodl,both,True,True,True,Sst,Sst,True,Sst
766756729,2368,P2S4_181022_052_A01,Lamp5 Lhx6,6,#C77963,Core,1.0,2368,1.0,both,True,421030.0,Nos1-CreERT2;Ai14-421030,M,P52,VISp5,766756654.0,SM-GE5UQ_S103_E1-50,RSC-184,CS180626100007,Lamp5 Lhx6,both,True,True,True,Lamp5,Lamp5,True,Lamp5
766764831,2369,P2S4_181022_053_A01,Lamp5 Lhx6,6,#C77963,Core,1.0,2369,1.0,both,True,421030.0,Nos1-CreERT2;Ai14-421030,M,P52,VISp6a,766764813.0,SM-GE5UQ_S104_E1-50,RSC-184,CS180626100007,Lamp5 Lhx6,both,True,True,True,Lamp5,Lamp5,True,Lamp5
766764888,2370,PFS4_181022_705_A01,Sst Chodl,29,#FFFF00,Core,1.0,2370,1.0,both,True,421030.0,Nos1-CreERT2;Ai14-421030,M,P52,VISp5,766764862.0,SM-GE5UQ_S132_E1-50,RSC-184,CS180626100030,Sst Chodl,both,True,True,True,Sst,Sst,True,Sst
766769735,2371,PAS4_181022_454_A01,Sst Chodl,29,#FFFF00,Core,1.0,2371,1.0,both,True,421030.0,Nos1-CreERT2;Ai14-421030,M,P52,VISp5,766769619.0,SM-GE5UQ_S114_E1-50,RSC-184,CS180626100030,Sst Chodl,both,True,True,True,Sst,Sst,True,Sst
766771157,2372,PFS4_181022_706_A01,Sst Crh 4930553C11Rik ,44,#C77767,I2,1.0,2372,1.0,both,True,421030.0,Nos1-CreERT2;Ai14-421030,M,P52,VISp6a,766771140.0,SM-GE5UQ_S133_E1-50,RSC-184,CS180626100045,Sst Crh 4930553C11Rik ,both,True,True,True,Sst,Sst,True,Sst
766774177,2373,PES4_181022_653_A01,Pvalb Tpbg,58,#AF3F64,Core,1.0,2373,1.0,both,True,421030.0,Nos1-CreERT2;Ai14-421030,M,P52,VISp2/3,766774160.0,SM-GE5UQ_S122_E1-50,RSC-184,CS180626100059,Pvalb Tpbg,both,True,True,True,Pvalb,Pvalb,True,Pvalb
766774399,2374,PAS4_181022_455_A01,Vip Lmo1 Fam159b,15,#756FB3,I2,1.0,2374,1.0,both,True,421030.0,Nos1-CreERT2;Ai14-421030,M,P52,VISp5,766774384.0,SM-GE5UQ_S115_E1-50,RSC-184,CS180626100020,Vip Lmo1 Myl1,both,True,True,False,Vip,Vip,True,Vip
766774703,2375,PES4_181022_654_A01,Lamp5 Lsp1,5,#FFA388,Core,1.0,2375,1.0,both,True,421030.0,Nos1-CreERT2;Ai14-421030,M,P52,VISp5,766774670.0,SM-GE5UQ_S123_E1-50,RSC-184,CS180626100006,Lamp5 Lsp1,both,True,True,True,Lamp5,Lamp5,True,Lamp5
767251829,2376,PBS4_181023_502_A01,Vip Arhgap36 Hmcn1,18,#9189FF,Core,1.0,2376,1.0,both,True,420778.0,Chrna2-Cre_OE25;Vip-IRES-FlpO;Ai65-420778,F,P54,VISp5,767251750.0,SM-GE5UQ_S143_E1-50,RSC-184,CS180626100017,Vip Arhgap36 Hmcn1,both,True,True,True,Vip,Vip,True,Vip
767257549,2377,PAS4_181023_454_A01,Lamp5 Plch2 Dock5,4,#FF7290,I2,1.0,2377,1.0,both,True,421031.0,Nos1-CreERT2;Ai14-421031,M,P53,VISp1,767257349.0,SM-GE5UQ_S139_E1-50,RSC-184,CS180626100005,Lamp5 Plch2 Dock5,both,True,True,True,Lamp5,Lamp5,True,Lamp5
767304980,2378,PAS4_181023_455_A01,Sst Tac1 Htr1d,31,#804811,I2,1.0,2378,1.0,both,True,421031.0,Nos1-CreERT2;Ai14-421031,M,P53,VISli4,767304905.0,SM-GE5UQ_S140_E1-50,RSC-184,CS180626100032,Sst Tac1 Htr1d,both,True,True,True,Sst,Sst,True,Sst
767343510,2379,PAS4_181023_456_A01,Pvalb Calb1 Sst,52,#BC2B11,I1,1.0,2379,1.0,both,True,421031.0,Nos1-CreERT2;Ai14-421031,M,P53,VISp5,767343384.0,SM-GE5UQ_S141_E1-50,RSC-184,CS180626100057,Pvalb Reln Tac1,both,True,True,False,Pvalb,Pvalb,True,Pvalb
767349958,2380,PFS4_181023_702_A01,Sst Chodl,29,#FFFF00,Core,1.0,2380,1.0,both,True,421031.0,Nos1-CreERT2;Ai14-421031,M,P53,VISp5,767349939.0,SM-GE5UQ_S165_E1-50,RSC-184,CS180626100030,Sst Chodl,both,True,True,True,Sst,Sst,True,Sst
767356004,2381,PFS4_181023_703_A01,Lamp5 Lhx6,6,#C77963,Core,1.0,2381,1.0,both,True,421031.0,Nos1-CreERT2;Ai14-421031,M,P53,VISp6a,767355949.0,SM-GE5UQ_S166_E1-50,RSC-184,CS180626100007,Lamp5 Lhx6,both,True,True,True,Lamp5,Lamp5,True,Lamp5
767386805,2382,PES4_181023_653_A01,Pvalb Tpbg,58,#AF3F64,I1,1.0,2382,1.0,both,True,421031.0,Nos1-CreERT2;Ai14-421031,M,P53,VISp2/3,767386620.0,SM-GE5UQ_S158_E1-50,RSC-184,,,both,True,False,,Pvalb,,,Pvalb
768728384,2383,P8S4_181025_351_A01,Sst Esm1,45,#C11331,Core,1.0,2383,1.0,both,True,421493.0,Sst-IRES-Cre;Ai14-421493,F,P53,VISp6a,768728350.0,SM-GE5UQ_S169_E1-50,RSC-184,CS180626100046,Sst Esm1,both,True,True,True,Sst,Sst,True,Sst
768763533,2384,P8S4_181025_352_A01,Sst Crhr2 Efemp1,43,#B95541,I1,1.0,2384,1.0,both,True,421493.0,Sst-IRES-Cre;Ai14-421493,F,P53,VISp6a,768763327.0,SM-GE5UQ_S170_E1-50,RSC-184,CS180626100044,Sst Crhr2 Efemp1,both,True,True,True,Sst,Sst,True,Sst
768796864,2385,PFS4_181025_701_A01,Sst Crhr2 Efemp1,43,#B95541,Core,1.0,2385,1.0,both,True,421493.0,Sst-IRES-Cre;Ai14-421493,F,P53,VISl5,768796769.0,SM-GE5UQ_S191_E1-50,RSC-184,CS180626100044,Sst Crhr2 Efemp1,both,True,True,True,Sst,Sst,True,Sst
769462681,2386,PBS4_181026_503_A01,Sst Chrna2 Glra3,37,#FF9F2C,I1,1.0,2386,1.0,both,True,421368.0,Chrna2-Cre_OE25;Sst-IRES-FlpO;Ai65-421368,F,P54,VISp5,769462543.0,SM-GE5U8_S008_E1-50,RSC-186,CS180626100039,Sst Chrna2 Glra3,both,True,True,True,Sst,Sst,True,Sst
769472672,2387,PBS4_181026_504_A01,Sst Esm1,45,#C11331,Core,1.0,2387,1.0,both,True,421368.0,Chrna2-Cre_OE25;Sst-IRES-FlpO;Ai65-421368,F,P54,VISp5,769472476.0,SM-GE5U8_S009_E1-50,RSC-186,CS180626100046,Sst Esm1,both,True,True,True,Sst,Sst,True,Sst
769765483,2388,P8S4_181029_351_A01,Sst Chodl,29,#FFFF00,Core,1.0,2388,1.0,both,True,421750.0,Sst-IRES-Cre;Ai14-421750,M,P54,VISp5,769765301.0,SM-GE5U8_S012_E1-50,RSC-186,CS180626100030,Sst Chodl,both,True,True,True,Sst,Sst,True,Sst
769765549,2389,PES4_181029_651_A01,Pvalb Reln Itm2a,56,#E67A77,I2,1.0,2389,1.0,both,True,422365.0,Pvalb-IRES-Cre;Ai14-422365,M,P51,VISp2/3,769765520.0,SM-GE5U8_S019_E1-50,RSC-186,CS180626100058,Pvalb Reln Itm2a,both,True,True,True,Pvalb,Pvalb,True,Pvalb
769772476,2390,P8S4_181029_352_A01,Sst Hpse Cbln4,42,#806B19,Core,1.0,2390,1.0,both,True,421750.0,Sst-IRES-Cre;Ai14-421750,M,P54,VISpm5,769772087.0,SM-GE5U8_S013_E1-50,RSC-186,CS180626100043,Sst Hpse Cbln4,both,True,True,True,Sst,Sst,True,Sst
769954349,2391,PES4_181029_652_A01,Sst Hpse Cbln4,42,#806B19,I2,1.0,2391,1.0,both,True,422072.0,Sst-IRES-Cre;Ai14-422072,F,P53,VISl4,769954315.0,SM-GE5U8_S020_E1-50,RSC-186,CS180626100035,Sst Calb2 Pdlim5,both,True,True,False,Sst,Sst,True,Sst
769954422,2392,P8S4_181029_354_A01,Pvalb Sema3e Kank4,54,#C94545,Core,1.0,2392,1.0,both,True,421976.0,Pvalb-IRES-Cre;Th-P2A-FlpO;Ai65-421976,M,P53,VISp6a,769954387.0,SM-GE5U8_S015_E1-50,RSC-186,CS180626100055,Pvalb Sema3e Kank4,both,True,True,True,Pvalb,Pvalb,True,Pvalb
769973864,2393,PES4_181029_653_A01,Sst Esm1,45,#C11331,I1,1.0,2393,1.0,both,True,422072.0,Sst-IRES-Cre;Ai14-422072,F,P53,VISp5,769973740.0,SM-GE5U8_S021_E1-50,RSC-186,CS180626100046,Sst Esm1,both,True,True,True,Sst,Sst,True,Sst
769988665,2394,PAS4_181029_453_A01,Pvalb Reln Itm2a,56,#E67A77,Core,1.0,2394,1.0,both,True,422072.0,Sst-IRES-Cre;Ai14-422072,F,P53,VISp4,769988612.0,SM-GE5U8_S018_E1-50,RSC-186,CS180626100058,Pvalb Reln Itm2a,both,True,True,True,Pvalb,Pvalb,True,Pvalb
770216620,2395,PFS4_181030_701_A01,Sst Hpse Cbln4,42,#806B19,Core,1.0,2395,1.0,both,True,421751.0,Sst-IRES-Cre;Ai14-421751,M,P55,VISp4,770216587.0,SM-GE5U8_S075_E1-50,RSC-186,CS180626100043,Sst Hpse Cbln4,both,True,True,True,Sst,Sst,True,Sst
770237944,2396,P8S4_181030_351_A01,Sst Chodl,29,#FFFF00,Core,1.0,2396,1.0,both,True,421751.0,Sst-IRES-Cre;Ai14-421751,M,P55,VISl6a,770237929.0,SM-GE5U8_S033_E1-50,RSC-186,CS180626100030,Sst Chodl,both,True,True,True,Sst,Sst,True,Sst
770238038,2397,PFS4_181030_702_A01,Pvalb Gabrg1,50,#ED4C50,I2,1.0,2397,1.0,both,True,421751.0,Sst-IRES-Cre;Ai14-421751,M,P55,VISp5,770238022.0,SM-GE5U8_S076_E1-50,RSC-186,CS180626100052,Pvalb Th Sst,both,True,True,False,Pvalb,Pvalb,True,Pvalb
770238836,2398,PAS4_181030_451_A01,Sst Nr2f2 Necab1,35,#FFDF11,Core,1.0,2398,1.0,both,True,421751.0,Sst-IRES-Cre;Ai14-421751,M,P55,VISp5,770238812.0,SM-GE5U8_S049_E1-50,RSC-186,CS180626100036,Sst Nr2f2 Necab1,both,True,True,True,Sst,Sst,True,Sst
770249470,2399,P8S4_181030_352_A01,Sst Crhr2 Efemp1,43,#B95541,I1,1.0,2399,1.0,both,True,421751.0,Sst-IRES-Cre;Ai14-421751,M,P55,VISp5,770249447.0,SM-GE5U8_S034_E1-50,RSC-186,CS180626100044,Sst Crhr2 Efemp1,both,True,True,True,Sst,Sst,True,Sst
770249517,2400,PFS4_181030_703_A01,Sst Calb2 Pdlim5,34,#CC6D3D,I1,1.0,2400,1.0,both,True,421751.0,Sst-IRES-Cre;Ai14-421751,M,P55,VISli2/3,770249489.0,SM-GE5U8_S077_E1-50,RSC-186,CS180626100035,Sst Calb2 Pdlim5,both,True,True,True,Sst,Sst,True,Sst
770249559,2401,PAS4_181030_452_A01,Sst Tac2 Tacstd2,46,#BF8219,I1,1.0,2401,1.0,both,True,421751.0,Sst-IRES-Cre;Ai14-421751,M,P55,VISp5,770249536.0,SM-GE5U8_S050_E1-50,RSC-186,CS180626100047,Sst Tac2 Tacstd2,both,True,True,True,Sst,Sst,True,Sst
771934792,2402,P8S4_181101_351_A01,Sst Hpse Cbln4,42,#806B19,Core,1.0,2402,1.0,both,True,422067.0,Sst-IRES-Cre;Ai14-422067,M,P56,VISp5,771934359.0,SM-GE5U8_S078_E1-50,RSC-186,CS180626100043,Sst Hpse Cbln4,both,True,True,True,Sst,Sst,True,Sst
772000472,2403,PES4_181101_651_A01,Pvalb Tpbg,58,#AF3F64,I1,1.0,2403,1.0,both,True,422368.0,Pvalb-IRES-Cre;Ai14-422368,F,P54,VISp4,772000213.0,SM-GE5U8_S086_E1-50,RSC-186,CS180626100059,Pvalb Tpbg,both,True,True,True,Pvalb,Pvalb,True,Pvalb
772000727,2404,P8S4_181101_352_A01,Sst Rxfp1 Prdm8,48,#802600,I1,1.0,2404,1.0,both,True,422067.0,Sst-IRES-Cre;Ai14-422067,M,P56,VISp6a,772000570.0,SM-GE5U8_S079_E1-50,RSC-186,CS180626100049,Sst Rxfp1 Prdm8,both,True,True,True,Sst,Sst,True,Sst
772121959,2405,PAS4_181101_452_A01,Sst Rxfp1 Prdm8,48,#802600,Core,1.0,2405,1.0,both,True,422075.0,Sst-IRES-Cre;Ai14-422075,F,P56,VISp6a,772121944.0,SM-GE5U8_S084_E1-50,RSC-186,CS180626100049,Sst Rxfp1 Prdm8,both,True,True,True,Sst,Sst,True,Sst
772129158,2406,P8S4_181101_354_A01,Sst Rxfp1 Prdm8,48,#802600,I2,1.0,2406,1.0,both,True,422075.0,Sst-IRES-Cre;Ai14-422075,F,P56,VISp6a,772128917.0,SM-GE5U8_S081_E1-50,RSC-186,CS180626100052,Pvalb Th Sst,both,True,True,False,Sst,Pvalb,False,Sst
772129772,2407,PFS4_181101_702_A01,Sst Tac2 Tacstd2,46,#BF8219,I1,1.0,2407,1.0,both,True,422075.0,Sst-IRES-Cre;Ai14-422075,F,P56,VISp6a,772129539.0,SM-GE5U8_S088_E1-50,RSC-186,CS180626100047,Sst Tac2 Tacstd2,both,True,True,True,Sst,Sst,True,Sst
772132831,2408,P8S4_181101_355_A01,Sst Tac2 Tacstd2,46,#BF8219,I2,1.0,2408,1.0,both,True,422075.0,Sst-IRES-Cre;Ai14-422075,F,P56,VISp6a,772132717.0,SM-GE5U8_S082_E1-50,RSC-186,CS180626100041,Sst Tac2 Myh4,both,True,True,False,Sst,Sst,True,Sst
772422057,2409,PAS4_181101_453_A01,Pvalb Th Sst,51,#FF2F7E,I2,1.0,2409,1.0,both,True,422075.0,Sst-IRES-Cre;Ai14-422075,F,P56,VISp6a,772421810.0,SM-GE5U8_S085_E1-50,RSC-186,CS180626100052,Pvalb Th Sst,both,True,True,True,Pvalb,Pvalb,True,Pvalb
772506111,2410,PFS4_181102_702_A01,Sst Calb2 Pdlim5,34,#CC6D3D,Core,1.0,2410,1.0,both,True,422068.0,Sst-IRES-Cre;Ai14-422068,M,P57,VISp5,772505857.0,SM-GE8WI_S136_E1-50,RSC-187,CS180626100035,Sst Calb2 Pdlim5,both,True,True,True,Sst,Sst,True,Sst
772517332,2411,PAS4_181102_451_A01,Pvalb Sema3e Kank4,54,#C94545,Core,1.0,2411,1.0,both,True,422369.0,Pvalb-IRES-Cre;Ai14-422369,F,P55,VISp6a,772517099.0,SM-GE5U8_S089_E1-50,RSC-186,CS180626100055,Pvalb Sema3e Kank4,both,True,True,True,Pvalb,Pvalb,True,Pvalb
772552941,2412,PFS4_181102_703_A01,Sst Calb2 Pdlim5,34,#CC6D3D,I1,1.0,2412,1.0,both,True,422068.0,Sst-IRES-Cre;Ai14-422068,M,P57,VISp5,772552733.0,SM-GE8WI_S137_E1-50,RSC-187,CS180626100035,Sst Calb2 Pdlim5,both,True,True,True,Sst,Sst,True,Sst
772584433,2413,PFS4_181102_704_A01,Sst Tac1 Htr1d,31,#804811,I1,1.0,2413,1.0,both,True,422068.0,Sst-IRES-Cre;Ai14-422068,M,P57,VISp4,772584326.0,SM-GE8WI_S138_E1-50,RSC-187,CS180626100032,Sst Tac1 Htr1d,both,True,True,True,Sst,Sst,True,Sst
772635359,2414,PAS4_181102_453_A01,Pvalb Gpr149 Islr,55,#E62A5D,I2,1.0,2414,1.0,both,True,422369.0,Pvalb-IRES-Cre;Ai14-422369,F,P55,VISp5,772634561.0,SM-GE5U8_S091_E1-50,RSC-186,CS180626100056,Pvalb Gpr149 Islr,both,True,True,True,Pvalb,Pvalb,True,Pvalb
772685363,2415,PFS4_181102_705_A01,Sst Calb2 Pdlim5,34,#CC6D3D,I2,1.0,2415,1.0,both,True,422070.0,Sst-IRES-Cre;Ai14-422070,F,P57,VISl5,772685291.0,SM-GE8WI_S139_E1-50,RSC-187,CS180626100035,Sst Calb2 Pdlim5,both,True,True,True,Sst,Sst,True,Sst
772690576,2416,PBS4_181102_503_A01,Pvalb Calb1 Sst,52,#BC2B11,I1,1.0,2416,1.0,both,True,422070.0,Sst-IRES-Cre;Ai14-422070,F,P57,VISp6a,772690556.0,SM-GE5U8_S094_E1-50,RSC-186,CS180626100054,Pvalb Calb1 Sst,both,True,True,True,Pvalb,Pvalb,True,Pvalb
772698443,2417,PBS4_181102_504_A01,Sst Mme Fam114a1,30,#FFBB33,I2,1.0,2417,1.0,both,True,422070.0,Sst-IRES-Cre;Ai14-422070,F,P57,VISp5,772698263.0,SM-GE5U8_S095_E1-50,RSC-186,CS180626100043,Sst Hpse Cbln4,both,True,True,False,Sst,Sst,True,Sst
772726951,2418,PBS4_181102_505_A01,Sst Calb2 Pdlim5,34,#CC6D3D,I1,1.0,2418,1.0,both,True,422070.0,Sst-IRES-Cre;Ai14-422070,F,P57,VISp2/3,772725893.0,SM-GE5U8_S096_E1-50,RSC-186,CS180626100035,Sst Calb2 Pdlim5,both,True,True,True,Sst,Sst,True,Sst
772735561,2419,PFS4_181102_707_A01,Sst Calb2 Pdlim5,34,#CC6D3D,Core,1.0,2419,1.0,both,True,422070.0,Sst-IRES-Cre;Ai14-422070,F,P57,VISli5,772735397.0,SM-GE8WI_S141_E1-50,RSC-187,CS180626100035,Sst Calb2 Pdlim5,both,True,True,True,Sst,Sst,True,Sst
777065589,2420,PAS4_181112_451_A01,Sst Hpse Cbln4,42,#806B19,I2,1.0,2420,1.0,both,True,426641.0,Sst-IRES-Cre;Ai14-426641,M,P56,VISp5,777065327.0,SM-GE8WI_S162_E1-50,RSC-187,CS180626100043,Sst Hpse Cbln4,both,True,True,True,Sst,Sst,True,Sst
777294823,2421,PAS4_181112_452_A01,Sst Chodl,29,#FFFF00,Core,1.0,2421,1.0,both,True,423844.0,Nos1-CreERT2;Sst-IRES-FlpO;Ai65-423844,M,P56,VISp5,777294172.0,SM-GE8WI_S163_E1-50,RSC-187,CS180626100030,Sst Chodl,both,True,True,True,Sst,Sst,True,Sst
777371867,2422,PFS4_181112_701_A01,Sst Chodl,29,#FFFF00,Core,1.0,2422,1.0,both,True,423844.0,Nos1-CreERT2;Sst-IRES-FlpO;Ai65-423844,M,P56,VISp5,777371634.0,SM-GE8WI_S168_E1-50,RSC-187,CS180626100030,Sst Chodl,both,True,True,True,Sst,Sst,True,Sst
777422846,2423,PES4_181112_653_A01,Sst Chodl,29,#FFFF00,Core,1.0,2423,1.0,both,True,423844.0,Nos1-CreERT2;Sst-IRES-FlpO;Ai65-423844,M,P56,VISp5,777422704.0,SM-GE8WI_S167_E1-50,RSC-187,CS180626100030,Sst Chodl,both,True,True,True,Sst,Sst,True,Sst
777440724,2424,PFS4_181112_702_A01,Sst Chodl,29,#FFFF00,Core,1.0,2424,1.0,both,True,423844.0,Nos1-CreERT2;Sst-IRES-FlpO;Ai65-423844,M,P56,VISp5,777440520.0,SM-GE8WI_S169_E1-50,RSC-187,CS180626100030,Sst Chodl,both,True,True,True,Sst,Sst,True,Sst
778144459,2425,PES4_181112_651_A01,Sst Chodl,29,#FFFF00,Core,1.0,2425,1.0,both,True,423844.0,Nos1-CreERT2;Sst-IRES-FlpO;Ai65-423844,M,P56,VISp5,778144143.0,SM-GE8WI_S165_E1-50,RSC-187,CS180626100030,Sst Chodl,both,True,True,True,Sst,Sst,True,Sst
778150197,2426,PFS4_181113_701_A01,Sst Esm1,45,#C11331,I2,1.0,2426,1.0,both,True,426642.0,Sst-IRES-Cre;Ai14-426642,M,P57,VISp6a,778149982.0,SM-GE8WI_S187_E1-50,RSC-187,CS180626100041,Sst Tac2 Myh4,both,True,True,False,Sst,Sst,True,Sst
778170169,2427,PES4_181113_651_A01,Sst Crhr2 Efemp1,43,#B95541,I1,1.0,2427,1.0,both,True,426642.0,Sst-IRES-Cre;Ai14-426642,M,P57,VISp6a,778169861.0,SM-GE8WI_S182_E1-50,RSC-187,CS180626100044,Sst Crhr2 Efemp1,both,True,True,True,Sst,Sst,True,Sst
778194234,2428,PAS4_181113_452_A01,Sst Rxfp1 Prdm8,48,#802600,I2,1.0,2428,1.0,both,True,426642.0,Sst-IRES-Cre;Ai14-426642,M,P57,VISpor5,778194051.0,SM-GE8WI_S171_E1-50,RSC-187,CS180626100047,Sst Tac2 Tacstd2,both,True,True,False,Sst,Sst,True,Sst
778194586,2429,PFS4_181113_703_A01,Sst Hpse Cbln4,42,#806B19,I2,1.0,2429,1.0,both,True,426642.0,Sst-IRES-Cre;Ai14-426642,M,P57,VISp5,778194350.0,SM-GE8WI_S189_E1-50,RSC-187,CS180626100044,Sst Crhr2 Efemp1,both,True,True,False,Sst,Sst,True,Sst
778223898,2430,PES4_181113_652_A01,Vip Ptprt Pkp2,20,#FF00FF,I1,1.0,2430,1.0,both,True,424615.0,Vip-IRES-Cre;Ai14-424615,M,P55,VISp4,778223645.0,SM-GE8WI_S183_E1-50,RSC-187,CS180626100021,Vip Ptprt Pkp2,both,True,True,True,Vip,Vip,True,Vip
778230339,2431,PFS4_181113_704_A01,Sst Rxfp1 Eya1,47,#994C00,I2,1.0,2431,1.0,both,True,426642.0,Sst-IRES-Cre;Ai14-426642,M,P57,VISpor6a,778229955.0,SM-GE8WI_S190_E1-50,RSC-187,CS180626100048,Sst Rxfp1 Eya1,both,True,True,True,Sst,Sst,True,Sst
778283999,2432,PAS4_181113_453_A01,Sst Nts,49,#A81111,Core,1.0,2432,1.0,both,True,424963.0,Sst-IRES-Cre;Th-P2A-FlpO;Ai65-424963,M,P54,VISp6a,778283857.0,SM-GE8WI_S172_E1-50,RSC-187,CS180626100050,Sst Nts,both,True,True,True,Sst,Sst,True,Sst
778291711,2433,PBS4_181113_505_A01,Pvalb Tpbg,58,#AF3F64,Core,1.0,2433,1.0,both,True,426642.0,Sst-IRES-Cre;Ai14-426642,M,P57,VISp2/3,778291586.0,SM-GE8WI_S178_E1-50,RSC-187,CS180626100059,Pvalb Tpbg,both,True,True,True,Pvalb,Pvalb,True,Pvalb
778301240,2434,PES4_181113_653_A01,Pvalb Gabrg1,50,#ED4C50,Core,1.0,2434,1.0,both,True,424963.0,Sst-IRES-Cre;Th-P2A-FlpO;Ai65-424963,M,P54,VISp6a,778301189.0,SM-GE8WI_S184_E1-50,RSC-187,CS180626100051,Pvalb Gabrg1,both,True,True,True,Pvalb,Pvalb,True,Pvalb
778302965,2435,PFS4_181113_705_A01,Sst Rxfp1 Eya1,47,#994C00,I1,1.0,2435,1.0,both,True,424963.0,Sst-IRES-Cre;Th-P2A-FlpO;Ai65-424963,M,P54,VISp5,778302914.0,SM-GE8WI_S191_E1-50,RSC-187,CS180626100048,Sst Rxfp1 Eya1,both,True,True,True,Sst,Sst,True,Sst
778312374,2436,PBS4_181113_506_A01,Pvalb Th Sst,51,#FF2F7E,I2,1.0,2436,1.0,both,True,424963.0,Sst-IRES-Cre;Th-P2A-FlpO;Ai65-424963,M,P54,VISp6b,778312341.0,SM-GE8WI_S179_E1-50,RSC-187,CS180626100050,Sst Nts,both,True,True,False,Pvalb,Sst,False,Pvalb
778316952,2437,PES4_181113_654_A01,Sst Nts,49,#A81111,Core,1.0,2437,1.0,both,True,424963.0,Sst-IRES-Cre;Th-P2A-FlpO;Ai65-424963,M,P54,VISp6a,778316901.0,SM-GE8WI_S185_E1-50,RSC-187,CS180626100050,Sst Nts,both,True,True,True,Sst,Sst,True,Sst
778318644,2438,PBS4_181113_507_A01,Sst Esm1,45,#C11331,I2,1.0,2438,1.0,both,True,424963.0,Sst-IRES-Cre;Th-P2A-FlpO;Ai65-424963,M,P54,VISp6b,778318597.0,SM-GE8WI_S180_E1-50,RSC-187,CS180626100046,Sst Esm1,both,True,True,True,Sst,Sst,True,Sst
778327002,2439,PBS4_181113_508_A01,Vip Pygm C1ql1,25,#BD3D9A,I1,1.0,2439,1.0,both,True,424091.0,Vip-IRES-Cre;Ai14-424091,F,P57,VISp4,778326896.0,SM-GE8WI_S181_E1-50,RSC-187,CS180626100026,Vip Pygm C1ql1,both,True,True,True,Vip,Vip,True,Vip
778336832,2440,PES4_181113_655_A01,Vip Ptprt Pkp2,20,#FF00FF,Core,1.0,2440,1.0,both,True,424091.0,Vip-IRES-Cre;Ai14-424091,F,P57,VISp2/3,778336737.0,SM-GE8WI_S186_E1-50,RSC-187,CS180626100021,Vip Ptprt Pkp2,both,True,True,True,Vip,Vip,True,Vip
779693640,2441,PAS4_181115_451_A01,Sst Calb2 Pdlim5,34,#CC6D3D,I1,1.0,2441,1.0,both,True,426645.0,Sst-IRES-Cre;Ai14-426645,F,P59,VISp4,779693229.0,SM-GE5U1_S149_E1-50,RSC-188,CS180626100035,Sst Calb2 Pdlim5,both,True,True,True,Sst,Sst,True,Sst
779708399,2442,PBS4_181115_501_A01,Sst Hpse Cbln4,42,#806B19,Core,1.0,2442,1.0,both,True,426645.0,Sst-IRES-Cre;Ai14-426645,F,P59,VISp5,779708029.0,SM-GE5U1_S154_E1-50,RSC-188,CS180626100043,Sst Hpse Cbln4,both,True,True,True,Sst,Sst,True,Sst
779731467,2443,PES4_181115_651_A01,Sst Nr2f2 Necab1,35,#FFDF11,I2,1.0,2443,1.0,both,True,426645.0,Sst-IRES-Cre;Ai14-426645,F,P59,VISpm5,779731252.0,SM-GE5U1_S161_E1-50,RSC-188,CS180626100037,Sst Myh8 Etv1 ,both,True,True,False,Sst,Sst,True,Sst
779763127,2444,PES4_181115_652_A01,Sst Calb2 Pdlim5,34,#CC6D3D,I1,1.0,2444,1.0,both,True,426645.0,Sst-IRES-Cre;Ai14-426645,F,P59,VISp2/3,779762871.0,SM-GE5U1_S162_E1-50,RSC-188,CS180626100035,Sst Calb2 Pdlim5,both,True,True,True,Sst,Sst,True,Sst
779776785,2445,PFS4_181115_701_A01,Sst Esm1,45,#C11331,Core,1.0,2445,1.0,both,True,426645.0,Sst-IRES-Cre;Ai14-426645,F,P59,VISp5,779776430.0,SM-GE5U1_S163_E1-50,RSC-188,CS180626100046,Sst Esm1,both,True,True,True,Sst,Sst,True,Sst
779801478,2446,PBS4_181115_503_A01,Sst Chrna2 Ptgdr,39,#FFB307,I2,1.0,2446,1.0,both,True,426645.0,Sst-IRES-Cre;Ai14-426645,F,P59,VISp5,779801301.0,SM-GE5U1_S156_E1-50,RSC-188,CS180626100039,Sst Chrna2 Glra3,both,True,True,False,Sst,Sst,True,Sst
779801880,2447,PAS4_181115_453_A01,Sst Esm1,45,#C11331,Core,1.0,2447,1.0,both,True,426645.0,Sst-IRES-Cre;Ai14-426645,F,P59,VISp5,779801580.0,SM-GE5U1_S151_E1-50,RSC-188,CS180626100046,Sst Esm1,both,True,True,True,Sst,Sst,True,Sst
779839858,2448,PBS4_181115_504_A01,Sst Crhr2 Efemp1,43,#B95541,I2,1.0,2448,1.0,both,True,426645.0,Sst-IRES-Cre;Ai14-426645,F,P59,VISp6a,779839753.0,SM-GE5U1_S157_E1-50,RSC-188,CS180626100031,Sst Mme Fam114a1,both,True,True,False,Sst,Sst,True,Sst
779857432,2449,PBS4_181115_505_A01,Sst Rxfp1 Eya1,47,#994C00,I1,1.0,2449,1.0,both,True,426645.0,Sst-IRES-Cre;Ai14-426645,F,P59,VISp5,779857297.0,SM-GE5U1_S158_E1-50,RSC-188,CS180626100048,Sst Rxfp1 Eya1,both,True,True,True,Sst,Sst,True,Sst
779864499,2450,PFS4_181115_702_A01,Sst Rxfp1 Prdm8,48,#802600,I2,1.0,2450,1.0,both,True,426645.0,Sst-IRES-Cre;Ai14-426645,F,P59,VISp6a,779864254.0,SM-GE5U1_S164_E1-50,RSC-188,CS180626100052,Pvalb Th Sst,both,True,True,False,Sst,Pvalb,False,Sst
779879349,2451,PBS4_181115_506_A01,Sst Calb2 Pdlim5,34,#CC6D3D,Core,1.0,2451,1.0,both,True,426645.0,Sst-IRES-Cre;Ai14-426645,F,P59,VISp4,779879130.0,SM-GE5U1_S159_E1-50,RSC-188,CS180626100035,Sst Calb2 Pdlim5,both,True,True,True,Sst,Sst,True,Sst
779879712,2452,PAS4_181115_454_A01,Sst Calb2 Necab1,33,#BF480D,I3,1.0,2452,1.0,both,True,426645.0,Sst-IRES-Cre;Ai14-426645,F,P59,VISp2/3,779879418.0,SM-GE5U1_S152_E1-50,RSC-188,CS180626100034,Sst Calb2 Necab1,both,True,True,True,Sst,Sst,True,Sst
779979799,2453,P1S4_181115_002_A01,Vip Crispld2 Htr2c,26,#882E81,Core,1.0,2453,1.0,both,True,424092.0,Vip-IRES-Cre;Ai14-424092,F,P59,VISp2/3,779979763.0,SM-GE5U1_S147_E1-50,RSC-188,CS180626100027,Vip Crispld2 Htr2c,both,True,True,True,Vip,Vip,True,Vip
779996941,2454,PFS4_181115_703_A01,Vip Lmo1 Fam159b,15,#756FB3,Core,1.0,2454,1.0,both,True,425123.0,Cck-IRES-Cre;Vip-IRES-FlpO;Ai65-425123,M,P54,VISl5,779996883.0,SM-GE5U1_S165_E1-50,RSC-188,CS180626100019,Vip Lmo1 Fam159b,both,True,True,True,Vip,Vip,True,Vip
780001526,2455,PAS4_181115_455_A01,Vip Crispld2 Kcne4,27,#AD589A,Core,1.0,2455,1.0,both,True,425123.0,Cck-IRES-Cre;Vip-IRES-FlpO;Ai65-425123,M,P54,VISp2/3,780001498.0,SM-GE5U1_S153_E1-50,RSC-188,CS180626100028,Vip Crispld2 Kcne4,both,True,True,True,Vip,Vip,True,Vip
780001568,2456,P1S4_181115_003_A01,Vip Pygm C1ql1,25,#BD3D9A,I2,1.0,2456,1.0,both,True,424092.0,Vip-IRES-Cre;Ai14-424092,F,P59,VISp4,780001544.0,SM-GE5U1_S148_E1-50,RSC-188,CS180626100026,Vip Pygm C1ql1,both,True,True,True,Vip,Vip,True,Vip
780026116,2457,PFS4_181115_704_A01,Vip Lmo1 Fam159b,15,#756FB3,I1,1.0,2457,1.0,both,True,424616.0,Vip-IRES-Cre;Ai14-424616,M,P57,VISpor5,780025930.0,SM-GE5U1_S166_E1-50,RSC-188,CS180626100019,Vip Lmo1 Fam159b,both,True,True,True,Vip,Vip,True,Vip
780471440,2458,PES4_181116_651_A01,Vip Chat Htr1f,24,#FF4DC1,Core,1.0,2458,1.0,both,True,425128.0,Cck-IRES-Cre;Vip-IRES-FlpO;Ai65-425128,F,P55,VISp5,780471013.0,SM-GE5U1_S173_E1-50,RSC-188,CS180626100025,Vip Chat Htr1f,both,True,True,True,Vip,Vip,True,Vip
780471774,2459,PAS4_181116_451_A01,Sncg Vip Itih5,10,#6C00BF,I2,1.0,2459,1.0,both,True,425128.0,Cck-IRES-Cre;Vip-IRES-FlpO;Ai65-425128,F,P55,VISpm2/3,780471561.0,SM-GE5U1_S167_E1-50,RSC-188,CS180626100011,Sncg Vip Itih5,both,True,True,True,Sncg,Sncg,True,Sncg
780505306,2460,PES4_181116_652_A01,Vip Chat Htr1f,24,#FF4DC1,I2,1.0,2460,1.0,both,True,425128.0,Cck-IRES-Cre;Vip-IRES-FlpO;Ai65-425128,F,P55,VISpm2/3,780505075.0,SM-GE5U1_S174_E1-50,RSC-188,CS180626100025,Vip Chat Htr1f,both,True,True,True,Vip,Vip,True,Vip
780551958,2461,PES4_181116_653_A01,Vip Crispld2 Htr2c,26,#882E81,I2,1.0,2461,1.0,both,True,425128.0,Cck-IRES-Cre;Vip-IRES-FlpO;Ai65-425128,F,P55,VISp2/3,780551414.0,SM-GE5U1_S175_E1-50,RSC-188,CS180626100027,Vip Crispld2 Htr2c,both,True,True,True,Vip,Vip,True,Vip
780578676,2462,PFS4_181116_701_A01,Vip Lmo1 Fam159b,15,#756FB3,I1,1.0,2462,1.0,both,True,425128.0,Cck-IRES-Cre;Vip-IRES-FlpO;Ai65-425128,F,P55,VISp5,780578532.0,SM-GE5U1_S178_E1-50,RSC-188,CS180626100019,Vip Lmo1 Fam159b,both,True,True,True,Vip,Vip,True,Vip
780692067,2463,PBS4_181116_501_A01,Sst Rxfp1 Prdm8,48,#802600,Core,1.0,2463,1.0,both,True,424966.0,Sst-IRES-Cre;Th-P2A-FlpO;Ai65-424966,F,P57,VISp6a,780691862.0,SM-GE5U1_S170_E1-50,RSC-188,CS180626100049,Sst Rxfp1 Prdm8,both,True,True,True,Sst,Sst,True,Sst
785991050,2464,P8S4_181127_351_A01,Sst Chodl,29,#FFFF00,Core,1.0,2464,1.0,both,True,425899.0,Nos1-CreERT2;Sst-IRES-FlpO;Ai65-425899,M,P60,VISp5,785990545.0,SM-GE5PA_S130_E1-50,RSC-191,CS180626100030,Sst Chodl,both,True,True,True,Sst,Sst,True,Sst
786024665,2465,P1S4_181127_001_A01,Sst Nr2f2 Necab1,35,#FFDF11,Core,1.0,2465,1.0,both,True,425899.0,Nos1-CreERT2;Sst-IRES-FlpO;Ai65-425899,M,P60,VISp5,786024455.0,SM-GE5PA_S121_E1-50,RSC-191,CS180626100036,Sst Nr2f2 Necab1,both,True,True,True,Sst,Sst,True,Sst
786024946,2466,P8S4_181127_352_A01,Sst Crhr2 Efemp1,43,#B95541,Core,1.0,2466,1.0,both,True,425899.0,Nos1-CreERT2;Sst-IRES-FlpO;Ai65-425899,M,P60,VISp6a,786024769.0,SM-GE5PA_S131_E1-50,RSC-191,CS180626100044,Sst Crhr2 Efemp1,both,True,True,True,Sst,Sst,True,Sst
786135798,2467,P8S4_181127_353_A01,Sst Chodl,29,#FFFF00,Core,1.0,2467,1.0,both,True,425899.0,Nos1-CreERT2;Sst-IRES-FlpO;Ai65-425899,M,P60,VISp5,786135477.0,SM-GE5PA_S132_E1-50,RSC-191,CS180626100030,Sst Chodl,both,True,True,True,Sst,Sst,True,Sst
786176775,2468,P8S4_181127_354_A01,Sst Chodl,29,#FFFF00,Core,1.0,2468,1.0,both,True,425899.0,Nos1-CreERT2;Sst-IRES-FlpO;Ai65-425899,M,P60,VISp5,786176251.0,SM-GE5PA_S133_E1-50,RSC-191,CS180626100030,Sst Chodl,both,True,True,True,Sst,Sst,True,Sst
786228558,2469,PES4_181127_651_A01,Pvalb Reln Itm2a,56,#E67A77,Core,1.0,2469,1.0,both,True,426687.0,Pvalb-IRES-Cre;Ai14-426687,M,P56,VISp2/3,786228393.0,SM-GE5PA_S143_E1-50,RSC-191,CS180626100058,Pvalb Reln Itm2a,both,True,True,True,Pvalb,Pvalb,True,Pvalb
786228859,2470,P8S4_181127_355_A01,Sst Crhr2 Efemp1,43,#B95541,I1,1.0,2470,1.0,both,True,426167.0,Sst-IRES-Cre;Ai14-426167,M,P59,VISl6a,786228641.0,SM-GE5PA_S134_E1-50,RSC-191,CS180626100035,Sst Calb2 Pdlim5,both,True,True,False,Sst,Sst,True,Sst
786251343,2471,P8S4_181127_356_A01,Sst Nts,49,#A81111,Core,1.0,2471,1.0,both,True,426167.0,Sst-IRES-Cre;Ai14-426167,M,P59,VISp6a,786251164.0,SM-GE5PA_S135_E1-50,RSC-191,CS180626100050,Sst Nts,both,True,True,True,Sst,Sst,True,Sst
786267211,2472,PES4_181127_652_A01,Pvalb Reln Itm2a,56,#E67A77,I2,1.0,2472,1.0,both,True,426687.0,Pvalb-IRES-Cre;Ai14-426687,M,P56,VISp4,786266868.0,SM-GE5PA_S144_E1-50,RSC-191,CS180626100059,Pvalb Tpbg,both,True,True,False,Pvalb,Pvalb,True,Pvalb
786272796,2473,PFS4_181127_701_A01,Sst Hpse Cbln4,42,#806B19,I3,1.0,2473,1.0,both,True,426167.0,Sst-IRES-Cre;Ai14-426167,M,P59,VISp2/3,786272539.0,SM-GE5PA_S152_E1-50,RSC-191,CS180626100043,Sst Hpse Cbln4,both,True,True,True,Sst,Sst,True,Sst
786300913,2474,PES4_181127_653_A01,Pvalb Akr1c18 Ntf3,53,#FF4343,Core,1.0,2474,1.0,both,True,426687.0,Pvalb-IRES-Cre;Ai14-426687,M,P56,VISl6a,786300555.0,SM-GE5PA_S145_E1-50,RSC-191,CS180626100053,Pvalb Akr1c18 Ntf3,both,True,True,True,Pvalb,Pvalb,True,Pvalb
786406570,2475,PFS4_181127_702_A01,Pvalb Tpbg,58,#AF3F64,Core,1.0,2475,1.0,both,True,426687.0,Pvalb-IRES-Cre;Ai14-426687,M,P56,VISp2/3,786406408.0,SM-GE5PA_S153_E1-50,RSC-191,CS180626100059,Pvalb Tpbg,both,True,True,True,Pvalb,Pvalb,True,Pvalb
787228351,2476,P1S4_181128_001_A01,Sst Chodl,29,#FFFF00,Core,1.0,2476,1.0,both,True,425903.0,Nos1-CreERT2;Sst-IRES-FlpO;Ai65-425903,M,P61,VISp5,787228071.0,SM-GE5PA_S154_E1-50,RSC-191,CS180626100030,Sst Chodl,both,True,True,True,Sst,Sst,True,Sst
787248677,2477,P1S4_181128_002_A01,Sst Chodl,29,#FFFF00,Core,1.0,2477,1.0,both,True,425903.0,Nos1-CreERT2;Sst-IRES-FlpO;Ai65-425903,M,P61,VISp5,787248418.0,SM-GE5PA_S155_E1-50,RSC-191,CS180626100030,Sst Chodl,both,True,True,True,Sst,Sst,True,Sst
787261865,2478,P8S4_181128_351_A01,Sst Chodl,29,#FFFF00,Core,1.0,2478,1.0,both,True,425903.0,Nos1-CreERT2;Sst-IRES-FlpO;Ai65-425903,M,P61,VISp5,787261669.0,SM-GE5PA_S156_E1-50,RSC-191,CS180626100030,Sst Chodl,both,True,True,True,Sst,Sst,True,Sst
787280073,2479,PBS4_181128_503_A01,Pvalb Reln Itm2a,56,#E67A77,Core,1.0,2479,1.0,both,True,426688.0,Pvalb-IRES-Cre;Ai14-426688,M,P57,VISp4,787279999.0,SM-GE5PA_S162_E1-50,RSC-191,CS180626100058,Pvalb Reln Itm2a,both,True,True,True,Pvalb,Pvalb,True,Pvalb
787961013,2480,PAS4_181129_451_A01,Sst Esm1,45,#C11331,Core,1.0,2480,1.0,both,True,426169.0,Sst-IRES-Cre;Ai14-426169,M,P61,VISp5,787960760.0,SM-GE5PA_S170_E1-50,RSC-191,CS180626100046,Sst Esm1,both,True,True,True,Sst,Sst,True,Sst
788256204,2481,PFS4_181129_701_A01,Lamp5 Plch2 Dock5,4,#FF7290,I1,1.0,2481,1.0,both,True,427597.0,Ndnf-IRES2-dgCre;Slc32a1-IRES2-FlpO;Ai65-427597,M,P53,VISp1,788255950.0,SM-GE5PA_S177_E1-50,RSC-191,CS180626100005,Lamp5 Plch2 Dock5,both,True,True,True,Lamp5,Lamp5,True,Lamp5
788272042,2482,P8S4_181129_351_A01,Sst Esm1,45,#C11331,Core,1.0,2482,1.0,both,True,427894.0,Sst-IRES-Cre;Ai14-427894,M,P52,VISl6a,788271929.0,SM-GE5PA_S166_E1-50,RSC-191,CS180626100046,Sst Esm1,both,True,True,True,Sst,Sst,True,Sst
788272115,2483,P1S4_181129_001_A01,Sst Calb2 Pdlim5,34,#CC6D3D,Core,1.0,2483,1.0,both,True,427894.0,Sst-IRES-Cre;Ai14-427894,M,P52,VISp4,788272070.0,SM-GE5PA_S164_E1-50,RSC-191,CS180626100035,Sst Calb2 Pdlim5,both,True,True,True,Sst,Sst,True,Sst
788296224,2484,P8S4_181129_352_A01,Sst Calb2 Pdlim5,34,#CC6D3D,Core,1.0,2484,1.0,both,True,427894.0,Sst-IRES-Cre;Ai14-427894,M,P52,VISp4,788296154.0,SM-GE5PA_S167_E1-50,RSC-191,CS180626100035,Sst Calb2 Pdlim5,both,True,True,True,Sst,Sst,True,Sst
788325766,2485,P8S4_181129_353_A01,Sst Hpse Cbln4,42,#806B19,I1,1.0,2485,1.0,both,True,427894.0,Sst-IRES-Cre;Ai14-427894,M,P52,VISp5,788325730.0,SM-GE5PA_S168_E1-50,RSC-191,CS180626100043,Sst Hpse Cbln4,both,True,True,True,Sst,Sst,True,Sst
788325819,2486,P1S4_181129_002_A01,Sst Calb2 Pdlim5,34,#CC6D3D,Core,1.0,2486,1.0,both,True,427894.0,Sst-IRES-Cre;Ai14-427894,M,P52,VISp5,788325784.0,SM-GE5PA_S165_E1-50,RSC-191,CS180626100035,Sst Calb2 Pdlim5,both,True,True,True,Sst,Sst,True,Sst
788349250,2487,PES4_181129_651_A01,Lamp5 Plch2 Dock5,4,#FF7290,Core,1.0,2487,1.0,both,True,427597.0,Ndnf-IRES2-dgCre;Slc32a1-IRES2-FlpO;Ai65-427597,M,P53,VISp1,788349116.0,SM-GE5PA_S175_E1-50,RSC-191,CS180626100005,Lamp5 Plch2 Dock5,both,True,True,True,Lamp5,Lamp5,True,Lamp5
788356140,2488,P8S4_181129_354_A01,Sst Calb2 Pdlim5,34,#CC6D3D,I1,1.0,2488,1.0,both,True,427894.0,Sst-IRES-Cre;Ai14-427894,M,P52,VISp5,788356100.0,SM-GE5PA_S169_E1-50,RSC-191,CS180626100043,Sst Hpse Cbln4,both,True,True,False,Sst,Sst,True,Sst
788418848,2489,PES4_181129_652_A01,Lamp5 Ntn1 Npy2r,3,#DD6091,Core,1.0,2489,1.0,both,True,427597.0,Ndnf-IRES2-dgCre;Slc32a1-IRES2-FlpO;Ai65-427597,M,P53,VISp2/3,788418799.0,SM-GE5PA_S176_E1-50,RSC-191,CS180626100004,Lamp5 Ntn1 Npy2r,both,True,True,True,Lamp5,Lamp5,True,Lamp5
788939482,2490,PAS4_181130_451_A01,Sst Rxfp1 Prdm8,48,#802600,Core,1.0,2490,1.0,both,True,427600.0,Ndnf-IRES2-dgCre;Slc32a1-IRES2-FlpO;Ai65-427600,M,P54,VISp5,788939222.0,SM-GE5PA_S178_E1-50,RSC-191,CS180626100049,Sst Rxfp1 Prdm8,both,True,True,True,Sst,Sst,True,Sst
788980414,2491,PES4_181130_651_A01,Vip Crispld2 Kcne4,27,#AD589A,I2,1.0,2491,1.0,both,True,427056.0,Vip-IRES-Cre;Ai14-427056,F,P57,VISp1,788979895.0,SM-GE5PA_S183_E1-50,RSC-191,CS180626100028,Vip Crispld2 Kcne4,both,True,True,True,Vip,Vip,True,Vip
789179519,2492,PBS4_181130_503_A01,Vip Ptprt Pkp2,20,#FF00FF,Core,1.0,2492,1.0,both,True,427056.0,Vip-IRES-Cre;Ai14-427056,F,P57,VISp4,789179421.0,SM-GE5PA_S182_E1-50,RSC-191,CS180626100021,Vip Ptprt Pkp2,both,True,True,True,Vip,Vip,True,Vip
792553279,2493,P1S4_181210_001_A01,Pvalb Reln Tac1,57,#D6221D,Core,1.0,2493,1.0,both,True,429524.0,Gad2-IRES-Cre;Ai14-429524,M,P54,VISp5,792553170.0,SM-GE5PA_S185_E1-50,RSC-191,CS180626100057,Pvalb Reln Tac1,both,True,True,True,Pvalb,Pvalb,True,Pvalb
792728913,2494,PES4_181210_651_A01,Sst Hpse Cbln4,42,#806B19,Core,1.0,2494,1.0,both,True,429752.0,Sst-IRES-Cre;Ai14-429752,M,P53,VISp5,792728796.0,SM-GE5PA_S189_E1-50,RSC-191,CS180626100043,Sst Hpse Cbln4,both,True,True,True,Sst,Sst,True,Sst
792729067,2495,P2S4_181210_051_A01,Vip Chat Htr1f,24,#FF4DC1,Core,1.0,2495,1.0,both,True,430206.0,Htr3a-Cre_NO152;Ai14-430206,M,P51,VISp5,792729010.0,SM-GE5PA_S188_E1-50,RSC-191,CS180626100025,Vip Chat Htr1f,both,True,True,True,Vip,Vip,True,Vip
794802318,2496,P1S4_181213_001_A01,Sst Calb2 Pdlim5,34,#CC6D3D,I1,1.0,2496,1.0,both,True,429748.0,Sst-IRES-Cre;Ai14-429748,M,P56,VISp4,794801907.0,SM-GE5PA_S073_E1-50,RSC-191,CS180626100035,Sst Calb2 Pdlim5,both,True,True,True,Sst,Sst,True,Sst
794812190,2497,PES4_181213_651_A01,Sst Calb2 Pdlim5,34,#CC6D3D,Core,1.0,2497,1.0,both,True,429748.0,Sst-IRES-Cre;Ai14-429748,M,P56,VISp2/3,794811844.0,SM-GE5PA_S082_E1-50,RSC-191,CS180626100035,Sst Calb2 Pdlim5,both,True,True,True,Sst,Sst,True,Sst
794825421,2498,P1S4_181213_002_A01,Sst Hpse Sema3c,41,#BF9F00,Core,1.0,2498,1.0,both,True,429748.0,Sst-IRES-Cre;Ai14-429748,M,P56,VISl5,794825103.0,SM-GE5PA_S074_E1-50,RSC-191,CS180626100042,Sst Hpse Sema3c,both,True,True,True,Sst,Sst,True,Sst
794843709,2499,P1S4_181213_003_A01,Sst Calb2 Pdlim5,34,#CC6D3D,I1,1.0,2499,1.0,both,True,429748.0,Sst-IRES-Cre;Ai14-429748,M,P56,VISli5,794843351.0,SM-GE5PA_S075_E1-50,RSC-191,CS180626100035,Sst Calb2 Pdlim5,both,True,True,True,Sst,Sst,True,Sst
794865067,2500,PES4_181213_652_A01,Sst Hpse Cbln4,42,#806B19,Core,1.0,2500,1.0,both,True,429748.0,Sst-IRES-Cre;Ai14-429748,M,P56,VISp4,794864537.0,SM-GE5PA_S083_E1-50,RSC-191,CS180626100043,Sst Hpse Cbln4,both,True,True,True,Sst,Sst,True,Sst
794870097,2501,PAS4_181213_451_A01,Sst Hpse Cbln4,42,#806B19,Core,1.0,2501,1.0,both,True,429748.0,Sst-IRES-Cre;Ai14-429748,M,P56,VISp5,794869712.0,SM-GE5PA_S079_E1-50,RSC-191,CS180626100043,Sst Hpse Cbln4,both,True,True,True,Sst,Sst,True,Sst
794937757,2502,PAS4_181213_452_A01,Sst Hpse Cbln4,42,#806B19,Core,1.0,2502,1.0,both,True,429748.0,Sst-IRES-Cre;Ai14-429748,M,P56,VISp5,794937638.0,SM-GE5PA_S080_E1-50,RSC-191,CS180626100043,Sst Hpse Cbln4,both,True,True,True,Sst,Sst,True,Sst
794940971,2503,P8S4_181213_351_A01,Sst Esm1,45,#C11331,Core,1.0,2503,1.0,both,True,429754.0,Sst-IRES-Cre;Ai14-429754,M,P56,VISp5,794940857.0,SM-GE5PA_S076_E1-50,RSC-191,CS180626100046,Sst Esm1,both,True,True,True,Sst,Sst,True,Sst
794948976,2504,PAS4_181213_453_A01,Sst Calb2 Pdlim5,34,#CC6D3D,Core,1.0,2504,1.0,both,True,429748.0,Sst-IRES-Cre;Ai14-429748,M,P56,VISp2/3,794948939.0,SM-GE5PA_S081_E1-50,RSC-191,CS180626100035,Sst Calb2 Pdlim5,both,True,True,True,Sst,Sst,True,Sst
795506764,2505,PFS4_181214_701_A01,Sst Calb2 Necab1,33,#BF480D,I1,1.0,2505,1.0,both,True,429750.0,Sst-IRES-Cre;Ai14-429750,M,P57,VISp2/3,795506320.0,SM-GE5PG_S004_E1-50,RSC-191,CS180626100034,Sst Calb2 Necab1,both,True,True,True,Sst,Sst,True,Sst
795530674,2506,P8S4_181214_351_A01,Sst Esm1,45,#C11331,Core,1.0,2506,1.0,both,True,429750.0,Sst-IRES-Cre;Ai14-429750,M,P57,VISp5,795530464.0,SM-GE5PA_S089_E1-50,RSC-191,CS180626100046,Sst Esm1,both,True,True,True,Sst,Sst,True,Sst
795563325,2507,P1S4_181214_001_A01,Sst Tac1 Tacr3,32,#B06411,I1,1.0,2507,1.0,both,True,429750.0,Sst-IRES-Cre;Ai14-429750,M,P57,VISp2/3,795562170.0,SM-GE5PA_S084_E1-50,RSC-191,CS180626100033,Sst Tac1 Tacr3,both,True,True,True,Sst,Sst,True,Sst
795572082,2508,PFS4_181214_702_A01,Sst Crhr2 Efemp1,43,#B95541,Core,1.0,2508,1.0,both,True,429750.0,Sst-IRES-Cre;Ai14-429750,M,P57,VISp6a,795571675.0,SM-GE5PG_S005_E1-50,RSC-191,CS180626100044,Sst Crhr2 Efemp1,both,True,True,True,Sst,Sst,True,Sst
795572344,2509,P8S4_181214_352_A01,Sst Esm1,45,#C11331,I2,1.0,2509,1.0,both,True,429750.0,Sst-IRES-Cre;Ai14-429750,M,P57,VISp5,795572178.0,SM-GE5PA_S090_E1-50,RSC-191,CS180626100046,Sst Esm1,both,True,True,True,Sst,Sst,True,Sst
795608159,2510,PAS4_181214_451_A01,Sst Esm1,45,#C11331,Core,1.0,2510,1.0,both,True,429750.0,Sst-IRES-Cre;Ai14-429750,M,P57,VISpm5,795607641.0,SM-GE5PA_S091_E1-50,RSC-191,CS180626100046,Sst Esm1,both,True,True,True,Sst,Sst,True,Sst
795684301,2511,PAS4_181214_452_A01,Sst Rxfp1 Prdm8,48,#802600,I1,1.0,2511,1.0,both,True,429750.0,Sst-IRES-Cre;Ai14-429750,M,P57,VISp5,795683990.0,SM-GE5PA_S092_E1-50,RSC-191,CS180626100049,Sst Rxfp1 Prdm8,both,True,True,True,Sst,Sst,True,Sst
795727879,2512,PBS4_181214_501_A01,Sst Tac1 Tacr3,32,#B06411,I2,1.0,2512,1.0,both,True,429756.0,Sst-IRES-Cre;Ai14-429756,F,P57,VISp4,795727695.0,SM-GE5PA_S094_E1-50,RSC-191,CS180626100033,Sst Tac1 Tacr3,both,True,True,True,Sst,Sst,True,Sst
795749753,2513,PES4_181214_651_A01,Sst Rxfp1 Prdm8,48,#802600,Core,1.0,2513,1.0,both,True,429756.0,Sst-IRES-Cre;Ai14-429756,F,P57,VISp5,795749517.0,SM-GE5PG_S002_E1-50,RSC-191,CS180626100049,Sst Rxfp1 Prdm8,both,True,True,True,Sst,Sst,True,Sst
795758408,2514,PBS4_181214_502_A01,Sst Rxfp1 Prdm8,48,#802600,Core,1.0,2514,1.0,both,True,429756.0,Sst-IRES-Cre;Ai14-429756,F,P57,VISp6a,795758192.0,SM-GE5PA_S095_E1-50,RSC-191,CS180626100049,Sst Rxfp1 Prdm8,both,True,True,True,Sst,Sst,True,Sst
795786328,2515,P1S4_181214_002_A01,Sst Hpse Cbln4,42,#806B19,Core,1.0,2515,1.0,both,True,429756.0,Sst-IRES-Cre;Ai14-429756,F,P57,VISp4,795786186.0,SM-GE5PA_S085_E1-50,RSC-191,CS180626100043,Sst Hpse Cbln4,both,True,True,True,Sst,Sst,True,Sst
795786452,2516,PBS4_181214_503_A01,Sst Calb2 Pdlim5,34,#CC6D3D,I1,1.0,2516,1.0,both,True,429756.0,Sst-IRES-Cre;Ai14-429756,F,P57,VISp5,795786373.0,SM-GE5PA_S096_E1-50,RSC-191,CS180626100035,Sst Calb2 Pdlim5,both,True,True,True,Sst,Sst,True,Sst
795796672,2517,PFS4_181214_703_A01,Sst Crh 4930553C11Rik ,44,#C77767,I2,1.0,2517,1.0,both,True,429756.0,Sst-IRES-Cre;Ai14-429756,F,P57,VISl6a,795796525.0,SM-GE5PG_S006_E1-50,RSC-191,CS180626100044,Sst Crhr2 Efemp1,both,True,True,False,Sst,Sst,True,Sst
795801013,2518,PBS4_181214_504_A01,Pvalb Calb1 Sst,52,#BC2B11,I1,1.0,2518,1.0,both,True,429756.0,Sst-IRES-Cre;Ai14-429756,F,P57,VISp5,795800939.0,SM-GE5PA_S055_E1-50,RSC-191,CS180626100054,Pvalb Calb1 Sst,both,True,True,True,Pvalb,Pvalb,True,Pvalb
795818519,2519,P1S4_181214_003_A01,Sst Rxfp1 Prdm8,48,#802600,Core,1.0,2519,1.0,both,True,429756.0,Sst-IRES-Cre;Ai14-429756,F,P57,VISp5,795818133.0,SM-GE5PA_S086_E1-50,RSC-191,CS180626100049,Sst Rxfp1 Prdm8,both,True,True,True,Sst,Sst,True,Sst
795827953,2520,PAS4_181214_453_A01,Sst Tac2 Myh4,40,#D9C566,I2,1.0,2520,1.0,both,True,429756.0,Sst-IRES-Cre;Ai14-429756,F,P57,VISp5,795827825.0,SM-GE5PA_S093_E1-50,RSC-191,CS180626100041,Sst Tac2 Myh4,both,True,True,True,Sst,Sst,True,Sst
795833727,2521,P2S4_181214_052_A01,Sst Rxfp1 Eya1,47,#994C00,Core,1.0,2521,1.0,both,True,429756.0,Sst-IRES-Cre;Ai14-429756,F,P57,VISp6a,795833502.0,SM-GE5PA_S088_E1-50,RSC-191,CS180626100048,Sst Rxfp1 Eya1,both,True,True,True,Sst,Sst,True,Sst
795844214,2522,PES4_181214_652_A01,Sst Nts,49,#A81111,Core,1.0,2522,1.0,both,True,429756.0,Sst-IRES-Cre;Ai14-429756,F,P57,VISpm6a,795844058.0,SM-GE5PG_S003_E1-50,RSC-191,CS180626100050,Sst Nts,both,True,True,True,Sst,Sst,True,Sst
795865710,2523,PBS4_181214_505_A01,Pvalb Gpr149 Islr,55,#E62A5D,Core,1.0,2523,1.0,both,True,429613.0,Chrna2-Cre_OE25;Pvalb-T2A-FlpO;Ai65-429613,F,P57,VISp5,795865594.0,SM-GE5PG_S001_E1-50,RSC-191,CS180626100056,Pvalb Gpr149 Islr,both,True,True,True,Pvalb,Pvalb,True,Pvalb
795870832,2524,PFS4_181214_704_A01,Sst Esm1,45,#C11331,Core,1.0,2524,1.0,both,True,429750.0,Sst-IRES-Cre;Ai14-429750,M,P57,VISl5,795870805.0,SM-GE5PG_S007_E1-50,RSC-191,CS180626100046,Sst Esm1,both,True,True,True,Sst,Sst,True,Sst
796636728,2525,P1S4_181217_001_A01,Vip Crispld2 Htr2c,26,#882E81,I1,1.0,2525,1.0,both,True,431133.0,Vip-IRES-Cre;Ai14-431133,M,P53,VISp2/3,796636474.0,SM-GE5PG_S008_E1-50,RSC-191,CS180626100027,Vip Crispld2 Htr2c,both,True,True,True,Vip,Vip,True,Vip
796666943,2526,P1S4_181217_002_A01,Vip Chat Htr1f,24,#FF4DC1,Core,1.0,2526,1.0,both,True,431133.0,Vip-IRES-Cre;Ai14-431133,M,P53,VISp2/3,796666451.0,SM-GE5PG_S009_E1-50,RSC-191,CS180626100025,Vip Chat Htr1f,both,True,True,True,Vip,Vip,True,Vip
796696066,2527,PAS4_181217_451_A01,Vip Crispld2 Kcne4,27,#AD589A,Core,1.0,2527,1.0,both,True,431133.0,Vip-IRES-Cre;Ai14-431133,M,P53,VISp2/3,796695772.0,SM-GE5PG_S016_E1-50,RSC-191,CS180626100028,Vip Crispld2 Kcne4,both,True,True,True,Vip,Vip,True,Vip
796696588,2528,P1S4_181217_003_A01,Vip Chat Htr1f,24,#FF4DC1,Core,1.0,2528,1.0,both,True,431133.0,Vip-IRES-Cre;Ai14-431133,M,P53,VISp2/3,796696241.0,SM-GE5PG_S010_E1-50,RSC-191,CS180626100025,Vip Chat Htr1f,both,True,True,True,Vip,Vip,True,Vip
796729013,2529,P8S4_181217_352_A01,Sncg Vip Itih5,10,#6C00BF,I2,1.0,2529,1.0,both,True,430947.0,Ndnf-IRES2-dgCre;Ai14-430947,M,P54,VISp5,796728605.0,SM-GE5PG_S014_E1-50,RSC-191,CS180626100011,Sncg Vip Itih5,both,True,True,True,Sncg,Sncg,True,Sncg
796919010,2530,P8S4_181217_353_A01,Sncg Vip Itih5,10,#6C00BF,I1,1.0,2530,1.0,both,True,431562.0,Htr3a-Cre_NO152;Ai14-431562,M,P50,VISp4,796918642.0,SM-GE5PG_S015_E1-50,RSC-191,CS180626100011,Sncg Vip Itih5,both,True,True,True,Sncg,Sncg,True,Sncg
796950055,2531,P1S4_181217_004_A01,Vip Lmo1 Myl1,16,#9FAAFF,I2,1.0,2531,1.0,both,True,431562.0,Htr3a-Cre_NO152;Ai14-431562,M,P50,VISp2/3,796949493.0,SM-GE5PG_S011_E1-50,RSC-191,CS180626100020,Vip Lmo1 Myl1,both,True,True,True,Vip,Vip,True,Vip
797019459,2532,P1S4_181217_005_A01,Pvalb Tpbg,58,#AF3F64,Core,1.0,2532,1.0,both,True,431562.0,Htr3a-Cre_NO152;Ai14-431562,M,P50,VISp5,797019167.0,SM-GE5PG_S012_E1-50,RSC-191,CS180626100059,Pvalb Tpbg,both,True,True,True,Pvalb,Pvalb,True,Pvalb
797055346,2533,PFS4_181217_702_A01,Vip Lect1 Oxtr,22,#FF00B3,I2,1.0,2533,1.0,both,True,431562.0,Htr3a-Cre_NO152;Ai14-431562,M,P50,VISp2/3,797054957.0,SM-GE5PG_S024_E1-50,RSC-191,CS180626100023,Vip Lect1 Oxtr,both,True,True,True,Vip,Vip,True,Vip
797061939,2534,PES4_181217_651_A01,Vip Crispld2 Kcne4,27,#AD589A,I1,1.0,2534,1.0,both,True,431562.0,Htr3a-Cre_NO152;Ai14-431562,M,P50,VISp2/3,797061692.0,SM-GE5PG_S020_E1-50,RSC-191,CS180626100028,Vip Crispld2 Kcne4,both,True,True,True,Vip,Vip,True,Vip
797062169,2535,PAS4_181217_453_A01,Lamp5 Lsp1,5,#FFA388,Core,1.0,2535,1.0,both,True,431562.0,Htr3a-Cre_NO152;Ai14-431562,M,P50,VISp2/3,797061996.0,SM-GE5PG_S018_E1-50,RSC-191,CS180626100006,Lamp5 Lsp1,both,True,True,True,Lamp5,Lamp5,True,Lamp5
797113792,2536,PFS4_181217_704_A01,Lamp5 Lsp1,5,#FFA388,Core,1.0,2536,1.0,both,True,431562.0,Htr3a-Cre_NO152;Ai14-431562,M,P50,VISp6a,797113606.0,SM-GE5PG_S026_E1-50,RSC-191,CS180626100006,Lamp5 Lsp1,both,True,True,True,Lamp5,Lamp5,True,Lamp5
797153425,2537,PES4_181217_653_A01,Lamp5 Plch2 Dock5,4,#FF7290,I1,1.0,2537,1.0,both,True,431562.0,Htr3a-Cre_NO152;Ai14-431562,M,P50,VISp1,797153347.0,SM-GE5PG_S022_E1-50,RSC-191,CS180626100005,Lamp5 Plch2 Dock5,both,True,True,True,Lamp5,Lamp5,True,Lamp5
797571819,2538,P1S4_181218_001_A01,Vip Ptprt Pkp2,20,#FF00FF,I1,1.0,2538,1.0,both,True,431135.0,Vip-IRES-Cre;Ai14-431135,M,P54,VISp4,797571414.0,SM-GE5PG_S029_E1-50,RSC-191,CS180626100021,Vip Ptprt Pkp2,both,True,True,True,Vip,Vip,True,Vip
797652145,2539,PFS4_181218_701_A01,Vip Ptprt Pkp2,20,#FF00FF,Core,1.0,2539,1.0,both,True,431135.0,Vip-IRES-Cre;Ai14-431135,M,P54,VISp5,797651574.0,SM-GE5PG_S067_E1-50,RSC-191,CS180626100021,Vip Ptprt Pkp2,both,True,True,True,Vip,Vip,True,Vip
797664123,2540,PES4_181218_651_A01,Vip Chat Htr1f,24,#FF4DC1,Core,1.0,2540,1.0,both,True,431135.0,Vip-IRES-Cre;Ai14-431135,M,P54,VISl2/3,797664035.0,SM-GE5PG_S059_E1-50,RSC-191,CS180626100025,Vip Chat Htr1f,both,True,True,True,Vip,Vip,True,Vip
797680651,2541,P1S4_181218_002_A01,Vip Chat Htr1f,24,#FF4DC1,Core,1.0,2541,1.0,both,True,431135.0,Vip-IRES-Cre;Ai14-431135,M,P54,VISp2/3,797680455.0,SM-GE5PG_S030_E1-50,RSC-191,CS180626100025,Vip Chat Htr1f,both,True,True,True,Vip,Vip,True,Vip
797722932,2542,PFS4_181218_702_A01,Vip Crispld2 Kcne4,27,#AD589A,Core,1.0,2542,1.0,both,True,431135.0,Vip-IRES-Cre;Ai14-431135,M,P54,VISp2/3,797722090.0,SM-GE5PG_S068_E1-50,RSC-191,CS180626100028,Vip Crispld2 Kcne4,both,True,True,True,Vip,Vip,True,Vip
797740330,2543,PBS4_181218_501_A01,Vip Arhgap36 Hmcn1,18,#9189FF,I1,1.0,2543,1.0,both,True,431135.0,Vip-IRES-Cre;Ai14-431135,M,P54,VISp5,797739963.0,SM-GE5PG_S043_E1-50,RSC-191,CS180626100017,Vip Arhgap36 Hmcn1,both,True,True,True,Vip,Vip,True,Vip
797748111,2544,PAS4_181218_452_A01,Vip Rspo4 Rxfp1 Chat,21,#AF00E6,I1,1.0,2544,1.0,both,True,431135.0,Vip-IRES-Cre;Ai14-431135,M,P54,VISp2/3,797747654.0,SM-GE5PG_S038_E1-50,RSC-191,CS180626100022,Vip Rspo4 Rxfp1 Chat,both,True,True,True,Vip,Vip,True,Vip
797753852,2545,PES4_181218_652_A01,Vip Ptprt Pkp2,20,#FF00FF,I3,1.0,2545,1.0,both,True,431135.0,Vip-IRES-Cre;Ai14-431135,M,P54,VISp2/3,797753431.0,SM-GE5PG_S060_E1-50,RSC-191,CS180626100021,Vip Ptprt Pkp2,both,True,True,True,Vip,Vip,True,Vip
797771399,2546,PFS4_181218_703_A01,Vip Pygm C1ql1,25,#BD3D9A,I2,1.0,2546,1.0,both,True,431135.0,Vip-IRES-Cre;Ai14-431135,M,P54,VISl4,797770718.0,SM-GE5PG_S069_E1-50,RSC-191,CS180626100026,Vip Pygm C1ql1,both,True,True,True,Vip,Vip,True,Vip
799776604,2547,P8S4_181220_351_A01,Sncg Vip Nptx2,8,#9900B3,I1,1.0,2547,1.0,both,True,432548.0,Sncg-IRES2-FlpO-neo;Ai65F-432548,F,P49,VISp2/3,799775935.0,SM-GE5PG_S084_E1-50,RSC-191,CS180626100009,Sncg Vip Nptx2,both,True,True,True,Sncg,Sncg,True,Sncg
799782164,2548,P1S4_181220_001_A01,Sncg Vip Itih5,10,#6C00BF,Core,1.0,2548,1.0,both,True,432548.0,Sncg-IRES2-FlpO-neo;Ai65F-432548,F,P49,VISli5,799781779.0,SM-GE5PG_S081_E1-50,RSC-191,CS180626100011,Sncg Vip Itih5,both,True,True,True,Sncg,Sncg,True,Sncg
799826452,2549,P2S4_181220_051_A01,Sncg Vip Itih5,10,#6C00BF,Core,1.0,2549,1.0,both,True,432548.0,Sncg-IRES2-FlpO-neo;Ai65F-432548,F,P49,VISp2/3,799826127.0,SM-GE5PG_S083_E1-50,RSC-191,CS180626100011,Sncg Vip Itih5,both,True,True,True,Sncg,Sncg,True,Sncg
799837018,2550,P1S4_181220_002_A01,Sncg Vip Itih5,10,#6C00BF,I2,1.0,2550,1.0,both,True,432548.0,Sncg-IRES2-FlpO-neo;Ai65F-432548,F,P49,VISp2/3,799836679.0,SM-GE5PG_S082_E1-50,RSC-191,CS180626100011,Sncg Vip Itih5,both,True,True,True,Sncg,Sncg,True,Sncg
799851179,2551,P8S4_181220_353_A01,Sncg Vip Itih5,10,#6C00BF,Core,1.0,2551,1.0,both,True,432548.0,Sncg-IRES2-FlpO-neo;Ai65F-432548,F,P49,VISl5,799850079.0,SM-GE5PG_S086_E1-50,RSC-191,CS180626100011,Sncg Vip Itih5,both,True,True,True,Sncg,Sncg,True,Sncg
799870027,2552,PAS4_181220_451_A01,Lamp5 Fam19a1 Pax6,1,#FF88AD,I2,1.0,2552,1.0,both,True,432548.0,Sncg-IRES2-FlpO-neo;Ai65F-432548,F,P49,VISp2/3,799869852.0,SM-GE5PG_S087_E1-50,RSC-191,CS180626100002,Lamp5 Fam19a1 Pax6,both,True,True,True,Lamp5,Lamp5,True,Lamp5
800227438,2553,P8S4_181221_351_A01,Vip Crispld2 Kcne4,27,#AD589A,Core,1.0,2553,1.0,both,True,433538.0,Cck-IRES-Cre;Vip-IRES-FlpO;Ai65-433538,M,P48,VISp2/3,800227359.0,SM-GE5P3_S031_E1-50,RSC-192,CS180626100028,Vip Crispld2 Kcne4,both,True,True,True,Vip,Vip,True,Vip
800233598,2554,PBS4_181221_502_A01,Vip Chat Htr1f,24,#FF4DC1,I2,1.0,2554,1.0,both,True,433538.0,Cck-IRES-Cre;Vip-IRES-FlpO;Ai65-433538,M,P48,VISl2/3,800233570.0,SM-GE5P3_S038_E1-50,RSC-192,CS180626100025,Vip Chat Htr1f,both,True,True,True,Vip,Vip,True,Vip
800238310,2555,P8S4_181221_352_A01,Vip Crispld2 Kcne4,27,#AD589A,I1,1.0,2555,1.0,both,True,433538.0,Cck-IRES-Cre;Vip-IRES-FlpO;Ai65-433538,M,P48,VISp2/3,800238276.0,SM-GE5P3_S032_E1-50,RSC-192,CS180626100028,Vip Crispld2 Kcne4,both,True,True,True,Vip,Vip,True,Vip
800241734,2556,PFS4_181221_701_A01,Vip Chat Htr1f,24,#FF4DC1,I3,1.0,2556,1.0,both,True,433538.0,Cck-IRES-Cre;Vip-IRES-FlpO;Ai65-433538,M,P48,VISpor2/3,800241705.0,SM-GE5P3_S043_E1-50,RSC-192,CS180626100025,Vip Chat Htr1f,both,True,True,True,Vip,Vip,True,Vip
800245677,2557,PFS4_181221_702_A01,Vip Lmo1 Fam159b,15,#756FB3,I1,1.0,2557,1.0,both,True,433538.0,Cck-IRES-Cre;Vip-IRES-FlpO;Ai65-433538,M,P48,VISpor5,800245628.0,SM-GE5P3_S044_E1-50,RSC-192,CS180626100019,Vip Lmo1 Fam159b,both,True,True,True,Vip,Vip,True,Vip
800285940,2558,P8S4_181221_353_A01,Sncg Vip Itih5,10,#6C00BF,Core,1.0,2558,1.0,both,True,433542.0,Cck-IRES-Cre;Vip-IRES-FlpO;Ai65-433542,M,P48,VISp2/3,800285668.0,SM-GE5P3_S033_E1-50,RSC-192,CS180626100011,Sncg Vip Itih5,both,True,True,True,Sncg,Sncg,True,Sncg
800291796,2559,P1S4_181221_006_A01,Vip Chat Htr1f,24,#FF4DC1,I3,1.0,2559,1.0,both,True,433542.0,Cck-IRES-Cre;Vip-IRES-FlpO;Ai65-433542,M,P48,VISp2/3,800291575.0,SM-GE5P3_S030_E1-50,RSC-192,CS180626100025,Vip Chat Htr1f,both,True,True,True,Vip,Vip,True,Vip
800309884,2560,P8S4_181221_354_A01,Vip Crispld2 Htr2c,26,#882E81,I2,1.0,2560,1.0,both,True,433542.0,Cck-IRES-Cre;Vip-IRES-FlpO;Ai65-433542,M,P48,VISp2/3,800309857.0,SM-GE5P3_S034_E1-50,RSC-192,CS180626100028,Vip Crispld2 Kcne4,both,True,True,False,Vip,Vip,True,Vip
800315854,2561,PBS4_181221_503_A01,Serpinf1 Aqp5 Vip,12,#CA66FF,Core,1.0,2561,1.0,both,True,433542.0,Cck-IRES-Cre;Vip-IRES-FlpO;Ai65-433542,M,P48,VISp5,800315827.0,SM-GE5P3_S039_E1-50,RSC-192,CS180626100013,Serpinf1 Aqp5 Vip,both,True,True,True,Serpinf1,Serpinf1,True,Serpinf1
802366304,2562,PES4_181220_651_A01,Sncg Vip Nptx2,8,#9900B3,I2,1.0,2562,1.0,both,True,432548.0,Sncg-IRES2-FlpO-neo;Ai65F-432548,F,P49,VISp2/3,802366284.0,SM-GE5PG_S088_E1-50,RSC-191,CS180626100002,Lamp5 Fam19a1 Pax6,both,True,True,False,Sncg,Lamp5,False,Sncg
802368324,2563,P1S4_181221_002_A01,Vip Crispld2 Htr2c,26,#882E81,I2,1.0,2563,1.0,both,True,433538.0,Cck-IRES-Cre;Vip-IRES-FlpO;Ai65-433538,M,P48,VISp2/3,802368288.0,SM-GE5P3_S026_E1-50,RSC-192,CS180626100028,Vip Crispld2 Kcne4,both,True,True,False,Vip,Vip,True,Vip
802403087,2564,PBS4_181221_505_A01,Vip Crispld2 Kcne4,27,#AD589A,Core,1.0,2564,1.0,both,True,433542.0,Cck-IRES-Cre;Vip-IRES-FlpO;Ai65-433542,M,P48,VISp2/3,802403046.0,SM-GE5P3_S041_E1-50,RSC-192,CS180626100028,Vip Crispld2 Kcne4,both,True,True,True,Vip,Vip,True,Vip
802404053,2565,PBS4_181221_506_A01,Vip Col15a1 Pde1a,28,#AC3491,I1,1.0,2565,1.0,both,True,433542.0,Cck-IRES-Cre;Vip-IRES-FlpO;Ai65-433542,M,P48,VISp2/3,802403935.0,SM-GE5P3_S042_E1-50,RSC-192,CS180626100029,Vip Col15a1 Pde1a,both,True,True,True,Vip,Vip,True,Vip
802987298,2566,P1S4_190103_002_A01,Vip Crispld2 Kcne4,27,#AD589A,Core,1.0,2566,1.0,both,True,433569.0,Vip-IRES-Cre;Ai14-433569,M,P58,VISp2/3,802987185.0,SM-GE5P3_S047_E1-50,RSC-192,CS180626100028,Vip Crispld2 Kcne4,both,True,True,True,Vip,Vip,True,Vip
802993865,2567,P1S4_190103_003_A01,Vip Pygm C1ql1,25,#BD3D9A,Core,1.0,2567,1.0,both,True,433569.0,Vip-IRES-Cre;Ai14-433569,M,P58,VISp2/3,802993760.0,SM-GE5P3_S048_E1-50,RSC-192,CS180626100026,Vip Pygm C1ql1,both,True,True,True,Vip,Vip,True,Vip
803312598,2568,P8S4_190103_351_A01,Vip Lmo1 Myl1,16,#9FAAFF,Core,1.0,2568,1.0,both,True,433569.0,Vip-IRES-Cre;Ai14-433569,M,P58,VISp2/3,803312339.0,SM-GE5P3_S049_E1-50,RSC-192,CS180626100020,Vip Lmo1 Myl1,both,True,True,True,Vip,Vip,True,Vip
803384938,2569,PFS4_190104_701_A01,Sst Calb2 Pdlim5,34,#CC6D3D,Core,1.0,2569,1.0,both,True,434645.0,Sst-IRES-Cre;Ai14-434645,M,P55,VISp2/3,803384627.0,SM-GE5P3_S093_E1-50,RSC-192,CS180626100035,Sst Calb2 Pdlim5,both,True,True,True,Sst,Sst,True,Sst
803392236,2570,P1S4_190104_002_A01,Sst Tac1 Htr1d,31,#804811,I3,1.0,2570,1.0,both,True,434645.0,Sst-IRES-Cre;Ai14-434645,M,P55,VISp5,803391764.0,SM-GE5P3_S060_E1-50,RSC-192,CS180626100035,Sst Calb2 Pdlim5,both,True,True,False,Sst,Sst,True,Sst
803417493,2571,PAS4_190104_451_A01,Sst Rxfp1 Prdm8,48,#802600,Core,1.0,2571,1.0,both,True,434645.0,Sst-IRES-Cre;Ai14-434645,M,P55,VISp5,803417308.0,SM-GE5P3_S080_E1-50,RSC-192,CS180626100049,Sst Rxfp1 Prdm8,both,True,True,True,Sst,Sst,True,Sst
803439725,2572,P8S4_190104_352_A01,Sst Crhr2 Efemp1,43,#B95541,Core,1.0,2572,1.0,both,True,434645.0,Sst-IRES-Cre;Ai14-434645,M,P55,VISp6a,803439488.0,SM-GE5P3_S073_E1-50,RSC-192,CS180626100044,Sst Crhr2 Efemp1,both,True,True,True,Sst,Sst,True,Sst
803462246,2573,P8S4_190104_353_A01,Sst Crhr2 Efemp1,43,#B95541,Core,1.0,2573,1.0,both,True,434645.0,Sst-IRES-Cre;Ai14-434645,M,P55,VISp6a,803462069.0,SM-GE5P3_S074_E1-50,RSC-192,CS180626100044,Sst Crhr2 Efemp1,both,True,True,True,Sst,Sst,True,Sst
803462597,2574,PAS4_190104_452_A01,Sst Rxfp1 Prdm8,48,#802600,Core,1.0,2574,1.0,both,True,434645.0,Sst-IRES-Cre;Ai14-434645,M,P55,VISl6a,803462337.0,SM-GE5P3_S081_E1-50,RSC-192,CS180626100049,Sst Rxfp1 Prdm8,both,True,True,True,Sst,Sst,True,Sst
803472146,2575,PFS4_190104_702_A01,Sst Tac1 Htr1d,31,#804811,I2,1.0,2575,1.0,both,True,434645.0,Sst-IRES-Cre;Ai14-434645,M,P55,VISp4,803471932.0,SM-GE5P3_S094_E1-50,RSC-192,CS180626100032,Sst Tac1 Htr1d,both,True,True,True,Sst,Sst,True,Sst
803503492,2576,PES4_190104_651_A01,Pvalb Reln Itm2a,56,#E67A77,I1,1.0,2576,1.0,both,True,434653.0,Pvalb-IRES-Cre;Ai14-434653,M,P55,VISp4,803503294.0,SM-GE5P3_S090_E1-50,RSC-192,CS180626100058,Pvalb Reln Itm2a,both,True,True,True,Pvalb,Pvalb,True,Pvalb
803561499,2577,P8S4_190104_354_A01,Vip Col15a1 Pde1a,28,#AC3491,I2,1.0,2577,1.0,both,True,434336.0,Cck-IRES-Cre;Vip-IRES-FlpO;Ai65-434336,M,P55,VISp2/3,803561330.0,SM-GE5P3_S075_E1-50,RSC-192,CS180626100029,Vip Col15a1 Pde1a,both,True,True,True,Vip,Vip,True,Vip
803569205,2578,P1S4_190104_003_A01,Vip Chat Htr1f,24,#FF4DC1,Core,1.0,2578,1.0,both,True,434336.0,Cck-IRES-Cre;Vip-IRES-FlpO;Ai65-434336,M,P55,VISp2/3,803568936.0,SM-GE5P3_S061_E1-50,RSC-192,CS180626100025,Vip Chat Htr1f,both,True,True,True,Vip,Vip,True,Vip
803573834,2579,P8S4_190104_355_A01,Vip Ptprt Pkp2,20,#FF00FF,I2,1.0,2579,1.0,both,True,434336.0,Cck-IRES-Cre;Vip-IRES-FlpO;Ai65-434336,M,P55,VISp4,803573691.0,SM-GE5P3_S076_E1-50,RSC-192,CS180626100021,Vip Ptprt Pkp2,both,True,True,True,Vip,Vip,True,Vip
803577676,2580,PAS4_190104_453_A01,Vip Lmo1 Myl1,16,#9FAAFF,I1,1.0,2580,1.0,both,True,434336.0,Cck-IRES-Cre;Vip-IRES-FlpO;Ai65-434336,M,P55,VISp4,803577535.0,SM-GE5P3_S082_E1-50,RSC-192,CS180626100020,Vip Lmo1 Myl1,both,True,True,True,Vip,Vip,True,Vip
803582166,2581,P1S4_190104_004_A01,Vip Chat Htr1f,24,#FF4DC1,I1,1.0,2581,1.0,both,True,434336.0,Cck-IRES-Cre;Vip-IRES-FlpO;Ai65-434336,M,P55,VISp2/3,803581998.0,SM-GE5P3_S062_E1-50,RSC-192,CS180626100025,Vip Chat Htr1f,both,True,True,True,Vip,Vip,True,Vip
803582322,2582,PBS4_190104_503_A01,Pvalb Reln Itm2a,56,#E67A77,Core,1.0,2582,1.0,both,True,434653.0,Pvalb-IRES-Cre;Ai14-434653,M,P55,VISp5,803582200.0,SM-GE5P3_S087_E1-50,RSC-192,CS180626100058,Pvalb Reln Itm2a,both,True,True,True,Pvalb,Pvalb,True,Pvalb
803591738,2583,P8S4_190104_356_A01,Vip Igfbp4 Mab21l1,17,#533691,Core,1.0,2583,1.0,both,True,434336.0,Cck-IRES-Cre;Vip-IRES-FlpO;Ai65-434336,M,P55,VISp5,803591615.0,SM-GE5P3_S077_E1-50,RSC-192,CS180626100016,Vip Igfbp4 Mab21l1,both,True,True,True,Vip,Vip,True,Vip
803595339,2584,PAS4_190104_454_A01,Pvalb Th Sst,51,#FF2F7E,I1,1.0,2584,1.0,both,True,434644.0,Sst-IRES-Cre;Ai14-434644,M,P55,VISp6a,803595216.0,SM-GE5P3_S083_E1-50,RSC-192,CS180626100052,Pvalb Th Sst,both,True,True,True,Pvalb,Pvalb,True,Pvalb
803599821,2585,P8S4_190104_357_A01,Vip Lmo1 Myl1,16,#9FAAFF,Core,1.0,2585,1.0,both,True,434336.0,Cck-IRES-Cre;Vip-IRES-FlpO;Ai65-434336,M,P55,VISp4,803599761.0,SM-GE5P3_S078_E1-50,RSC-192,CS180626100020,Vip Lmo1 Myl1,both,True,True,True,Vip,Vip,True,Vip
803601234,2586,PBS4_190104_504_A01,Pvalb Reln Tac1,57,#D6221D,I2,1.0,2586,1.0,both,True,434653.0,Pvalb-IRES-Cre;Ai14-434653,M,P55,VISp5,803601172.0,SM-GE5P3_S088_E1-50,RSC-192,CS180626100059,Pvalb Tpbg,both,True,True,False,Pvalb,Pvalb,True,Pvalb
803602696,2587,PAS4_190104_455_A01,Sst Calb2 Necab1,33,#BF480D,I2,1.0,2587,1.0,both,True,434644.0,Sst-IRES-Cre;Ai14-434644,M,P55,VISp2/3,803602624.0,SM-GE5P3_S084_E1-50,RSC-192,CS180626100034,Sst Calb2 Necab1,both,True,True,True,Sst,Sst,True,Sst
803603965,2588,PFS4_190104_704_A01,Sst Rxfp1 Prdm8,48,#802600,Core,1.0,2588,1.0,both,True,434644.0,Sst-IRES-Cre;Ai14-434644,M,P55,VISp5,803603862.0,SM-GE5P3_S096_E1-50,RSC-192,CS180626100049,Sst Rxfp1 Prdm8,both,True,True,True,Sst,Sst,True,Sst
803605276,2589,PES4_190104_652_A01,Sst Crhr2 Efemp1,43,#B95541,I1,1.0,2589,1.0,both,True,434644.0,Sst-IRES-Cre;Ai14-434644,M,P55,VISp6a,803605160.0,SM-GE5P3_S091_E1-50,RSC-192,CS180626100044,Sst Crhr2 Efemp1,both,True,True,True,Sst,Sst,True,Sst
803609078,2590,PFS4_190104_705_A01,Sst Calb2 Pdlim5,34,#CC6D3D,I2,1.0,2590,1.0,both,True,434644.0,Sst-IRES-Cre;Ai14-434644,M,P55,VISp2/3,803609033.0,SM-GE5OW_S097_E1-50,RSC-193,CS180626100035,Sst Calb2 Pdlim5,both,True,True,True,Sst,Sst,True,Sst
803616879,2591,PBS4_190104_505_A01,Sst Hpse Cbln4,42,#806B19,I2,1.0,2591,1.0,both,True,434644.0,Sst-IRES-Cre;Ai14-434644,M,P55,VISp5,803616761.0,SM-GE5P3_S089_E1-50,RSC-192,CS180626100043,Sst Hpse Cbln4,both,True,True,True,Sst,Sst,True,Sst
803616943,2592,P8S4_190104_358_A01,Sst Calb2 Pdlim5,34,#CC6D3D,I1,1.0,2592,1.0,both,True,434644.0,Sst-IRES-Cre;Ai14-434644,M,P55,VISp2/3,803616907.0,SM-GE5P3_S079_E1-50,RSC-192,CS180626100035,Sst Calb2 Pdlim5,both,True,True,True,Sst,Sst,True,Sst
803620243,2593,PES4_190104_653_A01,Sst Calb2 Pdlim5,34,#CC6D3D,I1,1.0,2593,1.0,both,True,434644.0,Sst-IRES-Cre;Ai14-434644,M,P55,VISl4,803620166.0,SM-GE5P3_S092_E1-50,RSC-192,CS180626100035,Sst Calb2 Pdlim5,both,True,True,True,Sst,Sst,True,Sst
804780573,2594,P8S4_190107_351_A01,Sst Rxfp1 Prdm8,48,#802600,Core,1.0,2594,1.0,both,True,434646.0,Sst-IRES-Cre;Ai14-434646,M,P58,VISp5,804780392.0,SM-GE5OW_S101_E1-50,RSC-193,CS180626100049,Sst Rxfp1 Prdm8,both,True,True,True,Sst,Sst,True,Sst
804817611,2595,P8S4_190107_352_A01,Sst Calb2 Pdlim5,34,#CC6D3D,I1,1.0,2595,1.0,both,True,434646.0,Sst-IRES-Cre;Ai14-434646,M,P58,VISp5,804817532.0,SM-GE5OW_S102_E1-50,RSC-193,CS180626100035,Sst Calb2 Pdlim5,both,True,True,True,Sst,Sst,True,Sst
804838579,2596,PFS4_190107_701_A01,Sst Esm1,45,#C11331,I1,1.0,2596,1.0,both,True,434646.0,Sst-IRES-Cre;Ai14-434646,M,P58,VISp6a,804838449.0,SM-GE5OW_S110_E1-50,RSC-193,CS180626100046,Sst Esm1,both,True,True,True,Sst,Sst,True,Sst
804847087,2597,PAS4_190107_451_A01,Sst Hpse Cbln4,42,#806B19,Core,1.0,2597,1.0,both,True,434646.0,Sst-IRES-Cre;Ai14-434646,M,P58,VISp5,804846806.0,SM-GE5OW_S105_E1-50,RSC-193,CS180626100043,Sst Hpse Cbln4,both,True,True,True,Sst,Sst,True,Sst
804902647,2598,PFS4_190107_702_A01,Sst Chodl,29,#FFFF00,Core,1.0,2598,1.0,both,True,434646.0,Sst-IRES-Cre;Ai14-434646,M,P58,VISp6a,804902501.0,SM-GE5OW_S111_E1-50,RSC-193,CS180626100030,Sst Chodl,both,True,True,True,Sst,Sst,True,Sst
804957376,2599,PBS4_190107_501_A01,Sst Rxfp1 Prdm8,48,#802600,Core,1.0,2599,1.0,both,True,434646.0,Sst-IRES-Cre;Ai14-434646,M,P58,VISp5,804957306.0,SM-GE5OW_S107_E1-50,RSC-193,CS180626100049,Sst Rxfp1 Prdm8,both,True,True,True,Sst,Sst,True,Sst
804963913,2600,P1S4_190107_003_A01,Vip Crispld2 Kcne4,27,#AD589A,I2,1.0,2600,1.0,both,True,433574.0,Vip-IRES-Cre;Ai14-433574,F,P62,VISp2/3,804963882.0,SM-GE5OW_S099_E1-50,RSC-193,CS180626100028,Vip Crispld2 Kcne4,both,True,True,True,Vip,Vip,True,Vip
804968066,2601,PBS4_190107_502_A01,Sst Hpse Cbln4,42,#806B19,Core,1.0,2601,1.0,both,True,434646.0,Sst-IRES-Cre;Ai14-434646,M,P58,VISp2/3,804968029.0,SM-GE5OW_S108_E1-50,RSC-193,CS180626100043,Sst Hpse Cbln4,both,True,True,True,Sst,Sst,True,Sst
804974905,2602,PBS4_190107_503_A01,Sst Hpse Cbln4,42,#806B19,I2,1.0,2602,1.0,both,True,434646.0,Sst-IRES-Cre;Ai14-434646,M,P58,VISpl5,804974868.0,SM-GE5OW_S109_E1-50,RSC-193,CS180626100042,Sst Hpse Sema3c,both,True,True,False,Sst,Sst,True,Sst
804977021,2603,PFS4_190107_703_A01,Vip Ptprt Pkp2,20,#FF00FF,I1,1.0,2603,1.0,both,True,433574.0,Vip-IRES-Cre;Ai14-433574,F,P62,VISp2/3,804976960.0,SM-GE5OW_S112_E1-50,RSC-193,CS180626100021,Vip Ptprt Pkp2,both,True,True,True,Vip,Vip,True,Vip
804977071,2604,P8S4_190107_357_A01,Vip Ptprt Pkp2,20,#FF00FF,Core,1.0,2604,1.0,both,True,433574.0,Vip-IRES-Cre;Ai14-433574,F,P62,VISp2/3,804977040.0,SM-GE5OW_S104_E1-50,RSC-193,CS180626100021,Vip Ptprt Pkp2,both,True,True,True,Vip,Vip,True,Vip
805406478,2605,P1S4_190108_001_A01,Vip Chat Htr1f,24,#FF4DC1,I2,1.0,2605,1.0,both,True,434034.0,Gad2-IRES-Cre;Ai14-434034,F,P61,VISp2/3,805406191.0,SM-GE5OW_S118_E1-50,RSC-193,CS180626100013,Serpinf1 Aqp5 Vip,both,True,True,False,Vip,Serpinf1,False,Vip
805486350,2606,PFS4_190108_702_A01,Sst Tac1 Htr1d,31,#804811,Core,1.0,2606,1.0,both,True,434034.0,Gad2-IRES-Cre;Ai14-434034,F,P61,VISp5,805486101.0,SM-GE5OW_S156_E1-50,RSC-193,CS180626100032,Sst Tac1 Htr1d,both,True,True,True,Sst,Sst,True,Sst
805508553,2607,P1S4_190108_002_A01,Pvalb Reln Itm2a,56,#E67A77,Core,1.0,2607,1.0,both,True,434034.0,Gad2-IRES-Cre;Ai14-434034,F,P61,VISp4,805508163.0,SM-GE5OW_S119_E1-50,RSC-193,CS180626100058,Pvalb Reln Itm2a,both,True,True,True,Pvalb,Pvalb,True,Pvalb
805516815,2608,P8S4_190108_351_A01,Sst Crhr2 Efemp1,43,#B95541,Core,1.0,2608,1.0,both,True,434034.0,Gad2-IRES-Cre;Ai14-434034,F,P61,VISp6a,805516641.0,SM-GE5OW_S124_E1-50,RSC-193,CS180626100044,Sst Crhr2 Efemp1,both,True,True,True,Sst,Sst,True,Sst
805522589,2609,PFS4_190108_703_A01,Sst Hpse Cbln4,42,#806B19,Core,1.0,2609,1.0,both,True,434034.0,Gad2-IRES-Cre;Ai14-434034,F,P61,VISp5,805522323.0,SM-GE5OW_S157_E1-50,RSC-193,CS180626100043,Sst Hpse Cbln4,both,True,True,True,Sst,Sst,True,Sst
805548370,2610,PFS4_190108_704_A01,Sst Hpse Cbln4,42,#806B19,Core,1.0,2610,1.0,both,True,434034.0,Gad2-IRES-Cre;Ai14-434034,F,P61,VISp5,805548177.0,SM-GE5OW_S158_E1-50,RSC-193,CS180626100043,Sst Hpse Cbln4,both,True,True,True,Sst,Sst,True,Sst
805548626,2611,PAS4_190108_451_A01,Sst Crhr2 Efemp1,43,#B95541,Core,1.0,2611,1.0,both,True,434034.0,Gad2-IRES-Cre;Ai14-434034,F,P61,VISp6a,805548478.0,SM-GE5OW_S136_E1-50,RSC-193,CS180626100044,Sst Crhr2 Efemp1,both,True,True,True,Sst,Sst,True,Sst
805584825,2612,P1S4_190107_001_A01,Sst Calb2 Pdlim5,34,#CC6D3D,I1,1.0,2612,1.0,both,True,434646.0,Sst-IRES-Cre;Ai14-434646,M,P58,VISp5,805584632.0,SM-GE5OW_S098_E1-50,RSC-193,CS180626100035,Sst Calb2 Pdlim5,both,True,True,True,Sst,Sst,True,Sst
805587743,2613,P1S4_190107_004_A01,Vip Crispld2 Kcne4,27,#AD589A,Core,1.0,2613,1.0,both,True,433574.0,Vip-IRES-Cre;Ai14-433574,F,P62,VISp4,805587603.0,SM-GE5OW_S100_E1-50,RSC-193,CS180626100028,Vip Crispld2 Kcne4,both,True,True,True,Vip,Vip,True,Vip
805589713,2614,PES4_190108_651_A01,Sst Hpse Sema3c,41,#BF9F00,I1,1.0,2614,1.0,both,True,434647.0,Sst-IRES-Cre;Ai14-434647,F,P59,VISp6a,805589460.0,SM-GE5OW_S145_E1-50,RSC-193,,,both,True,False,,Sst,,,Sst
805603173,2615,P1S4_190108_003_A01,Sst Tac1 Htr1d,31,#804811,I2,1.0,2615,1.0,both,True,434647.0,Sst-IRES-Cre;Ai14-434647,F,P59,VISp2/3,805603057.0,SM-GE5OW_S120_E1-50,RSC-193,CS180626100032,Sst Tac1 Htr1d,both,True,True,True,Sst,Sst,True,Sst
805619463,2616,P8S4_190108_352_A01,Sst Calb2 Necab1,33,#BF480D,I2,1.0,2616,1.0,both,True,434647.0,Sst-IRES-Cre;Ai14-434647,F,P59,VISp5,805619440.0,SM-GE5OW_S125_E1-50,RSC-193,CS180626100034,Sst Calb2 Necab1,both,True,True,True,Sst,Sst,True,Sst
805619519,2617,P1S4_190108_004_A01,Sst Tac1 Htr1d,31,#804811,I2,1.0,2617,1.0,both,True,434647.0,Sst-IRES-Cre;Ai14-434647,F,P59,VISp4,805619491.0,SM-GE5OW_S121_E1-50,RSC-193,CS180626100033,Sst Tac1 Tacr3,both,True,True,False,Sst,Sst,True,Sst
805625255,2618,PES4_190108_653_A01,Sst Hpse Cbln4,42,#806B19,Core,1.0,2618,1.0,both,True,434647.0,Sst-IRES-Cre;Ai14-434647,F,P59,VISp5,805625218.0,SM-GE5OW_S147_E1-50,RSC-193,CS180626100043,Sst Hpse Cbln4,both,True,True,True,Sst,Sst,True,Sst
805633762,2619,PAS4_190108_452_A01,Sst Hpse Cbln4,42,#806B19,Core,1.0,2619,1.0,both,True,434647.0,Sst-IRES-Cre;Ai14-434647,F,P59,VISp5,805633735.0,SM-GE5OW_S137_E1-50,RSC-193,CS180626100043,Sst Hpse Cbln4,both,True,True,True,Sst,Sst,True,Sst
805636186,2620,PFS4_190108_705_A01,Sst Rxfp1 Prdm8,48,#802600,Core,1.0,2620,1.0,both,True,434647.0,Sst-IRES-Cre;Ai14-434647,F,P59,VISp6a,805636123.0,SM-GE5OW_S159_E1-50,RSC-193,CS180626100049,Sst Rxfp1 Prdm8,both,True,True,True,Sst,Sst,True,Sst
805639828,2621,P8S4_190108_353_A01,Sst Crhr2 Efemp1,43,#B95541,Core,1.0,2621,1.0,both,True,434647.0,Sst-IRES-Cre;Ai14-434647,F,P59,VISp6a,805639794.0,SM-GE5OW_S126_E1-50,RSC-193,CS180626100044,Sst Crhr2 Efemp1,both,True,True,True,Sst,Sst,True,Sst
805641992,2622,PFS4_190108_706_A01,Sst Crh 4930553C11Rik ,44,#C77767,I1,1.0,2622,1.0,both,True,434647.0,Sst-IRES-Cre;Ai14-434647,F,P59,VISp6a,805641966.0,SM-GE5OW_S160_E1-50,RSC-193,CS180626100045,Sst Crh 4930553C11Rik ,both,True,True,True,Sst,Sst,True,Sst
805642715,2623,P8S4_190108_354_A01,Sst Hpse Cbln4,42,#806B19,Core,1.0,2623,1.0,both,True,434647.0,Sst-IRES-Cre;Ai14-434647,F,P59,VISp4,805642688.0,SM-GE5OW_S127_E1-50,RSC-193,CS180626100043,Sst Hpse Cbln4,both,True,True,True,Sst,Sst,True,Sst
805644302,2624,PAS4_190108_453_A01,Sst Calb2 Pdlim5,34,#CC6D3D,Core,1.0,2624,1.0,both,True,434647.0,Sst-IRES-Cre;Ai14-434647,F,P59,VISp2/3,805644264.0,SM-GE5OW_S138_E1-50,RSC-193,CS180626100035,Sst Calb2 Pdlim5,both,True,True,True,Sst,Sst,True,Sst
805657479,2625,PFS4_190108_707_A01,Sst Crhr2 Efemp1,43,#B95541,Core,1.0,2625,1.0,both,True,434647.0,Sst-IRES-Cre;Ai14-434647,F,P59,VISp5,805657449.0,SM-GE5OW_S161_E1-50,RSC-193,CS180626100044,Sst Crhr2 Efemp1,both,True,True,True,Sst,Sst,True,Sst
805657520,2626,P8S4_190108_355_A01,Vip Lmo1 Fam159b,15,#756FB3,Core,1.0,2626,1.0,both,True,435635.0,Vip-IRES-Cre;Ai14-435635,M,P52,VISpor5,805657497.0,SM-GE5OW_S128_E1-50,RSC-193,CS180626100019,Vip Lmo1 Fam159b,both,True,True,True,Vip,Vip,True,Vip
805672040,2627,P8S4_190108_356_A01,Vip Arhgap36 Hmcn1,18,#9189FF,I1,1.0,2627,1.0,both,True,435635.0,Vip-IRES-Cre;Ai14-435635,M,P52,VISp5,805672005.0,SM-GE5OW_S129_E1-50,RSC-193,CS180626100017,Vip Arhgap36 Hmcn1,both,True,True,True,Vip,Vip,True,Vip
805697399,2628,PFS4_190108_708_A01,Vip Lmo1 Myl1,16,#9FAAFF,I1,1.0,2628,1.0,both,True,435635.0,Vip-IRES-Cre;Ai14-435635,M,P52,VISp4,805697352.0,SM-GE5OW_S162_E1-50,RSC-193,CS180626100020,Vip Lmo1 Myl1,both,True,True,True,Vip,Vip,True,Vip
806658494,2629,P8S4_190110_351_A01,Sst Hpse Cbln4,42,#806B19,I2,1.0,2629,1.0,both,True,434648.0,Sst-IRES-Cre;Ai14-434648,F,P61,VISp5,806658328.0,SM-GE5OW_S177_E1-50,RSC-193,CS180626100043,Sst Hpse Cbln4,both,True,True,True,Sst,Sst,True,Sst
806658697,2630,PAS4_190110_451_A01,Sst Calb2 Necab1,33,#BF480D,I2,1.0,2630,1.0,both,True,434648.0,Sst-IRES-Cre;Ai14-434648,F,P61,VISp5,806658546.0,SM-GE5OW_S179_E1-50,RSC-193,CS180626100034,Sst Calb2 Necab1,both,True,True,True,Sst,Sst,True,Sst
806725741,2631,PFS4_190110_701_A01,Sst Rxfp1 Eya1,47,#994C00,Core,1.0,2631,1.0,both,True,434648.0,Sst-IRES-Cre;Ai14-434648,F,P61,VISp5,806725617.0,SM-GE5OW_S184_E1-50,RSC-193,CS180626100048,Sst Rxfp1 Eya1,both,True,True,True,Sst,Sst,True,Sst
806821103,2632,P8S4_190110_352_A01,Sst Crh 4930553C11Rik ,44,#C77767,I2,1.0,2632,1.0,both,True,435566.0,Sst-IRES-Cre;Ai14-435566,M,P55,VISp6a,806821078.0,SM-GE5OW_S178_E1-50,RSC-193,CS180626100045,Sst Crh 4930553C11Rik ,both,True,True,True,Sst,Sst,True,Sst
806821846,2633,PFS4_190110_702_A01,Pvalb Tpbg,58,#AF3F64,Core,1.0,2633,1.0,both,True,434760.0,Pvalb-IRES-Cre;Ai14-434760,F,P59,VISl5,806821821.0,SM-GE5OW_S185_E1-50,RSC-193,CS180626100059,Pvalb Tpbg,both,True,True,True,Pvalb,Pvalb,True,Pvalb
806821885,2634,PAS4_190110_452_A01,Pvalb Sema3e Kank4,54,#C94545,I1,1.0,2634,1.0,both,True,434760.0,Pvalb-IRES-Cre;Ai14-434760,F,P59,VISp6a,806821863.0,SM-GE5OW_S180_E1-50,RSC-193,CS180626100055,Pvalb Sema3e Kank4,both,True,True,True,Pvalb,Pvalb,True,Pvalb
806822616,2635,P1S4_190110_001_A01,Sst Calb2 Pdlim5,34,#CC6D3D,I1,1.0,2635,1.0,both,True,435566.0,Sst-IRES-Cre;Ai14-435566,M,P55,VISp5,806822592.0,SM-GE5OW_S166_E1-50,RSC-193,CS180626100035,Sst Calb2 Pdlim5,both,True,True,True,Sst,Sst,True,Sst
806827062,2636,PES4_190110_651_A01,Sst Calb2 Pdlim5,34,#CC6D3D,I1,1.0,2636,1.0,both,True,435566.0,Sst-IRES-Cre;Ai14-435566,M,P55,VISp2/3,806827039.0,SM-GE5OW_S182_E1-50,RSC-193,CS180626100035,Sst Calb2 Pdlim5,both,True,True,True,Sst,Sst,True,Sst
806828813,2637,PFS4_190110_703_A01,Pvalb Reln Itm2a,56,#E67A77,Core,1.0,2637,1.0,both,True,434760.0,Pvalb-IRES-Cre;Ai14-434760,F,P59,VISl5,806828787.0,SM-GE5OW_S186_E1-50,RSC-193,CS180626100058,Pvalb Reln Itm2a,both,True,True,True,Pvalb,Pvalb,True,Pvalb
806835868,2638,P2S4_190110_051_A01,Pvalb Reln Itm2a,56,#E67A77,Core,1.0,2638,1.0,both,True,434760.0,Pvalb-IRES-Cre;Ai14-434760,F,P59,VISp5,806835846.0,SM-GE5OW_S167_E1-50,RSC-193,CS180626100058,Pvalb Reln Itm2a,both,True,True,True,Pvalb,Pvalb,True,Pvalb
806842472,2639,P2S4_190110_052_A01,Pvalb Sema3e Kank4,54,#C94545,Core,1.0,2639,1.0,both,True,434760.0,Pvalb-IRES-Cre;Ai14-434760,F,P59,VISp6a,806842450.0,SM-GE5OW_S168_E1-50,RSC-193,CS180626100055,Pvalb Sema3e Kank4,both,True,True,True,Pvalb,Pvalb,True,Pvalb
806844075,2640,PES4_190110_652_A01,Pvalb Gabrg1,50,#ED4C50,Core,1.0,2640,1.0,both,True,435566.0,Sst-IRES-Cre;Ai14-435566,M,P55,VISp6a,806844047.0,SM-GE5OW_S183_E1-50,RSC-193,CS180626100051,Pvalb Gabrg1,both,True,True,True,Pvalb,Pvalb,True,Pvalb
806853844,2641,PAS4_190110_453_A01,Sst Tac2 Tacstd2,46,#BF8219,Core,1.0,2641,1.0,both,True,435566.0,Sst-IRES-Cre;Ai14-435566,M,P55,VISp5,806853820.0,SM-GE5OW_S181_E1-50,RSC-193,CS180626100047,Sst Tac2 Tacstd2,both,True,True,True,Sst,Sst,True,Sst
807563351,2642,PAS4_190111_456_A01,Vip Igfbp4 Mab21l1,17,#533691,I1,1.0,2642,1.0,both,True,435637.0,Vip-IRES-Cre;Ai14-435637,F,P55,VISpor4,807563264.0,SM-GE5OM_S058_E1-50,RSC-194,CS180626100016,Vip Igfbp4 Mab21l1,both,True,True,True,Vip,Vip,True,Vip
807633551,2643,P2S4_190111_053_A01,Sst Myh8 Fibin,38,#FF8011,Core,1.0,2643,1.0,both,True,435570.0,Sst-IRES-Cre;Ai14-435570,M,P56,VISp6a,807633420.0,SM-GE5OM_S043_E1-50,RSC-194,CS180626100038,Sst Myh8 Fibin,both,True,True,True,Sst,Sst,True,Sst
808237844,2644,PES4_190114_651_A01,Sst Tac2 Tacstd2,46,#BF8219,I2,1.0,2644,1.0,both,True,436143.0,Crh-IRES-Cre_ZJH;Sst-IRES-FlpO;Ai65-436143,F,P56,VISpm6a,808237222.0,SM-GE5OM_S090_E1-50,RSC-194,CS180626100047,Sst Tac2 Tacstd2,both,True,True,True,Sst,Sst,True,Sst
808279213,2645,PES4_190114_652_A01,Sst Esm1,45,#C11331,Core,1.0,2645,1.0,both,True,436143.0,Crh-IRES-Cre_ZJH;Sst-IRES-FlpO;Ai65-436143,F,P56,VISal6a,808279022.0,SM-GE5OM_S091_E1-50,RSC-194,CS180626100046,Sst Esm1,both,True,True,True,Sst,Sst,True,Sst
808285808,2646,P2S4_190114_051_A01,Sst Rxfp1 Eya1,47,#994C00,Core,1.0,2646,1.0,both,True,436143.0,Crh-IRES-Cre_ZJH;Sst-IRES-FlpO;Ai65-436143,F,P56,VISp6a,808285483.0,SM-GE5OM_S075_E1-50,RSC-194,CS180626100048,Sst Rxfp1 Eya1,both,True,True,True,Sst,Sst,True,Sst
808293710,2647,P8S4_190114_351_A01,Sst Rxfp1 Eya1,47,#994C00,Core,1.0,2647,1.0,both,True,436143.0,Crh-IRES-Cre_ZJH;Sst-IRES-FlpO;Ai65-436143,F,P56,VISp5,808293243.0,SM-GE5OM_S080_E1-50,RSC-194,CS180626100048,Sst Rxfp1 Eya1,both,True,True,True,Sst,Sst,True,Sst
808336603,2648,P2S4_190114_052_A01,Sst Rxfp1 Eya1,47,#994C00,Core,1.0,2648,1.0,both,True,436143.0,Crh-IRES-Cre_ZJH;Sst-IRES-FlpO;Ai65-436143,F,P56,VISp6a,808336360.0,SM-GE5OM_S076_E1-50,RSC-194,CS180626100048,Sst Rxfp1 Eya1,both,True,True,True,Sst,Sst,True,Sst
808402099,2649,P8S4_190114_352_A01,Pvalb Reln Itm2a,56,#E67A77,Core,1.0,2649,1.0,both,True,436293.0,Pvalb-IRES-Cre;Ai14-436293,M,P55,VISp5,808401855.0,SM-GE5OM_S081_E1-50,RSC-194,CS180626100058,Pvalb Reln Itm2a,both,True,True,True,Pvalb,Pvalb,True,Pvalb
808418178,2650,P8S4_190114_353_A01,Pvalb Reln Itm2a,56,#E67A77,Core,1.0,2650,1.0,both,True,436293.0,Pvalb-IRES-Cre;Ai14-436293,M,P55,VISp5,808418026.0,SM-GE5OM_S082_E1-50,RSC-194,CS180626100058,Pvalb Reln Itm2a,both,True,True,True,Pvalb,Pvalb,True,Pvalb
808445433,2651,P8S4_190114_354_A01,Pvalb Reln Itm2a,56,#E67A77,Core,1.0,2651,1.0,both,True,436293.0,Pvalb-IRES-Cre;Ai14-436293,M,P55,VISp4,808445289.0,SM-GE5OM_S083_E1-50,RSC-194,CS180626100058,Pvalb Reln Itm2a,both,True,True,True,Pvalb,Pvalb,True,Pvalb
808475329,2652,P2S4_190114_053_A01,Pvalb Reln Itm2a,56,#E67A77,Core,1.0,2652,1.0,both,True,436293.0,Pvalb-IRES-Cre;Ai14-436293,M,P55,VISp5,808475210.0,SM-GE5OM_S077_E1-50,RSC-194,CS180626100058,Pvalb Reln Itm2a,both,True,True,True,Pvalb,Pvalb,True,Pvalb
808479620,2653,PBS4_190114_503_A01,Pvalb Reln Itm2a,56,#E67A77,Core,1.0,2653,1.0,both,True,436293.0,Pvalb-IRES-Cre;Ai14-436293,M,P55,VISp5,808479440.0,SM-GE5OM_S088_E1-50,RSC-194,CS180626100058,Pvalb Reln Itm2a,both,True,True,True,Pvalb,Pvalb,True,Pvalb
808486121,2654,PFS4_190114_701_A01,Sst Esm1,45,#C11331,Core,1.0,2654,1.0,both,True,436102.0,Sst-IRES-Cre;Ai14-436102,M,P56,VISp5,808486009.0,SM-GE5OM_S093_E1-50,RSC-194,CS180626100046,Sst Esm1,both,True,True,True,Sst,Sst,True,Sst
808529175,2655,P2S4_190114_054_A01,Sst Chodl,29,#FFFF00,Core,1.0,2655,1.0,both,True,436102.0,Sst-IRES-Cre;Ai14-436102,M,P56,VISp6a,808529063.0,SM-GE5OM_S078_E1-50,RSC-194,CS180626100030,Sst Chodl,both,True,True,True,Sst,Sst,True,Sst
808535692,2656,P8S4_190114_356_A01,Sst Esm1,45,#C11331,Core,1.0,2656,1.0,both,True,436102.0,Sst-IRES-Cre;Ai14-436102,M,P56,VISp6a,808535578.0,SM-GE5OM_S085_E1-50,RSC-194,CS180626100046,Sst Esm1,both,True,True,True,Sst,Sst,True,Sst
808537562,2657,PFS4_190114_702_A01,Sst Calb2 Pdlim5,34,#CC6D3D,I2,1.0,2657,1.0,both,True,436102.0,Sst-IRES-Cre;Ai14-436102,M,P56,VISl5,808537497.0,SM-GE5OM_S094_E1-50,RSC-194,CS180626100035,Sst Calb2 Pdlim5,both,True,True,True,Sst,Sst,True,Sst
808547003,2658,PBS4_190114_504_A01,Sst Rxfp1 Eya1,47,#994C00,Core,1.0,2658,1.0,both,True,436102.0,Sst-IRES-Cre;Ai14-436102,M,P56,VISp6a,808546886.0,SM-GE5OM_S089_E1-50,RSC-194,CS180626100048,Sst Rxfp1 Eya1,both,True,True,True,Sst,Sst,True,Sst
808547132,2659,P2S4_190114_055_A01,Sst Crhr2 Efemp1,43,#B95541,Core,1.0,2659,1.0,both,True,436102.0,Sst-IRES-Cre;Ai14-436102,M,P56,VISp6a,808547077.0,SM-GE5OM_S079_E1-50,RSC-194,CS180626100044,Sst Crhr2 Efemp1,both,True,True,True,Sst,Sst,True,Sst
808824183,2660,P8S4_190115_351_A01,Sst Tac2 Tacstd2,46,#BF8219,Core,1.0,2660,1.0,both,True,437007.0,Sst-IRES-Cre;Ai14-437007,M,P54,VISp5,808823993.0,SM-GE5OS_S131_E1-50,RSC-194,CS180626100047,Sst Tac2 Tacstd2,both,True,True,True,Sst,Sst,True,Sst
808846919,2661,PFS4_190115_701_A01,Sst Esm1,45,#C11331,Core,1.0,2661,1.0,both,True,437007.0,Sst-IRES-Cre;Ai14-437007,M,P54,VISp6a,808846388.0,SM-GE5OS_S148_E1-50,RSC-194,CS180626100046,Sst Esm1,both,True,True,True,Sst,Sst,True,Sst
808859562,2662,P8S4_190115_352_A01,Sst Chodl,29,#FFFF00,Core,1.0,2662,1.0,both,True,437007.0,Sst-IRES-Cre;Ai14-437007,M,P54,VISp6a,808859264.0,SM-GE5OS_S132_E1-50,RSC-194,CS180626100030,Sst Chodl,both,True,True,True,Sst,Sst,True,Sst
808867430,2663,PBS4_190115_501_A01,Pvalb Tpbg,58,#AF3F64,Core,1.0,2663,1.0,both,True,437007.0,Sst-IRES-Cre;Ai14-437007,M,P54,VISp2/3,808867111.0,SM-GE5OS_S141_E1-50,RSC-194,CS180626100059,Pvalb Tpbg,both,True,True,True,Pvalb,Pvalb,True,Pvalb
808875776,2664,P1S4_190115_002_A01,Sst Hpse Sema3c,41,#BF9F00,Core,1.0,2664,1.0,both,True,437007.0,Sst-IRES-Cre;Ai14-437007,M,P54,VISp5,808875463.0,SM-GE5OS_S127_E1-50,RSC-194,CS180626100042,Sst Hpse Sema3c,both,True,True,True,Sst,Sst,True,Sst
808882292,2665,PFS4_190115_702_A01,Sst Esm1,45,#C11331,Core,1.0,2665,1.0,both,True,437007.0,Sst-IRES-Cre;Ai14-437007,M,P54,VISp6a,808882067.0,SM-GE5OS_S149_E1-50,RSC-194,CS180626100046,Sst Esm1,both,True,True,True,Sst,Sst,True,Sst
808916170,2666,PFS4_190115_703_A01,Sst Esm1,45,#C11331,I1,1.0,2666,1.0,both,True,437007.0,Sst-IRES-Cre;Ai14-437007,M,P54,VISl5,808915626.0,SM-GE5OS_S150_E1-50,RSC-194,CS180626100046,Sst Esm1,both,True,True,True,Sst,Sst,True,Sst
808972734,2667,PES4_190115_651_A01,Pvalb Sema3e Kank4,54,#C94545,I1,1.0,2667,1.0,both,True,436295.0,Pvalb-IRES-Cre;Ai14-436295,M,P56,VISl6a,808972483.0,SM-GE5OS_S143_E1-50,RSC-194,CS180626100055,Pvalb Sema3e Kank4,both,True,True,True,Pvalb,Pvalb,True,Pvalb
809006343,2668,PES4_190115_652_A01,Pvalb Tpbg,58,#AF3F64,I1,1.0,2668,1.0,both,True,436295.0,Pvalb-IRES-Cre;Ai14-436295,M,P56,VISp2/3,809006068.0,SM-GE5OS_S144_E1-50,RSC-194,CS180626100059,Pvalb Tpbg,both,True,True,True,Pvalb,Pvalb,True,Pvalb
809034199,2669,PBS4_190115_502_A01,Pvalb Reln Itm2a,56,#E67A77,Core,1.0,2669,1.0,both,True,437007.0,Sst-IRES-Cre;Ai14-437007,M,P54,VISp5,809033783.0,SM-GE5OS_S142_E1-50,RSC-194,CS180626100058,Pvalb Reln Itm2a,both,True,True,True,Pvalb,Pvalb,True,Pvalb
809037900,2670,P1S4_190115_004_A01,Sst Calb2 Pdlim5,34,#CC6D3D,I2,1.0,2670,1.0,both,True,436104.0,Sst-IRES-Cre;Ai14-436104,M,P57,VISp5,809037630.0,SM-GE5OS_S129_E1-50,RSC-194,CS180626100034,Sst Calb2 Necab1,both,True,True,False,Sst,Sst,True,Sst
809059366,2671,PFS4_190115_704_A01,Pvalb Tpbg,58,#AF3F64,I1,1.0,2671,1.0,both,True,436295.0,Pvalb-IRES-Cre;Ai14-436295,M,P56,VISp5,809059165.0,SM-GE5OS_S151_E1-50,RSC-194,CS180626100059,Pvalb Tpbg,both,True,True,True,Pvalb,Pvalb,True,Pvalb
809088673,2672,PAS4_190115_452_A01,Sst Rxfp1 Eya1,47,#994C00,Core,1.0,2672,1.0,both,True,436104.0,Sst-IRES-Cre;Ai14-436104,M,P57,VISp5,809088652.0,SM-GE5OS_S138_E1-50,RSC-194,CS180626100048,Sst Rxfp1 Eya1,both,True,True,True,Sst,Sst,True,Sst
809091190,2673,P8S4_190115_354_A01,Pvalb Sema3e Kank4,54,#C94545,Core,1.0,2673,1.0,both,True,437074.0,Vipr2-IRES2-Cre;Pvalb-T2A-FlpO;Ai65-437074,M,P53,VISp6a,809091072.0,SM-GE5OS_S134_E1-50,RSC-194,CS180626100055,Pvalb Sema3e Kank4,both,True,True,True,Pvalb,Pvalb,True,Pvalb
809102827,2674,PAS4_190115_453_A01,Sst Chodl,29,#FFFF00,Core,1.0,2674,1.0,both,True,436104.0,Sst-IRES-Cre;Ai14-436104,M,P57,VISp5,809102791.0,SM-GE5OS_S139_E1-50,RSC-194,CS180626100030,Sst Chodl,both,True,True,True,Sst,Sst,True,Sst
809105260,2675,PFS4_190115_705_A01,Pvalb Vipr2,59,#FF197F,Core,1.0,2675,1.0,both,True,437074.0,Vipr2-IRES2-Cre;Pvalb-T2A-FlpO;Ai65-437074,M,P53,VISpor2/3,809105222.0,SM-GE5OS_S152_E1-50,RSC-194,CS180626100060,Pvalb Vipr2,both,True,True,True,Pvalb,Pvalb,True,Pvalb
809106828,2676,P8S4_190115_355_A01,Sst Hpse Cbln4,42,#806B19,Core,1.0,2676,1.0,both,True,436104.0,Sst-IRES-Cre;Ai14-436104,M,P57,VISp5,809106805.0,SM-GE5OS_S135_E1-50,RSC-194,CS180626100043,Sst Hpse Cbln4,both,True,True,True,Sst,Sst,True,Sst
809110485,2677,PAS4_190115_454_A01,Sst Crhr2 Efemp1,43,#B95541,I1,1.0,2677,1.0,both,True,436104.0,Sst-IRES-Cre;Ai14-436104,M,P57,VISp5,809110426.0,SM-GE5OS_S140_E1-50,RSC-194,CS180626100043,Sst Hpse Cbln4,both,True,True,False,Sst,Sst,True,Sst
809113087,2678,P8S4_190115_356_A01,Sst Nr2f2 Necab1,35,#FFDF11,Core,1.0,2678,1.0,both,True,436104.0,Sst-IRES-Cre;Ai14-436104,M,P57,VISp5,809113039.0,SM-GE5OS_S136_E1-50,RSC-194,CS180626100036,Sst Nr2f2 Necab1,both,True,True,True,Sst,Sst,True,Sst
809113130,2679,PES4_190115_655_A01,Pvalb Tpbg,58,#AF3F64,Core,1.0,2679,1.0,both,True,437074.0,Vipr2-IRES2-Cre;Pvalb-T2A-FlpO;Ai65-437074,M,P53,VISl5,809113104.0,SM-GE5OS_S147_E1-50,RSC-194,CS180626100059,Pvalb Tpbg,both,True,True,True,Pvalb,Pvalb,True,Pvalb
809332492,2680,P1S4_190115_003_A01,Sst Hpse Cbln4,42,#806B19,Core,1.0,2680,1.0,both,True,437007.0,Sst-IRES-Cre;Ai14-437007,M,P54,VISp5,809332465.0,SM-GE5OS_S128_E1-50,RSC-194,CS180626100043,Sst Hpse Cbln4,both,True,True,True,Sst,Sst,True,Sst
809338969,2681,P1S4_190115_005_A01,Sst Calb2 Pdlim5,34,#CC6D3D,I1,1.0,2681,1.0,both,True,436104.0,Sst-IRES-Cre;Ai14-436104,M,P57,VISp4,809338947.0,SM-GE5OS_S130_E1-50,RSC-194,CS180626100035,Sst Calb2 Pdlim5,both,True,True,True,Sst,Sst,True,Sst
809636700,2682,PBS4_190117_501_A01,Pvalb Reln Itm2a,56,#E67A77,Core,1.0,2682,1.0,both,True,436296.0,Pvalb-IRES-Cre;Ai14-436296,F,P58,VISp4,809636531.0,SM-GE5OS_S185_E1-50,RSC-194,CS180626100058,Pvalb Reln Itm2a,both,True,True,True,Pvalb,Pvalb,True,Pvalb
809642743,2683,P1S4_190117_001_A01,Pvalb Reln Itm2a,56,#E67A77,I1,1.0,2683,1.0,both,True,436296.0,Pvalb-IRES-Cre;Ai14-436296,F,P58,VISp4,809642577.0,SM-GE5OS_S176_E1-50,RSC-194,CS180626100058,Pvalb Reln Itm2a,both,True,True,True,Pvalb,Pvalb,True,Pvalb
809649556,2684,PAS4_190117_451_A01,Pvalb Tpbg,58,#AF3F64,Core,1.0,2684,1.0,both,True,436296.0,Pvalb-IRES-Cre;Ai14-436296,F,P58,VISp2/3,809649441.0,SM-GE5OS_S181_E1-50,RSC-194,CS180626100059,Pvalb Tpbg,both,True,True,True,Pvalb,Pvalb,True,Pvalb
809656263,2685,PAS4_190117_452_A01,Pvalb Reln Itm2a,56,#E67A77,Core,1.0,2685,1.0,both,True,436296.0,Pvalb-IRES-Cre;Ai14-436296,F,P58,VISp5,809656222.0,SM-GE5OS_S182_E1-50,RSC-194,CS180626100058,Pvalb Reln Itm2a,both,True,True,True,Pvalb,Pvalb,True,Pvalb
809668298,2686,PES4_190117_652_A01,Pvalb Sema3e Kank4,54,#C94545,I1,1.0,2686,1.0,both,True,436296.0,Pvalb-IRES-Cre;Ai14-436296,F,P58,VISpor5,809668264.0,SM-GE5OS_S191_E1-50,RSC-194,CS180626100055,Pvalb Sema3e Kank4,both,True,True,True,Pvalb,Pvalb,True,Pvalb
809668930,2687,PAS4_190117_453_A01,Pvalb Sema3e Kank4,54,#C94545,Core,1.0,2687,1.0,both,True,436296.0,Pvalb-IRES-Cre;Ai14-436296,F,P58,VISl6a,809668900.0,SM-GE5OS_S183_E1-50,RSC-194,CS180626100055,Pvalb Sema3e Kank4,both,True,True,True,Pvalb,Pvalb,True,Pvalb
809688289,2688,PBS4_190117_502_A01,Vip Crispld2 Htr2c,26,#882E81,Core,1.0,2688,1.0,both,True,434588.0,Cck-IRES-Cre;Vip-IRES-FlpO;Ai65-434588,F,P75,VISp2/3,809688268.0,SM-GE5OS_S186_E1-50,RSC-194,CS180626100027,Vip Crispld2 Htr2c,both,True,True,True,Vip,Vip,True,Vip
809691801,2689,PBS4_190117_503_A01,Vip Chat Htr1f,24,#FF4DC1,Core,1.0,2689,1.0,both,True,434588.0,Cck-IRES-Cre;Vip-IRES-FlpO;Ai65-434588,F,P75,VISp2/3,809691777.0,SM-GE5OS_S187_E1-50,RSC-194,CS180626100025,Vip Chat Htr1f,both,True,True,True,Vip,Vip,True,Vip
809694011,2690,P8S4_190117_351_A01,Pvalb Sema3e Kank4,54,#C94545,I1,1.0,2690,1.0,both,True,436296.0,Pvalb-IRES-Cre;Ai14-436296,F,P58,VISp6a,809693989.0,SM-GE5OS_S178_E1-50,RSC-194,CS180626100055,Pvalb Sema3e Kank4,both,True,True,True,Pvalb,Pvalb,True,Pvalb
809694067,2691,P1S4_190117_002_A01,Vip Col15a1 Pde1a,28,#AC3491,I1,1.0,2691,1.0,both,True,434588.0,Cck-IRES-Cre;Vip-IRES-FlpO;Ai65-434588,F,P75,VISpm1,809694038.0,SM-GE5OS_S177_E1-50,RSC-194,CS180626100029,Vip Col15a1 Pde1a,both,True,True,True,Vip,Vip,True,Vip
809713682,2692,PBS4_190117_504_A01,Vip Crispld2 Kcne4,27,#AD589A,Core,1.0,2692,1.0,both,True,434588.0,Cck-IRES-Cre;Vip-IRES-FlpO;Ai65-434588,F,P75,VISp2/3,809713539.0,SM-GE5OS_S188_E1-50,RSC-194,CS180626100028,Vip Crispld2 Kcne4,both,True,True,True,Vip,Vip,True,Vip
809748280,2693,PAS4_190117_454_A01,Sst Chodl,29,#FFFF00,Core,1.0,2693,1.0,both,True,436174.0,Nos1-CreERT2;Sst-IRES-FlpO;Ai65-436174,M,P58,VISp6a,809747883.0,SM-GE5OS_S184_E1-50,RSC-194,CS180626100030,Sst Chodl,both,True,True,True,Sst,Sst,True,Sst
809822469,2694,PES4_190117_653_A01,Sst Chodl,29,#FFFF00,Core,1.0,2694,1.0,both,True,436174.0,Nos1-CreERT2;Sst-IRES-FlpO;Ai65-436174,M,P58,VISl6b,809822162.0,SM-GE5OS_S192_E1-50,RSC-194,CS180626100030,Sst Chodl,both,True,True,True,Sst,Sst,True,Sst
809831818,2695,P8S4_190117_352_A01,Sst Chodl,29,#FFFF00,Core,1.0,2695,1.0,both,True,436174.0,Nos1-CreERT2;Sst-IRES-FlpO;Ai65-436174,M,P58,VISp5,809831519.0,SM-GE5OS_S179_E1-50,RSC-194,CS180626100030,Sst Chodl,both,True,True,True,Sst,Sst,True,Sst
809857148,2696,PBS4_190117_505_A01,Vip Crispld2 Htr2c,26,#882E81,Core,1.0,2696,1.0,both,True,434588.0,Cck-IRES-Cre;Vip-IRES-FlpO;Ai65-434588,F,P75,VISp2/3,809856947.0,SM-GE5OS_S189_E1-50,RSC-194,CS180626100027,Vip Crispld2 Htr2c,both,True,True,True,Vip,Vip,True,Vip
809876626,2697,P8S4_190117_353_A01,Sst Chodl,29,#FFFF00,Core,1.0,2697,1.0,both,True,436174.0,Nos1-CreERT2;Sst-IRES-FlpO;Ai65-436174,M,P58,VISp6a,809876277.0,SM-GE5OS_S180_E1-50,RSC-194,CS180626100030,Sst Chodl,both,True,True,True,Sst,Sst,True,Sst
810306964,2698,PFS4_190118_701_A01,Sst Rxfp1 Eya1,47,#994C00,Core,1.0,2698,1.0,both,True,436148.0,Crh-IRES-Cre_ZJH;Sst-IRES-FlpO;Ai65-436148,F,P60,VISp6a,810306727.0,SM-GE5OG_S027_E1-50,RSC-195,CS180626100048,Sst Rxfp1 Eya1,both,True,True,True,Sst,Sst,True,Sst
810310510,2699,P1S4_190118_001_A01,Sst Rxfp1 Prdm8,48,#802600,I1,1.0,2699,1.0,both,True,436148.0,Crh-IRES-Cre_ZJH;Sst-IRES-FlpO;Ai65-436148,F,P60,VISp6a,810310244.0,SM-GE5OG_S004_E1-50,RSC-195,CS180626100049,Sst Rxfp1 Prdm8,both,True,True,True,Sst,Sst,True,Sst
810317285,2700,P8S4_190118_351_A01,Sst Tac2 Tacstd2,46,#BF8219,Core,1.0,2700,1.0,both,True,436148.0,Crh-IRES-Cre_ZJH;Sst-IRES-FlpO;Ai65-436148,F,P60,VISp5,810317165.0,SM-GE5OG_S008_E1-50,RSC-195,CS180626100047,Sst Tac2 Tacstd2,both,True,True,True,Sst,Sst,True,Sst
810324360,2701,PES4_190118_651_A01,Pvalb Th Sst,51,#FF2F7E,I2,1.0,2701,1.0,both,True,436148.0,Crh-IRES-Cre_ZJH;Sst-IRES-FlpO;Ai65-436148,F,P60,VISp5,810324233.0,SM-GE5OG_S016_E1-50,RSC-195,CS180626100052,Pvalb Th Sst,both,True,True,True,Pvalb,Pvalb,True,Pvalb
810354686,2702,PES4_190118_652_A01,Sst Rxfp1 Eya1,47,#994C00,Core,1.0,2702,1.0,both,True,436148.0,Crh-IRES-Cre_ZJH;Sst-IRES-FlpO;Ai65-436148,F,P60,VISp5,810354380.0,SM-GE5OG_S025_E1-50,RSC-195,CS180626100048,Sst Rxfp1 Eya1,both,True,True,True,Sst,Sst,True,Sst
810361274,2703,P8S4_190118_352_A01,Sst Tac2 Tacstd2,46,#BF8219,Core,1.0,2703,1.0,both,True,436148.0,Crh-IRES-Cre_ZJH;Sst-IRES-FlpO;Ai65-436148,F,P60,VISp5,810360905.0,SM-GE5OG_S009_E1-50,RSC-195,CS180626100047,Sst Tac2 Tacstd2,both,True,True,True,Sst,Sst,True,Sst
810416056,2704,PFS4_190118_702_A01,Sst Tac2 Tacstd2,46,#BF8219,Core,1.0,2704,1.0,both,True,436148.0,Crh-IRES-Cre_ZJH;Sst-IRES-FlpO;Ai65-436148,F,P60,VISp2/3,810415830.0,SM-GE5OG_S028_E1-50,RSC-195,CS180626100047,Sst Tac2 Tacstd2,both,True,True,True,Sst,Sst,True,Sst
810463363,2705,PAS4_190118_452_A01,Sst Esm1,45,#C11331,Core,1.0,2705,1.0,both,True,436148.0,Crh-IRES-Cre_ZJH;Sst-IRES-FlpO;Ai65-436148,F,P60,VISli5,810463092.0,SM-GE5OG_S013_E1-50,RSC-195,CS180626100046,Sst Esm1,both,True,True,True,Sst,Sst,True,Sst
810500014,2706,P8S4_190118_353_A01,Pvalb Tpbg,58,#AF3F64,I1,1.0,2706,1.0,both,True,437077.0,Vipr2-IRES2-Cre;Pvalb-T2A-FlpO;Ai65-437077,M,P56,VISl5,810499735.0,SM-GE5OG_S010_E1-50,RSC-195,CS180626100059,Pvalb Tpbg,both,True,True,True,Pvalb,Pvalb,True,Pvalb
810585028,2707,P8S4_190118_354_A01,Pvalb Gpr149 Islr,55,#E62A5D,Core,1.0,2707,1.0,both,True,437077.0,Vipr2-IRES2-Cre;Pvalb-T2A-FlpO;Ai65-437077,M,P56,VISli5,810584648.0,SM-GE5OG_S011_E1-50,RSC-195,CS180626100056,Pvalb Gpr149 Islr,both,True,True,True,Pvalb,Pvalb,True,Pvalb
810589631,2708,P1S4_190118_003_A01,Pvalb Reln Itm2a,56,#E67A77,Core,1.0,2708,1.0,both,True,437077.0,Vipr2-IRES2-Cre;Pvalb-T2A-FlpO;Ai65-437077,M,P56,VISp5,810589429.0,SM-GE5OG_S006_E1-50,RSC-195,CS180626100058,Pvalb Reln Itm2a,both,True,True,True,Pvalb,Pvalb,True,Pvalb
810617353,2709,P1S4_190118_004_A01,Vip Chat Htr1f,24,#FF4DC1,Core,1.0,2709,1.0,both,True,437116.0,Vip-IRES-Cre;Ai14-437116,M,P56,VISp2/3,810617247.0,SM-GE5OG_S007_E1-50,RSC-195,CS180626100025,Vip Chat Htr1f,both,True,True,True,Vip,Vip,True,Vip
810617546,2710,PAS4_190118_453_A01,Vip Crispld2 Kcne4,27,#AD589A,Core,1.0,2710,1.0,both,True,437116.0,Vip-IRES-Cre;Ai14-437116,M,P56,VISp2/3,810617445.0,SM-GE5OG_S014_E1-50,RSC-195,CS180626100028,Vip Crispld2 Kcne4,both,True,True,True,Vip,Vip,True,Vip
810634557,2711,PAS4_190118_454_A01,Vip Lmo1 Myl1,16,#9FAAFF,Core,1.0,2711,1.0,both,True,437116.0,Vip-IRES-Cre;Ai14-437116,M,P56,VISp2/3,810634450.0,SM-GE5OG_S015_E1-50,RSC-195,CS180626100020,Vip Lmo1 Myl1,both,True,True,True,Vip,Vip,True,Vip
811699569,2712,PFS4_190118_703_A01,Vip Ptprt Pkp2,20,#FF00FF,Core,1.0,2712,1.0,both,True,437116.0,Vip-IRES-Cre;Ai14-437116,M,P56,VISp2/3,811699222.0,SM-GE5OG_S029_E1-50,RSC-195,CS180626100021,Vip Ptprt Pkp2,both,True,True,True,Vip,Vip,True,Vip
812919277,2713,P1S4_190124_001_A01,Vip Pygm C1ql1,25,#BD3D9A,I2,1.0,2713,1.0,both,True,437762.0,Vip-IRES-Cre;Ai14-437762,M,P59,VISp2/3,812918909.0,SM-GE5O8_S014_E1-50,RSC-196,CS180626100026,Vip Pygm C1ql1,both,True,True,True,Vip,Vip,True,Vip
812935883,2714,P1S4_190124_002_A01,Vip Chat Htr1f,24,#FF4DC1,Core,1.0,2714,1.0,both,True,437762.0,Vip-IRES-Cre;Ai14-437762,M,P59,VISp2/3,812935727.0,SM-GE5O8_S015_E1-50,RSC-196,CS180626100025,Vip Chat Htr1f,both,True,True,True,Vip,Vip,True,Vip
812945358,2715,PES4_190124_651_A01,Vip Lmo1 Myl1,16,#9FAAFF,Core,1.0,2715,1.0,both,True,437762.0,Vip-IRES-Cre;Ai14-437762,M,P59,VISl4,812945260.0,SM-GE5O8_S026_E1-50,RSC-196,CS180626100020,Vip Lmo1 Myl1,both,True,True,True,Vip,Vip,True,Vip
812951117,2716,PAS4_190124_451_A01,Vip Ptprt Pkp2,20,#FF00FF,I3,1.0,2716,1.0,both,True,437762.0,Vip-IRES-Cre;Ai14-437762,M,P59,VISp5,812951001.0,SM-GE5O8_S022_E1-50,RSC-196,CS180626100016,Vip Igfbp4 Mab21l1,both,True,True,False,Vip,Vip,True,Vip
812951286,2717,P1S4_190124_003_A01,Vip Ptprt Pkp2,20,#FF00FF,I1,1.0,2717,1.0,both,True,437762.0,Vip-IRES-Cre;Ai14-437762,M,P59,VISp2/3,812951156.0,SM-GE5O8_S016_E1-50,RSC-196,CS180626100021,Vip Ptprt Pkp2,both,True,True,True,Vip,Vip,True,Vip
812962736,2718,PES4_190124_652_A01,Vip Crispld2 Kcne4,27,#AD589A,I2,1.0,2718,1.0,both,True,437762.0,Vip-IRES-Cre;Ai14-437762,M,P59,VISp2/3,812962573.0,SM-GE5O8_S027_E1-50,RSC-196,CS180626100023,Vip Lect1 Oxtr,both,True,True,False,Vip,Vip,True,Vip
812986845,2719,P1S4_190124_004_A01,Sst Hpse Cbln4,42,#806B19,Core,1.0,2719,1.0,both,True,437559.0,Slc32a1-IRES-Cre;Ai14-437559,F,P60,VISp5,812986798.0,SM-GE5O8_S017_E1-50,RSC-196,CS180626100043,Sst Hpse Cbln4,both,True,True,True,Sst,Sst,True,Sst
812989401,2720,P1S4_190124_005_A01,Lamp5 Lsp1,5,#FFA388,Core,1.0,2720,1.0,both,True,437559.0,Slc32a1-IRES-Cre;Ai14-437559,F,P60,VISp4,812989364.0,SM-GE5O8_S018_E1-50,RSC-196,CS180626100006,Lamp5 Lsp1,both,True,True,True,Lamp5,Lamp5,True,Lamp5
812991568,2721,PES4_190124_653_A01,Pvalb Tpbg,58,#AF3F64,Core,1.0,2721,1.0,both,True,437559.0,Slc32a1-IRES-Cre;Ai14-437559,F,P60,VISp2/3,812991527.0,SM-GE5O8_S028_E1-50,RSC-196,CS180626100059,Pvalb Tpbg,both,True,True,True,Pvalb,Pvalb,True,Pvalb
812996960,2722,PFS4_190124_701_A01,Sst Mme Fam114a1,30,#FFBB33,Core,1.0,2722,1.0,both,True,437559.0,Slc32a1-IRES-Cre;Ai14-437559,F,P60,VISl5,812996936.0,SM-GE5O8_S030_E1-50,RSC-196,CS180626100031,Sst Mme Fam114a1,both,True,True,True,Sst,Sst,True,Sst
813000460,2723,P1S4_190124_006_A01,Lamp5 Lsp1,5,#FFA388,Core,1.0,2723,1.0,both,True,437559.0,Slc32a1-IRES-Cre;Ai14-437559,F,P60,VISp5,813000419.0,SM-GE5O8_S019_E1-50,RSC-196,CS180626100006,Lamp5 Lsp1,both,True,True,True,Lamp5,Lamp5,True,Lamp5
813001473,2724,PFS4_190124_702_A01,Pvalb Reln Itm2a,56,#E67A77,Core,1.0,2724,1.0,both,True,437559.0,Slc32a1-IRES-Cre;Ai14-437559,F,P60,VISp4,813001451.0,SM-GE5O8_S031_E1-50,RSC-196,CS180626100058,Pvalb Reln Itm2a,both,True,True,True,Pvalb,Pvalb,True,Pvalb
813358491,2725,PAS4_190125_451_A01,Vip Lmo1 Myl1,16,#9FAAFF,I2,1.0,2725,1.0,both,True,437683.0,Cck-IRES-Cre;Vip-IRES-FlpO;Ai65-437683,M,P60,VISp2/3,813358277.0,SM-GE5O8_S037_E1-50,RSC-196,CS180626100020,Vip Lmo1 Myl1,both,True,True,True,Vip,Vip,True,Vip
813380366,2726,P1S4_190125_001_A01,Vip Pygm C1ql1,25,#BD3D9A,Core,1.0,2726,1.0,both,True,437683.0,Cck-IRES-Cre;Vip-IRES-FlpO;Ai65-437683,M,P60,VISp2/3,813380167.0,SM-GE5O8_S032_E1-50,RSC-196,CS180626100026,Vip Pygm C1ql1,both,True,True,True,Vip,Vip,True,Vip
813407209,2727,PAS4_190125_452_A01,Serpinf1 Aqp5 Vip,12,#CA66FF,I2,1.0,2727,1.0,both,True,437683.0,Cck-IRES-Cre;Vip-IRES-FlpO;Ai65-437683,M,P60,VISp5,813406964.0,SM-GE5O8_S038_E1-50,RSC-196,CS180626100013,Serpinf1 Aqp5 Vip,both,True,True,True,Serpinf1,Serpinf1,True,Serpinf1
813427107,2728,P1S4_190125_002_A01,Vip Crispld2 Kcne4,27,#AD589A,Core,1.0,2728,1.0,both,True,437683.0,Cck-IRES-Cre;Vip-IRES-FlpO;Ai65-437683,M,P60,VISp2/3,813426900.0,SM-GE5O8_S033_E1-50,RSC-196,CS180626100028,Vip Crispld2 Kcne4,both,True,True,True,Vip,Vip,True,Vip
813441106,2729,PFS4_190125_701_A01,Vip Crispld2 Kcne4,27,#AD589A,Core,1.0,2729,1.0,both,True,437683.0,Cck-IRES-Cre;Vip-IRES-FlpO;Ai65-437683,M,P60,VISp2/3,813440847.0,SM-GE5O8_S057_E1-50,RSC-196,CS180626100028,Vip Crispld2 Kcne4,both,True,True,True,Vip,Vip,True,Vip
813448230,2730,PAS4_190125_453_A01,Vip Crispld2 Kcne4,27,#AD589A,I1,1.0,2730,1.0,both,True,437683.0,Cck-IRES-Cre;Vip-IRES-FlpO;Ai65-437683,M,P60,VISp2/3,813448038.0,SM-GE5O8_S039_E1-50,RSC-196,CS180626100028,Vip Crispld2 Kcne4,both,True,True,True,Vip,Vip,True,Vip
813455496,2731,P1S4_190125_003_A01,Serpinf1 Aqp5 Vip,12,#CA66FF,I2,1.0,2731,1.0,both,True,437683.0,Cck-IRES-Cre;Vip-IRES-FlpO;Ai65-437683,M,P60,VISp2/3,813455120.0,SM-GE5O8_S034_E1-50,RSC-196,CS180626100013,Serpinf1 Aqp5 Vip,both,True,True,True,Serpinf1,Serpinf1,True,Serpinf1
813489616,2732,PAS4_190125_454_A01,Vip Pygm C1ql1,25,#BD3D9A,I1,1.0,2732,1.0,both,True,437683.0,Cck-IRES-Cre;Vip-IRES-FlpO;Ai65-437683,M,P60,VISp4,813489394.0,SM-GE5O8_S040_E1-50,RSC-196,CS180626100026,Vip Pygm C1ql1,both,True,True,True,Vip,Vip,True,Vip
813500978,2733,PES4_190125_651_A01,Serpinf1 Aqp5 Vip,12,#CA66FF,Core,1.0,2733,1.0,both,True,437683.0,Cck-IRES-Cre;Vip-IRES-FlpO;Ai65-437683,M,P60,VISp2/3,813500558.0,SM-GE5O8_S044_E1-50,RSC-196,CS180626100013,Serpinf1 Aqp5 Vip,both,True,True,True,Serpinf1,Serpinf1,True,Serpinf1
813536714,2734,P1S4_190125_004_A01,Vip Chat Htr1f,24,#FF4DC1,I3,1.0,2734,1.0,both,True,437683.0,Cck-IRES-Cre;Vip-IRES-FlpO;Ai65-437683,M,P60,VISp2/3,813536504.0,SM-GE5O8_S035_E1-50,RSC-196,CS180626100025,Vip Chat Htr1f,both,True,True,True,Vip,Vip,True,Vip
815367809,2735,PAS4_190130_451_A01,Sst Tac2 Tacstd2,46,#BF8219,I2,1.0,2735,1.0,both,True,439425.0,Crh-IRES-Cre_ZJH;Sst-IRES-FlpO;Ai65-439425,M,P56,VISp6a,815367523.0,SM-GE5TI_S107_E1-50,RSC-197,CS180626100047,Sst Tac2 Tacstd2,both,True,True,True,Sst,Sst,True,Sst
815377185,2736,P1S4_190130_001_A01,Sst Tac2 Tacstd2,46,#BF8219,I1,1.0,2736,1.0,both,True,439425.0,Crh-IRES-Cre_ZJH;Sst-IRES-FlpO;Ai65-439425,M,P56,VISp6a,815376916.0,SM-GE5TI_S099_E1-50,RSC-197,CS180626100047,Sst Tac2 Tacstd2,both,True,True,True,Sst,Sst,True,Sst
815417125,2737,P8S4_190130_351_A01,Sst Rxfp1 Prdm8,48,#802600,Core,1.0,2737,1.0,both,True,439425.0,Crh-IRES-Cre_ZJH;Sst-IRES-FlpO;Ai65-439425,M,P56,VISp6a,815416867.0,SM-GE5TI_S101_E1-50,RSC-197,CS180626100049,Sst Rxfp1 Prdm8,both,True,True,True,Sst,Sst,True,Sst
815423883,2738,PAS4_190130_452_A01,Sst Rxfp1 Eya1,47,#994C00,Core,1.0,2738,1.0,both,True,439425.0,Crh-IRES-Cre_ZJH;Sst-IRES-FlpO;Ai65-439425,M,P56,VISp5,815423751.0,SM-GE5TI_S108_E1-50,RSC-197,CS180626100048,Sst Rxfp1 Eya1,both,True,True,True,Sst,Sst,True,Sst
815437019,2739,PBS4_190130_501_A01,Sst Tac1 Htr1d,31,#804811,I3,1.0,2739,1.0,both,True,439425.0,Crh-IRES-Cre_ZJH;Sst-IRES-FlpO;Ai65-439425,M,P56,VISl2/3,815436881.0,SM-GE5TI_S115_E1-50,RSC-197,CS180626100032,Sst Tac1 Htr1d,both,True,True,True,Sst,Sst,True,Sst
815437322,2740,PES4_190130_651_A01,Sst Rxfp1 Prdm8,48,#802600,I1,1.0,2740,1.0,both,True,439425.0,Crh-IRES-Cre_ZJH;Sst-IRES-FlpO;Ai65-439425,M,P56,VISp6a,815437220.0,SM-GE5TI_S118_E1-50,RSC-197,CS180626100049,Sst Rxfp1 Prdm8,both,True,True,True,Sst,Sst,True,Sst
815462585,2741,PAS4_190130_453_A01,Sst Rxfp1 Eya1,47,#994C00,Core,1.0,2741,1.0,both,True,439425.0,Crh-IRES-Cre_ZJH;Sst-IRES-FlpO;Ai65-439425,M,P56,VISp6a,815462483.0,SM-GE5TI_S109_E1-50,RSC-197,CS180626100048,Sst Rxfp1 Eya1,both,True,True,True,Sst,Sst,True,Sst
815474594,2742,PAS4_190130_454_A01,Sst Rxfp1 Prdm8,48,#802600,Core,1.0,2742,1.0,both,True,439425.0,Crh-IRES-Cre_ZJH;Sst-IRES-FlpO;Ai65-439425,M,P56,VISli5,815474509.0,SM-GE5TI_S110_E1-50,RSC-197,CS180626100049,Sst Rxfp1 Prdm8,both,True,True,True,Sst,Sst,True,Sst
815506078,2743,P8S4_190130_354_A01,Sst Rxfp1 Prdm8,48,#802600,Core,1.0,2743,1.0,both,True,439428.0,Crh-IRES-Cre_ZJH;Sst-IRES-FlpO;Ai65-439428,F,P56,VISp6a,815506042.0,SM-GE5TI_S104_E1-50,RSC-197,CS180626100049,Sst Rxfp1 Prdm8,both,True,True,True,Sst,Sst,True,Sst
815515673,2744,PBS4_190130_503_A01,Sst Crh 4930553C11Rik ,44,#C77767,I2,1.0,2744,1.0,both,True,439428.0,Crh-IRES-Cre_ZJH;Sst-IRES-FlpO;Ai65-439428,F,P56,VISp5,815515644.0,SM-GE5TI_S117_E1-50,RSC-197,CS180626100045,Sst Crh 4930553C11Rik ,both,True,True,True,Sst,Sst,True,Sst
815520852,2745,PAS4_190130_455_A01,Sst Crh 4930553C11Rik ,44,#C77767,Core,1.0,2745,1.0,both,True,439428.0,Crh-IRES-Cre_ZJH;Sst-IRES-FlpO;Ai65-439428,F,P56,VISpm5,815520779.0,SM-GE5TI_S111_E1-50,RSC-197,CS180626100045,Sst Crh 4930553C11Rik ,both,True,True,True,Sst,Sst,True,Sst
815521003,2746,PFS4_190130_702_A01,Sst Tac1 Htr1d,31,#804811,I1,1.0,2746,1.0,both,True,439428.0,Crh-IRES-Cre_ZJH;Sst-IRES-FlpO;Ai65-439428,F,P56,VISl4,815520905.0,SM-GE5TI_S129_E1-50,RSC-197,CS180626100032,Sst Tac1 Htr1d,both,True,True,True,Sst,Sst,True,Sst
815526711,2747,P8S4_190130_355_A01,Sst Crh 4930553C11Rik ,44,#C77767,I2,1.0,2747,1.0,both,True,439428.0,Crh-IRES-Cre_ZJH;Sst-IRES-FlpO;Ai65-439428,F,P56,VISp6a,815526686.0,SM-GE5TI_S105_E1-50,RSC-197,CS180626100045,Sst Crh 4930553C11Rik ,both,True,True,True,Sst,Sst,True,Sst
815549357,2748,P8S4_190130_356_A01,Sst Rxfp1 Prdm8,48,#802600,Core,1.0,2748,1.0,both,True,439428.0,Crh-IRES-Cre_ZJH;Sst-IRES-FlpO;Ai65-439428,F,P56,VISp6a,815549328.0,SM-GE5TI_S106_E1-50,RSC-197,CS180626100049,Sst Rxfp1 Prdm8,both,True,True,True,Sst,Sst,True,Sst
815553140,2749,PAS4_190130_456_A01,Sst Chodl,29,#FFFF00,Core,1.0,2749,1.0,both,True,438714.0,Gad2-IRES-Cre;Ai14-438714,F,P61,VISp6a,815553108.0,SM-GE5TI_S112_E1-50,RSC-197,CS180626100030,Sst Chodl,both,True,True,True,Sst,Sst,True,Sst
815559133,2750,PES4_190130_653_A01,Pvalb Reln Itm2a,56,#E67A77,Core,1.0,2750,1.0,both,True,438714.0,Gad2-IRES-Cre;Ai14-438714,F,P61,VISp4,815558670.0,SM-GE5TI_S119_E1-50,RSC-197,,,both,True,False,,Pvalb,,,Pvalb
815566902,2751,PAS4_190130_457_A01,Pvalb Sema3e Kank4,54,#C94545,I1,1.0,2751,1.0,both,True,438714.0,Gad2-IRES-Cre;Ai14-438714,F,P61,VISp5,815566878.0,SM-GE5TI_S113_E1-50,RSC-197,CS180626100055,Pvalb Sema3e Kank4,both,True,True,True,Pvalb,Pvalb,True,Pvalb
815568639,2752,PFS4_190130_703_A01,Sst Esm1,45,#C11331,Core,1.0,2752,1.0,both,True,438714.0,Gad2-IRES-Cre;Ai14-438714,F,P61,VISp6a,815568618.0,SM-GE5TI_S130_E1-50,RSC-197,CS180626100046,Sst Esm1,both,True,True,True,Sst,Sst,True,Sst
815576447,2753,PAS4_190130_458_A01,Pvalb Tpbg,58,#AF3F64,Core,1.0,2753,1.0,both,True,438714.0,Gad2-IRES-Cre;Ai14-438714,F,P61,VISl5,815576376.0,SM-GE5TI_S114_E1-50,RSC-197,CS180626100059,Pvalb Tpbg,both,True,True,True,Pvalb,Pvalb,True,Pvalb
815586217,2754,PFS4_190130_704_A01,Sst Calb2 Pdlim5,34,#CC6D3D,I2,1.0,2754,1.0,both,True,438714.0,Gad2-IRES-Cre;Ai14-438714,F,P61,VISl4,815586196.0,SM-GE5TI_S131_E1-50,RSC-197,CS180626100035,Sst Calb2 Pdlim5,both,True,True,True,Sst,Sst,True,Sst
815971588,2755,P1S4_190131_001_A01,Sst Esm1,45,#C11331,I1,1.0,2755,1.0,both,True,439426.0,Crh-IRES-Cre_ZJH;Sst-IRES-FlpO;Ai65-439426,M,P57,VISp6a,815971379.0,SM-GE5TI_S134_E1-50,RSC-197,CS180626100046,Sst Esm1,both,True,True,True,Sst,Sst,True,Sst
816012073,2756,P8S4_190131_351_A01,Sst Rxfp1 Eya1,47,#994C00,Core,1.0,2756,1.0,both,True,439426.0,Crh-IRES-Cre_ZJH;Sst-IRES-FlpO;Ai65-439426,M,P57,VISp6a,816011816.0,SM-GE5TI_S137_E1-50,RSC-197,CS180626100048,Sst Rxfp1 Eya1,both,True,True,True,Sst,Sst,True,Sst
816019895,2757,P1S4_190131_002_A01,Sst Tac2 Tacstd2,46,#BF8219,Core,1.0,2757,1.0,both,True,439426.0,Crh-IRES-Cre_ZJH;Sst-IRES-FlpO;Ai65-439426,M,P57,VISp6a,816019447.0,SM-GE5TI_S135_E1-50,RSC-197,CS180626100047,Sst Tac2 Tacstd2,both,True,True,True,Sst,Sst,True,Sst
816020342,2758,PFS4_190131_701_A01,Sst Rxfp1 Eya1,47,#994C00,I1,1.0,2758,1.0,both,True,439426.0,Crh-IRES-Cre_ZJH;Sst-IRES-FlpO;Ai65-439426,M,P57,VISp5,816020039.0,SM-GE5TI_S148_E1-50,RSC-197,CS180626100048,Sst Rxfp1 Eya1,both,True,True,True,Sst,Sst,True,Sst
816095253,2759,P1S4_190131_003_A01,Sst Rxfp1 Eya1,47,#994C00,I1,1.0,2759,1.0,both,True,439426.0,Crh-IRES-Cre_ZJH;Sst-IRES-FlpO;Ai65-439426,M,P57,VISp5,816094852.0,SM-GE5TI_S136_E1-50,RSC-197,CS180626100048,Sst Rxfp1 Eya1,both,True,True,True,Sst,Sst,True,Sst
816314375,2760,PAS4_190131_453_A01,Sst Chodl,29,#FFFF00,Core,1.0,2760,1.0,both,True,439904.0,Nos1-CreERT2;Sst-IRES-FlpO;Ai65-439904,M,P55,VISp6a,816313945.0,SM-GE5TI_S142_E1-50,RSC-197,CS180626100030,Sst Chodl,both,True,True,True,Sst,Sst,True,Sst
816324631,2761,P8S4_190131_354_A01,Sst Chodl,29,#FFFF00,Core,1.0,2761,1.0,both,True,439904.0,Nos1-CreERT2;Sst-IRES-FlpO;Ai65-439904,M,P55,VISl5,816324198.0,SM-GE5TI_S138_E1-50,RSC-197,CS180626100030,Sst Chodl,both,True,True,True,Sst,Sst,True,Sst
816370714,2762,P8S4_190131_355_A01,Sst Chodl,29,#FFFF00,Core,1.0,2762,1.0,both,True,439904.0,Nos1-CreERT2;Sst-IRES-FlpO;Ai65-439904,M,P55,VISp6a,816370401.0,SM-GE5TI_S139_E1-50,RSC-197,CS180626100030,Sst Chodl,both,True,True,True,Sst,Sst,True,Sst
816407580,2763,PAS4_190131_454_A01,Sst Chodl,29,#FFFF00,Core,1.0,2763,1.0,both,True,439904.0,Nos1-CreERT2;Sst-IRES-FlpO;Ai65-439904,M,P55,VISp5,816407389.0,SM-GE5TI_S143_E1-50,RSC-197,CS180626100030,Sst Chodl,both,True,True,True,Sst,Sst,True,Sst
816412799,2764,P8S4_190131_356_A01,Sst Chodl,29,#FFFF00,Core,1.0,2764,1.0,both,True,439904.0,Nos1-CreERT2;Sst-IRES-FlpO;Ai65-439904,M,P55,VISp5,816412467.0,SM-GE5TI_S140_E1-50,RSC-197,CS180626100030,Sst Chodl,both,True,True,True,Sst,Sst,True,Sst
816434177,2765,PES4_190131_652_A01,Sst Chodl,29,#FFFF00,Core,1.0,2765,1.0,both,True,439904.0,Nos1-CreERT2;Sst-IRES-FlpO;Ai65-439904,M,P55,VISl6a,816433939.0,SM-GE5TI_S146_E1-50,RSC-197,CS180626100030,Sst Chodl,both,True,True,True,Sst,Sst,True,Sst
816480728,2766,PES4_190131_653_A01,Sst Calb2 Pdlim5,34,#CC6D3D,I1,1.0,2766,1.0,both,True,439904.0,Nos1-CreERT2;Sst-IRES-FlpO;Ai65-439904,M,P55,VISp5,816480541.0,SM-GE5TI_S147_E1-50,RSC-197,CS180626100035,Sst Calb2 Pdlim5,both,True,True,True,Sst,Sst,True,Sst
817186931,2767,PAS4_190201_454_A01,Sst Tac2 Tacstd2,46,#BF8219,I2,1.0,2767,1.0,both,True,439427.0,Crh-IRES-Cre_ZJH;Sst-IRES-FlpO;Ai65-439427,F,P58,VISp5,817186853.0,SM-GE5TI_S164_E1-50,RSC-197,CS180626100047,Sst Tac2 Tacstd2,both,True,True,True,Sst,Sst,True,Sst
817199267,2768,PBS4_190201_501_A01,Sst Crhr2 Efemp1,43,#B95541,I3,1.0,2768,1.0,both,True,439925.0,Sst-IRES-Cre;Ai14-439925,M,P57,VISp5,817199246.0,SM-GE5TI_S166_E1-50,RSC-197,CS180626100041,Sst Tac2 Myh4,both,True,True,False,Sst,Sst,True,Sst
817204569,2769,PAS4_190201_455_A01,Sst Esm1,45,#C11331,Core,1.0,2769,1.0,both,True,439427.0,Crh-IRES-Cre_ZJH;Sst-IRES-FlpO;Ai65-439427,F,P58,VISp6a,817204540.0,SM-GE5TI_S165_E1-50,RSC-197,CS180626100046,Sst Esm1,both,True,True,True,Sst,Sst,True,Sst
817935092,2770,P8S4_190204_351_A01,Pvalb Reln Tac1,57,#D6221D,Core,1.0,2770,1.0,both,True,440449.0,Pvalb-IRES-Cre;Ai14-440449,M,P56,VISp5,817934819.0,SM-GE5TI_S187_E1-50,RSC-197,CS180626100057,Pvalb Reln Tac1,both,True,True,True,Pvalb,Pvalb,True,Pvalb
817957562,2771,PES4_190204_651_A01,Pvalb Sema3e Kank4,54,#C94545,I1,1.0,2771,1.0,both,True,440449.0,Pvalb-IRES-Cre;Ai14-440449,M,P56,VISp5,817957383.0,SM-GE5W2_S001_E1-50,RSC-198,,,both,True,False,,Pvalb,,,Pvalb
817957684,2772,P8S4_190204_352_A01,Pvalb Tpbg,58,#AF3F64,I1,1.0,2772,1.0,both,True,440449.0,Pvalb-IRES-Cre;Ai14-440449,M,P56,VISp5,817957616.0,SM-GE5TI_S188_E1-50,RSC-197,CS180626100059,Pvalb Tpbg,both,True,True,True,Pvalb,Pvalb,True,Pvalb
817981788,2773,PES4_190204_652_A01,Pvalb Sema3e Kank4,54,#C94545,I2,1.0,2773,1.0,both,True,440449.0,Pvalb-IRES-Cre;Ai14-440449,M,P56,VISl4,817981707.0,SM-GE5W2_S002_E1-50,RSC-198,CS180626100055,Pvalb Sema3e Kank4,both,True,True,True,Pvalb,Pvalb,True,Pvalb
817989178,2774,P8S4_190204_353_A01,Pvalb Reln Tac1,57,#D6221D,I2,1.0,2774,1.0,both,True,440449.0,Pvalb-IRES-Cre;Ai14-440449,M,P56,VISp6a,817989121.0,SM-GE5TI_S189_E1-50,RSC-197,CS180626100057,Pvalb Reln Tac1,both,True,True,True,Pvalb,Pvalb,True,Pvalb
817996096,2775,PAS4_190204_451_A01,Pvalb Reln Itm2a,56,#E67A77,I2,1.0,2775,1.0,both,True,440449.0,Pvalb-IRES-Cre;Ai14-440449,M,P56,VISli2/3,817996055.0,SM-GE5TI_S192_E1-50,RSC-197,CS180626100058,Pvalb Reln Itm2a,both,True,True,True,Pvalb,Pvalb,True,Pvalb
817996215,2776,PES4_190204_653_A01,Pvalb Sema3e Kank4,54,#C94545,I2,1.0,2776,1.0,both,True,440449.0,Pvalb-IRES-Cre;Ai14-440449,M,P56,VISl5,817996130.0,SM-GE5W2_S003_E1-50,RSC-198,CS180626100055,Pvalb Sema3e Kank4,both,True,True,True,Pvalb,Pvalb,True,Pvalb
817999859,2777,P8S4_190204_354_A01,Pvalb Akr1c18 Ntf3,53,#FF4343,I1,1.0,2777,1.0,both,True,440449.0,Pvalb-IRES-Cre;Ai14-440449,M,P56,VISp5,817999835.0,SM-GE5TI_S190_E1-50,RSC-197,CS180626100053,Pvalb Akr1c18 Ntf3,both,True,True,True,Pvalb,Pvalb,True,Pvalb
818003838,2778,P8S4_190204_355_A01,Pvalb Tpbg,58,#AF3F64,I2,1.0,2778,1.0,both,True,440449.0,Pvalb-IRES-Cre;Ai14-440449,M,P56,VISp5,818003817.0,SM-GE5TI_S191_E1-50,RSC-197,CS180626100059,Pvalb Tpbg,both,True,True,True,Pvalb,Pvalb,True,Pvalb
818757727,2779,PES4_190205_653_A01,Pvalb Tpbg,58,#AF3F64,Core,1.0,2779,1.0,both,True,440450.0,Pvalb-IRES-Cre;Ai14-440450,M,P57,VISp2/3,818757644.0,SM-GE5W2_S012_E1-50,RSC-198,CS180626100059,Pvalb Tpbg,both,True,True,True,Pvalb,Pvalb,True,Pvalb
818764264,2780,PFS4_190205_705_A01,Pvalb Sema3e Kank4,54,#C94545,I1,1.0,2780,1.0,both,True,440450.0,Pvalb-IRES-Cre;Ai14-440450,M,P57,VISp5,818764156.0,SM-GE5W2_S019_E1-50,RSC-198,CS180626100055,Pvalb Sema3e Kank4,both,True,True,True,Pvalb,Pvalb,True,Pvalb
818792182,2781,PES4_190205_654_A01,Pvalb Reln Itm2a,56,#E67A77,Core,1.0,2781,1.0,both,True,440450.0,Pvalb-IRES-Cre;Ai14-440450,M,P57,VISp6a,818791899.0,SM-GE5W2_S013_E1-50,RSC-198,CS180626100058,Pvalb Reln Itm2a,both,True,True,True,Pvalb,Pvalb,True,Pvalb
818811232,2782,PAS4_190205_454_A01,Pvalb Sema3e Kank4,54,#C94545,Core,1.0,2782,1.0,both,True,440450.0,Pvalb-IRES-Cre;Ai14-440450,M,P57,VISp6a,818811104.0,SM-GE5W2_S011_E1-50,RSC-198,CS180626100055,Pvalb Sema3e Kank4,both,True,True,True,Pvalb,Pvalb,True,Pvalb
820157886,2783,PES4_190207_656_A01,Pvalb Calb1 Sst,52,#BC2B11,I2,1.0,2783,1.0,both,True,440451.0,Pvalb-IRES-Cre;Ai14-440451,M,P59,VISp4,820156970.0,SM-GE5W2_S054_E1-50,RSC-198,CS180626100059,Pvalb Tpbg,both,True,True,False,Pvalb,Pvalb,True,Pvalb
820693888,2784,P8S4_190208_351_A01,Pvalb Reln Itm2a,56,#E67A77,Core,1.0,2784,1.0,both,True,440917.0,Htr3a-Cre_NO152;Pvalb-T2A-FlpO;Ai65-440917,F,P58,VISp5,820693555.0,SM-GE5W2_S076_E1-50,RSC-198,CS180626100058,Pvalb Reln Itm2a,both,True,True,True,Pvalb,Pvalb,True,Pvalb
820747811,2785,PES4_190208_651_A01,Pvalb Reln Itm2a,56,#E67A77,Core,1.0,2785,1.0,both,True,440917.0,Htr3a-Cre_NO152;Pvalb-T2A-FlpO;Ai65-440917,F,P58,VISp2/3,820747555.0,SM-GE5W2_S079_E1-50,RSC-198,CS180626100058,Pvalb Reln Itm2a,both,True,True,True,Pvalb,Pvalb,True,Pvalb
820815161,2786,PES4_190208_652_A01,Pvalb Sema3e Kank4,54,#C94545,I1,1.0,2786,1.0,both,True,440917.0,Htr3a-Cre_NO152;Pvalb-T2A-FlpO;Ai65-440917,F,P58,VISp5,820814908.0,SM-GE5W2_S080_E1-50,RSC-198,CS180626100055,Pvalb Sema3e Kank4,both,True,True,True,Pvalb,Pvalb,True,Pvalb
820862134,2787,PES4_190208_653_A01,Pvalb Reln Itm2a,56,#E67A77,Core,1.0,2787,1.0,both,True,440917.0,Htr3a-Cre_NO152;Pvalb-T2A-FlpO;Ai65-440917,F,P58,VISp5,820861869.0,SM-GE5W2_S089_E1-50,RSC-198,CS180626100058,Pvalb Reln Itm2a,both,True,True,True,Pvalb,Pvalb,True,Pvalb
820897104,2788,P8S4_190208_353_A01,Pvalb Reln Tac1,57,#D6221D,I3,1.0,2788,1.0,both,True,440452.0,Pvalb-IRES-Cre;Ai14-440452,M,P60,VISp5,820896977.0,SM-GE5W2_S078_E1-50,RSC-198,CS180626100057,Pvalb Reln Tac1,both,True,True,True,Pvalb,Pvalb,True,Pvalb
820917420,2789,PES4_190208_654_A01,Pvalb Reln Itm2a,56,#E67A77,I2,1.0,2789,1.0,both,True,440452.0,Pvalb-IRES-Cre;Ai14-440452,M,P60,VISpor4,820917169.0,SM-GE5W2_S090_E1-50,RSC-198,CS180626100058,Pvalb Reln Itm2a,both,True,True,True,Pvalb,Pvalb,True,Pvalb
821563005,2790,PFS4_190212_701_A01,Pvalb Akr1c18 Ntf3,53,#FF4343,Core,1.0,2790,1.0,both,True,440916.0,Htr3a-Cre_NO152;Pvalb-T2A-FlpO;Ai65-440916,M,P62,VISp6a,821562677.0,SM-GE4RC_S048_E1-50,RSC-199,CS180626100053,Pvalb Akr1c18 Ntf3,both,True,True,True,Pvalb,Pvalb,True,Pvalb
821594273,2791,PES4_190212_651_A01,Lamp5 Plch2 Dock5,4,#FF7290,I2,1.0,2791,1.0,both,True,442794.0,Ndnf-IRES2-dgCre;Ai14-442794,M,P53,VISp1,821593998.0,SM-GE4RC_S044_E1-50,RSC-199,CS180626100005,Lamp5 Plch2 Dock5,both,True,True,True,Lamp5,Lamp5,True,Lamp5
821652024,2792,P1S4_190212_002_A01,Lamp5 Plch2 Dock5,4,#FF7290,Core,1.0,2792,1.0,both,True,442794.0,Ndnf-IRES2-dgCre;Ai14-442794,M,P53,VISp1,821651729.0,SM-GE4RC_S036_E1-50,RSC-199,CS180626100005,Lamp5 Plch2 Dock5,both,True,True,True,Lamp5,Lamp5,True,Lamp5
821771315,2793,P8S4_190212_353_A01,Sst Chrna2 Glra3,37,#FF9F2C,I1,1.0,2793,1.0,both,True,441829.0,Chrna2-Cre_OE25;Sst-IRES-FlpO;Ai65-441829,F,P58,VISl5,821771138.0,SM-GE4RC_S039_E1-50,RSC-199,CS180626100039,Sst Chrna2 Glra3,both,True,True,True,Sst,Sst,True,Sst
821774757,2794,PFS4_190212_702_A01,Sst Nr2f2 Necab1,35,#FFDF11,Core,1.0,2794,1.0,both,True,441829.0,Chrna2-Cre_OE25;Sst-IRES-FlpO;Ai65-441829,F,P58,VISl5,821774538.0,SM-GE4RC_S049_E1-50,RSC-199,CS180626100036,Sst Nr2f2 Necab1,both,True,True,True,Sst,Sst,True,Sst
821788449,2795,P8S4_190212_354_A01,Sst Myh8 Etv1 ,36,#D6C300,I1,1.0,2795,1.0,both,True,441829.0,Chrna2-Cre_OE25;Sst-IRES-FlpO;Ai65-441829,F,P58,VISp5,821788242.0,SM-GE4RC_S040_E1-50,RSC-199,CS180626100036,Sst Nr2f2 Necab1,both,True,True,False,Sst,Sst,True,Sst
821863866,2796,PES4_190212_653_A01,Sst Tac2 Tacstd2,46,#BF8219,Core,1.0,2796,1.0,both,True,441829.0,Chrna2-Cre_OE25;Sst-IRES-FlpO;Ai65-441829,F,P58,VISpl6a,821863648.0,SM-GE4RC_S046_E1-50,RSC-199,CS180626100047,Sst Tac2 Tacstd2,both,True,True,True,Sst,Sst,True,Sst
821882938,2797,P8S4_190212_356_A01,Pvalb Th Sst,51,#FF2F7E,I2,1.0,2797,1.0,both,True,442767.0,Pvalb-IRES-Cre;Ai14-442767,M,P53,VISp6a,821882770.0,SM-GE4RC_S042_E1-50,RSC-199,CS180626100053,Pvalb Akr1c18 Ntf3,both,True,True,False,Pvalb,Pvalb,True,Pvalb
821907565,2798,P8S4_190212_357_A01,Pvalb Reln Itm2a,56,#E67A77,Core,1.0,2798,1.0,both,True,442767.0,Pvalb-IRES-Cre;Ai14-442767,M,P53,VISp5,821907453.0,SM-GE4RC_S043_E1-50,RSC-199,CS180626100058,Pvalb Reln Itm2a,both,True,True,True,Pvalb,Pvalb,True,Pvalb
821917200,2799,PES4_190212_654_A01,Pvalb Tpbg,58,#AF3F64,Core,1.0,2799,1.0,both,True,442767.0,Pvalb-IRES-Cre;Ai14-442767,M,P53,VISl5,821917133.0,SM-GE4RC_S047_E1-50,RSC-199,CS180626100059,Pvalb Tpbg,both,True,True,True,Pvalb,Pvalb,True,Pvalb
823236692,2800,P8S4_190214_354_A01,Pvalb Reln Itm2a,56,#E67A77,Core,1.0,2800,1.0,both,True,442768.0,Pvalb-IRES-Cre;Ai14-442768,M,P55,VISp5,823236595.0,SM-GE4RC_S058_E1-50,RSC-199,CS180626100058,Pvalb Reln Itm2a,both,True,True,True,Pvalb,Pvalb,True,Pvalb
823242988,2801,P1S4_190214_004_A01,Pvalb Reln Itm2a,56,#E67A77,I2,1.0,2801,1.0,both,True,442768.0,Pvalb-IRES-Cre;Ai14-442768,M,P55,VISp5,823242845.0,SM-GE4RC_S054_E1-50,RSC-199,CS180626100058,Pvalb Reln Itm2a,both,True,True,True,Pvalb,Pvalb,True,Pvalb
823253200,2802,PES4_190214_652_A01,Sst Tac1 Htr1d,31,#804811,I1,1.0,2802,1.0,both,True,442768.0,Pvalb-IRES-Cre;Ai14-442768,M,P55,VISp2/3,823253092.0,SM-GE4RC_S065_E1-50,RSC-199,CS180626100033,Sst Tac1 Tacr3,both,True,True,False,Sst,Sst,True,Sst
823261804,2803,P8S4_190214_355_A01,Pvalb Tpbg,58,#AF3F64,I1,1.0,2803,1.0,both,True,442768.0,Pvalb-IRES-Cre;Ai14-442768,M,P55,VISp5,823261653.0,SM-GE4RC_S059_E1-50,RSC-199,CS180626100059,Pvalb Tpbg,both,True,True,True,Pvalb,Pvalb,True,Pvalb
823281815,2804,PAS4_190214_452_A01,Pvalb Gpr149 Islr,55,#E62A5D,I1,1.0,2804,1.0,both,True,442768.0,Pvalb-IRES-Cre;Ai14-442768,M,P55,VISpm5,823281747.0,SM-GE4RC_S061_E1-50,RSC-199,CS180626100056,Pvalb Gpr149 Islr,both,True,True,True,Pvalb,Pvalb,True,Pvalb
823290814,2805,PAS4_190214_453_A01,Pvalb Reln Itm2a,56,#E67A77,I1,1.0,2805,1.0,both,True,442768.0,Pvalb-IRES-Cre;Ai14-442768,M,P55,VISp4,823290708.0,SM-GE4RC_S062_E1-50,RSC-199,CS180626100058,Pvalb Reln Itm2a,both,True,True,True,Pvalb,Pvalb,True,Pvalb
823580102,2806,P1S4_190215_001_A01,Pvalb Reln Itm2a,56,#E67A77,Core,1.0,2806,1.0,both,True,442769.0,Pvalb-IRES-Cre;Ai14-442769,F,P56,VISp5,823579683.0,SM-GE4RC_S070_E1-50,RSC-199,CS180626100058,Pvalb Reln Itm2a,both,True,True,True,Pvalb,Pvalb,True,Pvalb
823594655,2807,P8S4_190215_351_A01,Pvalb Tpbg,58,#AF3F64,Core,1.0,2807,1.0,both,True,442769.0,Pvalb-IRES-Cre;Ai14-442769,F,P56,VISp2/3,823594282.0,SM-GE4RC_S077_E1-50,RSC-199,CS180626100059,Pvalb Tpbg,both,True,True,True,Pvalb,Pvalb,True,Pvalb
823603037,2808,P1S4_190215_002_A01,Pvalb Tpbg,58,#AF3F64,Core,1.0,2808,1.0,both,True,442769.0,Pvalb-IRES-Cre;Ai14-442769,F,P56,VISp2/3,823602765.0,SM-GE4RC_S071_E1-50,RSC-199,CS180626100059,Pvalb Tpbg,both,True,True,True,Pvalb,Pvalb,True,Pvalb
823609338,2809,PES4_190215_651_A01,Pvalb Tpbg,58,#AF3F64,Core,1.0,2809,1.0,both,True,442769.0,Pvalb-IRES-Cre;Ai14-442769,F,P56,VISl2/3,823609176.0,SM-GE4RC_S086_E1-50,RSC-199,CS180626100059,Pvalb Tpbg,both,True,True,True,Pvalb,Pvalb,True,Pvalb
823658063,2810,PES4_190215_652_A01,Pvalb Reln Itm2a,56,#E67A77,Core,1.0,2810,1.0,both,True,442769.0,Pvalb-IRES-Cre;Ai14-442769,F,P56,VISp5,823657759.0,SM-GE4RC_S087_E1-50,RSC-199,CS180626100058,Pvalb Reln Itm2a,both,True,True,True,Pvalb,Pvalb,True,Pvalb
823681740,2811,P8S4_190215_352_A01,Lamp5 Lsp1,5,#FFA388,Core,1.0,2811,1.0,both,True,442769.0,Pvalb-IRES-Cre;Ai14-442769,F,P56,VISp2/3,823681498.0,SM-GE4RC_S078_E1-50,RSC-199,CS180626100006,Lamp5 Lsp1,both,True,True,True,Lamp5,Lamp5,True,Lamp5
823702943,2812,P8S4_190215_353_A01,Pvalb Vipr2,59,#FF197F,Core,1.0,2812,1.0,both,True,442769.0,Pvalb-IRES-Cre;Ai14-442769,F,P56,VISp2/3,823702793.0,SM-GE4RC_S079_E1-50,RSC-199,CS180626100060,Pvalb Vipr2,both,True,True,True,Pvalb,Pvalb,True,Pvalb
823719680,2813,PAS4_190215_451_A01,Lamp5 Ntn1 Npy2r,3,#DD6091,Core,1.0,2813,1.0,both,True,442796.0,Ndnf-IRES2-dgCre;Ai14-442796,F,P56,VISp1,823719561.0,SM-GE4RC_S082_E1-50,RSC-199,CS180626100004,Lamp5 Ntn1 Npy2r,both,True,True,True,Lamp5,Lamp5,True,Lamp5
823745688,2814,PES4_190215_653_A01,Lamp5 Ntn1 Npy2r,3,#DD6091,Core,1.0,2814,1.0,both,True,442796.0,Ndnf-IRES2-dgCre;Ai14-442796,F,P56,VISp1,823745413.0,SM-GE4RC_S088_E1-50,RSC-199,CS180626100004,Lamp5 Ntn1 Npy2r,both,True,True,True,Lamp5,Lamp5,True,Lamp5
823830483,2815,P1S4_190215_005_A01,Pvalb Reln Itm2a,56,#E67A77,Core,1.0,2815,1.0,both,True,442770.0,Pvalb-IRES-Cre;Ai14-442770,F,P56,VISp2/3,823830259.0,SM-GE4RC_S074_E1-50,RSC-199,CS180626100058,Pvalb Reln Itm2a,both,True,True,True,Pvalb,Pvalb,True,Pvalb
823833593,2816,PES4_190215_654_A01,Pvalb Akr1c18 Ntf3,53,#FF4343,I1,1.0,2816,1.0,both,True,442770.0,Pvalb-IRES-Cre;Ai14-442770,F,P56,VISp6a,823833319.0,SM-GE4RC_S089_E1-50,RSC-199,CS180626100053,Pvalb Akr1c18 Ntf3,both,True,True,True,Pvalb,Pvalb,True,Pvalb
823835246,2817,P1S4_190215_006_A01,Pvalb Reln Itm2a,56,#E67A77,Core,1.0,2817,1.0,both,True,442770.0,Pvalb-IRES-Cre;Ai14-442770,F,P56,VISp5,823835139.0,SM-GE4RC_S075_E1-50,RSC-199,CS180626100058,Pvalb Reln Itm2a,both,True,True,True,Pvalb,Pvalb,True,Pvalb
823857965,2818,P8S4_190215_354_A01,Pvalb Reln Itm2a,56,#E67A77,I1,1.0,2818,1.0,both,True,442770.0,Pvalb-IRES-Cre;Ai14-442770,F,P56,VISp5,823857818.0,SM-GE4RC_S080_E1-50,RSC-199,CS180626100058,Pvalb Reln Itm2a,both,True,True,True,Pvalb,Pvalb,True,Pvalb
823868835,2819,P1S4_190215_007_A01,Pvalb Sema3e Kank4,54,#C94545,I1,1.0,2819,1.0,both,True,442770.0,Pvalb-IRES-Cre;Ai14-442770,F,P56,VISp6a,823868645.0,SM-GE4RC_S076_E1-50,RSC-199,CS180626100055,Pvalb Sema3e Kank4,both,True,True,True,Pvalb,Pvalb,True,Pvalb
823889517,2820,P8S4_190215_355_A01,Lamp5 Ntn1 Npy2r,3,#DD6091,Core,1.0,2820,1.0,both,True,442797.0,Ndnf-IRES2-dgCre;Ai14-442797,F,P56,VISp1,823889353.0,SM-GE4RC_S081_E1-50,RSC-199,CS180626100004,Lamp5 Ntn1 Npy2r,both,True,True,True,Lamp5,Lamp5,True,Lamp5
823900315,2821,PFS4_190215_702_A01,Pvalb Reln Itm2a,56,#E67A77,Core,1.0,2821,1.0,both,True,442770.0,Pvalb-IRES-Cre;Ai14-442770,F,P56,VISp4,823900095.0,SM-GE4RC_S093_E1-50,RSC-199,CS180626100058,Pvalb Reln Itm2a,both,True,True,True,Pvalb,Pvalb,True,Pvalb
823907738,2822,PES4_190215_655_A01,Lamp5 Ntn1 Npy2r,3,#DD6091,I2,1.0,2822,1.0,both,True,442797.0,Ndnf-IRES2-dgCre;Ai14-442797,F,P56,VISp1,823907422.0,SM-GE4RC_S090_E1-50,RSC-199,CS180626100004,Lamp5 Ntn1 Npy2r,both,True,True,True,Lamp5,Lamp5,True,Lamp5
823952975,2823,PFS4_190215_703_A01,Lamp5 Plch2 Dock5,4,#FF7290,I2,1.0,2823,1.0,both,True,442797.0,Ndnf-IRES2-dgCre;Ai14-442797,F,P56,VISp5,823952817.0,SM-GE4RC_S094_E1-50,RSC-199,CS180626100005,Lamp5 Plch2 Dock5,both,True,True,True,Lamp5,Lamp5,True,Lamp5
823960949,2824,PAS4_190215_453_A01,Pvalb Reln Itm2a,56,#E67A77,Core,1.0,2824,1.0,both,True,442770.0,Pvalb-IRES-Cre;Ai14-442770,F,P56,VISp6a,823960881.0,SM-GE4RC_S084_E1-50,RSC-199,CS180626100058,Pvalb Reln Itm2a,both,True,True,True,Pvalb,Pvalb,True,Pvalb
823968176,2825,PFS4_190215_705_A01,Lamp5 Ntn1 Npy2r,3,#DD6091,Core,1.0,2825,1.0,both,True,442797.0,Ndnf-IRES2-dgCre;Ai14-442797,F,P56,VISp2/3,823968113.0,SM-GE4RC_S096_E1-50,RSC-199,CS180626100004,Lamp5 Ntn1 Npy2r,both,True,True,True,Lamp5,Lamp5,True,Lamp5
823998912,2826,PES4_190215_656_A01,Pvalb Gpr149 Islr,55,#E62A5D,I1,1.0,2826,1.0,both,True,442770.0,Pvalb-IRES-Cre;Ai14-442770,F,P56,VISp6a,823998643.0,SM-GE4RC_S091_E1-50,RSC-199,CS180626100056,Pvalb Gpr149 Islr,both,True,True,True,Pvalb,Pvalb,True,Pvalb
824015947,2827,PAS4_190215_454_A01,Pvalb Sema3e Kank4,54,#C94545,Core,1.0,2827,1.0,both,True,442770.0,Pvalb-IRES-Cre;Ai14-442770,F,P56,VISp5,824015761.0,SM-GE4RC_S085_E1-50,RSC-199,CS180626100055,Pvalb Sema3e Kank4,both,True,True,True,Pvalb,Pvalb,True,Pvalb
824701767,2828,PAS4_190218_454_A01,Lamp5 Lsp1,5,#FFA388,Core,1.0,2828,1.0,both,True,442606.0,Htr3a-Cre_NO152;Ai14-442606,F,P60,VISl5,824701494.0,SM-GE4QZ_S126_E1-50,RSC-200,CS180626100006,Lamp5 Lsp1,both,True,True,True,Lamp5,Lamp5,True,Lamp5
824756017,2829,P8S4_190218_352_A01,Vip Crispld2 Kcne4,27,#AD589A,I1,1.0,2829,1.0,both,True,442606.0,Htr3a-Cre_NO152;Ai14-442606,F,P60,VISp2/3,824755610.0,SM-GE4QZ_S115_E1-50,RSC-200,CS180626100028,Vip Crispld2 Kcne4,both,True,True,True,Vip,Vip,True,Vip
824792964,2830,PAS4_190218_455_A01,Lamp5 Fam19a1 Pax6,1,#FF88AD,I2,1.0,2830,1.0,both,True,442606.0,Htr3a-Cre_NO152;Ai14-442606,F,P60,VISpm1,824792633.0,SM-GE4QZ_S127_E1-50,RSC-200,CS180626100003,Lamp5 Fam19a1 Tmem182,both,True,True,False,Lamp5,Lamp5,True,Lamp5
824800372,2831,P8S4_190218_353_A01,Sst Rxfp1 Prdm8,48,#802600,Core,1.0,2831,1.0,both,True,442606.0,Htr3a-Cre_NO152;Ai14-442606,F,P60,VISp6a,824800077.0,SM-GE4QZ_S116_E1-50,RSC-200,CS180626100049,Sst Rxfp1 Prdm8,both,True,True,True,Sst,Sst,True,Sst
824840538,2832,PAS4_190218_456_A01,Lamp5 Lsp1,5,#FFA388,Core,1.0,2832,1.0,both,True,442606.0,Htr3a-Cre_NO152;Ai14-442606,F,P60,VISp5,824840229.0,SM-GE4QZ_S128_E1-50,RSC-200,CS180626100006,Lamp5 Lsp1,both,True,True,True,Lamp5,Lamp5,True,Lamp5
824867588,2833,PAS4_190218_457_A01,Vip Gpc3 Slc18a3,19,#B09FFF,I1,1.0,2833,1.0,both,True,442606.0,Htr3a-Cre_NO152;Ai14-442606,F,P60,VISp6a,824867466.0,SM-GE4QZ_S129_E1-50,RSC-200,CS180626100018,Vip Gpc3 Slc18a3,both,True,True,True,Vip,Vip,True,Vip
824893459,2834,PAS4_190218_458_A01,Vip Crispld2 Htr2c,26,#882E81,I1,1.0,2834,1.0,both,True,442606.0,Htr3a-Cre_NO152;Ai14-442606,F,P60,VISp2/3,824893262.0,SM-GE4QZ_S130_E1-50,RSC-200,CS180626100027,Vip Crispld2 Htr2c,both,True,True,True,Vip,Vip,True,Vip
825221851,2835,PES4_190219_651_A01,Pvalb Sema3e Kank4,54,#C94545,Core,1.0,2835,1.0,both,True,442765.0,Pvalb-IRES-Cre;Ai14-442765,M,P60,VISp6a,825221570.0,SM-GE4QZ_S151_E1-50,RSC-200,CS180626100055,Pvalb Sema3e Kank4,both,True,True,True,Pvalb,Pvalb,True,Pvalb
825222283,2836,P8S4_190219_351_A01,Pvalb Sema3e Kank4,54,#C94545,Core,1.0,2836,1.0,both,True,442765.0,Pvalb-IRES-Cre;Ai14-442765,M,P60,VISl6a,825221959.0,SM-GE4QZ_S138_E1-50,RSC-200,CS180626100055,Pvalb Sema3e Kank4,both,True,True,True,Pvalb,Pvalb,True,Pvalb
825256574,2837,P1S4_190219_001_A01,Pvalb Reln Itm2a,56,#E67A77,I2,1.0,2837,1.0,both,True,442765.0,Pvalb-IRES-Cre;Ai14-442765,M,P60,VISp5,825256270.0,SM-GE4QZ_S135_E1-50,RSC-200,CS180626100058,Pvalb Reln Itm2a,both,True,True,True,Pvalb,Pvalb,True,Pvalb
825269133,2838,PAS4_190219_452_A01,Pvalb Gpr149 Islr,55,#E62A5D,Core,1.0,2838,1.0,both,True,442765.0,Pvalb-IRES-Cre;Ai14-442765,M,P60,VISp5,825268971.0,SM-GE4QZ_S145_E1-50,RSC-200,CS180626100056,Pvalb Gpr149 Islr,both,True,True,True,Pvalb,Pvalb,True,Pvalb
825269328,2839,P8S4_190219_352_A01,Pvalb Tpbg,58,#AF3F64,Core,1.0,2839,1.0,both,True,442765.0,Pvalb-IRES-Cre;Ai14-442765,M,P60,VISp2/3,825269171.0,SM-GE4QZ_S139_E1-50,RSC-200,CS180626100059,Pvalb Tpbg,both,True,True,True,Pvalb,Pvalb,True,Pvalb
825296663,2840,PFS4_190219_701_A01,Pvalb Reln Itm2a,56,#E67A77,Core,1.0,2840,1.0,both,True,442765.0,Pvalb-IRES-Cre;Ai14-442765,M,P60,VISp4,825296330.0,SM-GE4QZ_S167_E1-50,RSC-200,CS180626100058,Pvalb Reln Itm2a,both,True,True,True,Pvalb,Pvalb,True,Pvalb
825296874,2841,PAS4_190219_453_A01,Sst Rxfp1 Eya1,47,#994C00,Core,1.0,2841,1.0,both,True,442765.0,Pvalb-IRES-Cre;Ai14-442765,M,P60,VISl5,825296746.0,SM-GE4QZ_S146_E1-50,RSC-200,CS180626100048,Sst Rxfp1 Eya1,both,True,True,True,Sst,Sst,True,Sst
825311020,2842,PES4_190219_652_A01,Pvalb Reln Tac1,57,#D6221D,I2,1.0,2842,1.0,both,True,442765.0,Pvalb-IRES-Cre;Ai14-442765,M,P60,VISl5,825310728.0,SM-GE4QZ_S152_E1-50,RSC-200,CS180626100055,Pvalb Sema3e Kank4,both,True,True,False,Pvalb,Pvalb,True,Pvalb
825332009,2843,P1S4_190219_002_A01,Pvalb Sema3e Kank4,54,#C94545,Core,1.0,2843,1.0,both,True,442765.0,Pvalb-IRES-Cre;Ai14-442765,M,P60,VISp6a,825331380.0,SM-GE4QZ_S136_E1-50,RSC-200,CS180626100055,Pvalb Sema3e Kank4,both,True,True,True,Pvalb,Pvalb,True,Pvalb
825512557,2844,P1S4_190219_003_A01,Lamp5 Plch2 Dock5,4,#FF7290,I2,1.0,2844,1.0,both,True,443337.0,Ndnf-IRES2-dgCre;Slc32a1-IRES2-FlpO;Ai65-443337,M,P56,VISp1,825512329.0,SM-GE4QZ_S137_E1-50,RSC-200,CS180626100005,Lamp5 Plch2 Dock5,both,True,True,True,Lamp5,Lamp5,True,Lamp5
825522397,2845,P8S4_190219_353_A01,Lamp5 Plch2 Dock5,4,#FF7290,Core,1.0,2845,1.0,both,True,443337.0,Ndnf-IRES2-dgCre;Slc32a1-IRES2-FlpO;Ai65-443337,M,P56,VISp4,825522195.0,SM-GE4QZ_S140_E1-50,RSC-200,CS180626100005,Lamp5 Plch2 Dock5,both,True,True,True,Lamp5,Lamp5,True,Lamp5
825525063,2846,PES4_190219_655_A01,Lamp5 Plch2 Dock5,4,#FF7290,Core,1.0,2846,1.0,both,True,443337.0,Ndnf-IRES2-dgCre;Slc32a1-IRES2-FlpO;Ai65-443337,M,P56,VISp2/3,825524914.0,SM-GE4QZ_S163_E1-50,RSC-200,CS180626100005,Lamp5 Plch2 Dock5,both,True,True,True,Lamp5,Lamp5,True,Lamp5
825525155,2847,PFS4_190219_704_A01,Lamp5 Plch2 Dock5,4,#FF7290,Core,1.0,2847,1.0,both,True,443337.0,Ndnf-IRES2-dgCre;Slc32a1-IRES2-FlpO;Ai65-443337,M,P56,VISp1,825525106.0,SM-GE4QZ_S170_E1-50,RSC-200,CS180626100005,Lamp5 Plch2 Dock5,both,True,True,True,Lamp5,Lamp5,True,Lamp5
825533924,2848,PFS4_190219_705_A01,Vip Igfbp6 Car10,13,#7779BF,Core,1.0,2848,1.0,both,True,443337.0,Ndnf-IRES2-dgCre;Slc32a1-IRES2-FlpO;Ai65-443337,M,P56,VISp2/3,825533857.0,SM-GE4QZ_S171_E1-50,RSC-200,CS180626100014,Vip Igfbp6 Car10,both,True,True,True,Vip,Vip,True,Vip
825534003,2849,P8S4_190219_354_A01,Lamp5 Plch2 Dock5,4,#FF7290,I1,1.0,2849,1.0,both,True,443337.0,Ndnf-IRES2-dgCre;Slc32a1-IRES2-FlpO;Ai65-443337,M,P56,VISp2/3,825533959.0,SM-GE4QZ_S141_E1-50,RSC-200,CS180626100005,Lamp5 Plch2 Dock5,both,True,True,True,Lamp5,Lamp5,True,Lamp5
825549510,2850,PES4_190219_656_A01,Lamp5 Plch2 Dock5,4,#FF7290,Core,1.0,2850,1.0,both,True,444161.0,Gad2-IRES-Cre;Ai14-444161,M,P53,VISp1,825549431.0,SM-GE4QZ_S164_E1-50,RSC-200,CS180626100005,Lamp5 Plch2 Dock5,both,True,True,True,Lamp5,Lamp5,True,Lamp5
825552023,2851,PAS4_190219_456_A01,Pvalb Sema3e Kank4,54,#C94545,Core,1.0,2851,1.0,both,True,444161.0,Gad2-IRES-Cre;Ai14-444161,M,P53,VISp6a,825551968.0,SM-GE4QZ_S149_E1-50,RSC-200,CS180626100055,Pvalb Sema3e Kank4,both,True,True,True,Pvalb,Pvalb,True,Pvalb
825555145,2852,P8S4_190219_355_A01,Sst Nts,49,#A81111,Core,1.0,2852,1.0,both,True,444161.0,Gad2-IRES-Cre;Ai14-444161,M,P53,VISp6a,825555085.0,SM-GE4QZ_S142_E1-50,RSC-200,CS180626100050,Sst Nts,both,True,True,True,Sst,Sst,True,Sst
825563029,2853,PFS4_190219_706_A01,Vip Ptprt Pkp2,20,#FF00FF,Core,1.0,2853,1.0,both,True,444161.0,Gad2-IRES-Cre;Ai14-444161,M,P53,VISp2/3,825563005.0,SM-GE4QZ_S172_E1-50,RSC-200,CS180626100021,Vip Ptprt Pkp2,both,True,True,True,Vip,Vip,True,Vip
825563578,2854,PES4_190219_657_A01,Sst Calb2 Pdlim5,34,#CC6D3D,Core,1.0,2854,1.0,both,True,444161.0,Gad2-IRES-Cre;Ai14-444161,M,P53,VISp1,825563550.0,SM-GE4QZ_S165_E1-50,RSC-200,CS180626100035,Sst Calb2 Pdlim5,both,True,True,True,Sst,Sst,True,Sst
825567515,2855,PAS4_190219_457_A01,Pvalb Reln Itm2a,56,#E67A77,Core,1.0,2855,1.0,both,True,444161.0,Gad2-IRES-Cre;Ai14-444161,M,P53,VISp5,825567494.0,SM-GE4QZ_S150_E1-50,RSC-200,CS180626100058,Pvalb Reln Itm2a,both,True,True,True,Pvalb,Pvalb,True,Pvalb
825570888,2856,PES4_190219_658_A01,Sst Rxfp1 Prdm8,48,#802600,I1,1.0,2856,1.0,both,True,444161.0,Gad2-IRES-Cre;Ai14-444161,M,P53,VISp6a,825570853.0,SM-GE4QZ_S166_E1-50,RSC-200,CS180626100049,Sst Rxfp1 Prdm8,both,True,True,True,Sst,Sst,True,Sst
826700106,2857,P1S4_190221_001_A01,Lamp5 Lsp1,5,#FFA388,I2,1.0,2857,1.0,both,True,443338.0,Ndnf-IRES2-dgCre;Slc32a1-IRES2-FlpO;Ai65-443338,M,P58,VISp1,826699919.0,SM-GE4QZ_S173_E1-50,RSC-200,CS180626100006,Lamp5 Lsp1,both,True,True,True,Lamp5,Lamp5,True,Lamp5
826710259,2858,P1S4_190221_002_A01,Lamp5 Plch2 Dock5,4,#FF7290,Core,1.0,2858,1.0,both,True,443338.0,Ndnf-IRES2-dgCre;Slc32a1-IRES2-FlpO;Ai65-443338,M,P58,VISp1,826710062.0,SM-GE4QZ_S174_E1-50,RSC-200,CS180626100005,Lamp5 Plch2 Dock5,both,True,True,True,Lamp5,Lamp5,True,Lamp5
826712572,2859,PAS4_190221_451_A01,Lamp5 Plch2 Dock5,4,#FF7290,Core,1.0,2859,1.0,both,True,443338.0,Ndnf-IRES2-dgCre;Slc32a1-IRES2-FlpO;Ai65-443338,M,P58,VISp1,826712384.0,SM-GE4QZ_S179_E1-50,RSC-200,CS180626100005,Lamp5 Plch2 Dock5,both,True,True,True,Lamp5,Lamp5,True,Lamp5
826719991,2860,PAS4_190221_452_A01,Lamp5 Ntn1 Npy2r,3,#DD6091,I2,1.0,2860,1.0,both,True,443338.0,Ndnf-IRES2-dgCre;Slc32a1-IRES2-FlpO;Ai65-443338,M,P58,VISp1,826719847.0,SM-GE4QZ_S180_E1-50,RSC-200,CS180626100005,Lamp5 Plch2 Dock5,both,True,True,False,Lamp5,Lamp5,True,Lamp5
826739825,2861,PAS4_190221_453_A01,Lamp5 Plch2 Dock5,4,#FF7290,Core,1.0,2861,1.0,both,True,443338.0,Ndnf-IRES2-dgCre;Slc32a1-IRES2-FlpO;Ai65-443338,M,P58,VISp1,826739648.0,SM-GE4QZ_S181_E1-50,RSC-200,CS180626100005,Lamp5 Plch2 Dock5,both,True,True,True,Lamp5,Lamp5,True,Lamp5
827347629,2862,P1S4_190222_001_A01,Lamp5 Plch2 Dock5,4,#FF7290,Core,1.0,2862,1.0,both,True,445308.0,Ndnf-IRES2-dgCre;Slc32a1-IRES2-FlpO;Ai65-445308,F,P59,VISp2/3,827347359.0,SM-GE4QQ_S120_E1-50,RSC-201,CS180626100005,Lamp5 Plch2 Dock5,both,True,True,True,Lamp5,Lamp5,True,Lamp5
827447865,2863,PFS4_190222_701_A01,Lamp5 Plch2 Dock5,4,#FF7290,Core,1.0,2863,1.0,both,True,445308.0,Ndnf-IRES2-dgCre;Slc32a1-IRES2-FlpO;Ai65-445308,F,P59,VISl2/3,827447709.0,SM-GE4QQ_S137_E1-50,RSC-201,CS180626100005,Lamp5 Plch2 Dock5,both,True,True,True,Lamp5,Lamp5,True,Lamp5
827448258,2864,P1S4_190222_002_A01,Lamp5 Plch2 Dock5,4,#FF7290,Core,1.0,2864,1.0,both,True,445308.0,Ndnf-IRES2-dgCre;Slc32a1-IRES2-FlpO;Ai65-445308,F,P59,VISp1,827447952.0,SM-GE4QQ_S121_E1-50,RSC-201,CS180626100005,Lamp5 Plch2 Dock5,both,True,True,True,Lamp5,Lamp5,True,Lamp5
827503672,2865,PFS4_190222_702_A01,Lamp5 Lsp1,5,#FFA388,Core,1.0,2865,1.0,both,True,445308.0,Ndnf-IRES2-dgCre;Slc32a1-IRES2-FlpO;Ai65-445308,F,P59,VISl1,827503524.0,SM-GE4QQ_S138_E1-50,RSC-201,CS180626100006,Lamp5 Lsp1,both,True,True,True,Lamp5,Lamp5,True,Lamp5
827524052,2866,PAS4_190222_451_A01,Lamp5 Ntn1 Npy2r,3,#DD6091,Core,1.0,2866,1.0,both,True,445308.0,Ndnf-IRES2-dgCre;Slc32a1-IRES2-FlpO;Ai65-445308,F,P59,VISp1,827523811.0,SM-GE4QQ_S126_E1-50,RSC-201,CS180626100004,Lamp5 Ntn1 Npy2r,both,True,True,True,Lamp5,Lamp5,True,Lamp5
827573535,2867,PFS4_190222_703_A01,Lamp5 Plch2 Dock5,4,#FF7290,Core,1.0,2867,1.0,both,True,445308.0,Ndnf-IRES2-dgCre;Slc32a1-IRES2-FlpO;Ai65-445308,F,P59,VISp1,827573514.0,SM-GE4QQ_S139_E1-50,RSC-201,CS180626100005,Lamp5 Plch2 Dock5,both,True,True,True,Lamp5,Lamp5,True,Lamp5
827652298,2868,P2S4_190222_051_A01,Lamp5 Plch2 Dock5,4,#FF7290,I1,1.0,2868,1.0,both,True,445308.0,Ndnf-IRES2-dgCre;Slc32a1-IRES2-FlpO;Ai65-445308,F,P59,VISp1,827652199.0,SM-GE4QQ_S123_E1-50,RSC-201,CS180626100006,Lamp5 Lsp1,both,True,True,False,Lamp5,Lamp5,True,Lamp5
827911639,2869,PAS4_190222_457_A01,Sst Tac2 Myh4,40,#D9C566,I2,1.0,2869,1.0,both,True,442360.0,Ai65F-Het-442360,F,P65,VISp5,827911400.0,SM-GE4QQ_S132_E1-50,RSC-201,,,both,True,False,,Sst,,,Sst
828677984,2870,PAS4_190225_451_A01,Pvalb Reln Itm2a,56,#E67A77,Core,1.0,2870,1.0,both,True,444912.0,Vipr2-IRES2-Cre;Pvalb-T2A-FlpO;Ai65-444912,M,P55,VISp4,828677740.0,SM-GE4QQ_S153_E1-50,RSC-201,CS180626100058,Pvalb Reln Itm2a,both,True,True,True,Pvalb,Pvalb,True,Pvalb
828684036,2871,PFS4_190225_701_A01,Pvalb Reln Itm2a,56,#E67A77,Core,1.0,2871,1.0,both,True,444912.0,Vipr2-IRES2-Cre;Pvalb-T2A-FlpO;Ai65-444912,M,P55,VISl4,828683701.0,SM-GE4QQ_S172_E1-50,RSC-201,CS180626100058,Pvalb Reln Itm2a,both,True,True,True,Pvalb,Pvalb,True,Pvalb
828707565,2872,P8S4_190225_351_A01,Sncg Vip Nptx2,8,#9900B3,I2,1.0,2872,1.0,both,True,445711.0,Htr3a-Cre_NO152;Ai14-445711,M,P52,VISp1,828707332.0,SM-GE4QQ_S146_E1-50,RSC-201,CS180626100009,Sncg Vip Nptx2,both,True,True,True,Sncg,Sncg,True,Sncg
828727693,2873,PFS4_190225_702_A01,Lamp5 Ntn1 Npy2r,3,#DD6091,Core,1.0,2873,1.0,both,True,445711.0,Htr3a-Cre_NO152;Ai14-445711,M,P52,VISp2/3,828727461.0,SM-GE4QQ_S173_E1-50,RSC-201,CS180626100004,Lamp5 Ntn1 Npy2r,both,True,True,True,Lamp5,Lamp5,True,Lamp5
828751184,2874,PAS4_190225_453_A01,Vip Gpc3 Slc18a3,19,#B09FFF,I2,1.0,2874,1.0,both,True,445711.0,Htr3a-Cre_NO152;Ai14-445711,M,P52,VISp6a,828751034.0,SM-GE4QQ_S155_E1-50,RSC-201,CS180626100018,Vip Gpc3 Slc18a3,both,True,True,True,Vip,Vip,True,Vip
828754697,2875,PFS4_190225_703_A01,Vip Gpc3 Slc18a3,19,#B09FFF,I1,1.0,2875,1.0,both,True,445711.0,Htr3a-Cre_NO152;Ai14-445711,M,P52,VISp6a,828754478.0,SM-GE4QQ_S174_E1-50,RSC-201,CS180626100018,Vip Gpc3 Slc18a3,both,True,True,True,Vip,Vip,True,Vip
828778207,2876,PFS4_190225_704_A01,Lamp5 Plch2 Dock5,4,#FF7290,I1,1.0,2876,1.0,both,True,445711.0,Htr3a-Cre_NO152;Ai14-445711,M,P52,VISl5,828778083.0,SM-GE4QQ_S175_E1-50,RSC-201,CS180626100005,Lamp5 Plch2 Dock5,both,True,True,True,Lamp5,Lamp5,True,Lamp5
828803869,2877,PES4_190225_651_A01,Lamp5 Lsp1,5,#FFA388,Core,1.0,2877,1.0,both,True,445711.0,Htr3a-Cre_NO152;Ai14-445711,M,P52,VISp1,828803732.0,SM-GE4QQ_S158_E1-50,RSC-201,CS180626100006,Lamp5 Lsp1,both,True,True,True,Lamp5,Lamp5,True,Lamp5
828817066,2878,P8S4_190225_353_A01,Pvalb Reln Itm2a,56,#E67A77,I2,1.0,2878,1.0,both,True,445149.0,Htr3a-Cre_NO152;Pvalb-T2A-FlpO;Ai65-445149,M,P54,VISpm5,828816990.0,SM-GE4QQ_S148_E1-50,RSC-201,CS180626100058,Pvalb Reln Itm2a,both,True,True,True,Pvalb,Pvalb,True,Pvalb
828817220,2879,PES4_190225_652_A01,Vip Lmo1 Myl1,16,#9FAAFF,I1,1.0,2879,1.0,both,True,445711.0,Htr3a-Cre_NO152;Ai14-445711,M,P52,VISpm2/3,828817110.0,SM-GE4QQ_S159_E1-50,RSC-201,CS180626100020,Vip Lmo1 Myl1,both,True,True,True,Vip,Vip,True,Vip
828832398,2880,P8S4_190225_354_A01,Pvalb Sema3e Kank4,54,#C94545,I1,1.0,2880,1.0,both,True,445149.0,Htr3a-Cre_NO152;Pvalb-T2A-FlpO;Ai65-445149,M,P54,VISp6a,828832348.0,SM-GE4QQ_S149_E1-50,RSC-201,CS180626100055,Pvalb Sema3e Kank4,both,True,True,True,Pvalb,Pvalb,True,Pvalb
828839040,2881,P8S4_190225_355_A01,Pvalb Reln Tac1,57,#D6221D,Core,1.0,2881,1.0,both,True,445149.0,Htr3a-Cre_NO152;Pvalb-T2A-FlpO;Ai65-445149,M,P54,VISp5,828838983.0,SM-GE4QQ_S150_E1-50,RSC-201,CS180626100057,Pvalb Reln Tac1,both,True,True,True,Pvalb,Pvalb,True,Pvalb
828847827,2882,P8S4_190225_356_A01,Pvalb Reln Itm2a,56,#E67A77,Core,1.0,2882,1.0,both,True,445149.0,Htr3a-Cre_NO152;Pvalb-T2A-FlpO;Ai65-445149,M,P54,VISp4,828847778.0,SM-GE4QQ_S151_E1-50,RSC-201,CS180626100058,Pvalb Reln Itm2a,both,True,True,True,Pvalb,Pvalb,True,Pvalb
829170676,2883,P1S4_190226_001_A01,Pvalb Vipr2,59,#FF197F,Core,1.0,2883,1.0,both,True,444913.0,Vipr2-IRES2-Cre;Pvalb-T2A-FlpO;Ai65-444913,M,P56,VISl5,829170415.0,SM-GE4QQ_S178_E1-50,RSC-201,CS180626100060,Pvalb Vipr2,both,True,True,True,Pvalb,Pvalb,True,Pvalb
829185764,2884,P8S4_190226_351_A01,Vip Lmo1 Myl1,16,#9FAAFF,Core,1.0,2884,1.0,both,True,445680.0,Vip-IRES-Cre;Ai14-445680,M,P53,VISp5,829185501.0,SM-GE4QQ_S180_E1-50,RSC-201,CS180626100020,Vip Lmo1 Myl1,both,True,True,True,Vip,Vip,True,Vip
829192375,2885,PFS4_190226_701_A01,Vip Lect1 Oxtr,22,#FF00B3,I2,1.0,2885,1.0,both,True,445680.0,Vip-IRES-Cre;Ai14-445680,M,P53,VISp2/3,829192062.0,SM-GE4QV_S004_E1-50,RSC-201,CS180626100020,Vip Lmo1 Myl1,both,True,True,False,Vip,Vip,True,Vip
829195312,2886,PAS4_190226_451_A01,Vip Crispld2 Htr2c,26,#882E81,Core,1.0,2886,1.0,both,True,445680.0,Vip-IRES-Cre;Ai14-445680,M,P53,VISpm2/3,829195170.0,SM-GE4QQ_S187_E1-50,RSC-201,CS180626100027,Vip Crispld2 Htr2c,both,True,True,True,Vip,Vip,True,Vip
829198133,2887,PES4_190226_651_A01,Vip Crispld2 Kcne4,27,#AD589A,Core,1.0,2887,1.0,both,True,445680.0,Vip-IRES-Cre;Ai14-445680,M,P53,VISp2/3,829197989.0,SM-GE4QV_S001_E1-50,RSC-201,CS180626100028,Vip Crispld2 Kcne4,both,True,True,True,Vip,Vip,True,Vip
829264801,2888,PAS4_190226_453_A01,Pvalb Reln Itm2a,56,#E67A77,Core,1.0,2888,1.0,both,True,445151.0,Htr3a-Cre_NO152;Pvalb-T2A-FlpO;Ai65-445151,F,P55,VISpm2/3,829264782.0,SM-GE4QQ_S189_E1-50,RSC-201,CS180626100058,Pvalb Reln Itm2a,both,True,True,True,Pvalb,Pvalb,True,Pvalb
829274220,2889,PAS4_190226_454_A01,Pvalb Tpbg,58,#AF3F64,I2,1.0,2889,1.0,both,True,445151.0,Htr3a-Cre_NO152;Pvalb-T2A-FlpO;Ai65-445151,F,P55,VISp5,829274182.0,SM-GE4QQ_S190_E1-50,RSC-201,CS180626100055,Pvalb Sema3e Kank4,both,True,True,False,Pvalb,Pvalb,True,Pvalb
829283610,2890,P8S4_190226_354_A01,Pvalb Tpbg,58,#AF3F64,I1,1.0,2890,1.0,both,True,445151.0,Htr3a-Cre_NO152;Pvalb-T2A-FlpO;Ai65-445151,F,P55,VISp5,829283584.0,SM-GE4QQ_S183_E1-50,RSC-201,CS180626100059,Pvalb Tpbg,both,True,True,True,Pvalb,Pvalb,True,Pvalb
830334248,2891,PAS4_190228_451_A01,Pvalb Akr1c18 Ntf3,53,#FF4343,I1,1.0,2891,1.0,both,True,445517.0,Pvalb-IRES-Cre;Th-P2A-FlpO;Ai65-445517,M,P55,VISp5,830334067.0,SM-GE4QV_S021_E1-50,RSC-201,CS180626100053,Pvalb Akr1c18 Ntf3,both,True,True,True,Pvalb,Pvalb,True,Pvalb
830348538,2892,P1S4_190228_001_A01,Pvalb Gabrg1,50,#ED4C50,Core,1.0,2892,1.0,both,True,445517.0,Pvalb-IRES-Cre;Th-P2A-FlpO;Ai65-445517,M,P55,VISp5,830348009.0,SM-GE4QV_S015_E1-50,RSC-201,CS180626100051,Pvalb Gabrg1,both,True,True,True,Pvalb,Pvalb,True,Pvalb
830358028,2893,P8S4_190228_351_A01,Pvalb Akr1c18 Ntf3,53,#FF4343,Core,1.0,2893,1.0,both,True,445517.0,Pvalb-IRES-Cre;Th-P2A-FlpO;Ai65-445517,M,P55,VISp5,830357857.0,SM-GE4QV_S017_E1-50,RSC-201,CS180626100053,Pvalb Akr1c18 Ntf3,both,True,True,True,Pvalb,Pvalb,True,Pvalb
830396905,2894,PES4_190228_651_A01,Pvalb Gabrg1,50,#ED4C50,Core,1.0,2894,1.0,both,True,445517.0,Pvalb-IRES-Cre;Th-P2A-FlpO;Ai65-445517,M,P55,VISl5,830396655.0,SM-GE4QV_S024_E1-50,RSC-201,CS180626100051,Pvalb Gabrg1,both,True,True,True,Pvalb,Pvalb,True,Pvalb
830416717,2895,PAS4_190228_452_A01,Sst Crhr2 Efemp1,43,#B95541,I1,1.0,2895,1.0,both,True,445712.0,Htr3a-Cre_NO152;Ai14-445712,M,P55,VISpm6a,830416555.0,SM-GE4QV_S022_E1-50,RSC-201,CS180626100044,Sst Crhr2 Efemp1,both,True,True,True,Sst,Sst,True,Sst
830445742,2896,PFS4_190228_701_A01,Pvalb Reln Tac1,57,#D6221D,Core,1.0,2896,1.0,both,True,445712.0,Htr3a-Cre_NO152;Ai14-445712,M,P55,VISp5,830445489.0,SM-GE4QV_S027_E1-50,RSC-201,CS180626100057,Pvalb Reln Tac1,both,True,True,True,Pvalb,Pvalb,True,Pvalb
830467557,2897,PES4_190228_652_A01,Pvalb Akr1c18 Ntf3,53,#FF4343,Core,1.0,2897,1.0,both,True,445517.0,Pvalb-IRES-Cre;Th-P2A-FlpO;Ai65-445517,M,P55,VISpor6a,830467278.0,SM-GE4QV_S025_E1-50,RSC-201,CS180626100053,Pvalb Akr1c18 Ntf3,both,True,True,True,Pvalb,Pvalb,True,Pvalb
830850371,2898,PAS4_190301_451_A01,Pvalb Gabrg1,50,#ED4C50,I1,1.0,2898,1.0,both,True,445518.0,Pvalb-IRES-Cre;Th-P2A-FlpO;Ai65-445518,M,P56,VISpm5,830849900.0,SM-GE4QV_S050_E1-50,RSC-201,CS180626100051,Pvalb Gabrg1,both,True,True,True,Pvalb,Pvalb,True,Pvalb
830877894,2899,PAS4_190301_452_A01,Pvalb Gpr149 Islr,55,#E62A5D,I2,1.0,2899,1.0,both,True,445518.0,Pvalb-IRES-Cre;Th-P2A-FlpO;Ai65-445518,M,P56,VISp5,830877606.0,SM-GE4QV_S051_E1-50,RSC-201,CS180626100056,Pvalb Gpr149 Islr,both,True,True,True,Pvalb,Pvalb,True,Pvalb
830927118,2900,P8S4_190301_351_A01,Pvalb Th Sst,51,#FF2F7E,Core,1.0,2900,1.0,both,True,445518.0,Pvalb-IRES-Cre;Th-P2A-FlpO;Ai65-445518,M,P56,VISp6a,830926915.0,SM-GE4QV_S037_E1-50,RSC-201,CS180626100052,Pvalb Th Sst,both,True,True,True,Pvalb,Pvalb,True,Pvalb
830931279,2901,PAS4_190301_453_A01,Vip Crispld2 Kcne4,27,#AD589A,I1,1.0,2901,1.0,both,True,445683.0,Vip-IRES-Cre;Ai14-445683,M,P56,VISpm2/3,830931031.0,SM-GE4QV_S052_E1-50,RSC-201,CS180626100028,Vip Crispld2 Kcne4,both,True,True,True,Vip,Vip,True,Vip
830931428,2902,PFS4_190301_701_A01,Pvalb Gabrg1,50,#ED4C50,Core,1.0,2902,1.0,both,True,445518.0,Pvalb-IRES-Cre;Th-P2A-FlpO;Ai65-445518,M,P56,VISli6a,830931328.0,SM-GE4QV_S059_E1-50,RSC-201,CS180626100051,Pvalb Gabrg1,both,True,True,True,Pvalb,Pvalb,True,Pvalb
830959542,2903,PAS4_190301_454_A01,Vip Pygm C1ql1,25,#BD3D9A,Core,1.0,2903,1.0,both,True,445683.0,Vip-IRES-Cre;Ai14-445683,M,P56,VISp5,830959361.0,SM-GE4QV_S053_E1-50,RSC-201,CS180626100026,Vip Pygm C1ql1,both,True,True,True,Vip,Vip,True,Vip
831008218,2904,PES4_190301_651_A01,Pvalb Akr1c18 Ntf3,53,#FF4343,Core,1.0,2904,1.0,both,True,445518.0,Pvalb-IRES-Cre;Th-P2A-FlpO;Ai65-445518,M,P56,VISp6a,831007939.0,SM-GE4QV_S056_E1-50,RSC-201,CS180626100053,Pvalb Akr1c18 Ntf3,both,True,True,True,Pvalb,Pvalb,True,Pvalb
831087383,2905,PAS4_190301_455_A01,Pvalb Th Sst,51,#FF2F7E,I2,1.0,2905,1.0,both,True,445518.0,Pvalb-IRES-Cre;Th-P2A-FlpO;Ai65-445518,M,P56,VISli6a,831087062.0,SM-GE4QV_S054_E1-50,RSC-201,CS180626100053,Pvalb Akr1c18 Ntf3,both,True,True,False,Pvalb,Pvalb,True,Pvalb
831094628,2906,PFS4_190301_702_A01,Vip Ptprt Pkp2,20,#FF00FF,Core,1.0,2906,1.0,both,True,445683.0,Vip-IRES-Cre;Ai14-445683,M,P56,VISp2/3,831094333.0,SM-GE4QV_S060_E1-50,RSC-201,CS180626100021,Vip Ptprt Pkp2,both,True,True,True,Vip,Vip,True,Vip
831129668,2907,PFS4_190301_703_A01,Vip Ptprt Pkp2,20,#FF00FF,I1,1.0,2907,1.0,both,True,445683.0,Vip-IRES-Cre;Ai14-445683,M,P56,VISp2/3,831129409.0,SM-GE4QV_S061_E1-50,RSC-201,CS180626100021,Vip Ptprt Pkp2,both,True,True,True,Vip,Vip,True,Vip
831163881,2908,PAS4_190301_456_A01,Sst Tac2 Tacstd2,46,#BF8219,Core,1.0,2908,1.0,both,True,444843.0,Gpr139-IRES2-FlpO-WPRE-neo;Ai65F-444843,F,P59,VISp5,831163700.0,SM-GE4QV_S055_E1-50,RSC-201,CS180626100047,Sst Tac2 Tacstd2,both,True,True,True,Sst,Sst,True,Sst
831179799,2909,P8S4_190301_352_A01,Vip Lmo1 Myl1,16,#9FAAFF,Core,1.0,2909,1.0,both,True,445683.0,Vip-IRES-Cre;Ai14-445683,M,P56,VISp2/3,831179569.0,SM-GE4QV_S038_E1-50,RSC-201,CS180626100020,Vip Lmo1 Myl1,both,True,True,True,Vip,Vip,True,Vip
831201867,2910,P8S4_190301_353_A01,Vip Crispld2 Kcne4,27,#AD589A,Core,1.0,2910,1.0,both,True,445683.0,Vip-IRES-Cre;Ai14-445683,M,P56,VISp2/3,831201718.0,SM-GE4QV_S039_E1-50,RSC-201,CS180626100028,Vip Crispld2 Kcne4,both,True,True,True,Vip,Vip,True,Vip
831968920,2911,PFS4_190304_701_A01,Vip Ptprt Pkp2,20,#FF00FF,I3,1.0,2911,1.0,both,True,445685.0,Vip-IRES-Cre;Ai14-445685,F,P59,VISp2/3,831968740.0,SM-GE4QV_S081_E1-50,RSC-201,CS180626100021,Vip Ptprt Pkp2,both,True,True,True,Vip,Vip,True,Vip
831988252,2912,PFS4_190304_702_A01,Vip Lmo1 Myl1,16,#9FAAFF,I2,1.0,2912,1.0,both,True,445685.0,Vip-IRES-Cre;Ai14-445685,F,P59,VISp2/3,831988065.0,SM-GE4QV_S082_E1-50,RSC-201,CS180626100020,Vip Lmo1 Myl1,both,True,True,True,Vip,Vip,True,Vip
832007471,2913,PAS4_190304_451_A01,Sst Rxfp1 Prdm8,48,#802600,Core,1.0,2913,1.0,both,True,445996.0,Sst-IRES-Cre;Th-P2A-FlpO;Ai65-445996,F,P58,VISpm6a,832007356.0,SM-GE4QV_S079_E1-50,RSC-201,CS180626100049,Sst Rxfp1 Prdm8,both,True,True,True,Sst,Sst,True,Sst
832036433,2914,PFS4_190304_704_A01,Sst Rxfp1 Prdm8,48,#802600,Core,1.0,2914,1.0,both,True,445996.0,Sst-IRES-Cre;Th-P2A-FlpO;Ai65-445996,F,P58,VISpm6a,832036296.0,SM-GE4QV_S084_E1-50,RSC-201,CS180626100049,Sst Rxfp1 Prdm8,both,True,True,True,Sst,Sst,True,Sst
832061658,2915,PFS4_190304_705_A01,Sst Nts,49,#A81111,Core,1.0,2915,1.0,both,True,445996.0,Sst-IRES-Cre;Th-P2A-FlpO;Ai65-445996,F,P58,VISp6a,832061550.0,SM-GE4QV_S085_E1-50,RSC-201,CS180626100050,Sst Nts,both,True,True,True,Sst,Sst,True,Sst
832070039,2916,PFS4_190304_706_A01,Sst Rxfp1 Prdm8,48,#802600,Core,1.0,2916,1.0,both,True,445996.0,Sst-IRES-Cre;Th-P2A-FlpO;Ai65-445996,F,P58,VISp6a,832069822.0,SM-GE4QV_S086_E1-50,RSC-201,CS180626100049,Sst Rxfp1 Prdm8,both,True,True,True,Sst,Sst,True,Sst
832365760,2917,P1S4_190305_001_A01,Pvalb Reln Itm2a,56,#E67A77,Core,1.0,2917,1.0,both,True,445805.0,Pvalb-IRES-Cre;Ai14-445805,F,P59,VISp4,832365539.0,SM-GE4QV_S095_E1-50,RSC-201,CS180626100058,Pvalb Reln Itm2a,both,True,True,True,Pvalb,Pvalb,True,Pvalb
832378612,2918,P8S4_190305_351_A01,Pvalb Sema3e Kank4,54,#C94545,I1,1.0,2918,1.0,both,True,445805.0,Pvalb-IRES-Cre;Ai14-445805,F,P59,VISp6a,832378414.0,SM-GE4QL_S119_E1-50,RSC-202,CS180626100055,Pvalb Sema3e Kank4,both,True,True,True,Pvalb,Pvalb,True,Pvalb
832499797,2919,PFS4_190305_701_A01,Sst Tac1 Tacr3,32,#B06411,I2,1.0,2919,1.0,both,True,445805.0,Pvalb-IRES-Cre;Ai14-445805,F,P59,VISp2/3,832499670.0,SM-GE4QL_S146_E1-50,RSC-202,CS180626100033,Sst Tac1 Tacr3,both,True,True,True,Sst,Sst,True,Sst
833876785,2920,P1S4_190307_002_A01,Vip Pygm C1ql1,25,#BD3D9A,Core,1.0,2920,1.0,both,True,446681.0,Htr3a-Cre_NO152;Ai14-446681,M,P58,VISp2/3,833876442.0,SM-GE4QN_S146_E1-50,RSC-202,CS180626100026,Vip Pygm C1ql1,both,True,True,True,Vip,Vip,True,Vip
833896435,2921,PAS4_190307_452_A01,Lamp5 Plch2 Dock5,4,#FF7290,I2,1.0,2921,1.0,both,True,446681.0,Htr3a-Cre_NO152;Ai14-446681,M,P58,VISp1,833896220.0,SM-GE4QN_S161_E1-50,RSC-202,CS180626100005,Lamp5 Plch2 Dock5,both,True,True,True,Lamp5,Lamp5,True,Lamp5
834050047,2922,P8S4_190307_353_A01,Lamp5 Plch2 Dock5,4,#FF7290,I1,1.0,2922,1.0,both,True,446681.0,Htr3a-Cre_NO152;Ai14-446681,M,P58,VISp4,834049943.0,SM-GE4QN_S155_E1-50,RSC-202,CS180626100005,Lamp5 Plch2 Dock5,both,True,True,True,Lamp5,Lamp5,True,Lamp5
834073873,2923,P8S4_190307_354_A01,Lamp5 Lsp1,5,#FFA388,Core,1.0,2923,1.0,both,True,446681.0,Htr3a-Cre_NO152;Ai14-446681,M,P58,VISp2/3,834073734.0,SM-GE4QN_S156_E1-50,RSC-202,CS180626100006,Lamp5 Lsp1,both,True,True,True,Lamp5,Lamp5,True,Lamp5
834086445,2924,P8S4_190307_355_A01,Sst Tac2 Tacstd2,46,#BF8219,Core,1.0,2924,1.0,both,True,446681.0,Htr3a-Cre_NO152;Ai14-446681,M,P58,VISpm5,834086370.0,SM-GE4QN_S157_E1-50,RSC-202,CS180626100047,Sst Tac2 Tacstd2,both,True,True,True,Sst,Sst,True,Sst
834099738,2925,P8S4_190307_356_A01,Sncg Vip Itih5,10,#6C00BF,Core,1.0,2925,1.0,both,True,446681.0,Htr3a-Cre_NO152;Ai14-446681,M,P58,VISpm1,834099515.0,SM-GE4QN_S158_E1-50,RSC-202,CS180626100011,Sncg Vip Itih5,both,True,True,True,Sncg,Sncg,True,Sncg
834160937,2926,P8S4_190307_357_A01,Lamp5 Lsp1,5,#FFA388,I2,1.0,2926,1.0,both,True,446681.0,Htr3a-Cre_NO152;Ai14-446681,M,P58,VISp5,834160766.0,SM-GE4QN_S159_E1-50,RSC-202,CS180626100006,Lamp5 Lsp1,both,True,True,True,Lamp5,Lamp5,True,Lamp5
834464214,2927,P1S4_190308_001_A01,Pvalb Tpbg,58,#AF3F64,Core,1.0,2927,1.0,both,True,447290.0,Sst-IRES-Cre;Ai14-447290,M,P57,VISpm2/3,834463958.0,SM-GE4QN_S169_E1-50,RSC-202,CS180626100059,Pvalb Tpbg,both,True,True,True,Pvalb,Pvalb,True,Pvalb
834532283,2928,P1S4_190308_002_A01,Sst Tac1 Htr1d,31,#804811,I2,1.0,2928,1.0,both,True,447290.0,Sst-IRES-Cre;Ai14-447290,M,P57,VISp2/3,834532130.0,SM-GE4QN_S170_E1-50,RSC-202,CS180626100032,Sst Tac1 Htr1d,both,True,True,True,Sst,Sst,True,Sst
834552438,2929,PAS4_190308_451_A01,Sst Hpse Cbln4,42,#806B19,I1,1.0,2929,1.0,both,True,447290.0,Sst-IRES-Cre;Ai14-447290,M,P57,VISp5,834552193.0,SM-GE4QN_S175_E1-50,RSC-202,CS180626100043,Sst Hpse Cbln4,both,True,True,True,Sst,Sst,True,Sst
834588446,2930,P1S4_190308_003_A01,Sst Hpse Sema3c,41,#BF9F00,I1,1.0,2930,1.0,both,True,447290.0,Sst-IRES-Cre;Ai14-447290,M,P57,VISp4,834587681.0,SM-GE4QN_S171_E1-50,RSC-202,CS180626100042,Sst Hpse Sema3c,both,True,True,True,Sst,Sst,True,Sst
834602368,2931,PAS4_190308_452_A01,Sst Nr2f2 Necab1,35,#FFDF11,Core,1.0,2931,1.0,both,True,447290.0,Sst-IRES-Cre;Ai14-447290,M,P57,VISp5,834602130.0,SM-GE4QN_S176_E1-50,RSC-202,CS180626100036,Sst Nr2f2 Necab1,both,True,True,True,Sst,Sst,True,Sst
834677809,2932,PES4_190308_651_A01,Sst Hpse Cbln4,42,#806B19,Core,1.0,2932,1.0,both,True,447290.0,Sst-IRES-Cre;Ai14-447290,M,P57,VISpm5,834677418.0,SM-GE4QN_S179_E1-50,RSC-202,CS180626100043,Sst Hpse Cbln4,both,True,True,True,Sst,Sst,True,Sst
834690682,2933,PFS4_190308_701_A01,Sst Calb2 Pdlim5,34,#CC6D3D,I1,1.0,2933,1.0,both,True,447290.0,Sst-IRES-Cre;Ai14-447290,M,P57,VISp4,834690397.0,SM-GE4QN_S185_E1-50,RSC-202,CS180626100035,Sst Calb2 Pdlim5,both,True,True,True,Sst,Sst,True,Sst
834703384,2934,P1S4_190308_004_A01,Sst Chodl,29,#FFFF00,Core,1.0,2934,1.0,both,True,446294.0,Nos1-CreERT2;Sst-IRES-FlpO;Ai65-446294,M,P60,VISp6a,834703125.0,SM-GE4QN_S172_E1-50,RSC-202,CS180626100030,Sst Chodl,both,True,True,True,Sst,Sst,True,Sst
834784320,2935,PAS4_190308_454_A01,Sst Chodl,29,#FFFF00,Core,1.0,2935,1.0,both,True,446294.0,Nos1-CreERT2;Sst-IRES-FlpO;Ai65-446294,M,P60,VISp5,834784001.0,SM-GE4QN_S178_E1-50,RSC-202,CS180626100030,Sst Chodl,both,True,True,True,Sst,Sst,True,Sst
834814319,2936,PES4_190308_653_A01,Sst Chodl,29,#FFFF00,Core,1.0,2936,1.0,both,True,446294.0,Nos1-CreERT2;Sst-IRES-FlpO;Ai65-446294,M,P60,VISp5,834814139.0,SM-GE4QN_S181_E1-50,RSC-202,CS180626100030,Sst Chodl,both,True,True,True,Sst,Sst,True,Sst
836457236,2937,P1S4_190313_001_A01,Pvalb Reln Itm2a,56,#E67A77,Core,1.0,2937,1.0,both,True,448829.0,Pvalb-IRES-Cre;Ai14-448829,M,P55,VISp5,836457150.0,SM-GE4SJ_S071_E1-50,RSC-204,CS180626100058,Pvalb Reln Itm2a,both,True,True,True,Pvalb,Pvalb,True,Pvalb
836484913,2938,P1S4_190313_002_A01,Pvalb Reln Itm2a,56,#E67A77,I1,1.0,2938,1.0,both,True,448829.0,Pvalb-IRES-Cre;Ai14-448829,M,P55,VISp5,836484620.0,SM-GE4SJ_S072_E1-50,RSC-204,CS180626100058,Pvalb Reln Itm2a,both,True,True,True,Pvalb,Pvalb,True,Pvalb
836529968,2939,PAS4_190313_451_A01,Pvalb Tpbg,58,#AF3F64,I1,1.0,2939,1.0,both,True,448829.0,Pvalb-IRES-Cre;Ai14-448829,M,P55,VISp2/3,836529553.0,SM-GE4SJ_S081_E1-50,RSC-204,CS180626100059,Pvalb Tpbg,both,True,True,True,Pvalb,Pvalb,True,Pvalb
836583770,2940,PAS4_190313_452_A01,Pvalb Sema3e Kank4,54,#C94545,I1,1.0,2940,1.0,both,True,448829.0,Pvalb-IRES-Cre;Ai14-448829,M,P55,VISp6a,836583589.0,SM-GE4SJ_S082_E1-50,RSC-204,CS180626100055,Pvalb Sema3e Kank4,both,True,True,True,Pvalb,Pvalb,True,Pvalb
836584127,2941,PFS4_190313_701_A01,Pvalb Tpbg,58,#AF3F64,Core,1.0,2941,1.0,both,True,448829.0,Pvalb-IRES-Cre;Ai14-448829,M,P55,VISp2/3,836583855.0,SM-GE4SJ_S087_E1-50,RSC-204,CS180626100059,Pvalb Tpbg,both,True,True,True,Pvalb,Pvalb,True,Pvalb
836592858,2942,P1S4_190313_003_A01,Pvalb Reln Itm2a,56,#E67A77,Core,1.0,2942,1.0,both,True,448829.0,Pvalb-IRES-Cre;Ai14-448829,M,P55,VISp4,836592202.0,SM-GE4SJ_S073_E1-50,RSC-204,,,both,True,False,,Pvalb,,,Pvalb
836612484,2943,P1S4_190313_004_A01,Pvalb Reln Itm2a,56,#E67A77,Core,1.0,2943,1.0,both,True,448829.0,Pvalb-IRES-Cre;Ai14-448829,M,P55,VISp5,836612225.0,SM-GE4SJ_S074_E1-50,RSC-204,CS180626100058,Pvalb Reln Itm2a,both,True,True,True,Pvalb,Pvalb,True,Pvalb
836796620,2944,PAS4_190313_454_A01,Sst Esm1,45,#C11331,I1,1.0,2944,1.0,both,True,448130.0,Calb1-IRES2-Cre-neo;Ai14-448130,M,P59,VISp6a,836796462.0,SM-GE4SJ_S084_E1-50,RSC-204,CS180626100046,Sst Esm1,both,True,True,True,Sst,Sst,True,Sst
836820758,2945,P8S4_190313_354_A01,Sst Esm1,45,#C11331,Core,1.0,2945,1.0,both,True,448130.0,Calb1-IRES2-Cre-neo;Ai14-448130,M,P59,VISp6a,836820677.0,SM-GE4SJ_S079_E1-50,RSC-204,CS180626100046,Sst Esm1,both,True,True,True,Sst,Sst,True,Sst
836823355,2946,PAS4_190313_455_A01,Sst Esm1,45,#C11331,Core,1.0,2946,1.0,both,True,448130.0,Calb1-IRES2-Cre-neo;Ai14-448130,M,P59,VISp5,836823227.0,SM-GE4SJ_S085_E1-50,RSC-204,CS180626100046,Sst Esm1,both,True,True,True,Sst,Sst,True,Sst
836837280,2947,PES4_190313_651_A01,Vip Ptprt Pkp2,20,#FF00FF,Core,1.0,2947,1.0,both,True,448414.0,Vip-IRES-Cre;Ai14-448414,M,P57,VISp2/3,836837255.0,SM-GE4SJ_S086_E1-50,RSC-204,CS180626100021,Vip Ptprt Pkp2,both,True,True,True,Vip,Vip,True,Vip
836844418,2948,P8S4_190313_355_A01,Vip Pygm C1ql1,25,#BD3D9A,Core,1.0,2948,1.0,both,True,448414.0,Vip-IRES-Cre;Ai14-448414,M,P57,VISp2/3,836844396.0,SM-GE4SJ_S080_E1-50,RSC-204,CS180626100026,Vip Pygm C1ql1,both,True,True,True,Vip,Vip,True,Vip
837064282,2949,P1S4_190314_001_A01,Pvalb Reln Tac1,57,#D6221D,I2,1.0,2949,1.0,both,True,448830.0,Pvalb-IRES-Cre;Ai14-448830,F,P56,VISp5,837064071.0,SM-GE4Q8_S043_E1-50,RSC-205,CS180626100057,Pvalb Reln Tac1,both,True,True,True,Pvalb,Pvalb,True,Pvalb
837072861,2950,PAS4_190314_451_A01,Pvalb Tpbg,58,#AF3F64,Core,1.0,2950,1.0,both,True,448830.0,Pvalb-IRES-Cre;Ai14-448830,F,P56,VISp2/3,837072681.0,SM-GE4Q8_S051_E1-50,RSC-205,CS180626100059,Pvalb Tpbg,both,True,True,True,Pvalb,Pvalb,True,Pvalb
837080471,2951,P1S4_190314_002_A01,Pvalb Reln Itm2a,56,#E67A77,Core,1.0,2951,1.0,both,True,448830.0,Pvalb-IRES-Cre;Ai14-448830,F,P56,VISp5,837080253.0,SM-GE4Q8_S044_E1-50,RSC-205,CS180626100058,Pvalb Reln Itm2a,both,True,True,True,Pvalb,Pvalb,True,Pvalb
837084094,2952,PES4_190314_651_A01,Pvalb Reln Itm2a,56,#E67A77,I1,1.0,2952,1.0,both,True,448830.0,Pvalb-IRES-Cre;Ai14-448830,F,P56,VISp5,837083809.0,SM-GE4Q8_S056_E1-50,RSC-205,CS180626100058,Pvalb Reln Itm2a,both,True,True,True,Pvalb,Pvalb,True,Pvalb
837088348,2953,P8S4_190314_351_A01,Pvalb Sema3e Kank4,54,#C94545,I1,1.0,2953,1.0,both,True,448830.0,Pvalb-IRES-Cre;Ai14-448830,F,P56,VISp6a,837088094.0,SM-GE4Q8_S047_E1-50,RSC-205,CS180626100055,Pvalb Sema3e Kank4,both,True,True,True,Pvalb,Pvalb,True,Pvalb
837095993,2954,PAS4_190314_452_A01,Pvalb Akr1c18 Ntf3,53,#FF4343,I1,1.0,2954,1.0,both,True,448830.0,Pvalb-IRES-Cre;Ai14-448830,F,P56,VISp6a,837095857.0,SM-GE4Q8_S052_E1-50,RSC-205,CS180626100053,Pvalb Akr1c18 Ntf3,both,True,True,True,Pvalb,Pvalb,True,Pvalb
837115961,2955,PAS4_190314_453_A01,Pvalb Reln Itm2a,56,#E67A77,I1,1.0,2955,1.0,both,True,448830.0,Pvalb-IRES-Cre;Ai14-448830,F,P56,VISp5,837115803.0,SM-GE4Q8_S053_E1-50,RSC-205,CS180626100058,Pvalb Reln Itm2a,both,True,True,True,Pvalb,Pvalb,True,Pvalb
837121769,2956,P8S4_190314_352_A01,Pvalb Akr1c18 Ntf3,53,#FF4343,I1,1.0,2956,1.0,both,True,448830.0,Pvalb-IRES-Cre;Ai14-448830,F,P56,VISp6a,837121523.0,SM-GE4Q8_S048_E1-50,RSC-205,CS180626100053,Pvalb Akr1c18 Ntf3,both,True,True,True,Pvalb,Pvalb,True,Pvalb
837127659,2957,P1S4_190314_004_A01,Pvalb Reln Itm2a,56,#E67A77,Core,1.0,2957,1.0,both,True,448830.0,Pvalb-IRES-Cre;Ai14-448830,F,P56,VISam4,837127444.0,SM-GE4Q8_S046_E1-50,RSC-205,CS180626100058,Pvalb Reln Itm2a,both,True,True,True,Pvalb,Pvalb,True,Pvalb
837141835,2958,PES4_190314_652_A01,Pvalb Tpbg,58,#AF3F64,I1,1.0,2958,1.0,both,True,448830.0,Pvalb-IRES-Cre;Ai14-448830,F,P56,VISp2/3,837141677.0,SM-GE4Q8_S057_E1-50,RSC-205,,,both,True,False,,Pvalb,,,Pvalb
837207669,2959,PAS4_190314_455_A01,Sst Esm1,45,#C11331,Core,1.0,2959,1.0,both,True,448132.0,Calb1-IRES2-Cre-neo;Ai14-448132,F,P60,VISp6a,837207651.0,SM-GE4Q8_S055_E1-50,RSC-205,CS180626100046,Sst Esm1,both,True,True,True,Sst,Sst,True,Sst
837212120,2960,PES4_190314_653_A01,Pvalb Th Sst,51,#FF2F7E,Core,1.0,2960,1.0,both,True,448132.0,Calb1-IRES2-Cre-neo;Ai14-448132,F,P60,VISp6b,837212087.0,SM-GE4Q8_S058_E1-50,RSC-205,CS180626100052,Pvalb Th Sst,both,True,True,True,Pvalb,Pvalb,True,Pvalb
837212696,2961,PFS4_190314_701_A01,Sst Crhr2 Efemp1,43,#B95541,Core,1.0,2961,1.0,both,True,448132.0,Calb1-IRES2-Cre-neo;Ai14-448132,F,P60,VISp6a,837212676.0,SM-GE4Q8_S060_E1-50,RSC-205,CS180626100044,Sst Crhr2 Efemp1,both,True,True,True,Sst,Sst,True,Sst
837214095,2962,P8S4_190314_353_A01,Sst Tac2 Tacstd2,46,#BF8219,I3,1.0,2962,1.0,both,True,448132.0,Calb1-IRES2-Cre-neo;Ai14-448132,F,P60,VISp6a,837214064.0,SM-GE4Q8_S049_E1-50,RSC-205,CS180626100047,Sst Tac2 Tacstd2,both,True,True,True,Sst,Sst,True,Sst
837220561,2963,P8S4_190314_354_A01,Sst Esm1,45,#C11331,Core,1.0,2963,1.0,both,True,448132.0,Calb1-IRES2-Cre-neo;Ai14-448132,F,P60,VISp5,837220230.0,SM-GE4Q8_S050_E1-50,RSC-205,CS180626100046,Sst Esm1,both,True,True,True,Sst,Sst,True,Sst
837221885,2964,PES4_190314_654_A01,Sst Hpse Cbln4,42,#806B19,Core,1.0,2964,1.0,both,True,449330.0,Sst-IRES-Cre;Ai14-449330,M,P53,VISp5,837221809.0,SM-GE4Q8_S059_E1-50,RSC-205,CS180626100043,Sst Hpse Cbln4,both,True,True,True,Sst,Sst,True,Sst
837560603,2965,PFS4_190315_701_A01,Pvalb Tpbg,58,#AF3F64,I1,1.0,2965,1.0,both,True,448831.0,Pvalb-IRES-Cre;Ai14-448831,F,P57,VISpm4,837560511.0,SM-GE4Q8_S070_E1-50,RSC-205,CS180626100059,Pvalb Tpbg,both,True,True,True,Pvalb,Pvalb,True,Pvalb
837578188,2966,PFS4_190315_702_A01,Pvalb Reln Itm2a,56,#E67A77,Core,1.0,2966,1.0,both,True,448831.0,Pvalb-IRES-Cre;Ai14-448831,F,P57,VISp5,837578073.0,SM-GE4Q8_S071_E1-50,RSC-205,CS180626100058,Pvalb Reln Itm2a,both,True,True,True,Pvalb,Pvalb,True,Pvalb
837594867,2967,PES4_190315_652_A01,Pvalb Reln Itm2a,56,#E67A77,Core,1.0,2967,1.0,both,True,448831.0,Pvalb-IRES-Cre;Ai14-448831,F,P57,VISp4,837594733.0,SM-GE4Q8_S067_E1-50,RSC-205,CS180626100058,Pvalb Reln Itm2a,both,True,True,True,Pvalb,Pvalb,True,Pvalb
837641396,2968,P8S4_190315_352_A01,Sst Nts,49,#A81111,I1,1.0,2968,1.0,both,True,448133.0,Calb1-IRES2-Cre-neo;Ai14-448133,M,P61,VISp6a,837641304.0,SM-GE4Q8_S061_E1-50,RSC-205,CS180626100050,Sst Nts,both,True,True,True,Sst,Sst,True,Sst
837661310,2969,P8S4_190315_353_A01,Sst Tac2 Tacstd2,46,#BF8219,I1,1.0,2969,1.0,both,True,448133.0,Calb1-IRES2-Cre-neo;Ai14-448133,M,P61,VISp6a,837661288.0,SM-GE4Q8_S062_E1-50,RSC-205,CS180626100047,Sst Tac2 Tacstd2,both,True,True,True,Sst,Sst,True,Sst
837661901,2970,PAS4_190315_452_A01,Sst Esm1,45,#C11331,Core,1.0,2970,1.0,both,True,448133.0,Calb1-IRES2-Cre-neo;Ai14-448133,M,P61,VISp6a,837661880.0,SM-GE4Q8_S065_E1-50,RSC-205,CS180626100046,Sst Esm1,both,True,True,True,Sst,Sst,True,Sst
837663732,2971,PES4_190315_653_A01,Pvalb Th Sst,51,#FF2F7E,I2,1.0,2971,1.0,both,True,448133.0,Calb1-IRES2-Cre-neo;Ai14-448133,M,P61,VISpl6a,837663705.0,SM-GE4Q8_S068_E1-50,RSC-205,CS180626100050,Sst Nts,both,True,True,False,Pvalb,Sst,False,Pvalb
837664866,2972,PFS4_190315_703_A01,Sst Crhr2 Efemp1,43,#B95541,Core,1.0,2972,1.0,both,True,448133.0,Calb1-IRES2-Cre-neo;Ai14-448133,M,P61,VISp6a,837664843.0,SM-GE4Q8_S072_E1-50,RSC-205,CS180626100044,Sst Crhr2 Efemp1,both,True,True,True,Sst,Sst,True,Sst
837672173,2973,P8S4_190315_354_A01,Sst Esm1,45,#C11331,Core,1.0,2973,1.0,both,True,448133.0,Calb1-IRES2-Cre-neo;Ai14-448133,M,P61,VISp5,837672149.0,SM-GE4Q8_S063_E1-50,RSC-205,CS180626100046,Sst Esm1,both,True,True,True,Sst,Sst,True,Sst
837675888,2974,PES4_190315_654_A01,Pvalb Th Sst,51,#FF2F7E,I2,1.0,2974,1.0,both,True,449335.0,Sst-IRES-Cre;Ai14-449335,F,P54,VISp6a,837675859.0,SM-GE4Q8_S069_E1-50,RSC-205,CS180626100052,Pvalb Th Sst,both,True,True,True,Pvalb,Pvalb,True,Pvalb
838313088,2975,P8S4_190318_351_A01,Sst Chodl,29,#FFFF00,Core,1.0,2975,1.0,both,True,449585.0,Nos1-CreERT2;Sst-IRES-FlpO;Ai65-449585,M,P56,VISp6a,838312706.0,SM-GE4Q8_S083_E1-50,RSC-205,CS180626100030,Sst Chodl,both,True,True,True,Sst,Sst,True,Sst
838350383,2976,P8S4_190318_352_A01,Sst Chodl,29,#FFFF00,Core,1.0,2976,1.0,both,True,449585.0,Nos1-CreERT2;Sst-IRES-FlpO;Ai65-449585,M,P56,VISp5,838350000.0,SM-GE4Q8_S084_E1-50,RSC-205,CS180626100030,Sst Chodl,both,True,True,True,Sst,Sst,True,Sst
838370571,2977,PES4_190318_651_A01,Sst Chodl,29,#FFFF00,Core,1.0,2977,1.0,both,True,449585.0,Nos1-CreERT2;Sst-IRES-FlpO;Ai65-449585,M,P56,VISp6a,838370345.0,SM-GE4Q8_S090_E1-50,RSC-205,CS180626100030,Sst Chodl,both,True,True,True,Sst,Sst,True,Sst
838401817,2978,PES4_190318_652_A01,Sst Chodl,29,#FFFF00,Core,1.0,2978,1.0,both,True,449585.0,Nos1-CreERT2;Sst-IRES-FlpO;Ai65-449585,M,P56,VISp5,838401585.0,SM-GE4Q8_S091_E1-50,RSC-205,CS180626100030,Sst Chodl,both,True,True,True,Sst,Sst,True,Sst
838434691,2979,PES4_190318_653_A01,Sst Chodl,29,#FFFF00,Core,1.0,2979,1.0,both,True,449585.0,Nos1-CreERT2;Sst-IRES-FlpO;Ai65-449585,M,P56,VISp6b,838434177.0,SM-GE4Q8_S092_E1-50,RSC-205,CS180626100030,Sst Chodl,both,True,True,True,Sst,Sst,True,Sst
838479746,2980,P8S4_190318_353_A01,Sst Hpse Cbln4,42,#806B19,I3,1.0,2980,1.0,both,True,449977.0,Sst-IRES-Cre;Ai14-449977,M,P57,VISp6a,838479534.0,SM-GE4Q8_S085_E1-50,RSC-205,CS180626100043,Sst Hpse Cbln4,both,True,True,True,Sst,Sst,True,Sst
838515407,2981,PFS4_190318_703_A01,Sst Tac2 Tacstd2,46,#BF8219,I2,1.0,2981,1.0,both,True,449853.0,Crh-IRES-Cre_ZJH;Sst-IRES-FlpO;Ai65-449853,M,P55,VISp5,838515242.0,SM-GE4QD_S013_E1-50,RSC-205,CS180626100047,Sst Tac2 Tacstd2,both,True,True,True,Sst,Sst,True,Sst
838634697,2982,P8S4_190318_356_A01,Sst Crhr2 Efemp1,43,#B95541,I2,1.0,2982,1.0,both,True,449853.0,Crh-IRES-Cre_ZJH;Sst-IRES-FlpO;Ai65-449853,M,P55,VISl5,838633714.0,SM-GE4Q8_S088_E1-50,RSC-205,CS180626100044,Sst Crhr2 Efemp1,both,True,True,True,Sst,Sst,True,Sst
838639200,2983,PES4_190318_654_A01,Sst Crh 4930553C11Rik ,44,#C77767,I1,1.0,2983,1.0,both,True,449853.0,Crh-IRES-Cre_ZJH;Sst-IRES-FlpO;Ai65-449853,M,P55,VISp6a,838638964.0,SM-GE4Q8_S093_E1-50,RSC-205,CS180626100045,Sst Crh 4930553C11Rik ,both,True,True,True,Sst,Sst,True,Sst
838643565,2984,PFS4_190318_705_A01,Sst Tac2 Tacstd2,46,#BF8219,Core,1.0,2984,1.0,both,True,449853.0,Crh-IRES-Cre_ZJH;Sst-IRES-FlpO;Ai65-449853,M,P55,VISp5,838643361.0,SM-GE4QD_S015_E1-50,RSC-205,CS180626100047,Sst Tac2 Tacstd2,both,True,True,True,Sst,Sst,True,Sst
838683930,2985,PES4_190318_655_A01,Sst Tac2 Tacstd2,46,#BF8219,Core,1.0,2985,1.0,both,True,449853.0,Crh-IRES-Cre_ZJH;Sst-IRES-FlpO;Ai65-449853,M,P55,VISp5,838683785.0,SM-GE4Q8_S094_E1-50,RSC-205,CS180626100047,Sst Tac2 Tacstd2,both,True,True,True,Sst,Sst,True,Sst
839096415,2986,PAS4_190319_451_A01,Sst Crhr2 Efemp1,43,#B95541,Core,1.0,2986,1.0,both,True,449978.0,Sst-IRES-Cre;Ai14-449978,M,P58,VISpm6a,839096268.0,SM-GE4QD_S016_E1-50,RSC-205,CS180626100044,Sst Crhr2 Efemp1,both,True,True,True,Sst,Sst,True,Sst
839101611,2987,PFS4_190319_701_A01,Sst Rxfp1 Eya1,47,#994C00,Core,1.0,2987,1.0,both,True,449978.0,Sst-IRES-Cre;Ai14-449978,M,P58,VISp6a,839101366.0,SM-GE4QD_S023_E1-50,RSC-205,CS180626100048,Sst Rxfp1 Eya1,both,True,True,True,Sst,Sst,True,Sst
839118679,2988,PFS4_190319_702_A01,Sst Crhr2 Efemp1,43,#B95541,Core,1.0,2988,1.0,both,True,449978.0,Sst-IRES-Cre;Ai14-449978,M,P58,VISp6a,839118449.0,SM-GE4QD_S024_E1-50,RSC-205,CS180626100044,Sst Crhr2 Efemp1,both,True,True,True,Sst,Sst,True,Sst
839118825,2989,PES4_190319_651_A01,Sst Hpse Sema3c,41,#BF9F00,Core,1.0,2989,1.0,both,True,449978.0,Sst-IRES-Cre;Ai14-449978,M,P58,VISp5,839118746.0,SM-GE4QD_S022_E1-50,RSC-205,CS180626100042,Sst Hpse Sema3c,both,True,True,True,Sst,Sst,True,Sst
839218629,2990,PFS4_190319_703_A01,Sst Hpse Cbln4,42,#806B19,Core,1.0,2990,1.0,both,True,449978.0,Sst-IRES-Cre;Ai14-449978,M,P58,VISp4,839218597.0,SM-GE4QD_S025_E1-50,RSC-205,CS180626100043,Sst Hpse Cbln4,both,True,True,True,Sst,Sst,True,Sst
839220920,2991,PAS4_190319_453_A01,Sst Rxfp1 Eya1,47,#994C00,Core,1.0,2991,1.0,both,True,449854.0,Crh-IRES-Cre_ZJH;Sst-IRES-FlpO;Ai65-449854,M,P56,VISp6a,839220816.0,SM-GE4QD_S018_E1-50,RSC-205,CS180626100048,Sst Rxfp1 Eya1,both,True,True,True,Sst,Sst,True,Sst
839233555,2992,PAS4_190319_454_A01,Sst Mme Fam114a1,30,#FFBB33,I1,1.0,2992,1.0,both,True,449854.0,Crh-IRES-Cre_ZJH;Sst-IRES-FlpO;Ai65-449854,M,P56,VISl4,839233533.0,SM-GE4QD_S019_E1-50,RSC-205,CS180626100031,Sst Mme Fam114a1,both,True,True,True,Sst,Sst,True,Sst
839236393,2993,PFS4_190319_704_A01,Sst Calb2 Pdlim5,34,#CC6D3D,Core,1.0,2993,1.0,both,True,449978.0,Sst-IRES-Cre;Ai14-449978,M,P58,VISp2/3,839236372.0,SM-GE4QD_S026_E1-50,RSC-205,CS180626100035,Sst Calb2 Pdlim5,both,True,True,True,Sst,Sst,True,Sst
839273756,2994,PFS4_190319_705_A01,Sst Rxfp1 Eya1,47,#994C00,I2,1.0,2994,1.0,both,True,449854.0,Crh-IRES-Cre_ZJH;Sst-IRES-FlpO;Ai65-449854,M,P56,VISl5,839273491.0,SM-GE4QD_S027_E1-50,RSC-205,CS180626100048,Sst Rxfp1 Eya1,both,True,True,True,Sst,Sst,True,Sst
839288464,2995,PFS4_190319_706_A01,Sst Rxfp1 Prdm8,48,#802600,Core,1.0,2995,1.0,both,True,449854.0,Crh-IRES-Cre_ZJH;Sst-IRES-FlpO;Ai65-449854,M,P56,VISp5,839288194.0,SM-GE4QD_S028_E1-50,RSC-205,CS180626100049,Sst Rxfp1 Prdm8,both,True,True,True,Sst,Sst,True,Sst
839513135,2996,PAS4_190320_451_A01,Sst Mme Fam114a1,30,#FFBB33,I1,1.0,2996,1.0,both,True,449979.0,Sst-IRES-Cre;Ai14-449979,M,P59,VISp6a,839513090.0,SM-GE4QD_S041_E1-50,RSC-205,CS180626100031,Sst Mme Fam114a1,both,True,True,True,Sst,Sst,True,Sst
839522809,2997,PAS4_190320_452_A01,Sst Rxfp1 Prdm8,48,#802600,I1,1.0,2997,1.0,both,True,449979.0,Sst-IRES-Cre;Ai14-449979,M,P59,VISl5,839522679.0,SM-GE4QD_S042_E1-50,RSC-205,CS180626100049,Sst Rxfp1 Prdm8,both,True,True,True,Sst,Sst,True,Sst
839524416,2998,P1S4_190320_002_A01,Sst Hpse Cbln4,42,#806B19,Core,1.0,2998,1.0,both,True,449979.0,Sst-IRES-Cre;Ai14-449979,M,P59,VISp5,839524312.0,SM-GE4QD_S034_E1-50,RSC-205,CS180626100043,Sst Hpse Cbln4,both,True,True,True,Sst,Sst,True,Sst
839527672,2999,PFS4_190320_701_A01,Sst Calb2 Pdlim5,34,#CC6D3D,I1,1.0,2999,1.0,both,True,449979.0,Sst-IRES-Cre;Ai14-449979,M,P59,VISpm4,839527620.0,SM-GE4QD_S048_E1-50,RSC-205,CS180626100035,Sst Calb2 Pdlim5,both,True,True,True,Sst,Sst,True,Sst
839530923,3000,P8S4_190320_351_A01,Sst Crhr2 Efemp1,43,#B95541,Core,1.0,3000,1.0,both,True,449979.0,Sst-IRES-Cre;Ai14-449979,M,P59,VISp6a,839530855.0,SM-GE4QD_S036_E1-50,RSC-205,CS180626100044,Sst Crhr2 Efemp1,both,True,True,True,Sst,Sst,True,Sst
839532478,3001,PAS4_190320_453_A01,Sst Crhr2 Efemp1,43,#B95541,Core,1.0,3001,1.0,both,True,449979.0,Sst-IRES-Cre;Ai14-449979,M,P59,VISp5,839532416.0,SM-GE4QD_S043_E1-50,RSC-205,CS180626100044,Sst Crhr2 Efemp1,both,True,True,True,Sst,Sst,True,Sst
839537924,3002,PFS4_190320_702_A01,Sst Crhr2 Efemp1,43,#B95541,Core,1.0,3002,1.0,both,True,449979.0,Sst-IRES-Cre;Ai14-449979,M,P59,VISpm6a,839537897.0,SM-GE4QD_S049_E1-50,RSC-205,CS180626100044,Sst Crhr2 Efemp1,both,True,True,True,Sst,Sst,True,Sst
839551898,3003,PES4_190320_651_A01,Sst Calb2 Pdlim5,34,#CC6D3D,I2,1.0,3003,1.0,both,True,449979.0,Sst-IRES-Cre;Ai14-449979,M,P59,VISam4,839551870.0,SM-GE4QD_S045_E1-50,RSC-205,CS180626100035,Sst Calb2 Pdlim5,both,True,True,True,Sst,Sst,True,Sst
839571159,3004,PFS4_190320_703_A01,Sst Esm1,45,#C11331,Core,1.0,3004,1.0,both,True,449860.0,Crh-IRES-Cre_ZJH;Sst-IRES-FlpO;Ai65-449860,F,P57,VISp5,839571139.0,SM-GE4QD_S050_E1-50,RSC-205,CS180626100046,Sst Esm1,both,True,True,True,Sst,Sst,True,Sst
839571200,3005,PES4_190320_652_A01,Sst Rxfp1 Eya1,47,#994C00,I1,1.0,3005,1.0,both,True,449860.0,Crh-IRES-Cre_ZJH;Sst-IRES-FlpO;Ai65-449860,F,P57,VISl5,839571176.0,SM-GE4QD_S046_E1-50,RSC-205,CS180626100048,Sst Rxfp1 Eya1,both,True,True,True,Sst,Sst,True,Sst
839575114,3006,P8S4_190320_354_A01,Sst Myh8 Etv1 ,36,#D6C300,I2,1.0,3006,1.0,both,True,449860.0,Crh-IRES-Cre_ZJH;Sst-IRES-FlpO;Ai65-449860,F,P57,VISp5,839575078.0,SM-GE4QD_S039_E1-50,RSC-205,CS180626100037,Sst Myh8 Etv1 ,both,True,True,True,Sst,Sst,True,Sst
839575161,3007,PFS4_190320_704_A01,Sst Tac2 Tacstd2,46,#BF8219,I1,1.0,3007,1.0,both,True,449860.0,Crh-IRES-Cre_ZJH;Sst-IRES-FlpO;Ai65-449860,F,P57,VISp6a,839575140.0,SM-GE4QD_S051_E1-50,RSC-205,CS180626100047,Sst Tac2 Tacstd2,both,True,True,True,Sst,Sst,True,Sst
839580927,3008,PFS4_190320_705_A01,Sst Crhr2 Efemp1,43,#B95541,Core,1.0,3008,1.0,both,True,449860.0,Crh-IRES-Cre_ZJH;Sst-IRES-FlpO;Ai65-449860,F,P57,VISp6a,839580904.0,SM-GE4QD_S052_E1-50,RSC-205,CS180626100044,Sst Crhr2 Efemp1,both,True,True,True,Sst,Sst,True,Sst
841185744,3009,P1S4_190325_001_A01,Vip Col15a1 Pde1a,28,#AC3491,Core,1.0,3009,1.0,both,True,451336.0,Cck-IRES-Cre;Vip-IRES-FlpO;Ai65-451336,M,P56,VISp2/3,841185598.0,SM-GE5QL_S105_E1-50,RSC-206,CS180626100029,Vip Col15a1 Pde1a,both,True,True,True,Vip,Vip,True,Vip
841205595,3010,P1S4_190325_002_A01,Vip Crispld2 Htr2c,26,#882E81,Core,1.0,3010,1.0,both,True,451336.0,Cck-IRES-Cre;Vip-IRES-FlpO;Ai65-451336,M,P56,VISp2/3,841205400.0,SM-GE5QL_S106_E1-50,RSC-206,CS180626100027,Vip Crispld2 Htr2c,both,True,True,True,Vip,Vip,True,Vip
841244826,3011,PAS4_190325_451_A01,Vip Crispld2 Kcne4,27,#AD589A,Core,1.0,3011,1.0,both,True,451336.0,Cck-IRES-Cre;Vip-IRES-FlpO;Ai65-451336,M,P56,VISp2/3,841244596.0,SM-GE5QL_S109_E1-50,RSC-206,CS180626100028,Vip Crispld2 Kcne4,both,True,True,True,Vip,Vip,True,Vip
841405403,3012,P1S4_190325_004_A01,Sst Calb2 Pdlim5,34,#CC6D3D,I1,1.0,3012,1.0,both,True,451764.0,Calb2-IRES-Cre;Sst-IRES-FlpO;Ai65-451764,M,P54,VISp2/3,841405155.0,SM-GE5QL_S108_E1-50,RSC-206,CS180626100035,Sst Calb2 Pdlim5,both,True,True,True,Sst,Sst,True,Sst
841405527,3013,PAS4_190325_452_A01,Sst Calb2 Pdlim5,34,#CC6D3D,I1,1.0,3013,1.0,both,True,451764.0,Calb2-IRES-Cre;Sst-IRES-FlpO;Ai65-451764,M,P54,VISp4,841405452.0,SM-GE5QL_S110_E1-50,RSC-206,CS180626100035,Sst Calb2 Pdlim5,both,True,True,True,Sst,Sst,True,Sst
841432201,3014,PAS4_190325_453_A01,Sst Tac1 Htr1d,31,#804811,I2,1.0,3014,1.0,both,True,451764.0,Calb2-IRES-Cre;Sst-IRES-FlpO;Ai65-451764,M,P54,VISp4,841432033.0,SM-GE5QL_S111_E1-50,RSC-206,CS180626100035,Sst Calb2 Pdlim5,both,True,True,False,Sst,Sst,True,Sst
841718359,3015,P1S4_190326_001_A01,Sst Calb2 Pdlim5,34,#CC6D3D,I1,1.0,3015,1.0,both,True,451765.0,Calb2-IRES-Cre;Sst-IRES-FlpO;Ai65-451765,M,P55,VISpm4,841718120.0,SM-GE4QF_S014_E1-50,RSC-205,CS180626100035,Sst Calb2 Pdlim5,both,True,True,True,Sst,Sst,True,Sst
841746820,3016,PAS4_190326_451_A01,Sst Calb2 Pdlim5,34,#CC6D3D,Core,1.0,3016,1.0,both,True,451765.0,Calb2-IRES-Cre;Sst-IRES-FlpO;Ai65-451765,M,P55,VISp2/3,841746618.0,SM-GE4QF_S031_E1-50,RSC-205,CS180626100035,Sst Calb2 Pdlim5,both,True,True,True,Sst,Sst,True,Sst
841750950,3017,P1S4_190326_003_A01,Sst Calb2 Pdlim5,34,#CC6D3D,I1,1.0,3017,1.0,both,True,451765.0,Calb2-IRES-Cre;Sst-IRES-FlpO;Ai65-451765,M,P55,VISp4,841750566.0,SM-GE4QF_S016_E1-50,RSC-205,CS180626100035,Sst Calb2 Pdlim5,both,True,True,True,Sst,Sst,True,Sst
841765437,3018,PFS4_190326_701_A01,Sst Calb2 Pdlim5,34,#CC6D3D,I1,1.0,3018,1.0,both,True,451765.0,Calb2-IRES-Cre;Sst-IRES-FlpO;Ai65-451765,M,P55,VISp4,841765354.0,SM-GE4QF_S042_E1-50,RSC-205,CS180626100035,Sst Calb2 Pdlim5,both,True,True,True,Sst,Sst,True,Sst
841770570,3019,PAS4_190326_452_A01,Sst Calb2 Pdlim5,34,#CC6D3D,Core,1.0,3019,1.0,both,True,451765.0,Calb2-IRES-Cre;Sst-IRES-FlpO;Ai65-451765,M,P55,VISp4,841770504.0,SM-GE4QF_S032_E1-50,RSC-205,CS180626100035,Sst Calb2 Pdlim5,both,True,True,True,Sst,Sst,True,Sst
841834394,3020,PES4_190326_651_A01,Sst Calb2 Necab1,33,#BF480D,I1,1.0,3020,1.0,both,True,451767.0,Calb2-IRES-Cre;Sst-IRES-FlpO;Ai65-451767,M,P55,VISl2/3,841834324.0,SM-GE4QF_S037_E1-50,RSC-205,CS180626100034,Sst Calb2 Necab1,both,True,True,True,Sst,Sst,True,Sst
842157658,3021,P8S4_190326_351_A01,Sst Chodl,29,#FFFF00,Core,1.0,3021,1.0,both,True,451765.0,Calb2-IRES-Cre;Sst-IRES-FlpO;Ai65-451765,M,P55,VISp5,842157042.0,SM-GE4QF_S025_E1-50,RSC-205,CS180626100030,Sst Chodl,both,True,True,True,Sst,Sst,True,Sst
842721522,3022,P8S4_190328_351_A01,Sst Chodl,29,#FFFF00,Core,1.0,3022,1.0,both,True,452641.0,Nos1-CreERT2;Sst-IRES-FlpO;Ai65-452641,M,P54,VISp6a,842721131.0,SM-GE4QF_S050_E1-50,RSC-205,CS180626100030,Sst Chodl,both,True,True,True,Sst,Sst,True,Sst
842727624,3023,PFS4_190328_701_A01,Sst Crhr2 Efemp1,43,#B95541,Core,1.0,3023,1.0,both,True,452641.0,Nos1-CreERT2;Sst-IRES-FlpO;Ai65-452641,M,P54,VISpm6a,842727349.0,SM-GE4QF_S058_E1-50,RSC-205,CS180626100044,Sst Crhr2 Efemp1,both,True,True,True,Sst,Sst,True,Sst
842751222,3024,PFS4_190328_702_A01,Sst Calb2 Pdlim5,34,#CC6D3D,I1,1.0,3024,1.0,both,True,452641.0,Nos1-CreERT2;Sst-IRES-FlpO;Ai65-452641,M,P54,VISp6a,842750946.0,SM-GE4QF_S059_E1-50,RSC-205,CS180626100033,Sst Tac1 Tacr3,both,True,True,False,Sst,Sst,True,Sst
842766700,3025,P1S4_190328_001_A01,Sst Chodl,29,#FFFF00,Core,1.0,3025,1.0,both,True,452641.0,Nos1-CreERT2;Sst-IRES-FlpO;Ai65-452641,M,P54,VISp5,842766167.0,SM-GE4QF_S047_E1-50,RSC-205,CS180626100030,Sst Chodl,both,True,True,True,Sst,Sst,True,Sst
842796508,3026,P8S4_190328_352_A01,Sst Chodl,29,#FFFF00,Core,1.0,3026,1.0,both,True,452641.0,Nos1-CreERT2;Sst-IRES-FlpO;Ai65-452641,M,P54,VISp6a,842796265.0,SM-GE4QF_S051_E1-50,RSC-205,CS180626100030,Sst Chodl,both,True,True,True,Sst,Sst,True,Sst
842834131,3027,P8S4_190328_353_A01,Sst Calb2 Pdlim5,34,#CC6D3D,Core,1.0,3027,1.0,both,True,451768.0,Calb2-IRES-Cre;Sst-IRES-FlpO;Ai65-451768,F,P57,VISp5,842834023.0,SM-GE4QF_S052_E1-50,RSC-205,CS180626100035,Sst Calb2 Pdlim5,both,True,True,True,Sst,Sst,True,Sst
842835342,3028,PFS4_190328_703_A01,Sst Calb2 Pdlim5,34,#CC6D3D,Core,1.0,3028,1.0,both,True,451768.0,Calb2-IRES-Cre;Sst-IRES-FlpO;Ai65-451768,F,P57,VISp5,842835177.0,SM-GE4QF_S060_E1-50,RSC-205,CS180626100035,Sst Calb2 Pdlim5,both,True,True,True,Sst,Sst,True,Sst
842841532,3029,P8S4_190328_354_A01,Sst Rxfp1 Eya1,47,#994C00,I2,1.0,3029,1.0,both,True,451768.0,Calb2-IRES-Cre;Sst-IRES-FlpO;Ai65-451768,F,P57,VISp6a,842841448.0,SM-GE4QF_S053_E1-50,RSC-205,CS180626100048,Sst Rxfp1 Eya1,both,True,True,True,Sst,Sst,True,Sst
842841654,3030,PES4_190328_652_A01,Sst Calb2 Necab1,33,#BF480D,I1,1.0,3030,1.0,both,True,451768.0,Calb2-IRES-Cre;Sst-IRES-FlpO;Ai65-451768,F,P57,VISp1,842841568.0,SM-GE4QF_S057_E1-50,RSC-205,CS180626100034,Sst Calb2 Necab1,both,True,True,True,Sst,Sst,True,Sst
842844583,3031,PFS4_190328_704_A01,Sst Calb2 Pdlim5,34,#CC6D3D,Core,1.0,3031,1.0,both,True,451768.0,Calb2-IRES-Cre;Sst-IRES-FlpO;Ai65-451768,F,P57,VISp4,842844480.0,SM-GE4QF_S061_E1-50,RSC-205,CS180626100035,Sst Calb2 Pdlim5,both,True,True,True,Sst,Sst,True,Sst
842851555,3032,P8S4_190328_355_A01,Sst Calb2 Necab1,33,#BF480D,I2,1.0,3032,1.0,both,True,451768.0,Calb2-IRES-Cre;Sst-IRES-FlpO;Ai65-451768,F,P57,VISp5,842851469.0,SM-GE4QF_S054_E1-50,RSC-205,CS180626100034,Sst Calb2 Necab1,both,True,True,True,Sst,Sst,True,Sst
842904923,3033,PFS4_190328_705_A01,Pvalb Reln Itm2a,56,#E67A77,Core,1.0,3033,1.0,both,True,452729.0,Pvalb-IRES-Cre;Ai14-452729,M,P53,VISp4,842904820.0,SM-GE4QF_S062_E1-50,RSC-205,CS180626100058,Pvalb Reln Itm2a,both,True,True,True,Pvalb,Pvalb,True,Pvalb
842908502,3034,PFS4_190328_706_A01,Pvalb Sema3e Kank4,54,#C94545,I2,1.0,3034,1.0,both,True,452729.0,Pvalb-IRES-Cre;Ai14-452729,M,P53,VISp6a,842908446.0,SM-GE4QF_S063_E1-50,RSC-205,CS180626100055,Pvalb Sema3e Kank4,both,True,True,True,Pvalb,Pvalb,True,Pvalb
843224344,3035,PFS4_190329_701_A01,Sst Chodl,29,#FFFF00,Core,1.0,3035,1.0,both,True,451770.0,Calb2-IRES-Cre;Sst-IRES-FlpO;Ai65-451770,F,P58,VISp6a,843224255.0,SM-GE4QF_S080_E1-50,RSC-205,CS180626100030,Sst Chodl,both,True,True,True,Sst,Sst,True,Sst
843270550,3036,P1S4_190329_002_A01,Sst Tac1 Htr1d,31,#804811,I3,1.0,3036,1.0,both,True,451770.0,Calb2-IRES-Cre;Sst-IRES-FlpO;Ai65-451770,F,P58,VISp5,843270474.0,SM-GE4QF_S065_E1-50,RSC-205,CS180626100033,Sst Tac1 Tacr3,both,True,True,False,Sst,Sst,True,Sst
843276148,3037,PAS4_190329_452_A01,Sst Calb2 Pdlim5,34,#CC6D3D,I1,1.0,3037,1.0,both,True,451770.0,Calb2-IRES-Cre;Sst-IRES-FlpO;Ai65-451770,F,P58,VISp5,843276070.0,SM-GE4QF_S072_E1-50,RSC-205,CS180626100035,Sst Calb2 Pdlim5,both,True,True,True,Sst,Sst,True,Sst
843320265,3038,PFS4_190329_702_A01,Sst Chodl,29,#FFFF00,Core,1.0,3038,1.0,both,True,452643.0,Nos1-CreERT2;Sst-IRES-FlpO;Ai65-452643,F,P55,VISp6a,843320141.0,SM-GE4QF_S081_E1-50,RSC-205,CS180626100030,Sst Chodl,both,True,True,True,Sst,Sst,True,Sst
843330061,3039,PES4_190329_652_A01,Sst Chodl,29,#FFFF00,Core,1.0,3039,1.0,both,True,452643.0,Nos1-CreERT2;Sst-IRES-FlpO;Ai65-452643,F,P55,VISp6a,843329956.0,SM-GE4QF_S075_E1-50,RSC-205,CS180626100030,Sst Chodl,both,True,True,True,Sst,Sst,True,Sst
843366621,3040,PES4_190329_653_A01,Sst Chodl,29,#FFFF00,Core,1.0,3040,1.0,both,True,452643.0,Nos1-CreERT2;Sst-IRES-FlpO;Ai65-452643,F,P55,VISp1,843366497.0,SM-GE4QF_S076_E1-50,RSC-205,CS180626100030,Sst Chodl,both,True,True,True,Sst,Sst,True,Sst
843390051,3041,P1S4_190329_004_A01,Pvalb Reln Itm2a,56,#E67A77,Core,1.0,3041,1.0,both,True,452731.0,Pvalb-IRES-Cre;Ai14-452731,M,P54,VISp5,843389758.0,SM-GE4QF_S067_E1-50,RSC-205,CS180626100058,Pvalb Reln Itm2a,both,True,True,True,Pvalb,Pvalb,True,Pvalb
843400612,3042,P8S4_190329_351_A01,Pvalb Sema3e Kank4,54,#C94545,I1,1.0,3042,1.0,both,True,452731.0,Pvalb-IRES-Cre;Ai14-452731,M,P54,VISp6a,843400549.0,SM-GE4QF_S069_E1-50,RSC-205,CS180626100053,Pvalb Akr1c18 Ntf3,both,True,True,False,Pvalb,Pvalb,True,Pvalb
843400687,3043,PFS4_190329_703_A01,Pvalb Sema3e Kank4,54,#C94545,Core,1.0,3043,1.0,both,True,452731.0,Pvalb-IRES-Cre;Ai14-452731,M,P54,VISp6a,843400650.0,SM-GE4QF_S082_E1-50,RSC-205,CS180626100055,Pvalb Sema3e Kank4,both,True,True,True,Pvalb,Pvalb,True,Pvalb
843406814,3044,P1S4_190329_005_A01,Pvalb Reln Itm2a,56,#E67A77,Core,1.0,3044,1.0,both,True,452731.0,Pvalb-IRES-Cre;Ai14-452731,M,P54,VISp5,843406719.0,SM-GE4QF_S068_E1-50,RSC-205,CS180626100058,Pvalb Reln Itm2a,both,True,True,True,Pvalb,Pvalb,True,Pvalb
843407967,3045,P8S4_190329_352_A01,Pvalb Tpbg,58,#AF3F64,Core,1.0,3045,1.0,both,True,452731.0,Pvalb-IRES-Cre;Ai14-452731,M,P54,VISp5,843407870.0,SM-GE4QF_S070_E1-50,RSC-205,CS180626100059,Pvalb Tpbg,both,True,True,True,Pvalb,Pvalb,True,Pvalb
844061243,3046,PAS4_190401_451_A01,Vip Pygm C1ql1,25,#BD3D9A,I2,1.0,3046,1.0,both,True,453251.0,Vip-IRES-Cre;Ai14-453251,F,P55,VISp2/3,844061113.0,SM-GE4QF_S092_E1-50,RSC-205,CS180626100026,Vip Pygm C1ql1,both,True,True,True,Vip,Vip,True,Vip
844069975,3047,P1S4_190401_001_A01,Vip Pygm C1ql1,25,#BD3D9A,I1,1.0,3047,1.0,both,True,453251.0,Vip-IRES-Cre;Ai14-453251,F,P55,VISp2/3,844069699.0,SM-GE4QF_S083_E1-50,RSC-205,CS180626100026,Vip Pygm C1ql1,both,True,True,True,Vip,Vip,True,Vip
844104102,3048,P1S4_190401_002_A01,Vip Crispld2 Kcne4,27,#AD589A,Core,1.0,3048,1.0,both,True,453251.0,Vip-IRES-Cre;Ai14-453251,F,P55,VISp2/3,844103709.0,SM-GE4QF_S084_E1-50,RSC-205,CS180626100028,Vip Crispld2 Kcne4,both,True,True,True,Vip,Vip,True,Vip
844226005,3049,P1S4_190401_003_A01,Lamp5 Plch2 Dock5,4,#FF7290,I2,1.0,3049,1.0,both,True,452866.0,Ndnf-IRES2-dgCre;Slc32a1-IRES2-FlpO;Ai65-452866,F,P56,VISpm1,844225978.0,SM-GE4QF_S085_E1-50,RSC-205,CS180626100006,Lamp5 Lsp1,both,True,True,False,Lamp5,Lamp5,True,Lamp5
844231938,3050,P8S4_190401_354_A01,Lamp5 Plch2 Dock5,4,#FF7290,Core,1.0,3050,1.0,both,True,452866.0,Ndnf-IRES2-dgCre;Slc32a1-IRES2-FlpO;Ai65-452866,F,P56,VISp2/3,844231830.0,SM-GE4QF_S089_E1-50,RSC-205,CS180626100005,Lamp5 Plch2 Dock5,both,True,True,True,Lamp5,Lamp5,True,Lamp5
844232846,3051,PAS4_190401_454_A01,Lamp5 Plch2 Dock5,4,#FF7290,Core,1.0,3051,1.0,both,True,452866.0,Ndnf-IRES2-dgCre;Slc32a1-IRES2-FlpO;Ai65-452866,F,P56,VISp2/3,844232739.0,SM-GE4QF_S095_E1-50,RSC-205,CS180626100005,Lamp5 Plch2 Dock5,both,True,True,True,Lamp5,Lamp5,True,Lamp5
844242654,3052,P8S4_190401_355_A01,Lamp5 Ntn1 Npy2r,3,#DD6091,Core,1.0,3052,1.0,both,True,452866.0,Ndnf-IRES2-dgCre;Slc32a1-IRES2-FlpO;Ai65-452866,F,P56,VISp1,844242595.0,SM-GE4QF_S090_E1-50,RSC-205,CS180626100004,Lamp5 Ntn1 Npy2r,both,True,True,True,Lamp5,Lamp5,True,Lamp5
844254029,3053,PFS4_190401_702_A01,Lamp5 Lsp1,5,#FFA388,Core,1.0,3053,1.0,both,True,452866.0,Ndnf-IRES2-dgCre;Slc32a1-IRES2-FlpO;Ai65-452866,F,P56,VISl4,844253959.0,SM-GE4QF_S012_E1-50,RSC-205,CS180626100006,Lamp5 Lsp1,both,True,True,True,Lamp5,Lamp5,True,Lamp5
844269667,3054,PAS4_190401_455_A01,Lamp5 Lsp1,5,#FFA388,I1,1.0,3054,1.0,both,True,452866.0,Ndnf-IRES2-dgCre;Slc32a1-IRES2-FlpO;Ai65-452866,F,P56,VISpm5,844269544.0,SM-GE4QF_S096_E1-50,RSC-205,CS180626100006,Lamp5 Lsp1,both,True,True,True,Lamp5,Lamp5,True,Lamp5
844282161,3055,PAS4_190401_456_A01,Lamp5 Ntn1 Npy2r,3,#DD6091,Core,1.0,3055,1.0,both,True,452866.0,Ndnf-IRES2-dgCre;Slc32a1-IRES2-FlpO;Ai65-452866,F,P56,VISal1,844282099.0,SM-GE4QF_S007_E1-50,RSC-205,CS180626100004,Lamp5 Ntn1 Npy2r,both,True,True,True,Lamp5,Lamp5,True,Lamp5
844291076,3056,P8S4_190401_356_A01,Sst Tac1 Htr1d,31,#804811,I2,1.0,3056,1.0,both,True,452732.0,Pvalb-IRES-Cre;Ai14-452732,F,P57,VISp4,844290978.0,SM-GE4QF_S091_E1-50,RSC-205,CS180626100033,Sst Tac1 Tacr3,both,True,True,False,Sst,Sst,True,Sst
844299535,3057,PES4_190401_653_A01,Pvalb Reln Itm2a,56,#E67A77,Core,1.0,3057,1.0,both,True,452732.0,Pvalb-IRES-Cre;Ai14-452732,F,P57,VISp4,844299478.0,SM-GE4QF_S010_E1-50,RSC-205,CS180626100058,Pvalb Reln Itm2a,both,True,True,True,Pvalb,Pvalb,True,Pvalb
844649825,3058,P1S4_190402_002_A01,Sst Rxfp1 Eya1,47,#994C00,Core,1.0,3058,1.0,both,True,454282.0,Crh-IRES-Cre_ZJH;Sst-IRES-FlpO;Ai65-454282,F,P52,VISp6a,844649543.0,SM-GE5QL_S112_E1-50,RSC-206,CS180626100048,Sst Rxfp1 Eya1,both,True,True,True,Sst,Sst,True,Sst
844686842,3059,PFS4_190402_701_A01,Sst Rxfp1 Eya1,47,#994C00,I2,1.0,3059,1.0,both,True,454282.0,Crh-IRES-Cre_ZJH;Sst-IRES-FlpO;Ai65-454282,F,P52,VISp6a,844686790.0,SM-GE5QL_S133_E1-50,RSC-206,CS180626100048,Sst Rxfp1 Eya1,both,True,True,True,Sst,Sst,True,Sst
844737229,3060,P8S4_190402_351_A01,Sst Rxfp1 Eya1,47,#994C00,I1,1.0,3060,1.0,both,True,454282.0,Crh-IRES-Cre_ZJH;Sst-IRES-FlpO;Ai65-454282,F,P52,VISl6a,844736823.0,SM-GE5QL_S116_E1-50,RSC-206,CS180626100048,Sst Rxfp1 Eya1,both,True,True,True,Sst,Sst,True,Sst
844757902,3061,PFS4_190402_702_A01,Sst Tac1 Htr1d,31,#804811,Core,1.0,3061,1.0,both,True,454282.0,Crh-IRES-Cre_ZJH;Sst-IRES-FlpO;Ai65-454282,F,P52,VISp5,844757612.0,SM-GE5QL_S134_E1-50,RSC-206,CS180626100032,Sst Tac1 Htr1d,both,True,True,True,Sst,Sst,True,Sst
844766827,3062,PAS4_190402_451_A01,Sst Rxfp1 Eya1,47,#994C00,I1,1.0,3062,1.0,both,True,454282.0,Crh-IRES-Cre_ZJH;Sst-IRES-FlpO;Ai65-454282,F,P52,VISal6a,844766742.0,SM-GE5QL_S123_E1-50,RSC-206,CS180626100048,Sst Rxfp1 Eya1,both,True,True,True,Sst,Sst,True,Sst
844806161,3063,P1S4_190402_004_A01,Vip Pygm C1ql1,25,#BD3D9A,Core,1.0,3063,1.0,both,True,453368.0,Vip-IRES-Cre;Ai14-453368,M,P55,VISp2/3,844805866.0,SM-GE5QL_S114_E1-50,RSC-206,CS180626100026,Vip Pygm C1ql1,both,True,True,True,Vip,Vip,True,Vip
844823616,3064,P2S4_190402_051_A01,Vip Crispld2 Htr2c,26,#882E81,I1,1.0,3064,1.0,both,True,453368.0,Vip-IRES-Cre;Ai14-453368,M,P55,VISp1,844822882.0,SM-GE5QL_S115_E1-50,RSC-206,CS180626100027,Vip Crispld2 Htr2c,both,True,True,True,Vip,Vip,True,Vip
844828603,3065,PAS4_190402_452_A01,Sst Tac2 Tacstd2,46,#BF8219,Core,1.0,3065,1.0,both,True,454282.0,Crh-IRES-Cre_ZJH;Sst-IRES-FlpO;Ai65-454282,F,P52,VISp6a,844828417.0,SM-GE5QL_S124_E1-50,RSC-206,CS180626100047,Sst Tac2 Tacstd2,both,True,True,True,Sst,Sst,True,Sst
844845510,3066,P8S4_190402_352_A01,Vip Ptprt Pkp2,20,#FF00FF,I2,1.0,3066,1.0,both,True,453368.0,Vip-IRES-Cre;Ai14-453368,M,P55,VISp4,844845181.0,SM-GE5QL_S117_E1-50,RSC-206,CS180626100021,Vip Ptprt Pkp2,both,True,True,True,Vip,Vip,True,Vip
844870606,3067,P8S4_190402_353_A01,Vip Pygm C1ql1,25,#BD3D9A,I1,1.0,3067,1.0,both,True,453368.0,Vip-IRES-Cre;Ai14-453368,M,P55,VISp4,844870397.0,SM-GE5QL_S118_E1-50,RSC-206,CS180626100026,Vip Pygm C1ql1,both,True,True,True,Vip,Vip,True,Vip
844875592,3068,PFS4_190402_703_A01,Vip Lmo1 Myl1,16,#9FAAFF,Core,1.0,3068,1.0,both,True,453368.0,Vip-IRES-Cre;Ai14-453368,M,P55,VISpm2/3,844875456.0,SM-GE5QL_S135_E1-50,RSC-206,CS180626100020,Vip Lmo1 Myl1,both,True,True,True,Vip,Vip,True,Vip
844908436,3069,PFS4_190402_704_A01,Vip Chat Htr1f,24,#FF4DC1,Core,1.0,3069,1.0,both,True,453368.0,Vip-IRES-Cre;Ai14-453368,M,P55,VISpm2/3,844908223.0,SM-GE5QL_S136_E1-50,RSC-206,CS180626100025,Vip Chat Htr1f,both,True,True,True,Vip,Vip,True,Vip
844908568,3070,PAS4_190402_453_A01,Sst Crhr2 Efemp1,43,#B95541,Core,1.0,3070,1.0,both,True,454284.0,Crh-IRES-Cre_ZJH;Sst-IRES-FlpO;Ai65-454284,F,P52,VISp6a,844908473.0,SM-GE5QL_S125_E1-50,RSC-206,CS180626100044,Sst Crhr2 Efemp1,both,True,True,True,Sst,Sst,True,Sst
844918994,3071,PES4_190402_651_A01,Sst Tac2 Tacstd2,46,#BF8219,I2,1.0,3071,1.0,both,True,454284.0,Crh-IRES-Cre_ZJH;Sst-IRES-FlpO;Ai65-454284,F,P52,VISp6a,844918818.0,SM-GE5QL_S129_E1-50,RSC-206,CS180626100046,Sst Esm1,both,True,True,False,Sst,Sst,True,Sst
844919153,3072,P8S4_190402_354_A01,Vip Arhgap36 Hmcn1,18,#9189FF,Core,1.0,3072,1.0,both,True,453368.0,Vip-IRES-Cre;Ai14-453368,M,P55,VISp6a,844919065.0,SM-GE5QL_S119_E1-50,RSC-206,CS180626100017,Vip Arhgap36 Hmcn1,both,True,True,True,Vip,Vip,True,Vip
844929176,3073,PAS4_190402_454_A01,Sst Rxfp1 Eya1,47,#994C00,Core,1.0,3073,1.0,both,True,454284.0,Crh-IRES-Cre_ZJH;Sst-IRES-FlpO;Ai65-454284,F,P52,VISp6a,844929113.0,SM-GE5QL_S126_E1-50,RSC-206,CS180626100048,Sst Rxfp1 Eya1,both,True,True,True,Sst,Sst,True,Sst
844931163,3074,P8S4_190402_355_A01,Vip Lmo1 Myl1,16,#9FAAFF,I1,1.0,3074,1.0,both,True,453368.0,Vip-IRES-Cre;Ai14-453368,M,P55,VISp2/3,844930993.0,SM-GE5QL_S120_E1-50,RSC-206,CS180626100020,Vip Lmo1 Myl1,both,True,True,True,Vip,Vip,True,Vip
844933030,3075,PFS4_190402_705_A01,Vip Ptprt Pkp2,20,#FF00FF,I2,1.0,3075,1.0,both,True,453368.0,Vip-IRES-Cre;Ai14-453368,M,P55,VISp4,844932923.0,SM-GE5QL_S137_E1-50,RSC-206,CS180626100020,Vip Lmo1 Myl1,both,True,True,False,Vip,Vip,True,Vip
844939430,3076,PES4_190402_652_A01,Sst Tac2 Tacstd2,46,#BF8219,I1,1.0,3076,1.0,both,True,454284.0,Crh-IRES-Cre_ZJH;Sst-IRES-FlpO;Ai65-454284,F,P52,VISp5,844939316.0,SM-GE5QL_S130_E1-50,RSC-206,CS180626100047,Sst Tac2 Tacstd2,both,True,True,True,Sst,Sst,True,Sst
844945239,3077,PFS4_190402_706_A01,Vip Crispld2 Kcne4,27,#AD589A,I1,1.0,3077,1.0,both,True,453368.0,Vip-IRES-Cre;Ai14-453368,M,P55,VISp2/3,844945085.0,SM-GE5QL_S138_E1-50,RSC-206,CS180626100028,Vip Crispld2 Kcne4,both,True,True,True,Vip,Vip,True,Vip
844951859,3078,PAS4_190402_455_A01,Sst Esm1,45,#C11331,Core,1.0,3078,1.0,both,True,454284.0,Crh-IRES-Cre_ZJH;Sst-IRES-FlpO;Ai65-454284,F,P52,VISp5,844951643.0,SM-GE5QL_S127_E1-50,RSC-206,CS180626100046,Sst Esm1,both,True,True,True,Sst,Sst,True,Sst
844962386,3079,PFS4_190402_707_A01,Sst Rxfp1 Eya1,47,#994C00,Core,1.0,3079,1.0,both,True,454284.0,Crh-IRES-Cre_ZJH;Sst-IRES-FlpO;Ai65-454284,F,P52,VISp6a,844962328.0,SM-GE5QL_S139_E1-50,RSC-206,CS180626100048,Sst Rxfp1 Eya1,both,True,True,True,Sst,Sst,True,Sst
844962435,3080,PAS4_190402_456_A01,Sst Rxfp1 Prdm8,48,#802600,I1,1.0,3080,1.0,both,True,454284.0,Crh-IRES-Cre_ZJH;Sst-IRES-FlpO;Ai65-454284,F,P52,VISp5,844962413.0,SM-GE5QL_S128_E1-50,RSC-206,CS180626100049,Sst Rxfp1 Prdm8,both,True,True,True,Sst,Sst,True,Sst
844963434,3081,P8S4_190402_356_A01,Sst Rxfp1 Eya1,47,#994C00,I2,1.0,3081,1.0,both,True,454284.0,Crh-IRES-Cre_ZJH;Sst-IRES-FlpO;Ai65-454284,F,P52,VISp5,844963310.0,SM-GE5QL_S121_E1-50,RSC-206,CS180626100048,Sst Rxfp1 Eya1,both,True,True,True,Sst,Sst,True,Sst
844965212,3082,PES4_190402_653_A01,Sst Rxfp1 Prdm8,48,#802600,Core,1.0,3082,1.0,both,True,454284.0,Crh-IRES-Cre_ZJH;Sst-IRES-FlpO;Ai65-454284,F,P52,VISpor5,844965150.0,SM-GE5QL_S131_E1-50,RSC-206,CS180626100049,Sst Rxfp1 Prdm8,both,True,True,True,Sst,Sst,True,Sst
844977184,3083,PFS4_190402_708_A01,Sst Crhr2 Efemp1,43,#B95541,I2,1.0,3083,1.0,both,True,454284.0,Crh-IRES-Cre_ZJH;Sst-IRES-FlpO;Ai65-454284,F,P52,VISpl5,844977099.0,SM-GE5QL_S140_E1-50,RSC-206,CS180626100043,Sst Hpse Cbln4,both,True,True,False,Sst,Sst,True,Sst
844979959,3084,P8S4_190402_357_A01,Pvalb Sema3e Kank4,54,#C94545,Core,1.0,3084,1.0,both,True,452733.0,Pvalb-IRES-Cre;Ai14-452733,F,P58,VISp6a,844979909.0,SM-GE5QL_S122_E1-50,RSC-206,CS180626100055,Pvalb Sema3e Kank4,both,True,True,True,Pvalb,Pvalb,True,Pvalb
844989066,3085,PES4_190402_654_A01,Pvalb Sema3e Kank4,54,#C94545,I2,1.0,3085,1.0,both,True,452733.0,Pvalb-IRES-Cre;Ai14-452733,F,P58,VISp5,844989011.0,SM-GE5QL_S132_E1-50,RSC-206,CS180626100055,Pvalb Sema3e Kank4,both,True,True,True,Pvalb,Pvalb,True,Pvalb
845462507,3086,PAS4_190403_451_A01,Pvalb Reln Itm2a,56,#E67A77,Core,1.0,3086,1.0,both,True,453372.0,Vip-IRES-Cre;Ai14-453372,F,P159,VISp4,845462040.0,SM-GE5QL_S148_E1-50,RSC-206,CS180626100058,Pvalb Reln Itm2a,both,True,True,True,Pvalb,Pvalb,True,Pvalb
845484173,3087,PFS4_190403_701_A01,Pvalb Sema3e Kank4,54,#C94545,I2,1.0,3087,1.0,both,True,453372.0,Vip-IRES-Cre;Ai14-453372,F,P159,VISp6a,845483779.0,SM-GE5QL_S154_E1-50,RSC-206,CS180626100058,Pvalb Reln Itm2a,both,True,True,False,Pvalb,Pvalb,True,Pvalb
845511567,3088,PFS4_190403_702_A01,Pvalb Akr1c18 Ntf3,53,#FF4343,I2,1.0,3088,1.0,both,True,453372.0,Vip-IRES-Cre;Ai14-453372,F,P159,VISp6a,845511540.0,SM-GE5QL_S155_E1-50,RSC-206,CS180626100055,Pvalb Sema3e Kank4,both,True,True,False,Pvalb,Pvalb,True,Pvalb
845516973,3089,PAS4_190403_452_A01,Pvalb Reln Itm2a,56,#E67A77,I2,1.0,3089,1.0,both,True,453372.0,Vip-IRES-Cre;Ai14-453372,F,P159,VISp2/3,845516911.0,SM-GE5QL_S149_E1-50,RSC-206,CS180626100059,Pvalb Tpbg,both,True,True,False,Pvalb,Pvalb,True,Pvalb
845578646,3090,P8S4_190403_352_A01,Pvalb Sema3e Kank4,54,#C94545,Core,1.0,3090,1.0,both,True,452734.0,Pvalb-IRES-Cre;Ai14-452734,F,P59,VISp6a,845578623.0,SM-GE5QL_S143_E1-50,RSC-206,CS180626100055,Pvalb Sema3e Kank4,both,True,True,True,Pvalb,Pvalb,True,Pvalb
845584320,3091,P8S4_190403_353_A01,Pvalb Reln Itm2a,56,#E67A77,Core,1.0,3091,1.0,both,True,452734.0,Pvalb-IRES-Cre;Ai14-452734,F,P59,VISp5,845584293.0,SM-GE5QL_S144_E1-50,RSC-206,CS180626100058,Pvalb Reln Itm2a,both,True,True,True,Pvalb,Pvalb,True,Pvalb
845586342,3092,PFS4_190403_703_A01,Lamp5 Plch2 Dock5,4,#FF7290,Core,1.0,3092,1.0,both,True,453051.0,Ndnf-IRES2-dgCre;Slc32a1-IRES2-FlpO;Ai65-453051,F,P57,VISli2/3,845586315.0,SM-GE5QL_S156_E1-50,RSC-206,CS180626100005,Lamp5 Plch2 Dock5,both,True,True,True,Lamp5,Lamp5,True,Lamp5
845602469,3093,PFS4_190403_704_A01,Lamp5 Fam19a1 Tmem182,2,#FFB8CE,I1,1.0,3093,1.0,both,True,453051.0,Ndnf-IRES2-dgCre;Slc32a1-IRES2-FlpO;Ai65-453051,F,P57,VISp1,845602446.0,SM-GE5QL_S157_E1-50,RSC-206,CS180626100003,Lamp5 Fam19a1 Tmem182,both,True,True,True,Lamp5,Lamp5,True,Lamp5
845614297,3094,PFS4_190403_705_A01,Lamp5 Plch2 Dock5,4,#FF7290,I2,1.0,3094,1.0,both,True,453051.0,Ndnf-IRES2-dgCre;Slc32a1-IRES2-FlpO;Ai65-453051,F,P57,VISp1,845614205.0,SM-GE5QL_S158_E1-50,RSC-206,CS180626100005,Lamp5 Plch2 Dock5,both,True,True,True,Lamp5,Lamp5,True,Lamp5
845631631,3095,P8S4_190403_355_A01,Pvalb Sema3e Kank4,54,#C94545,Core,1.0,3095,1.0,both,True,452734.0,Pvalb-IRES-Cre;Ai14-452734,F,P59,VISp6a,845631610.0,SM-GE5QL_S146_E1-50,RSC-206,CS180626100055,Pvalb Sema3e Kank4,both,True,True,True,Pvalb,Pvalb,True,Pvalb
845640977,3096,P8S4_190403_356_A01,Sst Tac1 Htr1d,31,#804811,I2,1.0,3096,1.0,both,True,452734.0,Pvalb-IRES-Cre;Ai14-452734,F,P59,VISp4,845640957.0,SM-GE5QL_S147_E1-50,RSC-206,CS180626100059,Pvalb Tpbg,both,True,True,False,Sst,Pvalb,False,Sst
846741456,3097,P1S4_190405_001_A01,Sst Esm1,45,#C11331,Core,1.0,3097,1.0,both,True,454285.0,Crh-IRES-Cre_ZJH;Sst-IRES-FlpO;Ai65-454285,F,P55,VISp5,846741022.0,SM-GE5QL_S159_E1-50,RSC-206,CS180626100046,Sst Esm1,both,True,True,True,Sst,Sst,True,Sst
846750247,3098,PAS4_190405_451_A01,Sst Rxfp1 Eya1,47,#994C00,I1,1.0,3098,1.0,both,True,454285.0,Crh-IRES-Cre_ZJH;Sst-IRES-FlpO;Ai65-454285,F,P55,VISp5,846750074.0,SM-GE5QL_S167_E1-50,RSC-206,CS180626100048,Sst Rxfp1 Eya1,both,True,True,True,Sst,Sst,True,Sst
846779563,3099,P8S4_190405_351_A01,Sst Tac2 Tacstd2,46,#BF8219,I2,1.0,3099,1.0,both,True,454285.0,Crh-IRES-Cre_ZJH;Sst-IRES-FlpO;Ai65-454285,F,P55,VISp6a,846779378.0,SM-GE5QL_S160_E1-50,RSC-206,CS180626100047,Sst Tac2 Tacstd2,both,True,True,True,Sst,Sst,True,Sst
846791401,3100,PAS4_190405_452_A01,Sst Tac2 Tacstd2,46,#BF8219,Core,1.0,3100,1.0,both,True,454285.0,Crh-IRES-Cre_ZJH;Sst-IRES-FlpO;Ai65-454285,F,P55,VISp5,846791192.0,SM-GE5QL_S168_E1-50,RSC-206,CS180626100047,Sst Tac2 Tacstd2,both,True,True,True,Sst,Sst,True,Sst
846830517,3101,P8S4_190405_352_A01,Sst Esm1,45,#C11331,Core,1.0,3101,1.0,both,True,454285.0,Crh-IRES-Cre_ZJH;Sst-IRES-FlpO;Ai65-454285,F,P55,VISp6a,846830032.0,SM-GE5QL_S161_E1-50,RSC-206,CS180626100046,Sst Esm1,both,True,True,True,Sst,Sst,True,Sst
846830932,3102,PAS4_190405_453_A01,Sst Crh 4930553C11Rik ,44,#C77767,I2,1.0,3102,1.0,both,True,454285.0,Crh-IRES-Cre_ZJH;Sst-IRES-FlpO;Ai65-454285,F,P55,VISp5,846830650.0,SM-GE5QL_S169_E1-50,RSC-206,CS180626100045,Sst Crh 4930553C11Rik ,both,True,True,True,Sst,Sst,True,Sst
846902552,3103,PFS4_190405_701_A01,Sst Rxfp1 Eya1,47,#994C00,Core,1.0,3103,1.0,both,True,454285.0,Crh-IRES-Cre_ZJH;Sst-IRES-FlpO;Ai65-454285,F,P55,VISp6a,846902359.0,SM-GE5QL_S172_E1-50,RSC-206,CS180626100048,Sst Rxfp1 Eya1,both,True,True,True,Sst,Sst,True,Sst
846918564,3104,PAS4_190405_454_A01,Sst Tac2 Tacstd2,46,#BF8219,Core,1.0,3104,1.0,both,True,454285.0,Crh-IRES-Cre_ZJH;Sst-IRES-FlpO;Ai65-454285,F,P55,VISp5,846918287.0,SM-GE5QL_S170_E1-50,RSC-206,CS180626100047,Sst Tac2 Tacstd2,both,True,True,True,Sst,Sst,True,Sst
846938194,3105,PFS4_190405_702_A01,Sst Rxfp1 Eya1,47,#994C00,I1,1.0,3105,1.0,both,True,454285.0,Crh-IRES-Cre_ZJH;Sst-IRES-FlpO;Ai65-454285,F,P55,VISp6b,846937976.0,SM-GE5QL_S173_E1-50,RSC-206,CS180626100048,Sst Rxfp1 Eya1,both,True,True,True,Sst,Sst,True,Sst
846950551,3106,PAS4_190405_455_A01,Sst Myh8 Etv1 ,36,#D6C300,I1,1.0,3106,1.0,both,True,454285.0,Crh-IRES-Cre_ZJH;Sst-IRES-FlpO;Ai65-454285,F,P55,VISp5,846950364.0,SM-GE5QL_S171_E1-50,RSC-206,CS180626100037,Sst Myh8 Etv1 ,both,True,True,True,Sst,Sst,True,Sst
847045291,3107,P8S4_190405_353_A01,Sst Rxfp1 Prdm8,48,#802600,I2,1.0,3107,1.0,both,True,453902.0,Calb2-IRES-Cre;Sst-IRES-FlpO;Ai65-453902,F,P56,VISp6a,847044963.0,SM-GE5QL_S162_E1-50,RSC-206,CS180626100049,Sst Rxfp1 Prdm8,both,True,True,True,Sst,Sst,True,Sst
847070535,3108,P8S4_190405_354_A01,Sst Esm1,45,#C11331,I1,1.0,3108,1.0,both,True,453902.0,Calb2-IRES-Cre;Sst-IRES-FlpO;Ai65-453902,F,P56,VISp6a,847070465.0,SM-GE5QL_S163_E1-50,RSC-206,CS180626100046,Sst Esm1,both,True,True,True,Sst,Sst,True,Sst
847077193,3109,P8S4_190405_355_A01,Sst Calb2 Pdlim5,34,#CC6D3D,Core,1.0,3109,1.0,both,True,453902.0,Calb2-IRES-Cre;Sst-IRES-FlpO;Ai65-453902,F,P56,VISp5,847077157.0,SM-GE5QL_S164_E1-50,RSC-206,CS180626100035,Sst Calb2 Pdlim5,both,True,True,True,Sst,Sst,True,Sst
847083836,3110,P8S4_190405_356_A01,Sst Calb2 Pdlim5,34,#CC6D3D,I1,1.0,3110,1.0,both,True,453902.0,Calb2-IRES-Cre;Sst-IRES-FlpO;Ai65-453902,F,P56,VISl5,847083797.0,SM-GE5QL_S165_E1-50,RSC-206,CS180626100035,Sst Calb2 Pdlim5,both,True,True,True,Sst,Sst,True,Sst
847087757,3111,P8S4_190405_357_A01,Sst Calb2 Necab1,33,#BF480D,I1,1.0,3111,1.0,both,True,453902.0,Calb2-IRES-Cre;Sst-IRES-FlpO;Ai65-453902,F,P56,VISp5,847087721.0,SM-GE5QL_S166_E1-50,RSC-206,CS180626100034,Sst Calb2 Necab1,both,True,True,True,Sst,Sst,True,Sst
847087797,3112,PFS4_190405_704_A01,Pvalb Sema3e Kank4,54,#C94545,Core,1.0,3112,1.0,both,True,452735.0,Pvalb-IRES-Cre;Ai14-452735,F,P61,VISrl6a,847087776.0,SM-GE5QL_S175_E1-50,RSC-206,CS180626100055,Pvalb Sema3e Kank4,both,True,True,True,Pvalb,Pvalb,True,Pvalb
847731579,3113,PAS4_190408_451_A01,Sst Hpse Cbln4,42,#806B19,Core,1.0,3113,1.0,both,True,454977.0,Sst-IRES-Cre;Ai14-454977,M,P54,VISp5,847731173.0,SM-GE5QL_S182_E1-50,RSC-206,CS180626100043,Sst Hpse Cbln4,both,True,True,True,Sst,Sst,True,Sst
847741240,3114,PFS4_190408_702_A01,Sst Tac1 Htr1d,31,#804811,Core,1.0,3114,1.0,both,True,454977.0,Sst-IRES-Cre;Ai14-454977,M,P54,VISp5,847741125.0,SM-GE5QL_S188_E1-50,RSC-206,CS180626100032,Sst Tac1 Htr1d,both,True,True,True,Sst,Sst,True,Sst
847755806,3115,PAS4_190408_452_A01,Sst Rxfp1 Prdm8,48,#802600,Core,1.0,3115,1.0,both,True,454977.0,Sst-IRES-Cre;Ai14-454977,M,P54,VISp6a,847755609.0,SM-GE5QL_S183_E1-50,RSC-206,CS180626100049,Sst Rxfp1 Prdm8,both,True,True,True,Sst,Sst,True,Sst
847780734,3116,PFS4_190408_703_A01,Sst Rxfp1 Prdm8,48,#802600,Core,1.0,3116,1.0,both,True,454977.0,Sst-IRES-Cre;Ai14-454977,M,P54,VISpm6a,847780448.0,SM-GE5QL_S189_E1-50,RSC-206,CS180626100049,Sst Rxfp1 Prdm8,both,True,True,True,Sst,Sst,True,Sst
847792560,3117,PAS4_190408_453_A01,Sst Hpse Cbln4,42,#806B19,Core,1.0,3117,1.0,both,True,454977.0,Sst-IRES-Cre;Ai14-454977,M,P54,VISp5,847792337.0,SM-GE5QL_S184_E1-50,RSC-206,CS180626100043,Sst Hpse Cbln4,both,True,True,True,Sst,Sst,True,Sst
848278944,3118,P1S4_190409_001_A01,Sst Hpse Cbln4,42,#806B19,Core,1.0,3118,1.0,both,True,454978.0,Sst-IRES-Cre;Ai14-454978,M,P55,VISpm2/3,848278635.0,SM-GE5QE_S030_E1-50,RSC-207,CS180626100043,Sst Hpse Cbln4,both,True,True,True,Sst,Sst,True,Sst
848279397,3119,PFS4_190409_701_A01,Sst Hpse Sema3c,41,#BF9F00,Core,1.0,3119,1.0,both,True,454978.0,Sst-IRES-Cre;Ai14-454978,M,P55,VISp5,848279054.0,SM-GE5QE_S038_E1-50,RSC-207,CS180626100042,Sst Hpse Sema3c,both,True,True,True,Sst,Sst,True,Sst
848303073,3120,PAS4_190409_451_A01,Sst Tac2 Tacstd2,46,#BF8219,I1,1.0,3120,1.0,both,True,454978.0,Sst-IRES-Cre;Ai14-454978,M,P55,VISpm6a,848302854.0,SM-GE5QE_S033_E1-50,RSC-207,CS180626100047,Sst Tac2 Tacstd2,both,True,True,True,Sst,Sst,True,Sst
848334636,3121,P1S4_190409_003_A01,Sst Hpse Cbln4,42,#806B19,Core,1.0,3121,1.0,both,True,454978.0,Sst-IRES-Cre;Ai14-454978,M,P55,VISp4,848334293.0,SM-GE5QE_S032_E1-50,RSC-207,CS180626100043,Sst Hpse Cbln4,both,True,True,True,Sst,Sst,True,Sst
848594999,3122,PAS4_190409_453_A01,Pvalb Th Sst,51,#FF2F7E,Core,1.0,3122,1.0,both,True,455994.0,Sst-IRES-Cre;Th-P2A-FlpO;Ai65-455994,M,P51,VISp6a,848594809.0,SM-GE5QE_S035_E1-50,RSC-207,CS180626100052,Pvalb Th Sst,both,True,True,True,Pvalb,Pvalb,True,Pvalb
848599640,3123,PFS4_190409_702_A01,Sst Nts,49,#A81111,Core,1.0,3123,1.0,both,True,455994.0,Sst-IRES-Cre;Th-P2A-FlpO;Ai65-455994,M,P51,VISp6a,848599593.0,SM-GE5QE_S039_E1-50,RSC-207,CS180626100050,Sst Nts,both,True,True,True,Sst,Sst,True,Sst
848617769,3124,PFS4_190409_703_A01,Sst Nts,49,#A81111,Core,1.0,3124,1.0,both,True,455994.0,Sst-IRES-Cre;Th-P2A-FlpO;Ai65-455994,M,P51,VISp6a,848617717.0,SM-GE5QE_S040_E1-50,RSC-207,CS180626100050,Sst Nts,both,True,True,True,Sst,Sst,True,Sst
848635223,3125,PFS4_190409_704_A01,Lamp5 Lsp1,5,#FFA388,Core,1.0,3125,1.0,both,True,455016.0,Gad2-IRES-Cre;Ai14-455016,M,P55,VISp2/3,848635200.0,SM-GE5QE_S041_E1-50,RSC-207,CS180626100006,Lamp5 Lsp1,both,True,True,True,Lamp5,Lamp5,True,Lamp5
848639578,3126,PFS4_190409_705_A01,Sst Calb2 Pdlim5,34,#CC6D3D,Core,1.0,3126,1.0,both,True,455016.0,Gad2-IRES-Cre;Ai14-455016,M,P55,VISp4,848639558.0,SM-GE5QE_S042_E1-50,RSC-207,CS180626100035,Sst Calb2 Pdlim5,both,True,True,True,Sst,Sst,True,Sst
849535368,3127,PFS4_190411_701_A01,Sst Esm1,45,#C11331,Core,1.0,3127,1.0,both,True,455917.0,Sst-IRES-Cre;Ai14-455917,M,P53,VISpm5,849535293.0,SM-GE5QE_S069_E1-50,RSC-207,CS180626100046,Sst Esm1,both,True,True,True,Sst,Sst,True,Sst
849592508,3128,PAS4_190411_451_A01,Sst Esm1,45,#C11331,Core,1.0,3128,1.0,both,True,455917.0,Sst-IRES-Cre;Ai14-455917,M,P53,VISp5,849592433.0,SM-GE5QE_S064_E1-50,RSC-207,CS180626100046,Sst Esm1,both,True,True,True,Sst,Sst,True,Sst
849595147,3129,PFS4_190411_702_A01,Sst Crhr2 Efemp1,43,#B95541,Core,1.0,3129,1.0,both,True,455917.0,Sst-IRES-Cre;Ai14-455917,M,P53,VISp6a,849595023.0,SM-GE5QE_S070_E1-50,RSC-207,CS180626100044,Sst Crhr2 Efemp1,both,True,True,True,Sst,Sst,True,Sst
849607081,3130,PES4_190411_651_A01,Sst Calb2 Pdlim5,34,#CC6D3D,Core,1.0,3130,1.0,both,True,455917.0,Sst-IRES-Cre;Ai14-455917,M,P53,VISp5,849606992.0,SM-GE5QE_S067_E1-50,RSC-207,CS180626100035,Sst Calb2 Pdlim5,both,True,True,True,Sst,Sst,True,Sst
849607183,3131,PAS4_190411_452_A01,Sst Hpse Sema3c,41,#BF9F00,Core,1.0,3131,1.0,both,True,455917.0,Sst-IRES-Cre;Ai14-455917,M,P53,VISl5,849607146.0,SM-GE5QE_S065_E1-50,RSC-207,CS180626100042,Sst Hpse Sema3c,both,True,True,True,Sst,Sst,True,Sst
849624777,3132,PES4_190411_652_A01,Sst Hpse Cbln4,42,#806B19,Core,1.0,3132,1.0,both,True,455917.0,Sst-IRES-Cre;Ai14-455917,M,P53,VISp4,849624695.0,SM-GE5QE_S068_E1-50,RSC-207,CS180626100043,Sst Hpse Cbln4,both,True,True,True,Sst,Sst,True,Sst
850790138,3133,PAS4_190412_451_A01,Sst Crhr2 Efemp1,43,#B95541,I2,1.0,3133,1.0,both,True,455920.0,Sst-IRES-Cre;Ai14-455920,F,P54,VISam6a,850789951.0,SM-GE5QE_S079_E1-50,RSC-207,CS180626100044,Sst Crhr2 Efemp1,both,True,True,True,Sst,Sst,True,Sst
850845099,3134,PES4_190412_652_A01,Sst Calb2 Pdlim5,34,#CC6D3D,Core,1.0,3134,1.0,both,True,455920.0,Sst-IRES-Cre;Ai14-455920,F,P54,VISam4,850844763.0,SM-GE5QE_S087_E1-50,RSC-207,CS180626100035,Sst Calb2 Pdlim5,both,True,True,True,Sst,Sst,True,Sst
850845697,3135,PFS4_190412_701_A01,Sst Esm1,45,#C11331,I1,1.0,3135,1.0,both,True,455920.0,Sst-IRES-Cre;Ai14-455920,F,P54,VISp6a,850845290.0,SM-GE4S3_S102_E1-50,RSC-209,CS180626100046,Sst Esm1,both,True,True,True,Sst,Sst,True,Sst
850845944,3136,P1S4_190412_001_A01,Sst Myh8 Etv1 ,36,#D6C300,I1,1.0,3136,1.0,both,True,455920.0,Sst-IRES-Cre;Ai14-455920,F,P54,VISp5,850845790.0,SM-GE5QE_S075_E1-50,RSC-207,CS180626100037,Sst Myh8 Etv1 ,both,True,True,True,Sst,Sst,True,Sst
850872104,3137,P1S4_190412_002_A01,Sst Hpse Sema3c,41,#BF9F00,Core,1.0,3137,1.0,both,True,455920.0,Sst-IRES-Cre;Ai14-455920,F,P54,VISp5,850871733.0,SM-GE5QE_S076_E1-50,RSC-207,CS180626100042,Sst Hpse Sema3c,both,True,True,True,Sst,Sst,True,Sst
850885484,3138,PFS4_190412_702_A01,Sst Esm1,45,#C11331,Core,1.0,3138,1.0,both,True,455920.0,Sst-IRES-Cre;Ai14-455920,F,P54,VISp6a,850885063.0,SM-GE4S3_S103_E1-50,RSC-209,CS180626100046,Sst Esm1,both,True,True,True,Sst,Sst,True,Sst
850989981,3139,PES4_190412_654_A01,Pvalb Gabrg1,50,#ED4C50,I2,1.0,3139,1.0,both,True,455018.0,Gad2-IRES-Cre;Ai14-455018,M,P58,VISpl6a,850989907.0,SM-GE4S3_S099_E1-50,RSC-209,CS180626100051,Pvalb Gabrg1,both,True,True,True,Pvalb,Pvalb,True,Pvalb
850990055,3140,PAS4_190412_456_A01,Lamp5 Lsp1,5,#FFA388,I1,1.0,3140,1.0,both,True,455018.0,Gad2-IRES-Cre;Ai14-455018,M,P58,VISp2/3,850990025.0,SM-GE5QE_S084_E1-50,RSC-207,CS180626100006,Lamp5 Lsp1,both,True,True,True,Lamp5,Lamp5,True,Lamp5
850993746,3141,PFS4_190412_703_A01,Vip Col15a1 Pde1a,28,#AC3491,I1,1.0,3141,1.0,both,True,455018.0,Gad2-IRES-Cre;Ai14-455018,M,P58,VISp2/3,850993673.0,SM-GE4S3_S104_E1-50,RSC-209,CS180626100029,Vip Col15a1 Pde1a,both,True,True,True,Vip,Vip,True,Vip
851016910,3142,PES4_190412_655_A01,Sst Hpse Cbln4,42,#806B19,Core,1.0,3142,1.0,both,True,455920.0,Sst-IRES-Cre;Ai14-455920,F,P54,VISp2/3,851016889.0,SM-GE4S3_S100_E1-50,RSC-209,CS180626100043,Sst Hpse Cbln4,both,True,True,True,Sst,Sst,True,Sst
851816011,3143,PFS4_190415_702_A01,Pvalb Sema3e Kank4,54,#C94545,I1,1.0,3143,1.0,both,True,457299.0,Chrna2-Cre_OE25;Pvalb-T2A-FlpO;Ai65-457299,M,P51,VISp6a,851815890.0,SM-GE4S3_S123_E1-50,RSC-209,CS180626100055,Pvalb Sema3e Kank4,both,True,True,True,Pvalb,Pvalb,True,Pvalb
851887346,3144,PFS4_190415_706_A01,Sst Crh 4930553C11Rik ,44,#C77767,Core,1.0,3144,1.0,both,True,457150.0,Sst-IRES-Cre;Ai14-457150,F,P52,VISp6a,851887230.0,SM-GE4S3_S127_E1-50,RSC-209,CS180626100045,Sst Crh 4930553C11Rik ,both,True,True,True,Sst,Sst,True,Sst
852202575,3145,P1S4_190416_001_A01,Pvalb Reln Itm2a,56,#E67A77,Core,1.0,3145,1.0,both,True,456490.0,Gad2-IRES-Cre;Ai14-456490,M,P56,VISp4,852202290.0,SM-GE4S3_S139_E1-50,RSC-209,CS180626100058,Pvalb Reln Itm2a,both,True,True,True,Pvalb,Pvalb,True,Pvalb
852236180,3146,P1S4_190416_002_A01,Pvalb Reln Itm2a,56,#E67A77,I1,1.0,3146,1.0,both,True,456490.0,Gad2-IRES-Cre;Ai14-456490,M,P56,VISp5,852235762.0,SM-GE4S3_S140_E1-50,RSC-209,CS180626100058,Pvalb Reln Itm2a,both,True,True,True,Pvalb,Pvalb,True,Pvalb
852368397,3147,P2S4_190416_051_A01,Sst Hpse Cbln4,42,#806B19,Core,1.0,3147,1.0,both,True,456490.0,Gad2-IRES-Cre;Ai14-456490,M,P56,VISpm5,852368045.0,SM-GE4S3_S157_E1-50,RSC-209,CS180626100043,Sst Hpse Cbln4,both,True,True,True,Sst,Sst,True,Sst
852435403,3148,PFS4_190416_702_A01,Pvalb Sema3e Kank4,54,#C94545,Core,1.0,3148,1.0,both,True,456490.0,Gad2-IRES-Cre;Ai14-456490,M,P56,VISp6a,852435199.0,SM-GE4S3_S177_E1-50,RSC-209,CS180626100055,Pvalb Sema3e Kank4,both,True,True,True,Pvalb,Pvalb,True,Pvalb
853863910,3149,PFS4_190418_702_A01,Pvalb Sema3e Kank4,54,#C94545,Core,1.0,3149,1.0,both,True,457304.0,Chrna2-Cre_OE25;Pvalb-T2A-FlpO;Ai65-457304,F,P54,VISp5,853863785.0,SM-GE4RV_S125_E1-50,RSC-210,CS180626100055,Pvalb Sema3e Kank4,both,True,True,True,Pvalb,Pvalb,True,Pvalb
853882442,3150,PES4_190418_652_A01,Pvalb Akr1c18 Ntf3,53,#FF4343,Core,1.0,3150,1.0,both,True,457304.0,Chrna2-Cre_OE25;Pvalb-T2A-FlpO;Ai65-457304,F,P54,VISp6a,853882233.0,SM-GE4RV_S123_E1-50,RSC-210,CS180626100053,Pvalb Akr1c18 Ntf3,both,True,True,True,Pvalb,Pvalb,True,Pvalb
853900835,3151,PAS4_190418_458_A01,Pvalb Akr1c18 Ntf3,53,#FF4343,Core,1.0,3151,1.0,both,True,457304.0,Chrna2-Cre_OE25;Pvalb-T2A-FlpO;Ai65-457304,F,P54,VISp6a,853900815.0,SM-GE4RV_S121_E1-50,RSC-210,CS180626100053,Pvalb Akr1c18 Ntf3,both,True,True,True,Pvalb,Pvalb,True,Pvalb
854359267,3152,P1S4_190419_001_A01,Sncg Vip Nptx2,8,#9900B3,Core,1.0,3152,1.0,both,True,456104.0,Sncg-IRES2-FlpO-neo;Ai65F-456104,M,P60,VISp2/3,854358819.0,SM-GE4RV_S128_E1-50,RSC-210,CS180626100009,Sncg Vip Nptx2,both,True,True,True,Sncg,Sncg,True,Sncg
854401571,3153,P8S4_190419_352_A01,Sncg Vip Itih5,10,#6C00BF,Core,1.0,3153,1.0,both,True,456104.0,Sncg-IRES2-FlpO-neo;Ai65F-456104,M,P60,VISp2/3,854401339.0,SM-GE4RV_S136_E1-50,RSC-210,CS180626100011,Sncg Vip Itih5,both,True,True,True,Sncg,Sncg,True,Sncg
854418891,3154,P1S4_190419_002_A01,Sncg Vip Nptx2,8,#9900B3,I1,1.0,3154,1.0,both,True,456104.0,Sncg-IRES2-FlpO-neo;Ai65F-456104,M,P60,VISp1,854418352.0,SM-GE4RV_S129_E1-50,RSC-210,CS180626100009,Sncg Vip Nptx2,both,True,True,True,Sncg,Sncg,True,Sncg
854425428,3155,P8S4_190419_353_A01,Lamp5 Fam19a1 Tmem182,2,#FFB8CE,I2,1.0,3155,1.0,both,True,456104.0,Sncg-IRES2-FlpO-neo;Ai65F-456104,M,P60,VISp1,854425167.0,SM-GE4RV_S137_E1-50,RSC-210,CS180626100003,Lamp5 Fam19a1 Tmem182,both,True,True,True,Lamp5,Lamp5,True,Lamp5
855221359,3156,P1S4_190422_001_A01,Sncg Vip Itih5,10,#6C00BF,I2,1.0,3156,1.0,both,True,456105.0,Sncg-IRES2-FlpO-neo;Ai65F-456105,M,9 wks,VISp2/3,855220992.0,SM-GE4RV_S158_E1-50,RSC-210,CS180626100009,Sncg Vip Nptx2,both,True,True,False,Sncg,Sncg,True,Sncg
855275163,3157,P1S4_190422_003_A01,Lamp5 Krt73,0,#DDACC9,Core,1.0,3157,1.0,both,True,456105.0,Sncg-IRES2-FlpO-neo;Ai65F-456105,M,9 wks,VISl2/3,855274654.0,SM-GE4RV_S160_E1-50,RSC-210,CS180626100001,Lamp5 Krt73,both,True,True,True,Lamp5,Lamp5,True,Lamp5
855290546,3158,PFS4_190419_701_A01,Sncg Vip Itih5,10,#6C00BF,Core,1.0,3158,1.0,both,True,456104.0,Sncg-IRES2-FlpO-neo;Ai65F-456104,M,P60,VISp6a,855290297.0,SM-GE4RV_S154_E1-50,RSC-210,CS180626100011,Sncg Vip Itih5,both,True,True,True,Sncg,Sncg,True,Sncg
855357345,3159,PES4_190419_652_A01,Sncg Vip Nptx2,8,#9900B3,Core,1.0,3159,1.0,both,True,456104.0,Sncg-IRES2-FlpO-neo;Ai65F-456104,M,P60,VISp1,855357153.0,SM-GE4RV_S148_E1-50,RSC-210,CS180626100009,Sncg Vip Nptx2,both,True,True,True,Sncg,Sncg,True,Sncg
855401446,3160,P1S4_190422_004_A01,Sncg Slc17a8,7,#9440F3,Core,1.0,3160,1.0,both,True,451115.0,Sncg-IRES2-FlpO-neo;Ai65F-451115,M,P85,VISp2/3,855401048.0,SM-GE4RV_S161_E1-50,RSC-210,CS180626100008,Sncg Slc17a8,both,True,True,True,Sncg,Sncg,True,Sncg
855431538,3161,P1S4_190422_006_A01,Vip Col15a1 Pde1a,28,#AC3491,Core,1.0,3161,1.0,both,True,451115.0,Sncg-IRES2-FlpO-neo;Ai65F-451115,M,P85,VISp2/3,855431385.0,SM-GE4RV_S163_E1-50,RSC-210,CS180626100029,Vip Col15a1 Pde1a,both,True,True,True,Vip,Vip,True,Vip
855448972,3162,P1S4_190422_007_A01,Sncg Vip Itih5,10,#6C00BF,Core,1.0,3162,1.0,both,True,451115.0,Sncg-IRES2-FlpO-neo;Ai65F-451115,M,P85,VISp2/3,855448927.0,SM-GE4RV_S164_E1-50,RSC-210,CS180626100011,Sncg Vip Itih5,both,True,True,True,Sncg,Sncg,True,Sncg
855469447,3163,PFS4_190422_702_A01,Sncg Gpr50,9,#C266D1,Core,1.0,3163,1.0,both,True,451115.0,Sncg-IRES2-FlpO-neo;Ai65F-451115,M,P85,VISp1,855469227.0,SM-GE4RV_S172_E1-50,RSC-210,CS180626100010,Sncg Gpr50,both,True,True,True,Sncg,Sncg,True,Sncg
855488203,3164,PFS4_190422_703_A01,Sncg Vip Itih5,10,#6C00BF,Core,1.0,3164,1.0,both,True,451115.0,Sncg-IRES2-FlpO-neo;Ai65F-451115,M,P85,VISp1,855488126.0,SM-GE4RV_S173_E1-50,RSC-210,CS180626100011,Sncg Vip Itih5,both,True,True,True,Sncg,Sncg,True,Sncg
855499924,3165,PFS4_190422_704_A01,Sncg Vip Itih5,10,#6C00BF,Core,1.0,3165,1.0,both,True,451115.0,Sncg-IRES2-FlpO-neo;Ai65F-451115,M,P85,VISp5,855499864.0,SM-GE4RV_S174_E1-50,RSC-210,CS180626100011,Sncg Vip Itih5,both,True,True,True,Sncg,Sncg,True,Sncg
855538766,3166,PFS4_190422_705_A01,Sncg Vip Itih5,10,#6C00BF,Core,1.0,3166,1.0,both,True,451115.0,Sncg-IRES2-FlpO-neo;Ai65F-451115,M,P85,VISp5,855538710.0,SM-GE4RV_S175_E1-50,RSC-210,CS180626100011,Sncg Vip Itih5,both,True,True,True,Sncg,Sncg,True,Sncg
855550739,3167,PFS4_190422_706_A01,Sncg Vip Itih5,10,#6C00BF,Core,1.0,3167,1.0,both,True,451115.0,Sncg-IRES2-FlpO-neo;Ai65F-451115,M,P85,VISl6a,855550698.0,SM-GE4RV_S176_E1-50,RSC-210,CS180626100011,Sncg Vip Itih5,both,True,True,True,Sncg,Sncg,True,Sncg
855782996,3168,P1S4_190423_001_A01,Sncg Gpr50,9,#C266D1,Core,1.0,3168,1.0,both,True,456107.0,Sncg-IRES2-FlpO-neo;Ai65F-456107,M,P64,VISp1,855782866.0,SM-GE4S1_S133_E1-50,RSC-210,CS180626100010,Sncg Gpr50,both,True,True,True,Sncg,Sncg,True,Sncg
855791035,3169,PFS4_190423_701_A01,Sncg Vip Nptx2,8,#9900B3,I1,1.0,3169,1.0,both,True,456107.0,Sncg-IRES2-FlpO-neo;Ai65F-456107,M,P64,VISp2/3,855790832.0,SM-GE4S1_S146_E1-50,RSC-210,CS180626100009,Sncg Vip Nptx2,both,True,True,True,Sncg,Sncg,True,Sncg
855798106,3170,P1S4_190423_002_A01,Sncg Vip Nptx2,8,#9900B3,Core,1.0,3170,1.0,both,True,456107.0,Sncg-IRES2-FlpO-neo;Ai65F-456107,M,P64,VISp2/3,855797909.0,SM-GE4S1_S134_E1-50,RSC-210,CS180626100009,Sncg Vip Nptx2,both,True,True,True,Sncg,Sncg,True,Sncg
855823375,3171,PAS4_190423_452_A01,Sncg Vip Itih5,10,#6C00BF,Core,1.0,3171,1.0,both,True,456107.0,Sncg-IRES2-FlpO-neo;Ai65F-456107,M,P64,VISp2/3,855822964.0,SM-GE4S1_S140_E1-50,RSC-210,CS180626100011,Sncg Vip Itih5,both,True,True,True,Sncg,Sncg,True,Sncg
855835410,3172,PFS4_190423_702_A01,Sncg Vip Itih5,10,#6C00BF,I1,1.0,3172,1.0,both,True,456107.0,Sncg-IRES2-FlpO-neo;Ai65F-456107,M,P64,VISli2/3,855835335.0,SM-GE4S1_S147_E1-50,RSC-210,CS180626100029,Vip Col15a1 Pde1a,both,True,True,False,Sncg,Vip,False,Sncg
855946205,3173,PFS4_190423_703_A01,Sncg Vip Itih5,10,#6C00BF,Core,1.0,3173,1.0,both,True,456107.0,Sncg-IRES2-FlpO-neo;Ai65F-456107,M,P64,VISp6b,855946015.0,SM-GE4S1_S148_E1-50,RSC-210,CS180626100011,Sncg Vip Itih5,both,True,True,True,Sncg,Sncg,True,Sncg
855962521,3174,P1S4_190423_004_A01,Vip Col15a1 Pde1a,28,#AC3491,I1,1.0,3174,1.0,both,True,451117.0,Sncg-IRES2-FlpO-neo;Ai65F-451117,M,P86,VISp2/3,855962326.0,SM-GE4S1_S136_E1-50,RSC-210,CS180626100029,Vip Col15a1 Pde1a,both,True,True,True,Vip,Vip,True,Vip
855995114,3175,PFS4_190423_704_A01,Sncg Gpr50,9,#C266D1,Core,1.0,3175,1.0,both,True,451117.0,Sncg-IRES2-FlpO-neo;Ai65F-451117,M,P86,VISp1,855995019.0,SM-GE4S1_S149_E1-50,RSC-210,CS180626100010,Sncg Gpr50,both,True,True,True,Sncg,Sncg,True,Sncg
856013011,3176,PAS4_190423_456_A01,Sncg Gpr50,9,#C266D1,Core,1.0,3176,1.0,both,True,451117.0,Sncg-IRES2-FlpO-neo;Ai65F-451117,M,P86,VISp2/3,856012980.0,SM-GE4S1_S144_E1-50,RSC-210,CS180626100010,Sncg Gpr50,both,True,True,True,Sncg,Sncg,True,Sncg
856021805,3177,PAS4_190423_457_A01,Sncg Vip Itih5,10,#6C00BF,Core,1.0,3177,1.0,both,True,451117.0,Sncg-IRES2-FlpO-neo;Ai65F-451117,M,P86,VISp2/3,856021779.0,SM-GE4S1_S145_E1-50,RSC-210,CS180626100011,Sncg Vip Itih5,both,True,True,True,Sncg,Sncg,True,Sncg
856040562,3178,PFS4_190423_706_A01,Sncg Vip Itih5,10,#6C00BF,Core,1.0,3178,1.0,both,True,451117.0,Sncg-IRES2-FlpO-neo;Ai65F-451117,M,P86,VISp2/3,856040441.0,SM-GE4S1_S151_E1-50,RSC-210,CS180626100011,Sncg Vip Itih5,both,True,True,True,Sncg,Sncg,True,Sncg
856045597,3179,PFS4_190423_707_A01,Sncg Vip Itih5,10,#6C00BF,I1,1.0,3179,1.0,both,True,451117.0,Sncg-IRES2-FlpO-neo;Ai65F-451117,M,P86,VISp6a,856045573.0,SM-GE4S1_S152_E1-50,RSC-210,CS180626100011,Sncg Vip Itih5,both,True,True,True,Sncg,Sncg,True,Sncg
857220013,3180,P8S4_190425_351_A01,Sncg Vip Itih5,10,#6C00BF,Core,1.0,3180,1.0,both,True,456109.0,Sncg-IRES2-FlpO-neo;Ai65F-456109,F,P66,VISp5,857219660.0,SM-GE4S1_S176_E1-50,RSC-210,CS180626100011,Sncg Vip Itih5,both,True,True,True,Sncg,Sncg,True,Sncg
857223181,3181,PAS4_190425_451_A01,Sncg Gpr50,9,#C266D1,Core,1.0,3181,1.0,both,True,456109.0,Sncg-IRES2-FlpO-neo;Ai65F-456109,F,P66,VISp6a,857222948.0,SM-GE4S1_S183_E1-50,RSC-210,CS180626100010,Sncg Gpr50,both,True,True,True,Sncg,Sncg,True,Sncg
857240658,3182,P1S4_190425_001_A01,Sncg Vip Nptx2,8,#9900B3,I2,1.0,3182,1.0,both,True,456109.0,Sncg-IRES2-FlpO-neo;Ai65F-456109,F,P66,VISp1,857240200.0,SM-GE4S1_S168_E1-50,RSC-210,CS180626100010,Sncg Gpr50,both,True,True,False,Sncg,Sncg,True,Sncg
857265386,3183,PAS4_190425_452_A01,Sncg Vip Itih5,10,#6C00BF,Core,1.0,3183,1.0,both,True,456109.0,Sncg-IRES2-FlpO-neo;Ai65F-456109,F,P66,VISp5,857265027.0,SM-GE4S1_S184_E1-50,RSC-210,CS180626100011,Sncg Vip Itih5,both,True,True,True,Sncg,Sncg,True,Sncg
857296784,3184,PAS4_190425_453_A01,Sncg Vip Itih5,10,#6C00BF,Core,1.0,3184,1.0,both,True,456109.0,Sncg-IRES2-FlpO-neo;Ai65F-456109,F,P66,VISp4,857296549.0,SM-GE4S1_S185_E1-50,RSC-210,CS180626100011,Sncg Vip Itih5,both,True,True,True,Sncg,Sncg,True,Sncg
857326083,3185,P1S4_190425_003_A01,Sncg Vip Nptx2,8,#9900B3,I1,1.0,3185,1.0,both,True,456109.0,Sncg-IRES2-FlpO-neo;Ai65F-456109,F,P66,VISp1,857325626.0,SM-GE4S1_S170_E1-50,RSC-210,CS180626100009,Sncg Vip Nptx2,both,True,True,True,Sncg,Sncg,True,Sncg
857332144,3186,PAS4_190425_454_A01,Sncg Gpr50,9,#C266D1,I1,1.0,3186,1.0,both,True,456109.0,Sncg-IRES2-FlpO-neo;Ai65F-456109,F,P66,VISp5,857331970.0,SM-GE4S1_S186_E1-50,RSC-210,CS180626100010,Sncg Gpr50,both,True,True,True,Sncg,Sncg,True,Sncg
858029990,3187,P1S4_190426_001_A01,Sncg Vip Nptx2,8,#9900B3,I1,1.0,3187,1.0,both,True,451119.0,Sncg-IRES2-FlpO-neo;Ai65F-451119,F,P89,VISp2/3,858029578.0,SM-GE4RN_S043_E1-50,RSC-211,CS180626100009,Sncg Vip Nptx2,both,True,True,True,Sncg,Sncg,True,Sncg
858054077,3188,PAS4_190426_451_A01,Sncg Vip Itih5,10,#6C00BF,Core,1.0,3188,1.0,both,True,451119.0,Sncg-IRES2-FlpO-neo;Ai65F-451119,F,P89,VISp6a,858053717.0,SM-GE4RN_S050_E1-50,RSC-211,CS180626100011,Sncg Vip Itih5,both,True,True,True,Sncg,Sncg,True,Sncg
858066116,3189,PFS4_190426_701_A01,Sncg Vip Itih5,10,#6C00BF,Core,1.0,3189,1.0,both,True,451119.0,Sncg-IRES2-FlpO-neo;Ai65F-451119,F,P89,VISp4,858065881.0,SM-GE4RN_S067_E1-50,RSC-211,CS180626100011,Sncg Vip Itih5,both,True,True,True,Sncg,Sncg,True,Sncg
858075806,3190,P8S4_190426_351_A01,Sncg Vip Itih5,10,#6C00BF,Core,1.0,3190,1.0,both,True,451119.0,Sncg-IRES2-FlpO-neo;Ai65F-451119,F,P89,VISp2/3,858075317.0,SM-GE4RN_S046_E1-50,RSC-211,CS180626100011,Sncg Vip Itih5,both,True,True,True,Sncg,Sncg,True,Sncg
858105502,3191,P1S4_190426_003_A01,Vip Col15a1 Pde1a,28,#AC3491,I1,1.0,3191,1.0,both,True,451119.0,Sncg-IRES2-FlpO-neo;Ai65F-451119,F,P89,VISl2/3,858104987.0,SM-GE4RN_S045_E1-50,RSC-211,CS180626100029,Vip Col15a1 Pde1a,both,True,True,True,Vip,Vip,True,Vip
858114857,3192,PFS4_190426_702_A01,Sncg Vip Itih5,10,#6C00BF,Core,1.0,3192,1.0,both,True,451119.0,Sncg-IRES2-FlpO-neo;Ai65F-451119,F,P89,VISp5,858114469.0,SM-GE4RN_S068_E1-50,RSC-211,CS180626100011,Sncg Vip Itih5,both,True,True,True,Sncg,Sncg,True,Sncg
858115178,3193,PAS4_190426_452_A01,Sncg Vip Itih5,10,#6C00BF,I1,1.0,3193,1.0,both,True,451119.0,Sncg-IRES2-FlpO-neo;Ai65F-451119,F,P89,VISpm2/3,858114979.0,SM-GE4RN_S051_E1-50,RSC-211,CS180626100011,Sncg Vip Itih5,both,True,True,True,Sncg,Sncg,True,Sncg
858143082,3194,PAS4_190426_453_A01,Sncg Vip Itih5,10,#6C00BF,I1,1.0,3194,1.0,both,True,451119.0,Sncg-IRES2-FlpO-neo;Ai65F-451119,F,P89,VISpm2/3,858142854.0,SM-GE4RN_S052_E1-50,RSC-211,CS180626100011,Sncg Vip Itih5,both,True,True,True,Sncg,Sncg,True,Sncg
858252803,3195,PES4_190426_651_A01,Vip Col15a1 Pde1a,28,#AC3491,Core,1.0,3195,1.0,both,True,453077.0,Sncg-IRES2-FlpO-neo;Ai65F-453077,F,P89,VISl1,858252746.0,SM-GE4RN_S054_E1-50,RSC-211,CS180626100029,Vip Col15a1 Pde1a,both,True,True,True,Vip,Vip,True,Vip
858254874,3196,P8S4_190426_353_A01,Sncg Vip Itih5,10,#6C00BF,Core,1.0,3196,1.0,both,True,453077.0,Sncg-IRES2-FlpO-neo;Ai65F-453077,F,P89,VISpor2/3,858254797.0,SM-GE4RN_S048_E1-50,RSC-211,CS180626100011,Sncg Vip Itih5,both,True,True,True,Sncg,Sncg,True,Sncg
858305576,3197,PFS4_190426_703_A01,Sncg Vip Itih5,10,#6C00BF,Core,1.0,3197,1.0,both,True,453077.0,Sncg-IRES2-FlpO-neo;Ai65F-453077,F,P89,VISl6b,858305501.0,SM-GE4RN_S069_E1-50,RSC-211,CS180626100011,Sncg Vip Itih5,both,True,True,True,Sncg,Sncg,True,Sncg
858326660,3198,P8S4_190426_354_A01,Sncg Vip Itih5,10,#6C00BF,Core,1.0,3198,1.0,both,True,453077.0,Sncg-IRES2-FlpO-neo;Ai65F-453077,F,P89,VISl2/3,858326586.0,SM-GE4RN_S049_E1-50,RSC-211,CS180626100011,Sncg Vip Itih5,both,True,True,True,Sncg,Sncg,True,Sncg
858374478,3199,PES4_190426_654_A01,Sncg Vip Itih5,10,#6C00BF,Core,1.0,3199,1.0,both,True,453077.0,Sncg-IRES2-FlpO-neo;Ai65F-453077,F,P89,VISl2/3,858374326.0,SM-GE4RN_S065_E1-50,RSC-211,CS180626100011,Sncg Vip Itih5,both,True,True,True,Sncg,Sncg,True,Sncg
858384285,3200,PES4_190426_655_A01,Sncg Gpr50,9,#C266D1,I1,1.0,3200,1.0,both,True,453077.0,Sncg-IRES2-FlpO-neo;Ai65F-453077,F,P89,VISpor5,858384245.0,SM-GE4RN_S066_E1-50,RSC-211,CS180626100010,Sncg Gpr50,both,True,True,True,Sncg,Sncg,True,Sncg
858937670,3201,P1S4_190429_001_A01,Sncg Vip Nptx2,8,#9900B3,I1,1.0,3201,1.0,both,True,460304.0,Sncg-IRES2-FlpO-neo;Ai65F-460304,M,P49,VISp2/3,858937222.0,SM-GE4RN_S070_E1-50,RSC-211,CS180626100009,Sncg Vip Nptx2,both,True,True,True,Sncg,Sncg,True,Sncg
858966539,3202,PAS4_190429_451_A01,Sncg Vip Itih5,10,#6C00BF,Core,1.0,3202,1.0,both,True,460304.0,Sncg-IRES2-FlpO-neo;Ai65F-460304,M,P49,VISp2/3,858966359.0,SM-GE4RN_S080_E1-50,RSC-211,CS180626100011,Sncg Vip Itih5,both,True,True,True,Sncg,Sncg,True,Sncg
858971683,3203,P8S4_190429_351_A01,Sncg Vip Itih5,10,#6C00BF,I2,1.0,3203,1.0,both,True,460304.0,Sncg-IRES2-FlpO-neo;Ai65F-460304,M,P49,VISp2/3,858971485.0,SM-GE4RN_S073_E1-50,RSC-211,CS180626100029,Vip Col15a1 Pde1a,both,True,True,False,Sncg,Vip,False,Sncg
858981986,3204,P8S4_190429_352_A01,Sncg Vip Itih5,10,#6C00BF,Core,1.0,3204,1.0,both,True,460304.0,Sncg-IRES2-FlpO-neo;Ai65F-460304,M,P49,VISp2/3,858981668.0,SM-GE4RN_S074_E1-50,RSC-211,CS180626100011,Sncg Vip Itih5,both,True,True,True,Sncg,Sncg,True,Sncg
859034131,3205,PFS4_190429_701_A01,Sncg Slc17a8,7,#9440F3,Core,1.0,3205,1.0,both,True,456110.0,Sncg-IRES2-FlpO-neo;Ai65F-456110,F,10 wks,VISpm1,859033944.0,SM-GE4RN_S083_E1-50,RSC-211,CS180626100008,Sncg Slc17a8,both,True,True,True,Sncg,Sncg,True,Sncg
859050969,3206,P8S4_190429_354_A01,Sncg Vip Nptx2,8,#9900B3,I2,1.0,3206,1.0,both,True,456110.0,Sncg-IRES2-FlpO-neo;Ai65F-456110,F,10 wks,VISp2/3,859050795.0,SM-GE4RN_S076_E1-50,RSC-211,CS180626100009,Sncg Vip Nptx2,both,True,True,True,Sncg,Sncg,True,Sncg
859062972,3207,P8S4_190429_355_A01,Sncg Slc17a8,7,#9440F3,I1,1.0,3207,1.0,both,True,456110.0,Sncg-IRES2-FlpO-neo;Ai65F-456110,F,10 wks,VISp2/3,859062728.0,SM-GE4RN_S077_E1-50,RSC-211,CS180626100008,Sncg Slc17a8,both,True,True,True,Sncg,Sncg,True,Sncg
859098329,3208,P8S4_190429_357_A01,Sncg Vip Itih5,10,#6C00BF,I1,1.0,3208,1.0,both,True,456110.0,Sncg-IRES2-FlpO-neo;Ai65F-456110,F,10 wks,VISp5,859098136.0,SM-GE4RN_S079_E1-50,RSC-211,CS180626100011,Sncg Vip Itih5,both,True,True,True,Sncg,Sncg,True,Sncg
859107907,3209,PFS4_190429_702_A01,Sncg Vip Itih5,10,#6C00BF,Core,1.0,3209,1.0,both,True,456110.0,Sncg-IRES2-FlpO-neo;Ai65F-456110,F,10 wks,VISli2/3,859107761.0,SM-GE4RN_S084_E1-50,RSC-211,CS180626100011,Sncg Vip Itih5,both,True,True,True,Sncg,Sncg,True,Sncg
859621160,3210,PAS4_190430_451_A01,Sncg Gpr50,9,#C266D1,I1,1.0,3210,1.0,both,True,460308.0,Sncg-IRES2-FlpO-neo;Ai65F-460308,F,P50,VISp2/3,859620978.0,SM-GE4RN_S094_E1-50,RSC-211,CS180626100010,Sncg Gpr50,both,True,True,True,Sncg,Sncg,True,Sncg
859633515,3211,P1S4_190430_001_A01,Sncg Vip Itih5,10,#6C00BF,Core,1.0,3211,1.0,both,True,460308.0,Sncg-IRES2-FlpO-neo;Ai65F-460308,F,P50,VISl2/3,859633163.0,SM-GE4RN_S085_E1-50,RSC-211,CS180626100011,Sncg Vip Itih5,both,True,True,True,Sncg,Sncg,True,Sncg
859655391,3212,PES4_190430_652_A01,Sncg Vip Itih5,10,#6C00BF,Core,1.0,3212,1.0,both,True,460308.0,Sncg-IRES2-FlpO-neo;Ai65F-460308,F,P50,VISp2/3,859655183.0,SM-GE4RS_S004_E1-50,RSC-211,CS180626100011,Sncg Vip Itih5,both,True,True,True,Sncg,Sncg,True,Sncg
859660174,3213,P8S4_190430_352_A01,Sncg Vip Itih5,10,#6C00BF,Core,1.0,3213,1.0,both,True,460308.0,Sncg-IRES2-FlpO-neo;Ai65F-460308,F,P50,VISp6a,859659806.0,SM-GE4RN_S089_E1-50,RSC-211,CS180626100011,Sncg Vip Itih5,both,True,True,True,Sncg,Sncg,True,Sncg
859664949,3214,PFS4_190430_701_A01,Sncg Gpr50,9,#C266D1,Core,1.0,3214,1.0,both,True,460308.0,Sncg-IRES2-FlpO-neo;Ai65F-460308,F,P50,VISp5,859664676.0,SM-GE4RS_S008_E1-50,RSC-211,CS180626100010,Sncg Gpr50,both,True,True,True,Sncg,Sncg,True,Sncg
859767167,3215,P8S4_190430_353_A01,Sncg Vip Itih5,10,#6C00BF,Core,1.0,3215,1.0,both,True,460308.0,Sncg-IRES2-FlpO-neo;Ai65F-460308,F,P50,VISpor6a,859766956.0,SM-GE4RN_S090_E1-50,RSC-211,CS180626100011,Sncg Vip Itih5,both,True,True,True,Sncg,Sncg,True,Sncg
859811797,3216,PFS4_190430_702_A01,Sncg Vip Itih5,10,#6C00BF,Core,1.0,3216,1.0,both,True,460308.0,Sncg-IRES2-FlpO-neo;Ai65F-460308,F,P50,VISp6a,859811500.0,SM-GE4RS_S009_E1-50,RSC-211,CS180626100011,Sncg Vip Itih5,both,True,True,True,Sncg,Sncg,True,Sncg
859943246,3217,PES4_190430_655_A01,Sst Calb2 Pdlim5,34,#CC6D3D,Core,1.0,3217,1.0,both,True,458607.0,Calb2-IRES-Cre;Sst-IRES-FlpO;Ai65-458607,F,P59,VISp5,859943217.0,SM-GE4RS_S007_E1-50,RSC-211,CS180626100035,Sst Calb2 Pdlim5,both,True,True,True,Sst,Sst,True,Sst
861732864,3218,PAS4_190502_451_A01,Sncg Vip Itih5,10,#6C00BF,I2,1.0,3218,1.0,both,True,460309.0,Sncg-IRES2-FlpO-neo;Ai65F-460309,F,P52,VISp2/3,861732800.0,SM-GE4RS_S020_E1-50,RSC-211,CS180626100011,Sncg Vip Itih5,both,True,True,True,Sncg,Sncg,True,Sncg
861733930,3219,PES4_190502_651_A01,Serpinf1 Clrn1,11,#A700FF,Core,1.0,3219,1.0,both,True,460309.0,Sncg-IRES2-FlpO-neo;Ai65F-460309,F,P52,VISp6b,861733792.0,SM-GE4RS_S024_E1-50,RSC-211,CS180626100012,Serpinf1 Clrn1,both,True,True,True,Serpinf1,Serpinf1,True,Serpinf1
861736319,3220,PFS4_190502_701_A01,Sncg Vip Itih5,10,#6C00BF,Core,1.0,3220,1.0,both,True,460309.0,Sncg-IRES2-FlpO-neo;Ai65F-460309,F,P52,VISp2/3,861736156.0,SM-GE4RS_S028_E1-50,RSC-211,CS180626100011,Sncg Vip Itih5,both,True,True,True,Sncg,Sncg,True,Sncg
861740043,3221,PAS4_190502_452_A01,Sncg Vip Itih5,10,#6C00BF,I1,1.0,3221,1.0,both,True,460309.0,Sncg-IRES2-FlpO-neo;Ai65F-460309,F,P52,VISp4,861739796.0,SM-GE4RS_S021_E1-50,RSC-211,CS180626100011,Sncg Vip Itih5,both,True,True,True,Sncg,Sncg,True,Sncg
861740206,3222,P2S4_190502_051_A01,Sncg Vip Nptx2,8,#9900B3,Core,1.0,3222,1.0,both,True,460309.0,Sncg-IRES2-FlpO-neo;Ai65F-460309,F,P52,VISp5,861740124.0,SM-GE4RS_S012_E1-50,RSC-211,CS180626100009,Sncg Vip Nptx2,both,True,True,True,Sncg,Sncg,True,Sncg
861740319,3223,PES4_190502_652_A01,Sncg Vip Itih5,10,#6C00BF,I1,1.0,3223,1.0,both,True,460309.0,Sncg-IRES2-FlpO-neo;Ai65F-460309,F,P52,VISli5,861740251.0,SM-GE4RS_S025_E1-50,RSC-211,CS180626100011,Sncg Vip Itih5,both,True,True,True,Sncg,Sncg,True,Sncg
861765347,3224,P2S4_190502_052_A01,Sncg Vip Nptx2,8,#9900B3,I1,1.0,3224,1.0,both,True,460309.0,Sncg-IRES2-FlpO-neo;Ai65F-460309,F,P52,VISp2/3,861765185.0,SM-GE4RS_S013_E1-50,RSC-211,CS180626100009,Sncg Vip Nptx2,both,True,True,True,Sncg,Sncg,True,Sncg
861765455,3225,PAS4_190502_453_A01,Sncg Vip Itih5,10,#6C00BF,Core,1.0,3225,1.0,both,True,460309.0,Sncg-IRES2-FlpO-neo;Ai65F-460309,F,P52,VISp2/3,861765390.0,SM-GE4RS_S022_E1-50,RSC-211,CS180626100011,Sncg Vip Itih5,both,True,True,True,Sncg,Sncg,True,Sncg
861769605,3226,PAS4_190502_454_A01,Sncg Vip Itih5,10,#6C00BF,I1,1.0,3226,1.0,both,True,460309.0,Sncg-IRES2-FlpO-neo;Ai65F-460309,F,P52,VISp2/3,861769580.0,SM-GE4RS_S023_E1-50,RSC-211,CS180626100011,Sncg Vip Itih5,both,True,True,True,Sncg,Sncg,True,Sncg
861773866,3227,PFS4_190502_702_A01,Sncg Vip Itih5,10,#6C00BF,I1,1.0,3227,1.0,both,True,460309.0,Sncg-IRES2-FlpO-neo;Ai65F-460309,F,P52,VISp2/3,861773845.0,SM-GE4RS_S029_E1-50,RSC-211,CS180626100011,Sncg Vip Itih5,both,True,True,True,Sncg,Sncg,True,Sncg
861830822,3228,PES4_190502_653_A01,Sst Tac2 Tacstd2,46,#BF8219,Core,1.0,3228,1.0,both,True,459713.0,Crh-IRES-Cre_ZJH;Sst-IRES-FlpO;Ai65-459713,F,P56,VISp5,861830746.0,SM-GE4RS_S026_E1-50,RSC-211,CS180626100047,Sst Tac2 Tacstd2,both,True,True,True,Sst,Sst,True,Sst
861837255,3229,P2S4_190502_053_A01,Sst Calb2 Pdlim5,34,#CC6D3D,Core,1.0,3229,1.0,both,True,459713.0,Crh-IRES-Cre_ZJH;Sst-IRES-FlpO;Ai65-459713,F,P56,VISpm2/3,861837214.0,SM-GE4RS_S014_E1-50,RSC-211,CS180626100035,Sst Calb2 Pdlim5,both,True,True,True,Sst,Sst,True,Sst
861855846,3230,P2S4_190502_054_A01,Sst Rxfp1 Eya1,47,#994C00,Core,1.0,3230,1.0,both,True,459713.0,Crh-IRES-Cre_ZJH;Sst-IRES-FlpO;Ai65-459713,F,P56,VISpm6a,861855810.0,SM-GE4RS_S015_E1-50,RSC-211,CS180626100048,Sst Rxfp1 Eya1,both,True,True,True,Sst,Sst,True,Sst
861878550,3231,PFS4_190502_704_A01,Sst Rxfp1 Eya1,47,#994C00,I1,1.0,3231,1.0,both,True,459713.0,Crh-IRES-Cre_ZJH;Sst-IRES-FlpO;Ai65-459713,F,P56,VISp6a,861878420.0,SM-GE4RS_S031_E1-50,RSC-211,CS180626100048,Sst Rxfp1 Eya1,both,True,True,True,Sst,Sst,True,Sst
861959876,3232,PFS4_190502_705_A01,Sst Crh 4930553C11Rik ,44,#C77767,Core,1.0,3232,1.0,both,True,459713.0,Crh-IRES-Cre_ZJH;Sst-IRES-FlpO;Ai65-459713,F,P56,VISp5,861959843.0,SM-GE4RS_S032_E1-50,RSC-211,CS180626100045,Sst Crh 4930553C11Rik ,both,True,True,True,Sst,Sst,True,Sst
862412491,3233,PES4_190503_651_A01,Sncg Vip Itih5,10,#6C00BF,Core,1.0,3233,1.0,both,True,460310.0,Sncg-IRES2-FlpO-neo;Ai65F-460310,F,P53,VISp6a,862412199.0,SM-GE4RS_S045_E1-50,RSC-211,CS180626100011,Sncg Vip Itih5,both,True,True,True,Sncg,Sncg,True,Sncg
862449566,3234,PAS4_190503_451_A01,Sncg Gpr50,9,#C266D1,I1,1.0,3234,1.0,both,True,460310.0,Sncg-IRES2-FlpO-neo;Ai65F-460310,F,P53,VISp6a,862449407.0,SM-GE4RS_S041_E1-50,RSC-211,CS180626100010,Sncg Gpr50,both,True,True,True,Sncg,Sncg,True,Sncg
862496009,3235,PAS4_190503_452_A01,Sncg Slc17a8,7,#9440F3,Core,1.0,3235,1.0,both,True,460310.0,Sncg-IRES2-FlpO-neo;Ai65F-460310,F,P53,VISp4,862495869.0,SM-GE4RS_S042_E1-50,RSC-211,CS180626100008,Sncg Slc17a8,both,True,True,True,Sncg,Sncg,True,Sncg
862596299,3236,PAS4_190503_453_A01,Sncg Vip Itih5,10,#6C00BF,Core,1.0,3236,1.0,both,True,460310.0,Sncg-IRES2-FlpO-neo;Ai65F-460310,F,P53,VISp5,862596156.0,SM-GE4RS_S043_E1-50,RSC-211,CS180626100011,Sncg Vip Itih5,both,True,True,True,Sncg,Sncg,True,Sncg
863580185,3237,P1S4_190506_006_A01,Sst Myh8 Etv1 ,36,#D6C300,I2,1.0,3237,1.0,both,True,460584.0,Chrna2-Cre_OE25;Sst-IRES-FlpO;Ai65-460584,M,P56,VISp5,863580020.0,SM-GE4RS_S052_E1-50,RSC-211,CS180626100038,Sst Myh8 Fibin,both,True,True,False,Sst,Sst,True,Sst
863585604,3238,PES4_190506_653_A01,Sst Chrna2 Ptgdr,39,#FFB307,I1,1.0,3238,1.0,both,True,460584.0,Chrna2-Cre_OE25;Sst-IRES-FlpO;Ai65-460584,M,P56,VISp5,863585508.0,SM-GE4RS_S067_E1-50,RSC-211,CS180626100040,Sst Chrna2 Ptgdr,both,True,True,True,Sst,Sst,True,Sst
863604233,3239,PES4_190506_654_A01,Sst Esm1,45,#C11331,Core,1.0,3239,1.0,both,True,460584.0,Chrna2-Cre_OE25;Sst-IRES-FlpO;Ai65-460584,M,P56,VISp6a,863604094.0,SM-GE4RS_S068_E1-50,RSC-211,CS180626100046,Sst Esm1,both,True,True,True,Sst,Sst,True,Sst
863607236,3240,PAS4_190506_455_A01,Sst Chrna2 Glra3,37,#FF9F2C,Core,1.0,3240,1.0,both,True,460584.0,Chrna2-Cre_OE25;Sst-IRES-FlpO;Ai65-460584,M,P56,VISp5,863607026.0,SM-GE4RS_S062_E1-50,RSC-211,CS180626100039,Sst Chrna2 Glra3,both,True,True,True,Sst,Sst,True,Sst
863628227,3241,PAS4_190506_456_A01,Sst Chrna2 Glra3,37,#FF9F2C,I2,1.0,3241,1.0,both,True,460584.0,Chrna2-Cre_OE25;Sst-IRES-FlpO;Ai65-460584,M,P56,VISp5,863628110.0,SM-GE4RS_S063_E1-50,RSC-211,CS180626100039,Sst Chrna2 Glra3,both,True,True,True,Sst,Sst,True,Sst
863631899,3242,PES4_190506_655_A01,Sst Esm1,45,#C11331,I1,1.0,3242,1.0,both,True,460584.0,Chrna2-Cre_OE25;Sst-IRES-FlpO;Ai65-460584,M,P56,VISp5,863631569.0,SM-GE4RS_S069_E1-50,RSC-211,CS180626100046,Sst Esm1,both,True,True,True,Sst,Sst,True,Sst
863657415,3243,PAS4_190506_457_A01,Sst Chrna2 Ptgdr,39,#FFB307,Core,1.0,3243,1.0,both,True,460584.0,Chrna2-Cre_OE25;Sst-IRES-FlpO;Ai65-460584,M,P56,VISp5,863657198.0,SM-GE4RS_S064_E1-50,RSC-211,CS180626100040,Sst Chrna2 Ptgdr,both,True,True,True,Sst,Sst,True,Sst
863669822,3244,P8S4_190506_355_A01,Sst Calb2 Pdlim5,34,#CC6D3D,Core,1.0,3244,1.0,both,True,460694.0,Calb2-IRES-Cre;Sst-IRES-FlpO;Ai65-460694,M,P54,VISp2/3,863669799.0,SM-GE4RS_S057_E1-50,RSC-211,CS180626100035,Sst Calb2 Pdlim5,both,True,True,True,Sst,Sst,True,Sst
864233472,3245,P8S4_190507_354_A01,Sst Tac2 Myh4,40,#D9C566,I2,1.0,3245,1.0,both,True,460585.0,Chrna2-Cre_OE25;Sst-IRES-FlpO;Ai65-460585,F,P57,VISp6a,864233305.0,SM-GE4RS_S073_E1-50,RSC-211,CS180626100041,Sst Tac2 Myh4,both,True,True,True,Sst,Sst,True,Sst
864275253,3246,PES4_190507_652_A01,Sst Calb2 Pdlim5,34,#CC6D3D,I1,1.0,3246,1.0,both,True,460695.0,Calb2-IRES-Cre;Sst-IRES-FlpO;Ai65-460695,M,P55,VISp5,864275135.0,SM-GE4RS_S082_E1-50,RSC-211,CS180626100035,Sst Calb2 Pdlim5,both,True,True,True,Sst,Sst,True,Sst
864277680,3247,P8S4_190507_355_A01,Sst Chrna2 Glra3,37,#FF9F2C,Core,1.0,3247,1.0,both,True,460585.0,Chrna2-Cre_OE25;Sst-IRES-FlpO;Ai65-460585,F,P57,VISp5,864277575.0,SM-GE4RS_S074_E1-50,RSC-211,CS180626100039,Sst Chrna2 Glra3,both,True,True,True,Sst,Sst,True,Sst
864291647,3248,PFS4_190507_703_A01,Sst Rxfp1 Prdm8,48,#802600,I1,1.0,3248,1.0,both,True,460585.0,Chrna2-Cre_OE25;Sst-IRES-FlpO;Ai65-460585,F,P57,VISp5,864291562.0,SM-GE4RS_S088_E1-50,RSC-211,CS180626100049,Sst Rxfp1 Prdm8,both,True,True,True,Sst,Sst,True,Sst
864296008,3249,PES4_190507_653_A01,Sst Calb2 Pdlim5,34,#CC6D3D,Core,1.0,3249,1.0,both,True,460695.0,Calb2-IRES-Cre;Sst-IRES-FlpO;Ai65-460695,M,P55,VISp5,864295889.0,SM-GE4RS_S083_E1-50,RSC-211,CS180626100035,Sst Calb2 Pdlim5,both,True,True,True,Sst,Sst,True,Sst
864314373,3250,P8S4_190507_356_A01,Sst Nts,49,#A81111,Core,1.0,3250,1.0,both,True,460695.0,Calb2-IRES-Cre;Sst-IRES-FlpO;Ai65-460695,M,P55,VISp6a,864314347.0,SM-GE4RS_S075_E1-50,RSC-211,CS180626100050,Sst Nts,both,True,True,True,Sst,Sst,True,Sst
864315180,3251,PFS4_190507_704_A01,Sst Tac2 Tacstd2,46,#BF8219,I2,1.0,3251,1.0,both,True,460585.0,Chrna2-Cre_OE25;Sst-IRES-FlpO;Ai65-460585,F,P57,VISp6a,864315150.0,SM-GE4RS_S089_E1-50,RSC-211,CS180626100047,Sst Tac2 Tacstd2,both,True,True,True,Sst,Sst,True,Sst
864325951,3252,PES4_190507_655_A01,Sst Hpse Cbln4,42,#806B19,Core,1.0,3252,1.0,both,True,460695.0,Calb2-IRES-Cre;Sst-IRES-FlpO;Ai65-460695,M,P55,VISp4,864325892.0,SM-GE4RS_S085_E1-50,RSC-211,CS180626100043,Sst Hpse Cbln4,both,True,True,True,Sst,Sst,True,Sst
865521037,3253,PFS4_190509_701_A01,Sst Calb2 Pdlim5,34,#CC6D3D,Core,1.0,3253,1.0,both,True,460696.0,Calb2-IRES-Cre;Sst-IRES-FlpO;Ai65-460696,F,P57,VISp2/3,865520670.0,SM-GE4RS_S109_E1-50,RSC-211,CS180626100035,Sst Calb2 Pdlim5,both,True,True,True,Sst,Sst,True,Sst
865553957,3254,PAS4_190509_452_A01,Sst Calb2 Pdlim5,34,#CC6D3D,Core,1.0,3254,1.0,both,True,460696.0,Calb2-IRES-Cre;Sst-IRES-FlpO;Ai65-460696,F,P57,VISp5,865553669.0,SM-GE4RS_S105_E1-50,RSC-211,CS180626100035,Sst Calb2 Pdlim5,both,True,True,True,Sst,Sst,True,Sst
865561071,3255,PFS4_190509_702_A01,Sst Calb2 Pdlim5,34,#CC6D3D,Core,1.0,3255,1.0,both,True,460696.0,Calb2-IRES-Cre;Sst-IRES-FlpO;Ai65-460696,F,P57,VISp4,865560991.0,SM-GE4RS_S110_E1-50,RSC-211,CS180626100035,Sst Calb2 Pdlim5,both,True,True,True,Sst,Sst,True,Sst
865580850,3256,PES4_190509_651_A01,Sst Esm1,45,#C11331,Core,1.0,3256,1.0,both,True,460696.0,Calb2-IRES-Cre;Sst-IRES-FlpO;Ai65-460696,F,P57,VISp6a,865580451.0,SM-GE4RS_S107_E1-50,RSC-211,CS180626100046,Sst Esm1,both,True,True,True,Sst,Sst,True,Sst
865589884,3257,PAS4_190509_453_A01,Sst Tac1 Htr1d,31,#804811,Core,1.0,3257,1.0,both,True,460696.0,Calb2-IRES-Cre;Sst-IRES-FlpO;Ai65-460696,F,P57,VISp2/3,865589570.0,SM-GE4RS_S106_E1-50,RSC-211,CS180626100032,Sst Tac1 Htr1d,both,True,True,True,Sst,Sst,True,Sst
865597654,3258,P8S4_190509_353_A01,Sst Hpse Cbln4,42,#806B19,Core,1.0,3258,1.0,both,True,460696.0,Calb2-IRES-Cre;Sst-IRES-FlpO;Ai65-460696,F,P57,VISp5,865597539.0,SM-GE4RS_S103_E1-50,RSC-211,CS180626100043,Sst Hpse Cbln4,both,True,True,True,Sst,Sst,True,Sst
865603429,3259,PFS4_190509_703_A01,Sst Calb2 Pdlim5,34,#CC6D3D,Core,1.0,3259,1.0,both,True,460696.0,Calb2-IRES-Cre;Sst-IRES-FlpO;Ai65-460696,F,P57,VISp5,865603141.0,SM-GE4RS_S111_E1-50,RSC-211,CS180626100035,Sst Calb2 Pdlim5,both,True,True,True,Sst,Sst,True,Sst
865674978,3260,PES4_190509_652_A01,Sst Calb2 Pdlim5,34,#CC6D3D,I1,1.0,3260,1.0,both,True,460696.0,Calb2-IRES-Cre;Sst-IRES-FlpO;Ai65-460696,F,P57,VISp1,865674812.0,SM-GE4RS_S108_E1-50,RSC-211,CS180626100035,Sst Calb2 Pdlim5,both,True,True,True,Sst,Sst,True,Sst
866257279,3261,PAS4_190510_453_A01,Sst Calb2 Pdlim5,34,#CC6D3D,Core,1.0,3261,1.0,both,True,460700.0,Calb2-IRES-Cre;Sst-IRES-FlpO;Ai65-460700,F,P58,VISp5,866257132.0,SM-GE4RS_S122_E1-50,RSC-211,CS180626100035,Sst Calb2 Pdlim5,both,True,True,True,Sst,Sst,True,Sst
866267921,3262,PES4_190510_652_A01,Lamp5 Plch2 Dock5,4,#FF7290,I1,1.0,3262,1.0,both,True,461574.0,Ndnf-IRES2-dgCre;Slc32a1-IRES2-FlpO;Ai65-461574,F,P54,VISp2/3,866267606.0,SM-GE4RS_S127_E1-50,RSC-211,CS180626100005,Lamp5 Plch2 Dock5,both,True,True,True,Lamp5,Lamp5,True,Lamp5
866293134,3263,PFS4_190510_701_A01,Sst Calb2 Pdlim5,34,#CC6D3D,Core,1.0,3263,1.0,both,True,460700.0,Calb2-IRES-Cre;Sst-IRES-FlpO;Ai65-460700,F,P58,VISp2/3,866292917.0,SM-GE4RS_S131_E1-50,RSC-211,CS180626100035,Sst Calb2 Pdlim5,both,True,True,True,Sst,Sst,True,Sst
866307762,3264,PES4_190510_653_A01,Lamp5 Ntn1 Npy2r,3,#DD6091,Core,1.0,3264,1.0,both,True,461574.0,Ndnf-IRES2-dgCre;Slc32a1-IRES2-FlpO;Ai65-461574,F,P54,VISp1,866307354.0,SM-GE4RS_S128_E1-50,RSC-211,CS180626100004,Lamp5 Ntn1 Npy2r,both,True,True,True,Lamp5,Lamp5,True,Lamp5
866315686,3265,PFS4_190510_702_A01,Sst Tac1 Htr1d,31,#804811,Core,1.0,3265,1.0,both,True,460700.0,Calb2-IRES-Cre;Sst-IRES-FlpO;Ai65-460700,F,P58,VISp2/3,866315470.0,SM-GE4RS_S132_E1-50,RSC-211,CS180626100035,Sst Calb2 Pdlim5,both,True,True,False,Sst,Sst,True,Sst
866315937,3266,PAS4_190510_455_A01,Sst Calb2 Pdlim5,34,#CC6D3D,Core,1.0,3266,1.0,both,True,460700.0,Calb2-IRES-Cre;Sst-IRES-FlpO;Ai65-460700,F,P58,VISp2/3,866315822.0,SM-GE4RS_S124_E1-50,RSC-211,CS180626100035,Sst Calb2 Pdlim5,both,True,True,True,Sst,Sst,True,Sst
866337101,3267,PFS4_190510_703_A01,Lamp5 Lsp1,5,#FFA388,I1,1.0,3267,1.0,both,True,461574.0,Ndnf-IRES2-dgCre;Slc32a1-IRES2-FlpO;Ai65-461574,F,P54,VISp5,866336982.0,SM-GE4RS_S133_E1-50,RSC-211,CS180626100006,Lamp5 Lsp1,both,True,True,True,Lamp5,Lamp5,True,Lamp5
866340188,3268,P8S4_190510_353_A01,Sst Calb2 Pdlim5,34,#CC6D3D,I1,1.0,3268,1.0,both,True,460700.0,Calb2-IRES-Cre;Sst-IRES-FlpO;Ai65-460700,F,P58,VISp5,866339862.0,SM-GE4RS_S119_E1-50,RSC-211,CS180626100035,Sst Calb2 Pdlim5,both,True,True,True,Sst,Sst,True,Sst
866355637,3269,PAS4_190510_456_A01,Sst Calb2 Pdlim5,34,#CC6D3D,I1,1.0,3269,1.0,both,True,460700.0,Calb2-IRES-Cre;Sst-IRES-FlpO;Ai65-460700,F,P58,VISp5,866355448.0,SM-GE4RS_S125_E1-50,RSC-211,,,both,True,False,,Sst,,,Sst
866360548,3270,PES4_190510_654_A01,Sst Calb2 Pdlim5,34,#CC6D3D,Core,1.0,3270,1.0,both,True,460700.0,Calb2-IRES-Cre;Sst-IRES-FlpO;Ai65-460700,F,P58,VISp5,866360213.0,SM-GE4RS_S129_E1-50,RSC-211,CS180626100035,Sst Calb2 Pdlim5,both,True,True,True,Sst,Sst,True,Sst
866994246,3272,PAS4_190513_451_A01,Pvalb Vipr2,59,#FF197F,Core,1.0,3272,1.0,both,True,462276.0,Vipr2-IRES2-Cre;Pvalb-T2A-FlpO;Ai65-462276,M,P55,VISp2/3,866994141.0,SM-GE4RS_S145_E1-50,RSC-211,CS180626100060,Pvalb Vipr2,both,True,True,True,Pvalb,Pvalb,True,Pvalb
866999931,3273,P8S4_190513_351_A01,Lamp5 Plch2 Dock5,4,#FF7290,I1,1.0,3273,1.0,both,True,461933.0,Ndnf-IRES2-dgCre;Slc32a1-IRES2-FlpO;Ai65-461933,F,P55,VISp2/3,866999797.0,SM-GE4RS_S134_E1-50,RSC-211,CS180626100005,Lamp5 Plch2 Dock5,both,True,True,True,Lamp5,Lamp5,True,Lamp5
867017156,3274,PAS4_190513_452_A01,Lamp5 Fam19a1 Tmem182,2,#FFB8CE,Core,1.0,3274,1.0,both,True,461933.0,Ndnf-IRES2-dgCre;Slc32a1-IRES2-FlpO;Ai65-461933,F,P55,VISpm1,867017067.0,SM-GE4RS_S146_E1-50,RSC-211,CS180626100003,Lamp5 Fam19a1 Tmem182,both,True,True,True,Lamp5,Lamp5,True,Lamp5
867027741,3275,PAS4_190513_453_A01,Lamp5 Ntn1 Npy2r,3,#DD6091,Core,1.0,3275,1.0,both,True,461933.0,Ndnf-IRES2-dgCre;Slc32a1-IRES2-FlpO;Ai65-461933,F,P55,VISp1,867027691.0,SM-GE4RS_S147_E1-50,RSC-211,CS180626100004,Lamp5 Ntn1 Npy2r,both,True,True,True,Lamp5,Lamp5,True,Lamp5
867038197,3276,PES4_190513_651_A01,Lamp5 Ntn1 Npy2r,3,#DD6091,Core,1.0,3276,1.0,both,True,461933.0,Ndnf-IRES2-dgCre;Slc32a1-IRES2-FlpO;Ai65-461933,F,P55,VISl1,867038096.0,SM-GE4RS_S151_E1-50,RSC-211,CS180626100004,Lamp5 Ntn1 Npy2r,both,True,True,True,Lamp5,Lamp5,True,Lamp5
867096689,3277,PFS4_190513_703_A01,Lamp5 Plch2 Dock5,4,#FF7290,Core,1.0,3277,1.0,both,True,461933.0,Ndnf-IRES2-dgCre;Slc32a1-IRES2-FlpO;Ai65-461933,F,P55,VISp2/3,867096643.0,SM-GE4RS_S154_E1-50,RSC-211,CS180626100005,Lamp5 Plch2 Dock5,both,True,True,True,Lamp5,Lamp5,True,Lamp5
867130068,3278,PFS4_190513_704_A01,Lamp5 Plch2 Dock5,4,#FF7290,Core,1.0,3278,1.0,both,True,461933.0,Ndnf-IRES2-dgCre;Slc32a1-IRES2-FlpO;Ai65-461933,F,P55,VISp2/3,867128796.0,SM-GE4RS_S155_E1-50,RSC-211,CS180626100005,Lamp5 Plch2 Dock5,both,True,True,True,Lamp5,Lamp5,True,Lamp5
867147641,3279,P8S4_190513_352_A01,Sst Tac2 Myh4,40,#D9C566,Core,1.0,3279,1.0,both,True,461933.0,Ndnf-IRES2-dgCre;Slc32a1-IRES2-FlpO;Ai65-461933,F,P55,VISp5,867147561.0,SM-GE4RS_S135_E1-50,RSC-211,CS180626100041,Sst Tac2 Myh4,both,True,True,True,Sst,Sst,True,Sst
869512878,3280,PAS4_190516_451_A01,Pvalb Reln Itm2a,56,#E67A77,Core,1.0,3280,1.0,both,True,462280.0,Vipr2-IRES2-Cre;Pvalb-T2A-FlpO;Ai65-462280,F,P58,VISp4,869512640.0,SM-GE4RI_S176_E1-50,RSC-213,CS180626100058,Pvalb Reln Itm2a,both,True,True,True,Pvalb,Pvalb,True,Pvalb
870579773,3281,P1S4_190517_001_A01,Pvalb Tpbg,58,#AF3F64,Core,1.0,3281,1.0,both,True,465339.0,Nkx2-1-CreERT2;Ai14-465339,M,P43,VISp2/3,870579189.0,SM-GE4RI_S180_E1-50,RSC-213,CS180626100059,Pvalb Tpbg,both,True,True,True,Pvalb,Pvalb,True,Pvalb
870661094,3282,P8S4_190517_351_A01,Lamp5 Lhx6,6,#C77963,Core,1.0,3282,1.0,both,True,465339.0,Nkx2-1-CreERT2;Ai14-465339,M,P43,VISp5,870660740.0,SM-GE4RI_S181_E1-50,RSC-213,CS180626100007,Lamp5 Lhx6,both,True,True,True,Lamp5,Lamp5,True,Lamp5
870715372,3283,P1S4_190516_001_A01,Pvalb Tpbg,58,#AF3F64,Core,1.0,3283,1.0,both,True,465338.0,Nkx2-1-CreERT2;Ai14-465338,M,6 wks,VISp2/3,870714927.0,SM-GE4RI_S172_E1-50,RSC-213,CS180626100059,Pvalb Tpbg,both,True,True,True,Pvalb,Pvalb,True,Pvalb
870739381,3284,P8S4_190516_351_A01,Pvalb Tpbg,58,#AF3F64,I1,1.0,3284,1.0,both,True,465338.0,Nkx2-1-CreERT2;Ai14-465338,M,6 wks,VISp2/3,870738816.0,SM-GE4RI_S173_E1-50,RSC-213,CS180626100059,Pvalb Tpbg,both,True,True,True,Pvalb,Pvalb,True,Pvalb
870771882,3285,P8S4_190517_353_A01,Pvalb Tpbg,58,#AF3F64,I1,1.0,3285,1.0,both,True,465339.0,Nkx2-1-CreERT2;Ai14-465339,M,P43,VISp1,870771486.0,SM-GE4RI_S183_E1-50,RSC-213,CS180626100059,Pvalb Tpbg,both,True,True,True,Pvalb,Pvalb,True,Pvalb
870795975,3286,PES4_190517_651_A01,Pvalb Tpbg,58,#AF3F64,Core,1.0,3286,1.0,both,True,465339.0,Nkx2-1-CreERT2;Ai14-465339,M,P43,VISp2/3,870795303.0,SM-GE4RI_S186_E1-50,RSC-213,CS180626100059,Pvalb Tpbg,both,True,True,True,Pvalb,Pvalb,True,Pvalb
870810949,3287,PFS4_190517_701_A01,Pvalb Tpbg,58,#AF3F64,Core,1.0,3287,1.0,both,True,465339.0,Nkx2-1-CreERT2;Ai14-465339,M,P43,VISp2/3,870810670.0,SM-GE4RI_S189_E1-50,RSC-213,CS180626100059,Pvalb Tpbg,both,True,True,True,Pvalb,Pvalb,True,Pvalb
870811954,3288,PFS4_190516_701_A01,Pvalb Tpbg,58,#AF3F64,Core,1.0,3288,1.0,both,True,465338.0,Nkx2-1-CreERT2;Ai14-465338,M,6 wks,VISp2/3,870811178.0,SM-GE4RI_S178_E1-50,RSC-213,CS180626100059,Pvalb Tpbg,both,True,True,True,Pvalb,Pvalb,True,Pvalb
870850543,3289,P8S4_190516_352_A01,Pvalb Tpbg,58,#AF3F64,Core,1.0,3289,1.0,both,True,465338.0,Nkx2-1-CreERT2;Ai14-465338,M,6 wks,VISp2/3,870849954.0,SM-GE4RI_S174_E1-50,RSC-213,CS180626100059,Pvalb Tpbg,both,True,True,True,Pvalb,Pvalb,True,Pvalb
871015146,3290,PES4_190517_653_A01,Pvalb Vipr2,59,#FF197F,Core,1.0,3290,1.0,both,True,462281.0,Vipr2-IRES2-Cre;Pvalb-T2A-FlpO;Ai65-462281,F,P59,VISp1,871014906.0,SM-GE4RI_S188_E1-50,RSC-213,CS180626100060,Pvalb Vipr2,both,True,True,True,Pvalb,Pvalb,True,Pvalb
871825900,3291,P1S4_190520_001_A01,Sst Tac1 Tacr3,32,#B06411,I2,1.0,3291,1.0,both,True,465341.0,Nkx2-1-CreERT2;Ai14-465341,F,P46,VISpm2/3,871825551.0,SM-GBMG3_S011_E1-50,RSC-214,CS180626100059,Pvalb Tpbg,both,True,True,False,Sst,Pvalb,False,Sst
871867923,3292,PAS4_190520_452_A01,Pvalb Reln Itm2a,56,#E67A77,Core,1.0,3292,1.0,both,True,465341.0,Nkx2-1-CreERT2;Ai14-465341,F,P46,VISp2/3,871867677.0,SM-GBMG3_S017_E1-50,RSC-214,CS180626100058,Pvalb Reln Itm2a,both,True,True,True,Pvalb,Pvalb,True,Pvalb
871888742,3293,P8S4_190520_351_A01,Sst Tac1 Tacr3,32,#B06411,Core,1.0,3293,1.0,both,True,465341.0,Nkx2-1-CreERT2;Ai14-465341,F,P46,VISp2/3,871888161.0,SM-GBMG3_S013_E1-50,RSC-214,CS180626100033,Sst Tac1 Tacr3,both,True,True,True,Sst,Sst,True,Sst
872026690,3294,PAS4_190520_453_A01,Pvalb Akr1c18 Ntf3,53,#FF4343,Core,1.0,3294,1.0,both,True,463471.0,Pvalb-IRES-Cre;Ai14-463471,M,P55,VISp6a,872026473.0,SM-GBMG3_S018_E1-50,RSC-214,CS180626100053,Pvalb Akr1c18 Ntf3,both,True,True,True,Pvalb,Pvalb,True,Pvalb
872054508,3295,PAS4_190520_454_A01,Pvalb Reln Itm2a,56,#E67A77,Core,1.0,3295,1.0,both,True,463471.0,Pvalb-IRES-Cre;Ai14-463471,M,P55,VISp4,872054223.0,SM-GBMG3_S019_E1-50,RSC-214,CS180626100058,Pvalb Reln Itm2a,both,True,True,True,Pvalb,Pvalb,True,Pvalb
872162438,3296,PAS4_190520_455_A01,Sst Chodl,29,#FFFF00,Core,1.0,3296,1.0,both,True,463219.0,Nos1-CreERT2;Sst-IRES-FlpO;Ai65-463219,M,P56,VISp6a,872162179.0,SM-GBMG3_S020_E1-50,RSC-214,CS180626100030,Sst Chodl,both,True,True,True,Sst,Sst,True,Sst
872210735,3297,PAS4_190520_456_A01,Sst Chodl,29,#FFFF00,Core,1.0,3297,1.0,both,True,463219.0,Nos1-CreERT2;Sst-IRES-FlpO;Ai65-463219,M,P56,VISp5,872210290.0,SM-GBMG3_S021_E1-50,RSC-214,CS180626100030,Sst Chodl,both,True,True,True,Sst,Sst,True,Sst
872211286,3298,PFS4_190520_701_A01,Pvalb Gabrg1,50,#ED4C50,Core,1.0,3298,1.0,both,True,463588.0,Pvalb-IRES-Cre;Th-P2A-FlpO;Ai65-463588,M,P54,VISp5,872210887.0,SM-GBMG3_S024_E1-50,RSC-214,CS180626100051,Pvalb Gabrg1,both,True,True,True,Pvalb,Pvalb,True,Pvalb
872248529,3299,P8S4_190520_355_A01,Sst Tac1 Tacr3,32,#B06411,I1,1.0,3299,1.0,both,True,465341.0,Nkx2-1-CreERT2;Ai14-465341,F,P46,VISli2/3,872248312.0,SM-GBMG3_S015_E1-50,RSC-214,CS180626100032,Sst Tac1 Htr1d,both,True,True,False,Sst,Sst,True,Sst
872555611,3300,P1S4_190520_002_A01,Pvalb Vipr2,59,#FF197F,Core,1.0,3300,1.0,both,True,465341.0,Nkx2-1-CreERT2;Ai14-465341,F,P46,VISp2/3,872555585.0,SM-GBMG3_S012_E1-50,RSC-214,CS180626100060,Pvalb Vipr2,both,True,True,True,Pvalb,Pvalb,True,Pvalb
873587758,3301,P8S4_190522_352_A01,Pvalb Tpbg,58,#AF3F64,Core,1.0,3301,1.0,both,True,465343.0,Nkx2-1-CreERT2;Ai14-465343,F,P48,VISp2/3,873587324.0,SM-GBMG3_S028_E1-50,RSC-214,CS180626100059,Pvalb Tpbg,both,True,True,True,Pvalb,Pvalb,True,Pvalb
873689501,3302,PAS4_190522_452_A01,Sst Crhr2 Efemp1,43,#B95541,Core,1.0,3302,1.0,both,True,463402.0,Sst-IRES-Cre;Ai14-463402,M,P57,VISp5,873689134.0,SM-GBMG3_S031_E1-50,RSC-214,CS180626100044,Sst Crhr2 Efemp1,both,True,True,True,Sst,Sst,True,Sst
873712332,3303,PAS4_190522_453_A01,Sst Rxfp1 Prdm8,48,#802600,Core,1.0,3303,1.0,both,True,463402.0,Sst-IRES-Cre;Ai14-463402,M,P57,VISp6a,873712120.0,SM-GBMG3_S032_E1-50,RSC-214,CS180626100049,Sst Rxfp1 Prdm8,both,True,True,True,Sst,Sst,True,Sst
873848729,3304,PAS4_190522_456_A01,Sst Chodl,29,#FFFF00,Core,1.0,3304,1.0,both,True,463221.0,Nos1-CreERT2;Sst-IRES-FlpO;Ai65-463221,M,P58,VISli6a,873848501.0,SM-GBMG3_S035_E1-50,RSC-214,CS180626100030,Sst Chodl,both,True,True,True,Sst,Sst,True,Sst
873854264,3305,PES4_190522_653_A01,Sst Chodl,29,#FFFF00,Core,1.0,3305,1.0,both,True,463221.0,Nos1-CreERT2;Sst-IRES-FlpO;Ai65-463221,M,P58,VISp1,873853899.0,SM-GBMG3_S039_E1-50,RSC-214,CS180626100030,Sst Chodl,both,True,True,True,Sst,Sst,True,Sst
874321805,3306,PAS4_190523_451_A01,Pvalb Tpbg,58,#AF3F64,Core,1.0,3306,1.0,both,True,465344.0,Nkx2-1-CreERT2;Ai14-465344,F,P49,VISp2/3,874321329.0,SM-GBMG3_S049_E1-50,RSC-214,CS180626100059,Pvalb Tpbg,both,True,True,True,Pvalb,Pvalb,True,Pvalb
874325086,3307,P1S4_190523_001_A01,Pvalb Tpbg,58,#AF3F64,Core,1.0,3307,1.0,both,True,465344.0,Nkx2-1-CreERT2;Ai14-465344,F,P49,VISp2/3,874324589.0,SM-GBMG3_S044_E1-50,RSC-214,CS180626100059,Pvalb Tpbg,both,True,True,True,Pvalb,Pvalb,True,Pvalb
874375335,3308,PAS4_190523_452_A01,Pvalb Tpbg,58,#AF3F64,Core,1.0,3308,1.0,both,True,465344.0,Nkx2-1-CreERT2;Ai14-465344,F,P49,VISp2/3,874375021.0,SM-GBMG3_S050_E1-50,RSC-214,CS180626100059,Pvalb Tpbg,both,True,True,True,Pvalb,Pvalb,True,Pvalb
874417550,3309,P1S4_190523_002_A01,Pvalb Tpbg,58,#AF3F64,Core,1.0,3309,1.0,both,True,465344.0,Nkx2-1-CreERT2;Ai14-465344,F,P49,VISp2/3,874417118.0,SM-GBMG3_S045_E1-50,RSC-214,CS180626100059,Pvalb Tpbg,both,True,True,True,Pvalb,Pvalb,True,Pvalb
874471721,3310,PFS4_190523_701_A01,Lamp5 Lhx6,6,#C77963,Core,1.0,3310,1.0,both,True,465344.0,Nkx2-1-CreERT2;Ai14-465344,F,P49,VISp6b,874471588.0,SM-GBMG3_S056_E1-50,RSC-214,CS180626100007,Lamp5 Lhx6,both,True,True,True,Lamp5,Lamp5,True,Lamp5
874892226,3311,P8S4_190523_352_A01,Pvalb Tpbg,58,#AF3F64,Core,1.0,3311,1.0,both,True,463831.0,Htr3a-Cre_NO152;Pvalb-T2A-FlpO;Ai65-463831,M,P56,VISp2/3,874891912.0,SM-GBMG3_S048_E1-50,RSC-214,CS180626100059,Pvalb Tpbg,both,True,True,True,Pvalb,Pvalb,True,Pvalb
875020601,3312,PFS4_190523_703_A01,Pvalb Sema3e Kank4,54,#C94545,Core,1.0,3312,1.0,both,True,463831.0,Htr3a-Cre_NO152;Pvalb-T2A-FlpO;Ai65-463831,M,P56,VISp6a,875020359.0,SM-GBMG3_S058_E1-50,RSC-214,CS180626100055,Pvalb Sema3e Kank4,both,True,True,True,Pvalb,Pvalb,True,Pvalb
875116973,3313,PFS4_190524_701_A01,Pvalb Tpbg,58,#AF3F64,Core,1.0,3313,1.0,both,True,465348.0,Nkx2-1-CreERT2;Ai14-465348,F,P50,VISp4,875116812.0,SM-GBMG3_S065_E1-50,RSC-214,CS180626100059,Pvalb Tpbg,both,True,True,True,Pvalb,Pvalb,True,Pvalb
875328808,3314,P1S4_190524_002_A01,Pvalb Tpbg,58,#AF3F64,Core,1.0,3314,1.0,both,True,465348.0,Nkx2-1-CreERT2;Ai14-465348,F,P50,VISpm2/3,875328492.0,SM-GBMG3_S062_E1-50,RSC-214,CS180626100059,Pvalb Tpbg,both,True,True,True,Pvalb,Pvalb,True,Pvalb
886257320,3315,PFS4_190613_701_A01,Pvalb Tpbg,58,#AF3F64,I1,1.0,3315,1.0,both,True,468415.0,Pvalb-IRES-Cre;Ai14-468415,M,P56,VISl2/3,886256992.0,SM-GE4VK_S068_E1-50,RSC-216,CS180626100059,Pvalb Tpbg,both,True,True,True,Pvalb,Pvalb,True,Pvalb
886335606,3316,PFS4_190613_703_A01,Pvalb Reln Itm2a,56,#E67A77,I1,1.0,3316,1.0,both,True,468415.0,Pvalb-IRES-Cre;Ai14-468415,M,P56,VISp4,886335376.0,SM-GE4VK_S070_E1-50,RSC-216,CS180626100058,Pvalb Reln Itm2a,both,True,True,True,Pvalb,Pvalb,True,Pvalb
886426499,3317,PFS4_190613_704_A01,Pvalb Gabrg1,50,#ED4C50,Core,1.0,3317,1.0,both,True,468435.0,Htr3a-Cre_NO152;Ai14-468435,M,P56,VISp6a,886426340.0,SM-GE4VK_S071_E1-50,RSC-216,CS180626100051,Pvalb Gabrg1,both,True,True,True,Pvalb,Pvalb,True,Pvalb
886442617,3318,PFS4_190613_705_A01,Vip Lmo1 Myl1,16,#9FAAFF,Core,1.0,3318,1.0,both,True,468435.0,Htr3a-Cre_NO152;Ai14-468435,M,P56,VISp5,886442458.0,SM-GE4VK_S072_E1-50,RSC-216,CS180626100020,Vip Lmo1 Myl1,both,True,True,True,Vip,Vip,True,Vip
886464017,3319,PFS4_190613_706_A01,Lamp5 Lsp1,5,#FFA388,Core,1.0,3319,1.0,both,True,468435.0,Htr3a-Cre_NO152;Ai14-468435,M,P56,VISp5,886463974.0,SM-GE4VK_S073_E1-50,RSC-216,CS180626100006,Lamp5 Lsp1,both,True,True,True,Lamp5,Lamp5,True,Lamp5
886482499,3320,PFS4_190613_708_A01,Lamp5 Lsp1,5,#FFA388,Core,1.0,3320,1.0,both,True,468435.0,Htr3a-Cre_NO152;Ai14-468435,M,P56,VISp2/3,886482479.0,SM-GE4VK_S075_E1-50,RSC-216,CS180626100006,Lamp5 Lsp1,both,True,True,True,Lamp5,Lamp5,True,Lamp5
886921710,3321,PES4_190614_651_A01,Pvalb Tpbg,58,#AF3F64,Core,1.0,3321,1.0,both,True,468417.0,Pvalb-IRES-Cre;Ai14-468417,F,P57,VISp2/3,886921317.0,SM-GE4Y5_S101_E1-50,RSC-217,CS180626100059,Pvalb Tpbg,both,True,True,True,Pvalb,Pvalb,True,Pvalb
887048277,3322,PES4_190614_652_A01,Pvalb Akr1c18 Ntf3,53,#FF4343,Core,1.0,3322,1.0,both,True,468417.0,Pvalb-IRES-Cre;Ai14-468417,F,P57,VISp6a,887047991.0,SM-GE4Y5_S102_E1-50,RSC-217,CS180626100053,Pvalb Akr1c18 Ntf3,both,True,True,True,Pvalb,Pvalb,True,Pvalb
887104551,3323,P1S4_190614_003_A01,Sst Hpse Cbln4,42,#806B19,I1,1.0,3323,1.0,both,True,468437.0,Htr3a-Cre_NO152;Ai14-468437,F,P57,VISp5,887104367.0,SM-GE4Y5_S100_E1-50,RSC-217,CS180626100043,Sst Hpse Cbln4,both,True,True,True,Sst,Sst,True,Sst
887226062,3324,PFS4_190614_705_A01,Sst Rxfp1 Prdm8,48,#802600,Core,1.0,3324,1.0,both,True,468437.0,Htr3a-Cre_NO152;Ai14-468437,F,P57,VISpm5,887225917.0,SM-GE4Y5_S109_E1-50,RSC-217,CS180626100049,Sst Rxfp1 Prdm8,both,True,True,True,Sst,Sst,True,Sst
887265813,3325,PFS4_190614_706_A01,Pvalb Reln Itm2a,56,#E67A77,Core,1.0,3325,1.0,both,True,468437.0,Htr3a-Cre_NO152;Ai14-468437,F,P57,VISp5,887265785.0,SM-GE4Y5_S110_E1-50,RSC-217,CS180626100058,Pvalb Reln Itm2a,both,True,True,True,Pvalb,Pvalb,True,Pvalb
887288382,3326,PFS4_190614_707_A01,Vip Chat Htr1f,24,#FF4DC1,Core,1.0,3326,1.0,both,True,468437.0,Htr3a-Cre_NO152;Ai14-468437,F,P57,VISp5,887288357.0,SM-GE4Y5_S111_E1-50,RSC-217,CS180626100025,Vip Chat Htr1f,both,True,True,True,Vip,Vip,True,Vip
888001481,3327,P1S4_190617_001_A01,Lamp5 Fam19a1 Tmem182,2,#FFB8CE,Core,1.0,3327,1.0,both,True,470194.0,Ndnf-IRES2-dgCre;Ai14-470194,M,P52,VISpm1,888001324.0,SM-GE4Y5_S115_E1-50,RSC-217,CS180626100003,Lamp5 Fam19a1 Tmem182,both,True,True,True,Lamp5,Lamp5,True,Lamp5
888080861,3328,P8S4_190617_351_A01,Lamp5 Plch2 Dock5,4,#FF7290,Core,1.0,3328,1.0,both,True,470194.0,Ndnf-IRES2-dgCre;Ai14-470194,M,P52,VISp1,888080638.0,SM-GE4Y5_S122_E1-50,RSC-217,CS180626100005,Lamp5 Plch2 Dock5,both,True,True,True,Lamp5,Lamp5,True,Lamp5
888088377,3329,P1S4_190617_003_A01,Lamp5 Ntn1 Npy2r,3,#DD6091,I2,1.0,3329,1.0,both,True,470194.0,Ndnf-IRES2-dgCre;Ai14-470194,M,P52,VISp1,888088199.0,SM-GE4Y5_S117_E1-50,RSC-217,CS180626100003,Lamp5 Fam19a1 Tmem182,both,True,True,False,Lamp5,Lamp5,True,Lamp5
888108541,3330,PES4_190617_651_A01,Lamp5 Ntn1 Npy2r,3,#DD6091,I1,1.0,3330,1.0,both,True,470194.0,Ndnf-IRES2-dgCre;Ai14-470194,M,P52,VISp2/3,888107893.0,SM-GE4Y5_S127_E1-50,RSC-217,CS180626100004,Lamp5 Ntn1 Npy2r,both,True,True,True,Lamp5,Lamp5,True,Lamp5
888115032,3331,P1S4_190617_004_A01,Lamp5 Ntn1 Npy2r,3,#DD6091,I1,1.0,3331,1.0,both,True,470194.0,Ndnf-IRES2-dgCre;Ai14-470194,M,P52,VISp1,888114660.0,SM-GE4Y5_S118_E1-50,RSC-217,CS180626100004,Lamp5 Ntn1 Npy2r,both,True,True,True,Lamp5,Lamp5,True,Lamp5
888214374,3332,PES4_190617_652_A01,Lamp5 Fam19a1 Tmem182,2,#FFB8CE,Core,1.0,3332,1.0,both,True,470194.0,Ndnf-IRES2-dgCre;Ai14-470194,M,P52,VISp1,888213971.0,SM-GE4Y5_S128_E1-50,RSC-217,CS180626100003,Lamp5 Fam19a1 Tmem182,both,True,True,True,Lamp5,Lamp5,True,Lamp5
888352025,3333,P8S4_190617_355_A01,Sst Calb2 Pdlim5,34,#CC6D3D,I1,1.0,3333,1.0,both,True,470550.0,Calb2-IRES-Cre;Sst-IRES-FlpO;Ai65-470550,M,P50,VISp5,888351780.0,SM-GE4Y5_S126_E1-50,RSC-217,CS180626100035,Sst Calb2 Pdlim5,both,True,True,True,Sst,Sst,True,Sst
889183564,3334,P8S4_190618_351_A01,Lamp5 Ntn1 Npy2r,3,#DD6091,Core,1.0,3334,1.0,both,True,470195.0,Ndnf-IRES2-dgCre;Ai14-470195,M,P53,VISp1,889183407.0,SM-GE4Y5_S134_E1-50,RSC-217,CS180626100004,Lamp5 Ntn1 Npy2r,both,True,True,True,Lamp5,Lamp5,True,Lamp5
889235347,3335,P8S4_190618_352_A01,Lamp5 Plch2 Dock5,4,#FF7290,Core,1.0,3335,1.0,both,True,470195.0,Ndnf-IRES2-dgCre;Ai14-470195,M,P53,VISp1,889235203.0,SM-GE4Y5_S135_E1-50,RSC-217,CS180626100005,Lamp5 Plch2 Dock5,both,True,True,True,Lamp5,Lamp5,True,Lamp5
889266673,3336,P1S4_190618_002_A01,Lamp5 Ntn1 Npy2r,3,#DD6091,I1,1.0,3336,1.0,both,True,470195.0,Ndnf-IRES2-dgCre;Ai14-470195,M,P53,VISp1,889266383.0,SM-GE4Y5_S130_E1-50,RSC-217,CS180626100004,Lamp5 Ntn1 Npy2r,both,True,True,True,Lamp5,Lamp5,True,Lamp5
889504506,3337,PAS4_190618_455_A01,Pvalb Akr1c18 Ntf3,53,#FF4343,I1,1.0,3337,1.0,both,True,470551.0,Calb2-IRES-Cre;Sst-IRES-FlpO;Ai65-470551,M,P51,VISp6a,889504330.0,SM-GE4Y5_S155_E1-50,RSC-217,CS180626100053,Pvalb Akr1c18 Ntf3,both,True,True,True,Pvalb,Pvalb,True,Pvalb
889537011,3338,PAS4_190618_456_A01,Pvalb Sema3e Kank4,54,#C94545,Core,1.0,3338,1.0,both,True,470551.0,Calb2-IRES-Cre;Sst-IRES-FlpO;Ai65-470551,M,P51,VISp6a,889536697.0,SM-GE4Y5_S156_E1-50,RSC-217,CS180626100055,Pvalb Sema3e Kank4,both,True,True,True,Pvalb,Pvalb,True,Pvalb
889610568,3339,P2S4_190618_053_A01,Pvalb Sema3e Kank4,54,#C94545,I1,1.0,3339,1.0,both,True,470551.0,Calb2-IRES-Cre;Sst-IRES-FlpO;Ai65-470551,M,P51,VISp5,889610455.0,SM-GE4Y5_S133_E1-50,RSC-217,CS180626100055,Pvalb Sema3e Kank4,both,True,True,True,Pvalb,Pvalb,True,Pvalb
889697323,3340,PAS4_190618_458_A01,Sst Myh8 Fibin,38,#FF8011,Core,1.0,3340,1.0,both,True,469302.0,Chat-IRES-Cre-neo;Ai14-469302,M,P57,VISp6a,889697172.0,SM-GE4Y5_S158_E1-50,RSC-217,CS180626100038,Sst Myh8 Fibin,both,True,True,True,Sst,Sst,True,Sst
891449886,3341,P8S4_190620_351_A01,Lamp5 Lsp1,5,#FFA388,Core,1.0,3341,1.0,both,True,470196.0,Ndnf-IRES2-dgCre;Ai14-470196,F,P55,VISp1,891449533.0,SM-GE4Y5_S171_E1-50,RSC-217,CS180626100006,Lamp5 Lsp1,both,True,True,True,Lamp5,Lamp5,True,Lamp5
891495976,3342,P8S4_190620_352_A01,Lamp5 Ntn1 Npy2r,3,#DD6091,I1,1.0,3342,1.0,both,True,470196.0,Ndnf-IRES2-dgCre;Ai14-470196,F,P55,VISpm1,891495472.0,SM-GE4Y5_S172_E1-50,RSC-217,CS180626100004,Lamp5 Ntn1 Npy2r,both,True,True,True,Lamp5,Lamp5,True,Lamp5
891514933,3343,P1S4_190620_001_A01,Lamp5 Plch2 Dock5,4,#FF7290,Core,1.0,3343,1.0,both,True,470196.0,Ndnf-IRES2-dgCre;Ai14-470196,F,P55,VISp1,891514675.0,SM-GE4Y5_S168_E1-50,RSC-217,CS180626100005,Lamp5 Plch2 Dock5,both,True,True,True,Lamp5,Lamp5,True,Lamp5
891534772,3344,P1S4_190620_002_A01,Lamp5 Ntn1 Npy2r,3,#DD6091,I1,1.0,3344,1.0,both,True,470196.0,Ndnf-IRES2-dgCre;Ai14-470196,F,P55,VISp1,891534422.0,SM-GE4Y5_S169_E1-50,RSC-217,CS180626100004,Lamp5 Ntn1 Npy2r,both,True,True,True,Lamp5,Lamp5,True,Lamp5
891558548,3345,P1S4_190620_003_A01,Lamp5 Lsp1,5,#FFA388,Core,1.0,3345,1.0,both,True,470196.0,Ndnf-IRES2-dgCre;Ai14-470196,F,P55,VISp1,891558374.0,SM-GE4Y5_S170_E1-50,RSC-217,CS180626100006,Lamp5 Lsp1,both,True,True,True,Lamp5,Lamp5,True,Lamp5
891607441,3346,PES4_190620_651_A01,Sst Tac1 Htr1d,31,#804811,I2,1.0,3346,1.0,both,True,470196.0,Ndnf-IRES2-dgCre;Ai14-470196,F,P55,VISp5,891605713.0,SM-GE4Y5_S183_E1-50,RSC-217,CS180626100032,Sst Tac1 Htr1d,both,True,True,True,Sst,Sst,True,Sst
891652412,3347,PES4_190620_652_A01,Lamp5 Plch2 Dock5,4,#FF7290,Core,1.0,3347,1.0,both,True,470196.0,Ndnf-IRES2-dgCre;Ai14-470196,F,P55,VISp1,891651975.0,SM-GE4Y5_S184_E1-50,RSC-217,CS180626100005,Lamp5 Plch2 Dock5,both,True,True,True,Lamp5,Lamp5,True,Lamp5
891664096,3348,PAS4_190620_455_A01,Lamp5 Plch2 Dock5,4,#FF7290,I2,1.0,3348,1.0,both,True,470196.0,Ndnf-IRES2-dgCre;Ai14-470196,F,P55,VISp2/3,891663833.0,SM-GE4Y5_S179_E1-50,RSC-217,CS180626100005,Lamp5 Plch2 Dock5,both,True,True,True,Lamp5,Lamp5,True,Lamp5
891721942,3349,P8S4_190620_353_A01,Sst Calb2 Pdlim5,34,#CC6D3D,I1,1.0,3349,1.0,both,True,470552.0,Calb2-IRES-Cre;Sst-IRES-FlpO;Ai65-470552,M,P53,VISp5,891721572.0,SM-GE4Y5_S173_E1-50,RSC-217,CS180626100035,Sst Calb2 Pdlim5,both,True,True,True,Sst,Sst,True,Sst
891931165,3350,PAS4_190620_458_A01,Pvalb Akr1c18 Ntf3,53,#FF4343,Core,1.0,3350,1.0,both,True,470552.0,Calb2-IRES-Cre;Sst-IRES-FlpO;Ai65-470552,M,P53,VISp5,891930953.0,SM-GE4Y5_S182_E1-50,RSC-217,CS180626100053,Pvalb Akr1c18 Ntf3,both,True,True,True,Pvalb,Pvalb,True,Pvalb
892393060,3351,P1S4_190621_001_A01,Pvalb Reln Itm2a,56,#E67A77,I1,1.0,3351,1.0,both,True,470303.0,Pvalb-IRES-Cre;Ai14-470303,M,P55,VISp5,892392834.0,SM-GE4Y5_S188_E1-50,RSC-217,CS180626100058,Pvalb Reln Itm2a,both,True,True,True,Pvalb,Pvalb,True,Pvalb
892400880,3352,PAS4_190621_451_A01,Pvalb Sema3e Kank4,54,#C94545,I1,1.0,3352,1.0,both,True,470303.0,Pvalb-IRES-Cre;Ai14-470303,M,P55,VISp5,892400515.0,SM-GE4XY_S017_E1-50,RSC-218,CS180626100055,Pvalb Sema3e Kank4,both,True,True,True,Pvalb,Pvalb,True,Pvalb
892414330,3353,P1S4_190621_002_A01,Pvalb Reln Itm2a,56,#E67A77,Core,1.0,3353,1.0,both,True,470303.0,Pvalb-IRES-Cre;Ai14-470303,M,P55,VISp4,892414087.0,SM-GE4Y5_S189_E1-50,RSC-217,CS180626100058,Pvalb Reln Itm2a,both,True,True,True,Pvalb,Pvalb,True,Pvalb
892421732,3354,P8S4_190621_351_A01,Pvalb Tpbg,58,#AF3F64,Core,1.0,3354,1.0,both,True,470303.0,Pvalb-IRES-Cre;Ai14-470303,M,P55,VISl2/3,892421205.0,SM-GE4Y5_S190_E1-50,RSC-217,CS180626100059,Pvalb Tpbg,both,True,True,True,Pvalb,Pvalb,True,Pvalb
892424416,3355,PAS4_190621_452_A01,Pvalb Sema3e Kank4,54,#C94545,I1,1.0,3355,1.0,both,True,470303.0,Pvalb-IRES-Cre;Ai14-470303,M,P55,VISp6a,892424119.0,SM-GE4XY_S018_E1-50,RSC-218,CS180626100055,Pvalb Sema3e Kank4,both,True,True,True,Pvalb,Pvalb,True,Pvalb
892442092,3356,PES4_190621_651_A01,Pvalb Sema3e Kank4,54,#C94545,Core,1.0,3356,1.0,both,True,470303.0,Pvalb-IRES-Cre;Ai14-470303,M,P55,VISl6a,892441714.0,SM-GE4XY_S026_E1-50,RSC-218,CS180626100055,Pvalb Sema3e Kank4,both,True,True,True,Pvalb,Pvalb,True,Pvalb
892445034,3357,P8S4_190621_352_A01,Pvalb Sema3e Kank4,54,#C94545,Core,1.0,3357,1.0,both,True,470303.0,Pvalb-IRES-Cre;Ai14-470303,M,P55,VISp5,892444881.0,SM-GE4Y5_S191_E1-50,RSC-217,CS180626100055,Pvalb Sema3e Kank4,both,True,True,True,Pvalb,Pvalb,True,Pvalb
892472771,3358,PAS4_190621_453_A01,Pvalb Tpbg,58,#AF3F64,Core,1.0,3358,1.0,both,True,470303.0,Pvalb-IRES-Cre;Ai14-470303,M,P55,VISp2/3,892472138.0,SM-GE4XY_S019_E1-50,RSC-218,CS180626100059,Pvalb Tpbg,both,True,True,True,Pvalb,Pvalb,True,Pvalb
892482796,3359,P8S4_190621_353_A01,Pvalb Reln Itm2a,56,#E67A77,Core,1.0,3359,1.0,both,True,470303.0,Pvalb-IRES-Cre;Ai14-470303,M,P55,VISp2/3,892482381.0,SM-GE4Y5_S192_E1-50,RSC-217,CS180626100058,Pvalb Reln Itm2a,both,True,True,True,Pvalb,Pvalb,True,Pvalb
892495532,3360,PES4_190621_652_A01,Pvalb Reln Itm2a,56,#E67A77,Core,1.0,3360,1.0,both,True,470303.0,Pvalb-IRES-Cre;Ai14-470303,M,P55,VISp5,892495023.0,SM-GE4XY_S027_E1-50,RSC-218,CS180626100058,Pvalb Reln Itm2a,both,True,True,True,Pvalb,Pvalb,True,Pvalb
892504707,3361,PAS4_190621_454_A01,Pvalb Reln Itm2a,56,#E67A77,Core,1.0,3361,1.0,both,True,470303.0,Pvalb-IRES-Cre;Ai14-470303,M,P55,VISp5,892504419.0,SM-GE4XY_S020_E1-50,RSC-218,CS180626100058,Pvalb Reln Itm2a,both,True,True,True,Pvalb,Pvalb,True,Pvalb
892536014,3362,PAS4_190621_455_A01,Pvalb Reln Itm2a,56,#E67A77,Core,1.0,3362,1.0,both,True,470303.0,Pvalb-IRES-Cre;Ai14-470303,M,P55,VISpm6a,892535810.0,SM-GE4XY_S021_E1-50,RSC-218,CS180626100058,Pvalb Reln Itm2a,both,True,True,True,Pvalb,Pvalb,True,Pvalb
892598316,3363,P8S4_190621_354_A01,Sst Calb2 Pdlim5,34,#CC6D3D,Core,1.0,3363,1.0,both,True,470557.0,Calb2-IRES-Cre;Sst-IRES-FlpO;Ai65-470557,F,P54,VISp5,892598230.0,SM-GE4XY_S014_E1-50,RSC-218,CS180626100035,Sst Calb2 Pdlim5,both,True,True,True,Sst,Sst,True,Sst
892633161,3364,P8S4_190621_355_A01,Sst Mme Fam114a1,30,#FFBB33,I1,1.0,3364,1.0,both,True,470557.0,Calb2-IRES-Cre;Sst-IRES-FlpO;Ai65-470557,F,P54,VISp4,892632908.0,SM-GE4XY_S015_E1-50,RSC-218,CS180626100031,Sst Mme Fam114a1,both,True,True,True,Sst,Sst,True,Sst
892650783,3365,PAS4_190621_458_A01,Sncg Gpr50,9,#C266D1,Core,1.0,3365,1.0,both,True,470557.0,Calb2-IRES-Cre;Sst-IRES-FlpO;Ai65-470557,F,P54,VISp6a,892650624.0,SM-GE4XY_S024_E1-50,RSC-218,CS180626100010,Sncg Gpr50,both,True,True,True,Sncg,Sncg,True,Sncg
892663291,3366,PES4_190621_654_A01,Pvalb Tpbg,58,#AF3F64,I1,1.0,3366,1.0,both,True,469304.0,Chat-IRES-Cre-neo;Ai14-469304,F,P60,VISp2/3,892663072.0,SM-GE4XY_S029_E1-50,RSC-218,CS180626100059,Pvalb Tpbg,both,True,True,True,Pvalb,Pvalb,True,Pvalb
892681445,3367,PAS4_190621_459_A01,Pvalb Calb1 Sst,52,#BC2B11,I1,1.0,3367,1.0,both,True,469304.0,Chat-IRES-Cre-neo;Ai14-469304,F,P60,VISp6a,892681248.0,SM-GE4XY_S025_E1-50,RSC-218,CS180626100054,Pvalb Calb1 Sst,both,True,True,True,Pvalb,Pvalb,True,Pvalb
894198570,3368,PAS4_190625_451_A01,Sst Tac1 Tacr3,32,#B06411,I1,1.0,3368,1.0,both,True,471157.0,Gad2-IRES-Cre;Ai14-471157,M,P55,VISpm4,894198298.0,SM-GE4XY_S072_E1-50,RSC-218,CS180626100032,Sst Tac1 Htr1d,both,True,True,False,Sst,Sst,True,Sst
894226862,3369,PAS4_190625_452_A01,Sst Esm1,45,#C11331,Core,1.0,3369,1.0,both,True,471157.0,Gad2-IRES-Cre;Ai14-471157,M,P55,VISpm5,894226466.0,SM-GE4XY_S073_E1-50,RSC-218,CS180626100046,Sst Esm1,both,True,True,True,Sst,Sst,True,Sst
894259716,3370,PAS4_190625_453_A01,Sst Rxfp1 Prdm8,48,#802600,I1,1.0,3370,1.0,both,True,471157.0,Gad2-IRES-Cre;Ai14-471157,M,P55,VISpm5,894259524.0,SM-GE4XY_S074_E1-50,RSC-218,CS180626100049,Sst Rxfp1 Prdm8,both,True,True,True,Sst,Sst,True,Sst
894292822,3371,PES4_190625_653_A01,Pvalb Reln Itm2a,56,#E67A77,Core,1.0,3371,1.0,both,True,471157.0,Gad2-IRES-Cre;Ai14-471157,M,P55,VISp5,894292572.0,SM-GE4XY_S080_E1-50,RSC-218,CS180626100058,Pvalb Reln Itm2a,both,True,True,True,Pvalb,Pvalb,True,Pvalb
894308422,3372,PAS4_190625_454_A01,Pvalb Tpbg,58,#AF3F64,Core,1.0,3372,1.0,both,True,471157.0,Gad2-IRES-Cre;Ai14-471157,M,P55,VISp5,894308176.0,SM-GE4XY_S075_E1-50,RSC-218,CS180626100059,Pvalb Tpbg,both,True,True,True,Pvalb,Pvalb,True,Pvalb
894504852,3373,PAS4_190625_455_A01,Sst Tac2 Tacstd2,46,#BF8219,Core,1.0,3373,1.0,both,True,471157.0,Gad2-IRES-Cre;Ai14-471157,M,P55,VISp6a,894504683.0,SM-GE4XY_S076_E1-50,RSC-218,CS180626100047,Sst Tac2 Tacstd2,both,True,True,True,Sst,Sst,True,Sst
894551006,3374,PES4_190625_656_A01,Lamp5 Lsp1,5,#FFA388,Core,1.0,3374,1.0,both,True,471157.0,Gad2-IRES-Cre;Ai14-471157,M,P55,VISp2/3,894550696.0,SM-GE4XY_S083_E1-50,RSC-218,CS180626100006,Lamp5 Lsp1,both,True,True,True,Lamp5,Lamp5,True,Lamp5
896582577,3375,P1S4_190628_002_A01,Pvalb Tpbg,58,#AF3F64,I1,1.0,3375,1.0,both,True,471296.0,Sst-IRES-Cre;Ai14-471296,M,P57,VISp2/3,896582188.0,SM-GE4XY_S140_E1-50,RSC-218,CS180626100059,Pvalb Tpbg,both,True,True,True,Pvalb,Pvalb,True,Pvalb
896676603,3376,PAS4_190628_453_A01,Pvalb Reln Itm2a,56,#E67A77,Core,1.0,3376,1.0,both,True,471296.0,Sst-IRES-Cre;Ai14-471296,M,P57,VISp4,896676243.0,SM-GE4XY_S155_E1-50,RSC-218,CS180626100058,Pvalb Reln Itm2a,both,True,True,True,Pvalb,Pvalb,True,Pvalb
898697809,3377,PAS4_190701_457_A01,Vip Lmo1 Myl1,16,#9FAAFF,I2,1.0,3377,1.0,both,True,472419.0,Vip-IRES-Cre;Ai14-472419,M,P53,VISp4,898697788.0,SM-GE4XY_S188_E1-50,RSC-218,CS180626100020,Vip Lmo1 Myl1,both,True,True,True,Vip,Vip,True,Vip
898703349,3378,PAS4_190701_458_A01,Vip Lmo1 Myl1,16,#9FAAFF,Core,1.0,3378,1.0,both,True,472419.0,Vip-IRES-Cre;Ai14-472419,M,P53,VISp4,898703326.0,SM-GE4XY_S189_E1-50,RSC-218,CS180626100020,Vip Lmo1 Myl1,both,True,True,True,Vip,Vip,True,Vip
898709217,3379,PES4_190701_653_A01,Vip Lmo1 Myl1,16,#9FAAFF,Core,1.0,3379,1.0,both,True,472419.0,Vip-IRES-Cre;Ai14-472419,M,P53,VISp4,898709193.0,SM-GE4XY_S192_E1-50,RSC-218,CS180626100020,Vip Lmo1 Myl1,both,True,True,True,Vip,Vip,True,Vip
898885944,3380,PAS4_190702_451_A01,Pvalb Akr1c18 Ntf3,53,#FF4343,I1,1.0,3380,1.0,both,True,471960.0,Gad2-IRES-Cre;Ai14-471960,M,P56,VISp6a,898885822.0,SM-GE4WN_S028_E1-50,RSC-219,CS180626100053,Pvalb Akr1c18 Ntf3,both,True,True,True,Pvalb,Pvalb,True,Pvalb
898973149,3381,P1S4_190702_007_A01,Vip Chat Htr1f,24,#FF4DC1,Core,1.0,3381,1.0,both,True,472421.0,Vip-IRES-Cre;Ai14-472421,M,P54,VISp2/3,898973028.0,SM-GE4WN_S020_E1-50,RSC-219,CS180626100025,Vip Chat Htr1f,both,True,True,True,Vip,Vip,True,Vip
899693578,3382,PAS4_190703_455_A01,Vip Crispld2 Htr2c,26,#882E81,I1,1.0,3382,1.0,both,True,472422.0,Vip-IRES-Cre;Ai14-472422,M,P55,VISp2/3,899693498.0,SM-GE4WN_S056_E1-50,RSC-219,CS180626100027,Vip Crispld2 Htr2c,both,True,True,True,Vip,Vip,True,Vip
901138634,3383,PES4_190708_651_A01,Sst Hpse Cbln4,42,#806B19,Core,1.0,3383,1.0,both,True,473098.0,Gad2-IRES-Cre;Ai14-473098,F,P56,VISl4,901138348.0,SM-GE4WN_S086_E1-50,RSC-219,CS180626100043,Sst Hpse Cbln4,both,True,True,True,Sst,Sst,True,Sst
901298950,3384,PES4_190708_653_A01,Pvalb Reln Tac1,57,#D6221D,Core,1.0,3384,1.0,both,True,473099.0,Gad2-IRES-Cre;Ai14-473099,F,P56,VISp5,901298794.0,SM-GE4WN_S088_E1-50,RSC-219,CS180626100057,Pvalb Reln Tac1,both,True,True,True,Pvalb,Pvalb,True,Pvalb
901305202,3385,P1S4_190708_004_A01,Pvalb Tpbg,58,#AF3F64,Core,1.0,3385,1.0,both,True,473099.0,Gad2-IRES-Cre;Ai14-473099,F,P56,VISp2/3,901304708.0,SM-GE4WN_S072_E1-50,RSC-219,CS180626100059,Pvalb Tpbg,both,True,True,True,Pvalb,Pvalb,True,Pvalb
901437139,3386,PES4_190708_657_A01,Pvalb Reln Itm2a,56,#E67A77,Core,1.0,3386,1.0,both,True,473099.0,Gad2-IRES-Cre;Ai14-473099,F,P56,VISp4,901436934.0,SM-GE4WN_S092_E1-50,RSC-219,CS180626100058,Pvalb Reln Itm2a,both,True,True,True,Pvalb,Pvalb,True,Pvalb
901445875,3387,PES4_190708_658_A01,Vip Pygm C1ql1,25,#BD3D9A,I2,1.0,3387,1.0,both,True,473099.0,Gad2-IRES-Cre;Ai14-473099,F,P56,VISl2/3,901445761.0,SM-GE4WN_S093_E1-50,RSC-219,CS180626100026,Vip Pygm C1ql1,both,True,True,True,Vip,Vip,True,Vip
902244790,3388,PES4_190709_654_A01,Pvalb Reln Itm2a,56,#E67A77,Core,1.0,3388,1.0,both,True,473603.0,Gad2-IRES-Cre;Ai14-473603,M,P55,VISp4,902244521.0,SM-GE4WT_S045_E1-50,RSC-219,CS180626100058,Pvalb Reln Itm2a,both,True,True,True,Pvalb,Pvalb,True,Pvalb
903959688,3389,P1S4_190711_004_A01,Pvalb Gpr149 Islr,55,#E62A5D,Core,1.0,3389,1.0,both,True,473797.0,Chrna2-Cre_OE25;Pvalb-T2A-FlpO;Ai65-473797,F,P56,VISp5,903959409.0,SM-GE4WT_S082_E1-50,RSC-219,CS180626100056,Pvalb Gpr149 Islr,both,True,True,True,Pvalb,Pvalb,True,Pvalb
904023586,3390,PES4_190711_655_A01,Pvalb Akr1c18 Ntf3,53,#FF4343,Core,1.0,3390,1.0,both,True,473797.0,Chrna2-Cre_OE25;Pvalb-T2A-FlpO;Ai65-473797,F,P56,VISp6a,904023310.0,SM-GE4WT_S098_E1-50,RSC-219,CS180626100053,Pvalb Akr1c18 Ntf3,both,True,True,True,Pvalb,Pvalb,True,Pvalb
904956425,3391,PES4_190712_656_A01,Pvalb Sema3e Kank4,54,#C94545,I1,1.0,3391,1.0,both,True,473972.0,Ntsr1-Cre_GN220;Ai14-473972,F,P57,VISp5,904956403.0,SM-GE4WT_S139_E1-50,RSC-219,CS180626100055,Pvalb Sema3e Kank4,both,True,True,True,Pvalb,Pvalb,True,Pvalb
906699622,3392,PES4_190715_655_A01,Sst Esm1,45,#C11331,Core,1.0,3392,1.0,both,True,474772.0,Calb2-IRES-Cre;Sst-IRES-FlpO;Ai65-474772,M,P56,VISp5,906699463.0,SM-GE4WT_S162_E1-50,RSC-219,CS180626100046,Sst Esm1,both,True,True,True,Sst,Sst,True,Sst
906715385,3393,PAS4_190715_455_A01,Vip Chat Htr1f,24,#FF4DC1,Core,1.0,3393,1.0,both,True,474663.0,Vip-IRES-Cre;Ai14-474663,M,P56,VISp2/3,906715196.0,SM-GE4WT_S157_E1-50,RSC-219,CS180626100025,Vip Chat Htr1f,both,True,True,True,Vip,Vip,True,Vip
906724091,3394,P1S4_190715_006_A01,Vip Ptprt Pkp2,20,#FF00FF,I1,1.0,3394,1.0,both,True,474663.0,Vip-IRES-Cre;Ai14-474663,M,P56,VISp2/3,906723776.0,SM-GE4WT_S152_E1-50,RSC-219,CS180626100021,Vip Ptprt Pkp2,both,True,True,True,Vip,Vip,True,Vip
906763900,3395,PES4_190715_657_A01,Sst Calb2 Pdlim5,34,#CC6D3D,I1,1.0,3395,1.0,both,True,474772.0,Calb2-IRES-Cre;Sst-IRES-FlpO;Ai65-474772,M,P56,VISp5,906763754.0,SM-GE4WT_S164_E1-50,RSC-219,CS180626100035,Sst Calb2 Pdlim5,both,True,True,True,Sst,Sst,True,Sst
906766242,3396,PFS4_190715_705_A01,Vip Pygm C1ql1,25,#BD3D9A,Core,1.0,3396,1.0,both,True,474663.0,Vip-IRES-Cre;Ai14-474663,M,P56,VISp2/3,906766091.0,SM-GE4WT_S177_E1-50,RSC-219,CS180626100026,Vip Pygm C1ql1,both,True,True,True,Vip,Vip,True,Vip
907450664,3397,PFS4_190716_705_A01,Pvalb Calb1 Sst,52,#BC2B11,Core,1.0,3397,1.0,both,True,474665.0,Vip-IRES-Cre;Ai14-474665,M,P57,VISp6a,907450594.0,SM-GE4WL_S032_E1-50,RSC-220,CS180626100054,Pvalb Calb1 Sst,both,True,True,True,Pvalb,Pvalb,True,Pvalb
907474465,3398,PFS4_190716_707_A01,Pvalb Sema3e Kank4,54,#C94545,I1,1.0,3398,1.0,both,True,474665.0,Vip-IRES-Cre;Ai14-474665,M,P57,VISp5,907474308.0,SM-GE4WL_S034_E1-50,RSC-220,CS180626100055,Pvalb Sema3e Kank4,both,True,True,True,Pvalb,Pvalb,True,Pvalb
908960935,3399,PFS4_190718_706_A01,Pvalb Sema3e Kank4,54,#C94545,Core,1.0,3399,1.0,both,True,474670.0,Vip-IRES-Cre;Ai14-474670,F,P59,VISp6a,908960881.0,SM-GE4WL_S088_E1-50,RSC-220,CS180626100055,Pvalb Sema3e Kank4,both,True,True,True,Pvalb,Pvalb,True,Pvalb
911978894,3400,PES4_190725_651_A01,Pvalb Akr1c18 Ntf3,53,#FF4343,I1,1.0,3400,1.0,both,True,476712.0,Slc32a1-IRES-Cre;Ai14-476712,M,P56,VISp6a,911978166.0,SM-GE4W8_S081_E1-50,RSC-221,CS180626100053,Pvalb Akr1c18 Ntf3,both,True,True,True,Pvalb,Pvalb,True,Pvalb
913871486,3401,P8S4_190729_354_A01,Sncg Gpr50,9,#C266D1,Core,1.0,3401,1.0,both,True,477022.0,Sncg-IRES2-FlpO-neo;Ai65F-477022,F,P58,VISp5,913871334.0,SM-GE4WC_S040_E1-50,RSC-221,CS180626100010,Sncg Gpr50,both,True,True,True,Sncg,Sncg,True,Sncg
913883108,3402,PFS4_190729_702_A01,Sncg Vip Itih5,10,#6C00BF,Core,1.0,3402,1.0,both,True,477022.0,Sncg-IRES2-FlpO-neo;Ai65F-477022,F,P58,VISp6b,913882898.0,SM-GE4WC_S054_E1-50,RSC-221,CS180626100011,Sncg Vip Itih5,both,True,True,True,Sncg,Sncg,True,Sncg
913901697,3403,PFS4_190729_703_A01,Sncg Vip Itih5,10,#6C00BF,Core,1.0,3403,1.0,both,True,477022.0,Sncg-IRES2-FlpO-neo;Ai65F-477022,F,P58,VISp2/3,913901561.0,SM-GE4WC_S055_E1-50,RSC-221,CS180626100011,Sncg Vip Itih5,both,True,True,True,Sncg,Sncg,True,Sncg
913924619,3404,PAS4_190729_456_A01,Sncg Vip Nptx2,8,#9900B3,I1,1.0,3404,1.0,both,True,477022.0,Sncg-IRES2-FlpO-neo;Ai65F-477022,F,P58,VISp2/3,913924543.0,SM-GE4WC_S047_E1-50,RSC-221,CS180626100009,Sncg Vip Nptx2,both,True,True,True,Sncg,Sncg,True,Sncg
913928092,3405,P8S4_190729_355_A01,Sncg Gpr50,9,#C266D1,Core,1.0,3405,1.0,both,True,477022.0,Sncg-IRES2-FlpO-neo;Ai65F-477022,F,P58,VISl5,913927960.0,SM-GE4WC_S041_E1-50,RSC-221,CS180626100010,Sncg Gpr50,both,True,True,True,Sncg,Sncg,True,Sncg
913936238,3406,PFS4_190729_704_A01,Sncg Vip Itih5,10,#6C00BF,Core,1.0,3406,1.0,both,True,477022.0,Sncg-IRES2-FlpO-neo;Ai65F-477022,F,P58,VISp2/3,913936000.0,SM-GE4WC_S056_E1-50,RSC-221,CS180626100011,Sncg Vip Itih5,both,True,True,True,Sncg,Sncg,True,Sncg
914428552,3407,PAS4_190730_457_A01,Pvalb Th Sst,51,#FF2F7E,I1,1.0,3407,1.0,both,True,478338.0,Pvalb-IRES-Cre;Ai14-478338,F,P54,VISp6a,914428441.0,SM-GE4WC_S067_E1-50,RSC-221,CS180626100052,Pvalb Th Sst,both,True,True,True,Pvalb,Pvalb,True,Pvalb
916642385,3408,PES4_190802_654_A01,Lamp5 Fam19a1 Pax6,1,#FF88AD,Core,1.0,3408,1.0,both,True,477850.0,Glt25d2-Cre_NF107;Ai14-477850,M,P59,VISp1,916642125.0,SM-GE4W2_S129_E1-50,RSC-222,CS180626100002,Lamp5 Fam19a1 Pax6,both,True,True,True,Lamp5,Lamp5,True,Lamp5
917536372,3409,PES4_190805_652_A01,Sncg Vip Nptx2,8,#9900B3,I2,1.0,3409,1.0,both,True,479903.0,Sncg-IRES2-FlpO-neo;Ai65F-479903,M,P52,VISl2/3,917536125.0,SM-GE4W2_S140_E1-50,RSC-222,CS180626100009,Sncg Vip Nptx2,both,True,True,True,Sncg,Sncg,True,Sncg
917609533,3410,PFS4_190805_702_A01,Sncg Vip Itih5,10,#6C00BF,I1,1.0,3410,1.0,both,True,479903.0,Sncg-IRES2-FlpO-neo;Ai65F-479903,M,P52,VISl2/3,917609251.0,SM-GE4W2_S144_E1-50,RSC-222,CS180626100011,Sncg Vip Itih5,both,True,True,True,Sncg,Sncg,True,Sncg
